member_id,segment,home_market,pattern,is_targeted,recommended_intervention,top_category,top_subcategory,top_merchant,recommended_voucher,predicted_uplift,te_points,te_credit,expected_spend,leakage_estimate,total_spend,category_hhi,merchant_diversity,threshold_score,mean_cash
M00000,platinum,Hong Kong,Points Optimiser,True,2x / 3x points,retail,Premium Retail,Ladies' Market,3x points on retail,0.16716053241777265,0.14169932261386936,0.11306401116663516,5908.1,457.3989322960231,6799.17,0.39989447792559507,1.0,0.25,0.21763333333333335
M00001,core,Singapore,Threshold Chaser,True,"Spend X, get Y back",dining,Fine Dining,Armando al Pantheon,Spend & get-back at Armando al Pantheon,0.1631017701548827,0.11805755457527682,0.1665364496963986,3187.6000000000004,887.5016850591727,3187.6,0.32772224958535134,1.0,0.45454545454545453,0.07579999999999999
M00003,platinum,Australia,Points Optimiser,True,2x / 3x points,dining,Casual Dining,Street Food: BBQ Chicken,3x points on dining,0.36707308053503246,0.36707308053503246,0.15973998476937024,60.37,227.3456466428174,65.05,0.4530908111244174,1.0,0.0,0.316
M00005,gold,Hong Kong,Category Loyalist,True,Category-specific reward,dining,Fine Dining,카페개네,Fine Dining reward (dining),0.12570480056333874,0.12570480056333874,0.10393707818865802,4210.95,639.251220961488,4215.8099999999995,0.6227091326362328,1.0,0.09090909090909091,0.32683333333333336
M00006,core,Australia,Category Loyalist,True,Category-specific reward,retail,Premium Retail,Abbesses shops,Premium Retail reward (retail),0.2604359530767787,0.2604359530767787,0.27431979919523897,140.79,339.0994680507784,138.79,0.586628019952858,1.0,1.0,0.04
M00007,platinum,Singapore,Points Optimiser,True,2x / 3x points,transport,Rail & Metro,Osaka Metro Midosuji,3x points on transport,0.1596463940772605,0.13598434715786817,0.11651791957793217,4733.639999999999,2762.6177612078613,4750.24,0.34865657858474053,1.0,0.23529411764705882,0.24364
M00008,gold,Hong Kong,Points Optimiser,True,2x / 3x points,lodging,Hotel,Cerulean Tower Tokyu Hotel,3x points on lodging,0.14932931931507581,0.11712212616424947,0.1026462054450657,3213.63,6.1321109500630655,3213.63,0.30881926663543374,1.0,0.0,0.1166
M00009,core,Singapore,Category Loyalist,True,Category-specific reward,dining,Fine Dining,Mongdol Fish Restaurant,Fine Dining reward (dining),0.18096953213965242,0.13404504061982894,0.17835173927456396,6628.33,2873.172280620872,6628.33,0.6658608602914015,1.0,0.25,0.055400000000000005
M00010,core,Hong Kong,Immediate Value Seeker,True,Cashback / statement credit,retail,Premium Retail,Kyoto Craft Center,Cashback at Kyoto Craft Center,0.16746622665090227,0.12404728819834132,0.17234618395459733,1049.97,882.3127052146588,1066.23,0.4094067003410958,1.0,0.25,0.2163
M00011,platinum,Singapore,Category Loyalist,True,Category-specific reward,dining,Fine Dining,La Maison Rose,Fine Dining reward (dining),0.16015171647478255,0.14309797140946193,0.10989149031557997,10502.3,18051.281810922377,10502.3,0.617199772279475,1.0,0.3333333333333333,0.27103333333333335
M00012,core,United States,Already Loyal,False,No incentive,dining,Fine Dining,Breizh Café,—,0.1493664194752477,0.1313408441503907,0.1308902451391358,9670.630000000001,1590.091796437983,9682.99,0.36807662021452836,0.9523809523809523,0.14285714285714285,0.2856714285714286
M00014,gold,Singapore,Category Loyalist,True,Category-specific reward,dining,Cafe & Coffee,Lucky Coffee,Cafe & Coffee reward (dining),0.2387813635919841,0.2387813635919841,0.16941780164442832,373.62999999999994,1828.5356123862887,382.55,0.5015914027928723,1.0,0.4,0.6288
M00015,core,Singapore,Fee-Sensitive Traveller,False,No incentive (FX-offset out of scope),dining,Fine Dining,Ginza Kagari,—,0.15133951330342027,0.11931696515225447,0.1525821907545914,3126.42,517.4742154034934,3126.42,0.31492520112382466,1.0,0.3333333333333333,0.4110333333333333
M00017,core,Japan,Category Loyalist,True,Category-specific reward,lodging,Upscale Hotel,Mandarin Oriental Kuala Lumpur,Upscale Hotel reward (lodging),0.1798853401791976,0.1798853401791976,0.121179897414382,107.89,8.752042936938935,445.70000000000005,0.507504296659894,1.0,0.0,0.4729
M00018,gold,Singapore,Points Optimiser,True,2x / 3x points,retail,Premium Retail,Darlin's Massage,3x points on retail,0.3290311281886405,0.3290311281886405,0.2526075199335265,137.18,246.7682764738345,147.07,0.44925771552832716,1.0,0.25,0.4571
M00020,core,Singapore,Threshold Chaser,True,"Spend X, get Y back",lodging,Upscale Hotel,Base Backpackers Sydney,Spend & get-back at Base Backpackers Sydney,0.11691734982647912,0.11691734982647912,0.14851865275764572,1746.2,240.16958591238233,1746.2,0.3177893938479447,1.0,0.4,0.178
M00021,core,United States,Threshold Chaser,True,"Spend X, get Y back",dining,Fine Dining,바랗,Spend & get-back at 바랗,0.17321559834614259,0.1294799226617642,0.1736503602891286,1956.3000000000002,6.852295674988453,3057.7400000000002,0.2991467660117946,1.0,0.5,0.24855
M00024,core,United States,Merchant Explorer,True,Merchant-specific voucher,dining,Fine Dining,Donghae Fish Restaurant,Donghae Fish Restaurant voucher,0.16664071910916936,0.1234287992059931,0.16955416858170946,5404.29,1427.4594216806636,5603.51,0.5589319828982899,0.8928571428571429,0.14285714285714285,0.21905
M00028,platinum,Australia,Merchant Explorer,True,Merchant-specific voucher,lodging,Upscale Hotel,Marriott Singapore Orchard,Marriott Singapore Orchard voucher,0.1855651878388168,0.15017245457821599,0.12029969228322338,10098.49,3584.5120496268246,10613.79,0.36716670884279534,1.0,0.23809523809523808,0.16206666666666666
M00029,core,Singapore,Immediate Value Seeker,True,Cashback / statement credit,retail,Premium Retail,Landmark,Cashback at Landmark,0.14761561115340566,0.11046412436306922,0.1506730351341039,3556.96,10.73257993700988,3598.77,0.38198021834998735,1.0,0.3333333333333333,0.07333333333333335
M00030,gold,Hong Kong,Category Loyalist,True,Category-specific reward,dining,Fine Dining,Yung Kee,Fine Dining reward (dining),0.1657387823692368,0.12693027775580734,0.13132461069579512,6823.1900000000005,178.04496899849,7124.0599999999995,0.6921947885359261,1.0,0.10526315789473684,0.35388000000000003
M00031,platinum,Singapore,Points Optimiser,True,2x / 3x points,retail,Premium Retail,Abbesses shops,3x points on retail,0.15348878493810927,0.13509206481464,0.0900577248919287,8797.279999999999,5105.927042583462,8797.279999999999,0.27247502866597423,1.0,0.16666666666666666,0.0783
M00032,gold,Singapore,Already Loyal,False,No incentive,retail,Premium Retail,IFC Mall,—,0.11928225062856307,0.11928225062856307,0.07105189651126677,19517.33,1413.413588926092,21602.97,0.3484711522962675,1.0,0.08695652173913043,0.3143333333333333
M00033,core,Australia,Immediate Value Seeker,True,Cashback / statement credit,transport,Premium Transport,Samseong Jungang,Cashback at Samseong Jungang,0.11781876010876186,0.11781876010876186,0.16039008465042331,1376.97,1137.9174564151542,1427.79,0.3008085107311262,1.0,0.18181818181818182,0.3037666666666667
M00034,platinum,Australia,Threshold Chaser,True,"Spend X, get Y back",lodging,Upscale Hotel,Parkroyal Collection Pickering,Spend & get-back at Parkroyal Collection Pickering,0.15926284270085367,0.13497444584992752,0.09413840524469495,4370.01,343.6397009043554,5190.34,0.263127963482972,1.0,0.625,0.28125
M00037,centurion,Singapore,Low Responsiveness,False,No incentive,lodging,Upscale Hotel,Hôtel Particulier Montmartre,—,0.1141532128396667,0.1141532128396667,0.10858589794746398,1399.42,1362.7857953101764,1399.42,0.35399584906871634,1.0,0.25,0.04
M00040,core,Singapore,Threshold Chaser,True,"Spend X, get Y back",retail,Premium Retail,Get & Go,Spend & get-back at Get & Go,0.12365859340878405,0.12365859340878405,0.16631376244594728,558.73,3.2928234255831654,558.73,0.3005300917651202,1.0,0.75,0.04
M00041,platinum,Singapore,Points Optimiser,True,2x / 3x points,retail,Premium Retail,IGA,3x points on retail,0.1389252196105839,0.1389252196105839,0.127676496943398,1653.02,850.0330820455591,1661.3,0.29446752674714727,0.9,0.2,0.31806666666666666
M00042,core,Singapore,Category Loyalist,True,Category-specific reward,dining,Fine Dining,Jaisalmer Palace,Fine Dining reward (dining),0.1460089547791666,0.1460089547791666,0.15530772464891623,1599.1,349.4831893614681,1631.1100000000001,0.5620603341714892,1.0,0.25,0.29350000000000004
M00043,core,Japan,Merchant Explorer,True,Merchant-specific voucher,dining,Fine Dining,Jungsik Seoul,Jungsik Seoul voucher,0.1797536276369464,0.13096535623814942,0.2156119478263491,7475.360000000001,2646.6496118666455,7494.42,0.5807228042399531,0.9615384615384616,0.34615384615384615,0.24817777777777777
M00045,core,Singapore,Immediate Value Seeker,True,Cashback / statement credit,dining,Fine Dining,Bird Land,Cashback at Bird Land,0.11803974721316662,0.11803974721316662,0.15740588354941337,665.4,496.5537122956538,673.83,0.34930567340820184,1.0,0.25,0.2965666666666667
M00046,platinum,Japan,Points Optimiser,True,2x / 3x points,dining,Fine Dining,Breizh Café,3x points on dining,0.12107504621087524,0.12107504621087524,0.10672161397210098,2018.19,720.2641677797002,2018.1899999999998,0.2649486761594919,1.0,0.125,0.0783
M00047,gold,Australia,Threshold Chaser,True,"Spend X, get Y back",retail,Premium Retail,Kagui,Spend & get-back at Kagui,0.15831130042861663,0.13543131253585894,0.10660075023798847,5564.27,979.4151397582237,5913.900000000001,0.42867463403331835,1.0,0.4,0.4325333333333334
M00048,gold,Singapore,Merchant Explorer,True,Merchant-specific voucher,lodging,Budget & Hostel,The Inn at the Roman Forum,The Inn at the Roman Forum voucher,0.1589636600312009,0.1337349908449712,0.10195873731484392,15552.59,5012.774024223307,17280.04,0.3180791719843231,0.9259259259259259,0.14814814814814814,0.204225
M00049,core,Australia,Immediate Value Seeker,True,Cashback / statement credit,dining,Fine Dining,Yat Lok,Cashback at Yat Lok,0.2123560740570952,0.17399372541753133,0.19137825736980374,3136.3599999999997,453.2218017293205,3136.36,0.44470024021571236,1.0,0.0,0.1283
M00051,core,Hong Kong,Already Loyal,False,No incentive,dining,Fine Dining,Yak Bar and Food,—,0.14096957864393464,0.10345587491038152,0.13531011852273567,7158.35,231.96112444498274,7315.24,0.3065578237642476,0.95,0.2,0.14326
M00052,gold,Hong Kong,Fee-Sensitive Traveller,False,No incentive (FX-offset out of scope),dining,Fast Food,McDonald's,—,0.1435117566750604,0.1435117566750604,0.12746054688610764,1044.22,4.124392357208805,1289.23,0.3699606126455347,1.0,0.09090909090909091,0.43779999999999997
M00053,core,United States,Low Responsiveness,False,No incentive,dining,Fine Dining,L'As du Fallafel,—,0.11142027291117382,0.11142027291117382,0.15354987970924366,2235.72,196.570259865331,2273.31,0.32387833491170465,1.0,0.14285714285714285,0.42025
M00057,platinum,Hong Kong,Merchant Explorer,True,Merchant-specific voucher,dining,Fine Dining,Breizh Café,Breizh Café voucher,0.15740925369993128,0.12895999249974477,0.10707472879855635,10445.78,2391.007985807109,11155.59,0.28985707260003707,1.0,0.16666666666666666,0.3052416666666667
M00058,platinum,Singapore,Merchant Explorer,True,Merchant-specific voucher,lodging,Upscale Hotel,ibis Styles Central Sydney,ibis Styles Central Sydney voucher,0.16257734207807936,0.13439772794614296,0.11587260597300095,10167.95,865.0107396930073,10581.47,0.29977828246644816,1.0,0.23333333333333334,0.2990555555555556
M00061,core,Singapore,Merchant Explorer,True,Merchant-specific voucher,dining,Fine Dining,Roscioli,Roscioli voucher,0.18556268810332058,0.12780701749476855,0.17104592418144463,11615.949999999999,4901.945112039542,12867.369999999999,0.41574779000667095,0.95,0.375,0.19882307692307694
M00062,gold,Singapore,Category Loyalist,True,Category-specific reward,lodging,Upscale Hotel,Gion Hatanaka,Upscale Hotel reward (lodging),0.1770370017343663,0.1770370017343663,0.1667141622960123,3364.37,4210.709266252894,3364.37,0.566147844438449,1.0,0.125,0.387275
M00063,gold,United States,Low Responsiveness,False,No incentive,transport,Rail & Metro,Osaka Metro Midosuji,—,0.10440125375075568,0.10440125375075568,0.11462407857614887,3454.2099999999996,146.31925581899586,3458.7599999999998,0.4498873883152467,1.0,0.0,0.31903333333333334
M00064,core,Hong Kong,Fee-Sensitive Traveller,False,No incentive (FX-offset out of scope),dining,Fine Dining,Kukuru Takoyaki,—,0.12693471523325853,0.12693471523325853,0.15878672311704914,2568.04,465.1746491816847,3762.06,0.34732489888089324,1.0,0.22727272727272727,0.40335000000000004
M00067,core,Australia,Merchant Explorer,True,Merchant-specific voucher,transport,Premium Transport,Hong Kong Tramways,Hong Kong Tramways voucher,0.16906211029645726,0.12063818533520825,0.16454435702058745,4983.77,154.0431400131586,5731.22,0.35486952441050024,1.0,0.19230769230769232,0.3144142857142857
M00068,gold,Australia,Low Responsiveness,False,No incentive,lodging,Hotel,Hotel 1888,—,0.11253032900526812,0.11283701110927327,0.11457660341614272,4925.31,911.7148076241674,4925.31,0.4920205215884627,1.0,0.25,0.0648
M00069,core,Singapore,Points Optimiser,True,2x / 3x points,dining,Fine Dining,Bar Tonarelli,3x points on dining,0.17668675061438158,0.17668675061438158,0.16783744799851813,2249.44,3825.9805086878505,2249.44,0.4285094060094012,1.0,0.2857142857142857,0.44806666666666667
M00070,core,Singapore,Category Loyalist,True,Category-specific reward,lodging,Budget & Hostel,Seoul Youth Hostel,Budget & Hostel reward (lodging),0.19953149408254534,0.19953149408254534,0.16119150671958268,750.9399999999999,23.32671861176005,750.9399999999999,0.7731291331295738,1.0,0.0,0.04
M00071,core,Singapore,Threshold Chaser,True,"Spend X, get Y back",dining,Fine Dining,Yung Kee,Spend & get-back at Yung Kee,0.1264821905773746,0.1264821905773746,0.14665283485046865,1684.22,21.12451724546304,1991.5900000000001,0.45623077137838697,1.0,0.5,0.30645
M00072,core,Hong Kong,Immediate Value Seeker,True,Cashback / statement credit,dining,Fine Dining,Breizh Café,Cashback at Breizh Café,0.1531480516676057,0.11878015349479017,0.15876543454165237,5246.5,820.398719552062,5319.65,0.38312547394680696,1.0,0.0,0.524525
M00073,centurion,Japan,Already Loyal,False,No incentive,retail,Premium Retail,THE CLIGE (Bags),—,0.14255301227699177,0.1250822331961334,0.09560106927300116,4215.650000000001,1659.6327060575559,7725.97,0.43753375996867583,1.0,0.3333333333333333,0.3286
M00074,core,Singapore,Points Optimiser,True,2x / 3x points,retail,Premium Retail,EmQuartier,3x points on retail,0.2582570991080173,0.2582570991080173,0.1811852299832586,81.75999999999999,9.38180828152354,383.73,0.3625752704287305,1.0,0.14285714285714285,0.46499999999999997
M00076,platinum,Japan,Points Optimiser,True,2x / 3x points,dining,Fine Dining,Armando al Pantheon,3x points on dining,0.1728184607554316,0.13638985384132277,0.12736279890936347,3578.88,1794.3096280178522,3578.88,0.46173895805741916,1.0,0.0,0.0708
M00077,core,Singapore,Immediate Value Seeker,True,Cashback / statement credit,lodging,Hotel,Langham Place Hotel Mongkok,Cashback at Langham Place Hotel Mongkok,0.16786915095906182,0.12149889520638828,0.16815258691283322,2393.19,312.2246013963048,2393.19,0.2746755218714347,1.0,0.0,0.14
M00078,gold,Australia,Points Optimiser,True,2x / 3x points,retail,Luxury,Gucci,3x points on retail,0.23802796779441893,0.23802796779441893,0.21377478139491157,506.99,1263.9570050104078,505.99,0.49255283196661503,1.0,0.3333333333333333,0.0708
M00079,gold,United States,Fee-Sensitive Traveller,False,No incentive (FX-offset out of scope),retail,Premium Retail,Campo de' Fiori market,—,0.14562220232510595,0.106523156025478,0.11948735766804815,1971.0300000000002,876.192091224532,2004.67,0.278878030516717,1.0,0.2857142857142857,0.43565
M00080,core,Australia,Merchant Explorer,True,Merchant-specific voucher,dining,Fine Dining,Curry Bowl,Curry Bowl voucher,0.18347801796059676,0.13517432916972233,0.1618041540864288,6792.03,1036.8108064949754,6900.099999999999,0.5014093370111496,1.0,0.08695652173913043,0.2288857142857143
M00081,platinum,Australia,Category Loyalist,True,Category-specific reward,retail,Premium Retail,"Web Marketing Team srl - SEO, SEM, SOCIAL e WEB 2.0",Premium Retail reward (retail),0.2778956130785877,0.26250777343440984,0.2685867292802735,2178.25,4737.091571200372,2176.25,0.8192027946623663,1.0,0.0,0.0708
M00082,gold,Singapore,Low Responsiveness,False,No incentive,dining,Fine Dining,La Maison Rose,—,0.114529376797502,0.09751841226500452,0.0848793473457567,38636.27,19163.51502271078,39663.08,0.39089158295164605,0.972972972972973,0.21621621621621623,0.12967
M00083,core,Hong Kong,Category Loyalist,True,Category-specific reward,retail,Premium Retail,Pow pow Snow,Premium Retail reward (retail),0.15268285744121665,0.15268285744121665,0.19004301175329144,143.87,229.8603519005619,143.87,0.708702814249998,1.0,0.0,0.316
M00084,core,Singapore,Threshold Chaser,True,"Spend X, get Y back",retail,Premium Retail,Lane Crawford,Spend & get-back at Lane Crawford,0.16364503338084468,0.13285688388212863,0.1669006405962947,3107.98,9.541556380594464,4288.2699999999995,0.4284636899868494,1.0,0.36363636363636365,0.47113333333333335
M00086,core,Singapore,Immediate Value Seeker,True,Cashback / statement credit,lodging,Hotel,Langham Place Hotel Mongkok,Cashback at Langham Place Hotel Mongkok,0.16670256838019876,0.11330490766081952,0.17124845448398462,4069.24,472.82342758402126,4500.87,0.40373019587569914,1.0,0.16666666666666666,0.21236666666666668
M00087,gold,Singapore,Points Optimiser,True,2x / 3x points,retail,Premium Retail,Via del Corso shops,3x points on retail,0.14397073863186316,0.11647329859793104,0.11198763936243865,3783.39,1320.4268050530134,4104.91,0.37784827500581303,1.0,0.3,0.2201
M00088,core,Singapore,Category Loyalist,True,Category-specific reward,retail,Premium Retail,CU,Premium Retail reward (retail),0.20960678823703804,0.16724684519269334,0.16706426274651032,795.34,207.55970146269036,795.34,0.677247147979956,1.0,0.25,0.04
M00089,platinum,Japan,Already Loyal,False,No incentive,dining,Fine Dining,Din Tai Fung ION,—,0.15217646314213207,0.1270458981067954,0.10311130456519643,7040.89,688.5663366085581,7163.93,0.4481543188396787,1.0,0.4,0.2211
M00090,core,Singapore,Immediate Value Seeker,True,Cashback / statement credit,dining,Fine Dining,Yung Kee,Cashback at Yung Kee,0.14386419415121257,0.10940594628279482,0.1457074489925665,6334.82,88.9239806721159,6334.82,0.435554078427481,1.0,0.25,0.09000000000000001
M00091,core,Australia,Merchant Explorer,True,Merchant-specific voucher,dining,Fine Dining,Jagalchi nearby,Jagalchi nearby voucher,0.16329922390197102,0.14081282909018744,0.14287421700965258,5471.7,3506.7810584196322,7095.43,0.3496316265195358,1.0,0.23529411764705882,0.2371
M00093,gold,Singapore,Low Responsiveness,False,No incentive,dining,Fast Food,Lotteria,—,0.10772100233506385,0.10772100233506385,0.10409595807996462,1172.0,29.609663065532956,1172.0,0.2795474707043763,1.0,0.25,0.0783
M00094,gold,Japan,Points Optimiser,True,2x / 3x points,retail,Apparel,ALAND,3x points on retail,0.15749148182931322,0.13612738927082219,0.09393468560416603,6904.76,3262.803809052871,7773.539999999999,0.32493198477311497,1.0,0.2222222222222222,0.47814285714285715
M00095,core,United States,Merchant Explorer,True,Merchant-specific voucher,retail,Premium Retail,People's Park Centre,People's Park Centre voucher,0.15568221685592112,0.1287794535781962,0.1451734052369552,5770.14,1079.188899061743,6209.65,0.3210950703435743,0.9565217391304348,0.2608695652173913,0.21873333333333334
M00096,core,United States,Threshold Chaser,True,"Spend X, get Y back",transport,Premium Transport,Kakao T,Spend & get-back at Kakao T,0.13510834473486485,0.13510834473486485,0.16034850676913812,1034.15,315.9869904281782,1062.39,0.37013137063356333,1.0,0.38461538461538464,0.33440000000000003
M00097,core,Singapore,Immediate Value Seeker,True,Cashback / statement credit,dining,Fine Dining,Yat Lok,Cashback at Yat Lok,0.15542270549222695,0.12167508408557526,0.15177061977682943,5336.610000000001,758.3948174534615,5608.54,0.4226102080606113,1.0,0.15789473684210525,0.25734
M00098,core,Singapore,Immediate Value Seeker,True,Cashback / statement credit,dining,Fine Dining,Fiaschetteria Nuvoli,Cashback at Fiaschetteria Nuvoli,0.19633826562703333,0.19633826562703333,0.21966273193259217,479.98,807.1467293222859,478.98,0.4525130729445583,1.0,0.0,0.0708
M00099,core,Singapore,Category Loyalist,True,Category-specific reward,dining,Fine Dining,Curry Bowl,Fine Dining reward (dining),0.16393854384026113,0.12347874081515908,0.1574249056903282,6899.58,905.6652576329984,6912.719999999999,0.6398161228321271,1.0,0.3333333333333333,0.31903333333333334
M00100,gold,Singapore,Merchant Explorer,True,Merchant-specific voucher,retail,Premium Retail,W cosmetics,W cosmetics voucher,0.15231102439570876,0.15400295004773268,0.10781917642596214,17412.32,1545.3549176414633,17588.75,0.2844179176796825,0.8918918918918919,0.3783783783783784,0.26203
M00103,platinum,Singapore,Points Optimiser,True,2x / 3x points,retail,Premium Retail,Namba Parks,3x points on retail,0.15464063720606347,0.1281894087266127,0.11019627411092953,3569.8,807.8502898247025,3576.78,0.3831848513288087,0.8888888888888888,0.0,0.387275
M00104,platinum,Australia,Points Optimiser,True,2x / 3x points,dining,Fine Dining,Le Consulat,3x points on dining,0.13534003307833792,0.13534003307833792,0.1209281801737715,2107.19,2980.177418703261,2107.19,0.33316915028435445,1.0,0.25,0.04
M00105,core,Singapore,Category Loyalist,True,Category-specific reward,lodging,Hotel,Hotel Kombokarno Utama,Hotel reward (lodging),0.4,0.4,0.4,8.18,63.3477365445474,8.18,1.0,1.0,0.0,0.8005
M00107,core,Singapore,Immediate Value Seeker,True,Cashback / statement credit,lodging,Upscale Hotel,Ibis Sydney Darling Harbour,Cashback at Ibis Sydney Darling Harbour,0.16151248679194655,0.1180675828907003,0.1648140079183148,2747.93,24.90003133160542,2764.6,0.2834017238562494,1.0,0.25,0.3855
M00108,core,Singapore,Immediate Value Seeker,True,Cashback / statement credit,retail,Premium Retail,YP Books,Cashback at YP Books,0.18488645219420155,0.13735001244282322,0.16993297035649213,1104.43,99.61586378431991,1274.34,0.4954026110554579,1.0,0.3333333333333333,0.132
M00109,core,Singapore,Immediate Value Seeker,True,Cashback / statement credit,dining,Fine Dining,Zoe Bar,Cashback at Zoe Bar,0.19544509042243075,0.19544509042243075,0.21117674763394587,1075.43,1817.356579889786,1074.4299999999998,0.43331744592332366,1.0,0.0,0.0708
M00111,gold,Singapore,Points Optimiser,True,2x / 3x points,dining,Fine Dining,L'As du Fallafel,3x points on dining,0.13087895044918169,0.13087895044918169,0.12314702781186503,3479.96,1080.3123772894635,4806.19,0.4708282896835943,1.0,0.3,0.2763
M00112,platinum,Singapore,Merchant Explorer,True,Merchant-specific voucher,dining,Fine Dining,酔香楼,酔香楼 voucher,0.1641060409627443,0.13892060116991828,0.10894636816126897,3338.89,2252.6839323302083,3458.83,0.2982573453996804,1.0,0.1,0.34768571428571426
M00113,core,Singapore,Merchant Explorer,True,Merchant-specific voucher,dining,Fine Dining,Armando al Pantheon,Armando al Pantheon voucher,0.15136187694360664,0.11742819993866464,0.16109791905321497,3837.9700000000003,1481.0965486554162,4211.03,0.312539060435891,1.0,0.2608695652173913,0.2669333333333333
M00114,gold,Australia,Low Responsiveness,False,No incentive,lodging,Hotel,Hotel Seiyo Ginza,—,0.11176551066856973,0.11176551066856973,0.09997100879588636,3549.5,1073.1248327227554,3721.27,0.38837306933139515,1.0,0.3,0.2301
M00115,core,Singapore,Already Loyal,False,No incentive,dining,Fine Dining,Ginza Kagari,—,0.15154622543472288,0.0987886468020987,0.13446450746904795,17231.45,1098.2130417808785,18158.91,0.41713394028798856,0.9411764705882353,0.3235294117647059,0.28725999999999996
M00116,core,Japan,Points Optimiser,True,2x / 3x points,lodging,Budget & Hostel,Hilton Da Nang,3x points on lodging,0.26603571161884565,0.26603571161884565,0.1654746024214602,94.72,438.8104087066304,94.72,0.37554024361275334,1.0,0.3333333333333333,0.316
M00118,core,Japan,Low Responsiveness,False,No incentive,dining,Fine Dining,Maxwell Food Centre,—,0.11533632928038509,0.11533632928038509,0.15968264206966526,2530.45,370.9474388142702,2592.42,0.3638545372289324,1.0,0.2,0.20083333333333334
M00119,core,Hong Kong,Fee-Sensitive Traveller,False,No incentive (FX-offset out of scope),dining,Fine Dining,Lau Pa Sat nearby,—,0.12110199238700906,0.12110199238700906,0.15285296384065003,2417.46,857.2428012028817,2417.46,0.30752716209235353,1.0,0.0,0.4020333333333333
M00121,gold,Singapore,Category Loyalist,True,Category-specific reward,transport,Ride-hail & Taxi,Mai Linh Taxi,Ride-hail & Taxi reward (transport),0.223613269018035,0.223613269018035,0.1479020690581838,27.45,128.4732825451788,31.619999999999997,0.7710267923047287,1.0,0.0,0.316
M00124,core,Singapore,Immediate Value Seeker,True,Cashback / statement credit,lodging,Upscale Hotel,QT Melbourne,Cashback at QT Melbourne,0.15873262615704314,0.11675216354770446,0.1588831039649804,3072.8099999999995,50.78618501648188,3494.42,0.31180844770406285,1.0,0.2631578947368421,0.34604
M00125,gold,Singapore,Threshold Chaser,True,"Spend X, get Y back",lodging,Mid-scale Hotel,Khách Sạn Hanoi Serenity Diamond,Spend & get-back at Khách Sạn Hanoi Serenity Diamond,0.17305993508071502,0.17305993508071502,0.10806995865317759,204.89000000000001,543.2758932499562,204.89,0.36832820571818203,1.0,0.6666666666666666,0.316
M00126,centurion,United States,Category Loyalist,True,Category-specific reward,lodging,Upscale Hotel,Gion Hatanaka,Upscale Hotel reward (lodging),0.18104175366961772,0.14188257257512835,0.12286274608600856,10763.74,5167.3352759860545,10774.480000000001,0.5286926657117778,1.0,0.2857142857142857,0.45855
M00129,gold,Singapore,Points Optimiser,True,2x / 3x points,retail,Premium Retail,Abbesses shops,3x points on retail,0.152342562645602,0.13303577258954521,0.10260066381194802,4788.150000000001,4404.171534426555,4993.19,0.4058203054535328,0.9333333333333333,0.26666666666666666,0.26204
M00130,platinum,Japan,Threshold Chaser,True,"Spend X, get Y back",retail,Apparel,UNIQLO,Spend & get-back at UNIQLO,0.17970044643119643,0.15363631684606233,0.13236246810740593,1537.0,2.3244550618721433,1537.0,0.4179040280328772,1.0,0.75,0.1166
M00132,core,United States,Low Responsiveness,False,No incentive,transport,Rail & Metro,Seoul Metro Line 4,—,0.1145994784259041,0.1145994784259041,0.16916338794687594,1058.53,713.4357365518784,1086.51,0.27976804997474314,1.0,0.36363636363636365,0.368125
M00133,platinum,Singapore,Points Optimiser,True,2x / 3x points,dining,Fine Dining,Maxwell Food Centre,3x points on dining,0.15616263655695634,0.1314967592197846,0.10418855731927686,7008.5599999999995,1213.1320725333508,7008.5599999999995,0.3273223852054582,0.9444444444444444,0.1111111111111111,0.28786
M00134,gold,Australia,Merchant Explorer,True,Merchant-specific voucher,dining,Fine Dining,M Bar Thai Eatery,M Bar Thai Eatery voucher,0.18877415110100962,0.13513518775574912,0.1461701796413494,14308.97,3913.1734019202304,15711.49,0.33330346293142243,1.0,0.24,0.22608571428571428
M00135,platinum,Singapore,Already Loyal,False,No incentive,retail,Premium Retail,SKIN1004,—,0.1268765603923731,0.11600314019356828,0.08785101362639325,10583.17,1939.5762454431197,10833.14,0.2805837954966171,0.96,0.2,0.18587142857142855
M00136,core,United States,Immediate Value Seeker,True,Cashback / statement credit,dining,Fine Dining,Ginza Kagari,Cashback at Ginza Kagari,0.11752148427324215,0.11752148427324215,0.16224412691506304,2106.83,15.053857971431768,2106.83,0.27309455549218625,1.0,0.125,0.1283
M00137,gold,United States,Low Responsiveness,False,No incentive,retail,Premium Retail,ION Orchard,—,0.09820727229397945,0.10124440807398648,0.06639961556297586,39301.88,11946.39857356491,40422.08,0.4958540762679665,1.0,0.13793103448275862,0.2874555555555556
M00139,core,Singapore,Low Responsiveness,False,No incentive,lodging,Upscale Hotel,Swissotel Nankai Osaka,—,0.11473261013282504,0.11473261013282504,0.16747522378795054,1545.14,512.6631359989292,1545.1399999999999,0.34190913216577373,1.0,0.5,0.0783
M00140,core,Singapore,Fee-Sensitive Traveller,False,No incentive (FX-offset out of scope),dining,Cafe & Coffee,Espresso Bar International,—,0.15091003764531077,0.11709862351969165,0.15517021873907338,5836.929999999999,987.2609143787672,5899.549999999999,0.4087468284799768,1.0,0.18181818181818182,0.4325333333333334
M00141,core,Singapore,Immediate Value Seeker,True,Cashback / statement credit,lodging,Hotel,Hotel Seiyo Ginza,Cashback at Hotel Seiyo Ginza,0.1554685364904824,0.10666939099352173,0.1619290112549659,3150.46,413.9158297764307,3150.46,0.359163020142981,1.0,0.18181818181818182,0.09106666666666667
M00142,gold,Singapore,Threshold Chaser,True,"Spend X, get Y back",dining,Fine Dining,Jaisalmer Palace,Spend & get-back at Jaisalmer Palace,0.15327368556760898,0.11722897172588775,0.1163506449558064,2608.32,103.970185137324,2614.54,0.3386522828662843,1.0,0.42857142857142855,0.24855
M00145,core,Hong Kong,Points Optimiser,True,2x / 3x points,dining,Street & Local,Bali Bohemia,3x points on dining,0.4000000000000001,0.4000000000000001,0.36801212268448524,33.61,369.5075383554623,33.61,0.3487113193755737,1.0,0.0,0.8005
M00146,gold,Australia,Merchant Explorer,True,Merchant-specific voucher,lodging,Hotel,CB Hotel,CB Hotel voucher,0.15883377338559682,0.12235740852857845,0.1276357256501031,6037.73,1191.5177413744063,6164.05,0.273909343436443,1.0,0.25,0.2869
M00148,core,Hong Kong,Threshold Chaser,True,"Spend X, get Y back",dining,Fine Dining,L'As du Fallafel,Spend & get-back at L'As du Fallafel,0.11798137340805993,0.11798137340805993,0.16976070777778307,1506.76,145.4333321316205,1506.76,0.2691596927462801,1.0,0.5,0.04
M00149,core,United States,Merchant Explorer,True,Merchant-specific voucher,dining,Fine Dining,Mak's Noodle,Mak's Noodle voucher,0.15856662048874656,0.12045115829648177,0.15674798305368234,6180.99,1345.2832992251315,6559.54,0.34048316647828886,1.0,0.2608695652173913,0.43775
M00151,core,Hong Kong,Already Loyal,False,No incentive,dining,Fine Dining,Mak's Noodle,—,0.1519111230701426,0.11615703091025806,0.1379293409882517,6951.06,268.5867843973345,8397.18,0.38992435236228873,1.0,0.17391304347826086,0.34348333333333336
M00152,gold,United States,Threshold Chaser,True,"Spend X, get Y back",retail,Premium Retail,People's Park Centre,Spend & get-back at People's Park Centre,0.15160154212493013,0.11031612312758107,0.13684098897609978,1441.25,105.13064422608036,1441.25,0.3585562621104566,1.0,0.5,0.0896
M00153,core,Singapore,Merchant Explorer,True,Merchant-specific voucher,lodging,Hotel,Imperial Hotel Tokyo,Imperial Hotel Tokyo voucher,0.15814830789481718,0.12673930177531378,0.13394109046428182,9539.61,1384.1596109437723,11707.3,0.29344209453781755,1.0,0.34615384615384615,0.17850000000000002
M00155,core,Singapore,Category Loyalist,True,Category-specific reward,dining,Fine Dining,Kikunoi,Fine Dining reward (dining),0.2150448058478262,0.2150448058478262,0.21137279310471352,446.0,412.65371856606953,445.0,0.6282537669486177,1.0,0.0,0.1166
M00156,core,Singapore,Threshold Chaser,True,"Spend X, get Y back",retail,Luxury,Gucci,Spend & get-back at Gucci,0.15513544456199632,0.13003395216128089,0.15772044564343707,3236.29,2798.0728958511077,3818.7400000000002,0.40877662839298445,1.0,0.45454545454545453,0.21483333333333332
M00157,core,Singapore,Immediate Value Seeker,True,Cashback / statement credit,dining,Fine Dining,Kyubey,Cashback at Kyubey,0.11841379342906827,0.11841379342906827,0.146384622814682,2966.2599999999998,1339.5877836352863,2975.92,0.3832165194681697,1.0,0.1,0.23536666666666664
M00160,core,Singapore,Immediate Value Seeker,True,Cashback / statement credit,dining,Fine Dining,Il Bacaro,Cashback at Il Bacaro,0.1646325781853575,0.1646325781853575,0.1654305551501789,215.53,467.22658307436063,343.18,0.39652597068991446,1.0,0.0,0.511625
M00161,platinum,United States,Already Loyal,False,No incentive,dining,Fine Dining,Jumbo Seafood,—,0.14206798151996886,0.11727267536650222,0.10020031933970287,24525.23,5055.678397941254,26750.77,0.3884457568358287,1.0,0.15384615384615385,0.2858428571428572
M00162,gold,Singapore,Already Loyal,False,No incentive,retail,Premium Retail,OTC,—,0.11946234888837455,0.11946234888837455,0.0620811153376073,19436.88,2519.9151024581597,20930.96,0.5311499407892111,1.0,0.14285714285714285,0.2589625
M00163,gold,Hong Kong,Points Optimiser,True,2x / 3x points,retail,Premium Retail,Pitti,3x points on retail,0.17759088339370335,0.1416366886574354,0.12775882123912594,1502.0,2684.6230851721743,2310.9100000000003,0.3300984454304078,1.0,0.18181818181818182,0.3292
M00165,platinum,United States,Already Loyal,False,No incentive,retail,Premium Retail,People's Park Centre,—,0.14689627390808802,0.13547797484581892,0.1152293011604802,8021.58,671.6106409636161,8104.26,0.3287661376252682,0.8181818181818182,0.30303030303030304,0.20956999999999998
M00166,core,United States,Threshold Chaser,True,"Spend X, get Y back",retail,Premium Retail,Place du Tertre,Spend & get-back at Place du Tertre,0.16404439007425134,0.11753073508791516,0.18177084861103604,1420.3200000000002,1834.7535248248412,1420.3200000000002,0.31211353067987135,1.0,0.5,0.04
M00168,gold,Hong Kong,Points Optimiser,True,2x / 3x points,retail,Premium Retail,Get & Go,3x points on retail,0.1435504330640333,0.1160337934725496,0.10161317165228982,5816.1900000000005,652.756855114173,5816.1900000000005,0.3303155878657195,1.0,0.16666666666666666,0.08206666666666666
M00169,core,Australia,Threshold Chaser,True,"Spend X, get Y back",lodging,Upscale Hotel,Villa Medici,Spend & get-back at Villa Medici,0.19532151120307384,0.19532151120307384,0.20637791273690215,465.0,746.5088784296726,464.0,0.3598534399152794,1.0,0.6666666666666666,0.0708
M00170,gold,Hong Kong,Threshold Chaser,True,"Spend X, get Y back",retail,Premium Retail,Namba Parks,Spend & get-back at Namba Parks,0.15800813684510695,0.13538364128264818,0.11807635819159226,3448.96,539.1014325205066,3448.96,0.4205416310595805,1.0,0.5,0.1166
M00171,platinum,Japan,Points Optimiser,True,2x / 3x points,dining,Cafe & Coffee,The BnG Cafe,3x points on dining,0.15438191450655592,0.1269371930421486,0.1093966130520529,11063.64,2096.8581400757957,11684.34,0.4354895100539917,0.9375,0.125,0.17800000000000002
M00172,core,United States,Immediate Value Seeker,True,Cashback / statement credit,retail,Premium Retail,BOTANIST,Cashback at BOTANIST,0.13503723150599953,0.10282013811377988,0.15695003084704465,2620.6400000000003,4.853697831895715,2620.64,0.28930914564246646,1.0,0.125,0.1283
M00174,gold,Singapore,Category Loyalist,True,Category-specific reward,retail,Premium Retail,Landmark,Premium Retail reward (retail),0.18327274919356532,0.15546459184586675,0.15092642803660106,1529.9299999999998,9.107541432303805,2195.91,0.6113777390711503,1.0,0.1,0.47113333333333335
M00175,gold,Hong Kong,Points Optimiser,True,2x / 3x points,lodging,Upscale Hotel,Park Hyatt Seoul,3x points on lodging,0.15152719716359522,0.11238602896961815,0.110619970277246,4300.56,14.986571020999008,5061.41,0.33426506326090644,1.0,0.125,0.25645
M00176,core,Australia,Fee-Sensitive Traveller,False,No incentive (FX-offset out of scope),retail,Apparel,Uniqlo Ginza,—,0.15073864030438938,0.11951669772478954,0.16394837383338223,2030.4800000000002,541.3785057945036,3475.4300000000003,0.45285439614134704,0.9375,0.1875,0.3671
M00182,gold,Australia,Category Loyalist,True,Category-specific reward,dining,Casual Dining,Jazz Happens,Casual Dining reward (dining),0.3371669392866564,0.3371669392866564,0.21344176253202218,45.36,210.51813674123434,45.36,0.50224580001182,1.0,0.0,0.4571
M00183,gold,Japan,Low Responsiveness,False,No incentive,lodging,Upscale Hotel,Grand Hyatt Kuala Lumpur,—,0.0831517970009334,0.0831517970009334,0.130652444694511,131.04,4.2484085177958235,679.1300000000001,0.3767510050309623,1.0,0.1111111111111111,0.6913
M00185,platinum,Singapore,Already Loyal,False,No incentive,retail,Premium Retail,Ladies' Market,—,0.15188952086891724,0.15188952086891724,0.08871449191549825,18700.11,9443.654909858993,19191.0,0.2854524880903659,1.0,0.2222222222222222,0.25616
M00186,platinum,Hong Kong,Category Loyalist,True,Category-specific reward,dining,Fine Dining,Kikunoi,Fine Dining reward (dining),0.2188267604040939,0.2188267604040939,0.16844250076872147,3298.65,5095.713719772758,3298.65,0.6008356948869042,1.0,0.16666666666666666,0.2163
M00187,gold,Hong Kong,Points Optimiser,True,2x / 3x points,retail,Convenience,City Convenience Store,3x points on retail,0.16229569706842692,0.13644894580940678,0.1084093314000965,3049.01,1098.6482937207168,3049.01,0.31337558337098287,0.9444444444444444,0.16666666666666666,0.12958
M00188,gold,Singapore,Points Optimiser,True,2x / 3x points,retail,Premium Retail,Dobi,3x points on retail,0.20399539683610665,0.20399539683610665,0.1426450564548223,312.75,906.1850014895932,312.75,0.46659651616836034,1.0,0.25,0.39444999999999997
M00189,core,Singapore,Points Optimiser,True,2x / 3x points,lodging,Upscale Hotel,The Ritz-Carlton Kuala Lumpur,3x points on lodging,0.19999254831684846,0.19999254831684846,0.17333900830134313,384.2,1344.7045648096237,984.7,0.3083029696284708,1.0,0.2727272727272727,0.356775
M00190,gold,Singapore,Merchant Explorer,True,Merchant-specific voucher,dining,Fine Dining,Osulloc,Osulloc voucher,0.15483810872995762,0.12612951233000688,0.10726645968636755,7222.5599999999995,2889.0155239506953,7949.26,0.32759372643479145,1.0,0.15,0.3690857142857143
M00191,core,United States,Immediate Value Seeker,True,Cashback / statement credit,retail,Premium Retail,People's Park Centre,Cashback at People's Park Centre,0.13652759114392796,0.10179329970049658,0.15200959595501307,2777.51,163.67356410631388,2777.51,0.28009592460222305,0.75,0.16666666666666666,0.0896
M00192,core,United States,Low Responsiveness,False,No incentive,dining,Fine Dining,Jumbo Seafood,—,0.10446053312931985,0.10446053312931985,0.1677990712536991,1429.8799999999999,2.126190180142956,1429.8799999999999,0.27128996870785127,1.0,0.0,0.0648
M00193,platinum,Australia,Already Loyal,False,No incentive,dining,Fine Dining,Singapore Famous BBQ Pork,—,0.13223092011727633,0.1280507274454859,0.11991028030310978,6975.15,1438.611575330752,7113.11,0.3445125608776944,1.0,0.391304347826087,0.2607
M00194,platinum,Japan,Merchant Explorer,True,Merchant-specific voucher,retail,Premium Retail,Wako,Wako voucher,0.15282061901223348,0.13168991499684496,0.09672632007944343,7320.719999999999,3627.017899827525,7852.0199999999995,0.28298358594456785,1.0,0.30434782608695654,0.40458571428571427
M00195,gold,Singapore,Category Loyalist,True,Category-specific reward,transport,Ride-hail & Taxi,Grab,Ride-hail & Taxi reward (transport),0.24765676484196208,0.24765676484196208,0.23597259268081847,73.84,449.3974919209064,73.84,0.5876729457501739,1.0,0.0,0.8005
M00197,core,Singapore,Already Loyal,False,No incentive,retail,Premium Retail,Liquorland Express,—,0.14966609916157433,0.13620553923384418,0.1239997658128919,12946.87,722.678216777265,12953.1,0.37479459376747737,1.0,0.13333333333333333,0.188425
M00199,core,Japan,Immediate Value Seeker,True,Cashback / statement credit,dining,Fine Dining,Lau Pa Sat nearby,Cashback at Lau Pa Sat nearby,0.1415777398213683,0.1415777398213683,0.15173484948899174,1798.6899999999998,100.8111638387922,1826.53,0.3570977592893537,1.0,0.25,0.0648
M00200,gold,Hong Kong,Already Loyal,False,No incentive,dining,Fine Dining,Kings Lane Sandwiches,—,0.13535132904666386,0.13829645396272547,0.09770254585277557,15200.470000000001,2366.82132352357,15247.710000000001,0.2978831851714661,1.0,0.1875,0.155925
M00201,gold,Hong Kong,Merchant Explorer,True,Merchant-specific voucher,retail,Premium Retail,Tokyu Hands Shibuya,Tokyu Hands Shibuya voucher,0.15596481870825837,0.15596481870825837,0.09053736328834495,17988.59,5140.723147432883,18083.309999999998,0.29676519261037904,0.9615384615384616,0.19230769230769232,0.3030375
M00202,gold,Hong Kong,Threshold Chaser,True,"Spend X, get Y back",dining,Fine Dining,Jumbo Seafood,Spend & get-back at Jumbo Seafood,0.12284463872102955,0.12284463872102955,0.09871411552330066,1654.54,0.0,1654.54,0.35706256339558334,1.0,0.5,0.0896
M00203,core,Singapore,Merchant Explorer,True,Merchant-specific voucher,dining,Fine Dining,Bird Land,Bird Land voucher,0.16359012031356393,0.13444001158375224,0.15969148543078343,4613.01,1363.7601812605112,5189.83,0.4740045688671891,1.0,0.19230769230769232,0.23975714285714284
M00205,core,Singapore,Merchant Explorer,True,Merchant-specific voucher,dining,Fine Dining,Roscioli,Roscioli voucher,0.14874880876068347,0.14874880876068347,0.17597991762816365,1381.08,839.2758447550176,1671.1799999999998,0.3565172873363975,0.9655172413793104,0.10344827586206896,0.29054444444444444
M00206,core,Singapore,Fee-Sensitive Traveller,False,No incentive (FX-offset out of scope),retail,Premium Retail,Taiseido Bookstore,—,0.13887073064156488,0.13887073064156488,0.16615073808053138,515.55,8.914413377891883,1322.4299999999998,0.3540823898825308,1.0,0.2727272727272727,0.4580666666666667
M00207,core,Hong Kong,Immediate Value Seeker,True,Cashback / statement credit,retail,Apparel,Zara,Cashback at Zara,0.1641630193145139,0.149076033730115,0.1616453575799274,5618.65,3642.789879175277,5625.43,0.4249453406764906,1.0,0.2857142857142857,0.3334
M00208,gold,Hong Kong,Merchant Explorer,True,Merchant-specific voucher,lodging,Upscale Hotel,Hôtel Caron de Beaumarchais,Hôtel Caron de Beaumarchais voucher,0.1668364094433487,0.1260073235099854,0.1331502068011038,9313.29,1427.479428844222,9889.44,0.313838947870845,0.9117647058823529,0.20588235294117646,0.2941
M00210,gold,Hong Kong,Already Loyal,False,No incentive,retail,Apparel,UNIQLO,—,0.13074209036446502,0.12272024282250033,0.0780304573186694,6664.129999999999,1474.3040265755071,7238.71,0.33037945845471584,0.9285714285714286,0.25,0.3704125
M00211,gold,Japan,Merchant Explorer,True,Merchant-specific voucher,retail,Premium Retail,Merci,Merci voucher,0.1535197959395327,0.1274078329403405,0.10396922421634013,6796.14,1931.4807820030487,7886.26,0.2581728435237099,0.9473684210526315,0.15789473684210525,0.432475
M00212,platinum,Singapore,Points Optimiser,True,2x / 3x points,dining,Fine Dining,L'As du Fallafel,3x points on dining,0.13334181974164025,0.13334181974164025,0.11110406257423652,6036.9400000000005,3878.6093036805323,6036.9400000000005,0.4566402981035438,1.0,0.06666666666666667,0.34604
M00215,core,Singapore,Immediate Value Seeker,True,Cashback / statement credit,dining,Fine Dining,La Maison Rose,Cashback at La Maison Rose,0.18428509555571115,0.18428509555571115,0.2218143984611008,1033.15,1280.3507456164666,1032.15,0.3824080566836704,1.0,0.2,0.0783
M00220,core,Singapore,Merchant Explorer,True,Merchant-specific voucher,lodging,Upscale Hotel,The Ritz-Carlton Kuala Lumpur,The Ritz-Carlton Kuala Lumpur voucher,0.25002340709155085,0.25002340709155085,0.23039431700543037,190.98,309.4346361560884,864.99,0.33347660371131216,1.0,0.05,0.42906666666666665
M00222,core,Australia,Fee-Sensitive Traveller,False,No incentive (FX-offset out of scope),dining,Fine Dining,Ginza Kagari,—,0.1452464998377874,0.1452464998377874,0.15582573726021307,6615.449999999999,2842.1545856163902,6745.34,0.5242387733085176,0.9166666666666666,0.2916666666666667,0.368125
M00223,gold,Australia,Points Optimiser,True,2x / 3x points,retail,Premium Retail,Nhà Sách Phương Nam,3x points on retail,0.32296355114917963,0.32296355114917963,0.2440538378245379,54.739999999999995,448.8860611249343,452.62,0.44521532604982905,1.0,0.1,0.55825
M00226,core,Hong Kong,Points Optimiser,True,2x / 3x points,retail,Premium Retail,Body Care Massage,3x points on retail,0.21545070551790915,0.21545070551790915,0.21282135364705054,705.8499999999999,1854.9202590761997,1339.17,0.4528344395576446,1.0,0.125,0.41006666666666663
M00227,core,Singapore,Fee-Sensitive Traveller,False,No incentive (FX-offset out of scope),lodging,Upscale Hotel,Grand InterContinental Seoul Parnas,—,0.1324496097640691,0.1324496097640691,0.155008716036498,722.9100000000001,41.53585256992185,1125.3700000000001,0.31196944610567884,1.0,0.38461538461538464,0.368125
M00229,core,Singapore,Points Optimiser,True,2x / 3x points,lodging,Budget & Hostel,Aleena House,3x points on lodging,0.34138183497510627,0.34138183497510627,0.2799126023274704,55.53,244.61480469790774,106.97,0.2575550678431297,1.0,0.0,0.6860333333333334
M00231,core,Singapore,Immediate Value Seeker,True,Cashback / statement credit,dining,Fine Dining,Kukuru Takoyaki,Cashback at Kukuru Takoyaki,0.1639571710785024,0.13351583430535233,0.15108422426714999,4824.08,1765.5900470004203,4838.36,0.333682726015085,1.0,0.1875,0.07925
M00232,core,Singapore,Immediate Value Seeker,True,Cashback / statement credit,dining,Fine Dining,Mak's Noodle,Cashback at Mak's Noodle,0.12338686334551678,0.12338686334551678,0.15986789443677912,3680.39,1059.6247813911805,5166.7,0.3689027319069389,1.0,0.2727272727272727,0.3514
M00235,platinum,Australia,Threshold Chaser,True,"Spend X, get Y back",dining,Fine Dining,Pho Gia Truyen Bat Dan,Spend & get-back at Pho Gia Truyen Bat Dan,0.2390667399317601,0.2390667399317601,0.20011097385965848,320.13,2585.759097219209,320.13,0.37912423199900547,1.0,0.6666666666666666,0.316
M00237,gold,Australia,Points Optimiser,True,2x / 3x points,retail,Premium Retail,Lane Crawford,3x points on retail,0.15423745755035212,0.12297240720970938,0.10655981840387994,4038.0299999999997,939.6241230494469,4181.38,0.3356545518157828,1.0,0.17647058823529413,0.38385
M00238,gold,United States,Category Loyalist,True,Category-specific reward,dining,Fine Dining,Bluebirds' Nest,Fine Dining reward (dining),0.4,0.4,0.4,57.03,171.82091776090022,64.07000000000001,0.8043875113280504,1.0,0.0,0.316
M00239,platinum,Hong Kong,Already Loyal,False,No incentive,dining,Fine Dining,Breizh Café,—,0.15032626098873836,0.14506571060388163,0.10122726837888495,18220.2,6048.864976896433,19791.83,0.3279334917313206,0.9142857142857143,0.22857142857142856,0.33768000000000004
M00241,platinum,Singapore,Fee-Sensitive Traveller,False,No incentive (FX-offset out of scope),lodging,Upscale Hotel,Park Hyatt Sydney,—,0.12967604216207798,0.12967604216207798,0.10456126247077122,1589.88,9.62766100469861,1591.85,0.3041279385150297,1.0,0.0,0.42025
M00242,core,Japan,Immediate Value Seeker,True,Cashback / statement credit,retail,Premium Retail,Cửa Hàng Thời Trang Indigo,Cashback at Cửa Hàng Thời Trang Indigo,0.15475767638336255,0.11302154757091368,0.17802929517922841,1243.8,725.2288220346677,1243.8,0.359720939965784,1.0,0.125,0.178
M00243,gold,Japan,Low Responsiveness,False,No incentive,lodging,Hotel,Hotel 1888,—,0.11566362273956238,0.11566362273956238,0.10650497456348497,1983.71,912.3761866028227,2562.77,0.3400903132571864,1.0,0.36363636363636365,0.319225
M00244,core,Japan,Immediate Value Seeker,True,Cashback / statement credit,dining,Fine Dining,L'As du Fallafel,Cashback at L'As du Fallafel,0.18090810875777633,0.13729753930160873,0.16461378051148937,4293.42,3049.623741414919,4293.42,0.3302892811956444,1.0,0.3157894736842105,0.24653333333333335
M00245,core,Hong Kong,Points Optimiser,True,2x / 3x points,dining,Fine Dining,La Terrasse,3x points on dining,0.23046018289300954,0.23046018289300954,0.21834735799067834,306.87,561.9247132683734,312.52,0.47380359030374164,1.0,0.16666666666666666,0.4571
M00246,core,Australia,Threshold Chaser,True,"Spend X, get Y back",dining,Fine Dining,Mak's Noodle,Spend & get-back at Mak's Noodle,0.14980908543732496,0.11902288661418857,0.1456088494603276,4969.5,941.1316951310536,4969.5,0.31027723442003163,1.0,0.375,0.09000000000000001
M00247,gold,Japan,Merchant Explorer,True,Merchant-specific voucher,dining,Fine Dining,Bird Land,Bird Land voucher,0.15495544811773412,0.12486186145272571,0.10434293159873605,5669.370000000001,783.9062198955249,6664.98,0.29922416021352877,1.0,0.3333333333333333,0.33131666666666665
M00248,gold,Singapore,Category Loyalist,True,Category-specific reward,dining,Fine Dining,La Maison Rose,Fine Dining reward (dining),0.21753593665238552,0.21753593665238552,0.1772947211104008,1170.58,2512.143003496677,1169.5800000000002,0.6447328328564979,1.0,0.6666666666666666,0.04
M00249,core,Hong Kong,Immediate Value Seeker,True,Cashback / statement credit,retail,Electronics,Bic Camera,Cashback at Bic Camera,0.1767868927620426,0.13241402601901472,0.18628051251564426,1387.4499999999998,1337.1205373596868,2577.7000000000003,0.3243164829314999,1.0,0.3333333333333333,0.46399999999999997
M00250,core,Japan,Immediate Value Seeker,True,Cashback / statement credit,dining,Fine Dining,Fine Grind,Cashback at Fine Grind,0.1416451134461741,0.10726496677416845,0.14986918485269457,5224.02,79.69791624234281,5224.02,0.3781509717057776,1.0,0.125,0.0783
M00251,gold,Singapore,Already Loyal,False,No incentive,lodging,Upscale Hotel,Hôtel Caron de Beaumarchais,—,0.12085156186794654,0.12085156186794654,0.10404611531063587,9543.2,3165.5816646701624,10469.36,0.35566321907516824,0.90625,0.1875,0.26511999999999997
M00252,core,Singapore,Category Loyalist,True,Category-specific reward,dining,Fine Dining,청담 (수요미식회 짬뽕맛집),Fine Dining reward (dining),0.135845711278954,0.135845711278954,0.15862285118472902,2899.75,29.975105950559538,4305.3,0.7454840437986406,1.0,0.5,0.25645
M00253,gold,Hong Kong,Category Loyalist,True,Category-specific reward,lodging,Upscale Hotel,100 Cintra St,Upscale Hotel reward (lodging),0.186063282543873,0.186063282543873,0.1443394465826858,751.9000000000001,2165.208223555197,756.5,0.5099592140204591,1.0,0.3333333333333333,0.5297999999999999
M00254,core,Australia,Merchant Explorer,True,Merchant-specific voucher,dining,Fine Dining,Bohäus,Bohäus voucher,0.16008093483856076,0.12549762292354705,0.12783927621521005,10458.95,1017.2135611440347,10458.95,0.3032836479545198,1.0,0.17391304347826086,0.15435000000000001
M00255,core,Singapore,Already Loyal,False,No incentive,dining,Fine Dining,K's BAR,—,0.11986467712113161,0.09758181453616298,0.10654397180740818,38861.96,9409.62554408352,38870.71,0.591346254164959,0.9069767441860465,0.16279069767441862,0.17160833333333333
M00256,core,Hong Kong,Low Responsiveness,False,No incentive,dining,Fine Dining,Curry Bowl,—,0.109025255793597,0.109025255793597,0.15272968296560888,3183.53,847.0289266843095,3183.53,0.3361698869134468,1.0,0.25,0.04
M00259,gold,Singapore,Points Optimiser,True,2x / 3x points,dining,Cafe & Coffee,Mido Cafe,3x points on dining,0.15703934072565495,0.11947351023704175,0.11006218296423467,2949.71,529.9627898791246,2949.71,0.33808546046421906,1.0,0.0,0.14
M00260,gold,Japan,Already Loyal,False,No incentive,retail,Premium Retail,Ladies' Market,—,0.14564757769770859,0.14564757769770859,0.09318116569846698,18271.87,6367.037189253075,21840.26,0.30884218081980486,0.8958333333333334,0.2708333333333333,0.32898125
M00262,core,Australia,Threshold Chaser,True,"Spend X, get Y back",transport,Premium Transport,AREX,Spend & get-back at AREX,0.11744787137459332,0.11744787137459332,0.17986905433848485,1330.83,1085.294923567178,1601.74,0.2908223437875246,1.0,0.5,0.1843
M00265,gold,Hong Kong,Points Optimiser,True,2x / 3x points,dining,Fine Dining,Gion Karyo,3x points on dining,0.12616015323792537,0.12616015323792537,0.11852366165964542,1493.96,839.4159599233665,1493.96,0.26491525165678936,1.0,0.3076923076923077,0.207575
M00266,platinum,Australia,Points Optimiser,True,2x / 3x points,dining,Fine Dining,Thongsmith,3x points on dining,0.18805461699403297,0.18805461699403297,0.15835223735996826,442.28000000000003,1331.6696800051325,1041.1200000000001,0.3494651881735381,1.0,0.09090909090909091,0.41533333333333333
M00267,core,Singapore,Threshold Chaser,True,"Spend X, get Y back",retail,Premium Retail,IFC Mall,Spend & get-back at IFC Mall,0.15601972397926944,0.11614072277102805,0.16652810587476066,2065.61,9.947598300641405e-14,2065.6099999999997,0.30117649413212466,1.0,0.75,0.14
M00268,core,Hong Kong,Points Optimiser,True,2x / 3x points,dining,Fine Dining,Yat Lok,3x points on dining,0.1479942265456828,0.1479942265456828,0.1370212494317276,166.03,32.858330765168816,231.56,0.32270269595653517,1.0,0.0,0.14
M00269,core,Singapore,Immediate Value Seeker,True,Cashback / statement credit,retail,Convenience,FamilyMart,Cashback at FamilyMart,0.15446587134067882,0.11904738256631878,0.1693943289494516,1895.77,398.62649640310667,2441.6,0.36712136508175675,1.0,0.2727272727272727,0.34359999999999996
M00270,core,United States,Merchant Explorer,True,Merchant-specific voucher,retail,Premium Retail,Daiso,Daiso voucher,0.1535255648650168,0.13811414772373604,0.11445146239924107,14775.630000000001,3662.385251184433,16824.7,0.38068951900198833,0.967741935483871,0.41935483870967744,0.22028888888888887
M00273,core,Singapore,Immediate Value Seeker,True,Cashback / statement credit,retail,Premium Retail,Nishiki Market stalls,Cashback at Nishiki Market stalls,0.14985021103410592,0.11258282725457017,0.17551691306649786,1487.79,1945.2518239576661,1487.79,0.3796879543244233,1.0,0.14285714285714285,0.0937
M00274,centurion,United States,Points Optimiser,True,2x / 3x points,dining,Fine Dining,Ichiran Dotonbori,3x points on dining,0.22075467366925647,0.19836822684874342,0.18136572175582302,6822.889999999999,1071.6032160651914,6821.889999999999,0.3648375909801088,1.0,0.0,0.1166
M00275,core,Hong Kong,Immediate Value Seeker,True,Cashback / statement credit,retail,Premium Retail,Terminal 21 Asok,Cashback at Terminal 21 Asok,0.16037126318176584,0.16037126318176584,0.23729427023758756,807.64,695.905348161351,1870.6999999999998,0.36701495044822574,1.0,0.2857142857142857,0.24855
M00276,core,Japan,Merchant Explorer,True,Merchant-specific voucher,lodging,Upscale Hotel,Hôtel Caron de Beaumarchais,Hôtel Caron de Beaumarchais voucher,0.1527236349063631,0.12246798864596595,0.14611032425252216,11416.55,1297.461151241745,12664.5,0.30426645307670513,0.92,0.28,0.2530875
M00278,core,Hong Kong,Category Loyalist,True,Category-specific reward,dining,Fine Dining,Highway4,Fine Dining reward (dining),0.23993594548831018,0.23993594548831018,0.22276690194430182,349.21,1109.6037366628364,369.03999999999996,0.6007690670302859,1.0,0.0,0.316
M00279,core,Singapore,Fee-Sensitive Traveller,False,No incentive (FX-offset out of scope),retail,Premium Retail,Kuromon Market,—,0.15193008401704106,0.12014033245265072,0.1587681538931967,3353.56,659.2830270967717,4932.35,0.37532157516256015,0.95,0.15,0.4579285714285714
M00280,core,Hong Kong,Already Loyal,False,No incentive,retail,Premium Retail,Kagui,—,0.13617513836596593,0.13617513836596593,0.1162324750184866,12118.99,4541.254082930528,13074.2,0.5651063209845651,1.0,0.21052631578947367,0.28168
M00281,core,Singapore,Category Loyalist,True,Category-specific reward,retail,Premium Retail,Vincom Da Nang,Premium Retail reward (retail),0.3113082288131194,0.3113082288131194,0.27083829283090866,163.07999999999998,745.5431653707266,163.07999999999998,0.5519482350694678,1.0,0.0,0.316
M00282,gold,Singapore,Points Optimiser,True,2x / 3x points,lodging,Hotel,Hotel 1888,3x points on lodging,0.1685360496481135,0.12782309005242912,0.11944621323058388,4776.08,726.7000175305002,4997.22,0.363113355415812,1.0,0.3333333333333333,0.38476
M00284,core,Hong Kong,Immediate Value Seeker,True,Cashback / statement credit,dining,Fine Dining,Armando al Pantheon,Cashback at Armando al Pantheon,0.14711813311065663,0.11541582400197775,0.15167592520001108,5392.79,1217.9374943266323,5397.44,0.4462286282685332,1.0,0.2,0.164375
M00285,platinum,Australia,Points Optimiser,True,2x / 3x points,dining,Fine Dining,걸크러시 Bar,3x points on dining,0.2078277983230369,0.2078277983230369,0.19013994959184077,1728.67,910.5139985149629,1727.67,0.477347869451065,1.0,0.3333333333333333,0.04
M00286,gold,United States,Already Loyal,False,No incentive,retail,Premium Retail,Via del Corso shops,—,0.12110363446516638,0.11453686347061373,0.07979205940329202,7971.32,1566.4682586954796,8490.69,0.34877730561110654,1.0,0.09090909090909091,0.3371
M00287,core,Hong Kong,Immediate Value Seeker,True,Cashback / statement credit,lodging,Upscale Hotel,Grand InterContinental Seoul Parnas,Cashback at Grand InterContinental Seoul Parnas,0.17213688150317674,0.12312096876224447,0.1537613221283879,4898.46,532.0693402733373,4908.47,0.30540150625127804,1.0,0.0,0.167375
M00289,platinum,Hong Kong,Category Loyalist,True,Category-specific reward,retail,Premium Retail,Abbesses shops,Premium Retail reward (retail),0.20536958445460324,0.1779912539744937,0.20452786238244275,1925.36,1967.9587914369858,1924.36,0.5945199713122438,1.0,0.3333333333333333,0.04
M00290,gold,United States,Merchant Explorer,True,Merchant-specific voucher,transport,Ride-hail & Taxi,Grab,Grab voucher,0.19002496704744445,0.14787228844167136,0.13273022229122725,13489.17,2766.6362591694333,13556.63,0.3428917406806483,0.9705882352941176,0.08823529411764706,0.19172222222222224
M00291,gold,Hong Kong,Low Responsiveness,False,No incentive,lodging,Upscale Hotel,Swissotel Nankai Osaka,—,0.10886448665079188,0.10886448665079188,0.1133464962388821,1590.76,226.34243852809874,1730.02,0.25322491394121593,1.0,0.2777777777777778,0.22216
M00292,core,Japan,Category Loyalist,True,Category-specific reward,retail,General Retail,Hang Ngang silk shops,General Retail reward (retail),0.3619450180050039,0.3619450180050039,0.3255289746778645,36.03,297.59133272063485,36.03,0.5030847100694529,1.0,0.0,0.316
M00294,gold,Australia,Merchant Explorer,True,Merchant-specific voucher,dining,Fine Dining,Ichiran Shibuya,Ichiran Shibuya voucher,0.152264783644247,0.12160195805478083,0.10613160234787927,8409.41,3896.3997931907315,8581.51,0.3430035598423228,0.9545454545454546,0.18181818181818182,0.3580285714285714
M00295,platinum,Hong Kong,Already Loyal,False,No incentive,dining,Fine Dining,Cumulus Inc.,—,0.14028853325437673,0.14236905664043378,0.10196365228435154,15118.13,1039.9070163085332,17233.42,0.2795365892288267,1.0,0.28,0.2188857142857143
M00296,gold,Hong Kong,Points Optimiser,True,2x / 3x points,retail,Premium Retail,Suria KLCC,3x points on retail,0.2359822701122514,0.2359822701122514,0.2153317804990643,143.85000000000002,560.1986767344289,893.32,0.29766917436994805,1.0,0.23076923076923078,0.597475
M00297,platinum,Japan,Already Loyal,False,No incentive,transport,Premium Transport,RATP,—,0.12511411035383638,0.12615908059482206,0.11293431952473786,6505.17,2883.1829608307944,8123.08,0.3379792628559428,0.96875,0.1875,0.51291
M00298,gold,Singapore,Immediate Value Seeker,True,Cashback / statement credit,lodging,Hotel,Hotel Eden,Cashback at Hotel Eden,0.13509780969292376,0.0998993103968914,0.12439878058110908,2128.7200000000003,745.4047349684298,2128.7200000000003,0.3005683015238255,1.0,0.25,0.055400000000000005
M00300,core,Japan,Immediate Value Seeker,True,Cashback / statement credit,lodging,Hotel,Palazzo Firence by Baglioni Hotels & Resorts,Cashback at Palazzo Firence by Baglioni Hotels & Resorts,0.19275812113714136,0.19275812113714136,0.22877853632071515,655.13,1117.886110002232,665.67,0.371151193762152,1.0,0.0,0.43565
M00301,gold,Japan,Immediate Value Seeker,True,Cashback / statement credit,dining,Fine Dining,La Spada Osteria,Cashback at La Spada Osteria,0.1810555373047383,0.1810555373047383,0.21048708936536886,888.01,1411.1903570462252,900.1899999999999,0.3888104174088767,1.0,0.16666666666666666,0.43565
M00302,core,Japan,Category Loyalist,True,Category-specific reward,lodging,Upscale Hotel,Hôtel Particulier Montmartre,Upscale Hotel reward (lodging),0.18828788913440378,0.18828788913440378,0.20842450574644875,1237.1200000000001,1369.2579260597165,1236.12,0.5794296612948429,1.0,0.6666666666666666,0.04
M00303,core,United States,Threshold Chaser,True,"Spend X, get Y back",lodging,Hotel,Useok Hotel,Spend & get-back at Useok Hotel,0.16489149116057403,0.12141320900801715,0.17603046982725448,2039.1599999999999,120.84985044950383,2202.35,0.2847893975578108,1.0,0.5,0.25645
M00304,core,Singapore,Low Responsiveness,False,No incentive,lodging,Hotel,Langham Place Hotel Mongkok,—,0.10529145177006766,0.10529145177006766,0.15949527128309268,1169.8,165.22890358483644,1259.75,0.2703089583329805,1.0,0.2857142857142857,0.29855
M00305,gold,Singapore,Threshold Chaser,True,"Spend X, get Y back",retail,Premium Retail,Takashimaya,Spend & get-back at Takashimaya,0.16752986247450166,0.13429827019593715,0.10750316961228877,3026.55,431.4255995969483,3026.55,0.30551979631978143,1.0,0.5,0.27335
M00306,core,Japan,Points Optimiser,True,2x / 3x points,lodging,Mid-scale Hotel,JW Marriott KL,3x points on lodging,0.4,0.4,0.2001404171463757,26.43,9.430951388098173,369.15,0.3116003960396112,1.0,0.0,0.4729
M00307,core,Hong Kong,Already Loyal,False,No incentive,retail,Premium Retail,SKIN1004,—,0.1477602178742374,0.1477602178742374,0.1286585774163454,10066.14,2399.462624749343,10361.63,0.39797906274723677,1.0,0.35,0.32631666666666664
M00308,platinum,Hong Kong,Points Optimiser,True,2x / 3x points,retail,Premium Retail,Pow pow Snow,3x points on retail,0.14350564008378747,0.14350564008378747,0.13324914651224934,472.08000000000004,1198.6564811994406,472.08000000000004,0.28427517200359625,1.0,0.25,0.316
M00309,core,Japan,Category Loyalist,True,Category-specific reward,lodging,Mid-scale Hotel,Siok,Mid-scale Hotel reward (lodging),0.19338131921506863,0.19338131921506863,0.14162584129534705,136.97,365.29621025907943,153.49,0.5078318536221046,1.0,0.0,0.46499999999999997
M00310,platinum,Singapore,Points Optimiser,True,2x / 3x points,dining,Fine Dining,Kukuru Takoyaki,3x points on dining,0.15245311985663354,0.12835311618982362,0.10560868816864907,9994.01,1318.5026853448794,11567.630000000001,0.2895475210303774,1.0,0.05263157894736842,0.32406
M00311,platinum,Singapore,Threshold Chaser,True,"Spend X, get Y back",dining,Fine Dining,Lau Pa Sat nearby,Spend & get-back at Lau Pa Sat nearby,0.16463733136432016,0.127378025588254,0.11067476693750543,4251.97,641.17132295263,4251.97,0.29195142038651123,0.7272727272727273,0.36363636363636365,0.09860000000000001
M00312,core,Hong Kong,Category Loyalist,True,Category-specific reward,dining,Fine Dining,Jumbo Seafood,Fine Dining reward (dining),0.15864566682960068,0.15864566682960068,0.15945248597251854,1998.2,85.47767569997605,1998.2,0.7925303782312099,1.0,0.4,0.2028
M00314,core,United States,Low Responsiveness,False,No incentive,transport,Rail & Metro,Osaka Metro,—,0.112927838745415,0.112927838745415,0.14932130332201551,503.48,27.061794445897192,530.15,0.3108608559257334,1.0,0.5,0.0783
M00315,gold,Japan,Points Optimiser,True,2x / 3x points,retail,Premium Retail,Sneaker Street,3x points on retail,0.16833038513594778,0.13574615074415786,0.10759522788654435,2432.85,392.94827580041044,2432.85,0.29598824828675063,1.0,0.25,0.14
M00319,core,Australia,Already Loyal,False,No incentive,retail,Premium Retail,Mitsukoshi Ginza,—,0.13661764338740007,0.13661764338740007,0.13413554421416174,7075.53,1183.614384175609,8693.82,0.576897205334856,1.0,0.0625,0.43262
M00320,core,Hong Kong,Immediate Value Seeker,True,Cashback / statement credit,retail,Premium Retail,beautywave,Cashback at beautywave,0.1332079772717201,0.10257093014283897,0.15235809705628325,4273.78,582.6578732292637,4320.1900000000005,0.45108262716344977,1.0,0.25,0.14427500000000001
M00323,platinum,Australia,Merchant Explorer,True,Merchant-specific voucher,dining,Fine Dining,Jumbo Seafood,Jumbo Seafood voucher,0.17138248442423484,0.1267493937412461,0.13103506276787785,8015.08,1102.251084928075,8814.33,0.32170779554055245,1.0,0.21428571428571427,0.259075
M00325,core,Australia,Points Optimiser,True,2x / 3x points,dining,Street & Local,Gudeg Yu Djum,3x points on dining,0.4,0.4,0.3294100184603475,13.62,163.8963493955094,30.799999999999997,0.3563105076741441,1.0,0.0,0.8005
M00326,core,Singapore,Fee-Sensitive Traveller,False,No incentive (FX-offset out of scope),dining,Fine Dining,Fine Grind,—,0.12270286765433397,0.12270286765433397,0.1549535417290177,3260.75,44.669944059113135,3468.1,0.4773282462689942,1.0,0.0,0.42025
M00328,core,Singapore,Immediate Value Seeker,True,Cashback / statement credit,retail,Premium Retail,Sneaker Street,Cashback at Sneaker Street,0.17003020350541645,0.13078642984650624,0.16324503228182802,2428.76,274.6063780464343,2771.33,0.28763854380712645,0.9473684210526315,0.2631578947368421,0.2873
M00329,core,Singapore,Immediate Value Seeker,True,Cashback / statement credit,retail,Premium Retail,BLUE LUG,Cashback at BLUE LUG,0.15399764944651476,0.126090233523945,0.14533089222896245,4301.9,367.15881681790273,4490.38,0.3180449883163364,1.0,0.17647058823529413,0.34604
M00330,core,United States,Low Responsiveness,False,No incentive,transport,Rail & Metro,Busan Metro Line 2,—,0.1068738285486836,0.1068738285486836,0.16506529522346505,970.8299999999999,629.566383755849,970.8299999999999,0.3155416876372599,1.0,0.16666666666666666,0.42025
M00331,gold,Hong Kong,Already Loyal,False,No incentive,retail,Premium Retail,Times Square,—,0.13160263646407597,0.13290326117493304,0.08837527841030175,5042.98,1370.150368941525,8490.44,0.7718266702370791,1.0,0.25,0.213275
M00332,core,Singapore,Already Loyal,False,No incentive,retail,Luxury,Ralph Lauren,—,0.1516423464074529,0.1117389659190427,0.1424966900891831,7168.05,2692.3432417300105,7197.25,0.31686917243065466,1.0,0.18518518518518517,0.1764
M00333,core,Hong Kong,Category Loyalist,True,Category-specific reward,lodging,Upscale Hotel,The Ritz-Carlton Kuala Lumpur,Upscale Hotel reward (lodging),0.4,0.4,0.4,13.97,345.61120120102197,324.12,0.5056162265789091,1.0,0.25,0.6367
M00335,gold,Singapore,Category Loyalist,True,Category-specific reward,transport,Rail & Metro,Korail,Rail & Metro reward (transport),0.13146897502116334,0.13146897502116334,0.09726587079930953,2428.29,6.3950002833123705,2529.28,0.5496434643150214,1.0,0.25,0.27103333333333335
M00336,core,United States,Category Loyalist,True,Category-specific reward,retail,Local Shops,Travel Store,Local Shops reward (retail),0.4,0.4,0.4,8.8,37.353902643526155,18.450000000000003,0.5010612436747673,1.0,0.0,0.4571
M00337,gold,United States,Already Loyal,False,No incentive,retail,Premium Retail,Paragon,—,0.14960386796740271,0.14676034220816697,0.0907646359883788,13505.07,4016.323746951092,15561.31,0.3409029194525982,0.9761904761904762,0.23809523809523808,0.31106666666666666
M00338,core,Australia,Points Optimiser,True,2x / 3x points,transport,Rail & Metro,Monorail,3x points on transport,0.27955223264131024,0.27955223264131024,0.2183188975323854,86.26,525.3760584128692,891.88,0.28371340877691825,1.0,0.14285714285714285,0.6367
M00339,core,Singapore,Immediate Value Seeker,True,Cashback / statement credit,dining,Cafe & Coffee,Outback Steak House,Cashback at Outback Steak House,0.11769081735011594,0.11769081735011594,0.1554882574981863,737.29,452.27782505726003,793.78,0.3893848880112288,1.0,0.0,0.224
M00340,core,Japan,Immediate Value Seeker,True,Cashback / statement credit,dining,Fine Dining,イタリアントマト,Cashback at イタリアントマト,0.13016556769934534,0.13016556769934534,0.16331418252573238,1293.74,505.980141891574,1302.8500000000001,0.358062630558488,1.0,0.25,0.3445666666666667
M00342,core,Australia,Fee-Sensitive Traveller,False,No incentive (FX-offset out of scope),lodging,Hotel,Hotel Eden,—,0.1415768643535213,0.1415768643535213,0.1611454037778782,1080.05,1076.1799147050187,1236.45,0.46957693155706853,1.0,0.1,0.4111
M00343,core,Hong Kong,Already Loyal,False,No incentive,retail,Premium Retail,BLUE LUG,—,0.1322176147406993,0.11306096632975028,0.13174111228628424,6641.639999999999,1025.3913597206808,6993.45,0.3470955791763753,1.0,0.29411764705882354,0.20326
M00344,gold,Hong Kong,Threshold Chaser,True,"Spend X, get Y back",retail,Premium Retail,Tokyu Hands Namba,Spend & get-back at Tokyu Hands Namba,0.1441613317078963,0.1186261250578525,0.09710929476217352,4374.969999999999,435.8915005986326,4781.2699999999995,0.38939900017932877,1.0,0.375,0.200075
M00345,gold,Singapore,Threshold Chaser,True,"Spend X, get Y back",dining,Fine Dining,Kyubey,Spend & get-back at Kyubey,0.15671997709002633,0.12648720285036397,0.11100403125910963,4778.4400000000005,48.65693028194653,5029.75,0.35344644817483784,1.0,0.5,0.29475
M00346,core,Australia,Merchant Explorer,True,Merchant-specific voucher,dining,Fine Dining,Armando al Pantheon,Armando al Pantheon voucher,0.17257037758573857,0.1343255492385295,0.1749997094170918,3653.11,1765.4559794033455,3974.88,0.4016810447265511,1.0,0.21739130434782608,0.2007
M00347,platinum,Singapore,Already Loyal,False,No incentive,dining,Fine Dining,Armando al Pantheon,—,0.1486150178112141,0.11689696908353107,0.10795975474008987,11642.9,1702.0092021810528,11642.9,0.372417495227907,1.0,0.3157894736842105,0.08616
M00348,gold,Australia,Points Optimiser,True,2x / 3x points,dining,Cafe & Coffee,CafeHai Ha,3x points on dining,0.2265972036382988,0.2265972036382988,0.17551235630041173,145.26,717.8088716479027,145.26,0.4080585304185392,1.0,0.3333333333333333,0.316
M00349,centurion,Hong Kong,Already Loyal,False,No incentive,dining,Fine Dining,Armando al Pantheon,—,0.14899424043543436,0.11779939112719309,0.10408808839500155,10113.48,2459.128281968216,12792.45,0.31480323845738184,1.0,0.3157894736842105,0.2001
M00350,core,Australia,Fee-Sensitive Traveller,False,No incentive (FX-offset out of scope),dining,Fine Dining,Roscioli,—,0.1170881250394609,0.1170881250394609,0.16313866567616375,1378.94,679.7629465042078,1400.77,0.4152266015098432,1.0,0.14285714285714285,0.39576666666666666
M00351,gold,United States,Immediate Value Seeker,True,Cashback / statement credit,retail,Premium Retail,Coles,Cashback at Coles,0.1456870496008592,0.11475441204574065,0.12182510382606748,4137.71,585.2473537889996,4418.68,0.35866059491102137,1.0,0.2222222222222222,0.224
M00352,gold,Singapore,Category Loyalist,True,Category-specific reward,retail,Convenience,Alfamart,Convenience reward (retail),0.4,0.4,0.4,11.49,71.70835419125034,16.14,0.5897997540111386,1.0,0.0,0.8005
M00353,platinum,Singapore,Already Loyal,False,No incentive,retail,Premium Retail,Shinsegae Myeongdong,—,0.1520615982471623,0.1520615982471623,0.08967324951559723,27065.57,4443.703730151484,28293.42,0.32681250967966874,0.9672131147540983,0.29508196721311475,0.23456666666666667
M00354,platinum,Japan,Points Optimiser,True,2x / 3x points,transport,Premium Transport,Swettenham Pier,3x points on transport,0.22594898752714204,0.22594898752714204,0.1396430480437701,494.81999999999994,1005.0651487413422,494.82,0.3634815812303725,1.0,0.3333333333333333,0.33315
M00355,core,Australia,Immediate Value Seeker,True,Cashback / statement credit,dining,Fine Dining,Yung Kee,Cashback at Yung Kee,0.15254797840829507,0.11940118649964918,0.16169570710550654,5331.9,186.202797381124,5697.58,0.3851624027362755,1.0,0.0625,0.194275
M00356,platinum,United States,Points Optimiser,True,2x / 3x points,dining,Fine Dining,카페개네,3x points on dining,0.16164411077248464,0.13591614730270993,0.11042099857679807,8017.08,1383.5271924345243,9017.11,0.3587258267855245,1.0,0.2631578947368421,0.20178000000000001
M00357,core,Singapore,Threshold Chaser,True,"Spend X, get Y back",dining,Fine Dining,Ginza Kagari,Spend & get-back at Ginza Kagari,0.1233666680006688,0.1233666680006688,0.159448726850041,1928.8400000000001,13.50667230282437,1928.8400000000001,0.34404349448467836,1.0,0.75,0.1166
M00358,core,Hong Kong,Immediate Value Seeker,True,Cashback / statement credit,dining,Fine Dining,Haeundae Market,Cashback at Haeundae Market,0.15531484408443172,0.11873120147269065,0.15598545047737378,3073.71,761.3345282418929,3851.6,0.35903804397104966,1.0,0.2222222222222222,0.23523999999999998
M00359,core,Hong Kong,Low Responsiveness,False,No incentive,lodging,Hotel,Hotel Nikko Osaka,—,0.1029104006869859,0.1029104006869859,0.17220092712954066,1406.94,157.21138000573964,1657.27,0.2646710396895553,1.0,0.5,0.29475
M00360,gold,Singapore,Low Responsiveness,False,No incentive,transport,Premium Transport,Trenitalia,—,0.10094173984921084,0.10094173984921084,0.1290719180784901,1350.63,1060.7391523163344,1350.63,0.27993878985500736,1.0,0.25,0.055400000000000005
M00361,core,Singapore,Fee-Sensitive Traveller,False,No incentive (FX-offset out of scope),dining,Fine Dining,Din Tai Fung ION,—,0.1190352130256207,0.1190352130256207,0.16893377594887965,1739.0900000000001,196.5173802454625,1739.09,0.3471474460163973,1.0,0.16666666666666666,0.44505
M00362,core,United States,Immediate Value Seeker,True,Cashback / statement credit,dining,Fine Dining,Papa John's,Cashback at Papa John's,0.17641378105581174,0.13258198860869141,0.16842861102454681,1630.96,696.1514861892451,1630.96,0.3555247948174521,1.0,0.25,0.04
M00365,gold,Hong Kong,Points Optimiser,True,2x / 3x points,retail,Convenience,7-Eleven,3x points on retail,0.18424806020109885,0.18424806020109885,0.14239139113913135,227.64000000000001,450.9933794734496,238.05,0.4101576393402586,1.0,0.0,0.4729
M00366,centurion,Singapore,Fee-Sensitive Traveller,False,No incentive (FX-offset out of scope),transport,Premium Transport,RTC,—,0.14733574480075853,0.14733574480075853,0.12260698820245837,782.4300000000001,1716.7259244971756,921.72,0.4311419290320375,1.0,0.2727272727272727,0.507675
M00367,platinum,Japan,Points Optimiser,True,2x / 3x points,transport,Premium Transport,SNCF,3x points on transport,0.12839814064747704,0.12839814064747704,0.11091408732667589,3729.68,631.294372963631,3737.82,0.35892720894751884,1.0,0.0,0.299125
M00368,core,Hong Kong,Immediate Value Seeker,True,Cashback / statement credit,dining,Cafe & Coffee,Mido Cafe,Cashback at Mido Cafe,0.13261785646097607,0.13261785646097607,0.1527931971881235,519.04,292.4857478643336,519.04,0.39413341333773183,1.0,0.16666666666666666,0.228
M00369,core,Singapore,Low Responsiveness,False,No incentive,retail,Premium Retail,Wako,—,0.11631168604638795,0.11631168604638795,0.16252387150049577,407.86,105.11873764067674,409.19,0.26911348668947377,1.0,0.3333333333333333,0.4633333333333333
M00370,gold,Hong Kong,Points Optimiser,True,2x / 3x points,lodging,Upscale Hotel,Four Seasons Hong Kong,3x points on lodging,0.1596257371932526,0.13144219773054092,0.10851878065357473,5284.41,1855.5641104941687,5362.24,0.34004363271515814,1.0,0.0,0.293425
M00371,core,Australia,Merchant Explorer,True,Merchant-specific voucher,dining,Cafe & Coffee,Espresso Bar International,Espresso Bar International voucher,0.1676708261054101,0.11781950970295924,0.1441416773394526,9504.130000000001,604.3552658501303,10210.09,0.28644589292168837,0.9387755102040817,0.40816326530612246,0.2987153846153846
M00372,gold,United States,Points Optimiser,True,2x / 3x points,dining,Fine Dining,La Maison Rose,3x points on dining,0.23468983757788497,0.2050628137922377,0.18309765406042883,2749.66,4100.979220448896,2748.66,0.4409629908693635,1.0,0.0,0.04
M00373,platinum,Japan,Category Loyalist,True,Category-specific reward,retail,General Retail,Bali Bagus,General Retail reward (retail),0.3858546208459097,0.3858546208459097,0.2709949831439741,29.22,200.18959326826075,29.22,1.0,1.0,0.0,0.8005
M00374,gold,Singapore,Category Loyalist,True,Category-specific reward,dining,Fine Dining,Le Consulat,Fine Dining reward (dining),0.2776778165337133,0.2776778165337133,0.2530802734971667,299.41,503.43821422689825,297.41,0.6425655394942056,1.0,0.0,0.04
M00375,core,Hong Kong,Threshold Chaser,True,"Spend X, get Y back",retail,Premium Retail,Place du Tertre,Spend & get-back at Place du Tertre,0.15339745451541598,0.11646817909533028,0.15325761397033408,3528.2599999999998,1717.5178258157734,3528.26,0.3146371064108283,0.8571428571428571,0.42857142857142855,0.04
M00376,core,United States,Fee-Sensitive Traveller,False,No incentive (FX-offset out of scope),retail,Premium Retail,The Face Shop,—,0.14754281670201516,0.10520042856231732,0.17219273392728984,1507.25,59.72496765873238,1550.3899999999999,0.3950076086661667,1.0,0.42857142857142855,0.42025
M00377,gold,Hong Kong,Points Optimiser,True,2x / 3x points,lodging,Upscale Hotel,Gion Hatanaka,3x points on lodging,0.190645294249227,0.190645294249227,0.17645711880256942,485.51,744.8766767285651,484.51,0.33747511955169185,1.0,0.3333333333333333,0.1166
M00378,gold,Singapore,Already Loyal,False,No incentive,dining,Fine Dining,The George on Collins,—,0.1290262711347852,0.10472305492306987,0.0965159445174695,12839.5,1603.8807558728088,14092.93,0.5345340888008028,0.9666666666666667,0.26666666666666666,0.3216
M00381,centurion,Singapore,Already Loyal,False,No incentive,dining,Fine Dining,Yak Bar and Food,—,0.14841071112348891,0.12230973315864213,0.10836898645614924,7778.83,1996.6808105470243,8077.74,0.2937937417155261,1.0,0.23076923076923078,0.33072
M00382,core,Japan,Points Optimiser,True,2x / 3x points,retail,Premium Retail,Place du Tertre,3x points on retail,0.20729574020198954,0.20729574020198954,0.2011768673602686,512.44,1007.4124705000378,521.28,0.34919150206028243,1.0,0.3333333333333333,0.27103333333333335
M00384,core,Singapore,Category Loyalist,True,Category-specific reward,dining,Fine Dining,Bow's Restaurant,Fine Dining reward (dining),0.3308094849095736,0.3308094849095736,0.1789929658455508,277.20000000000005,1619.3095132373903,286.53000000000003,0.9364755722715283,1.0,0.0,0.38655
M00385,core,Hong Kong,Category Loyalist,True,Category-specific reward,dining,Fine Dining,Kukuru Takoyaki,Fine Dining reward (dining),0.21478321960149954,0.21478321960149954,0.2578670068830101,391.22,185.1287988078808,519.35,0.541215623512921,1.0,0.3333333333333333,0.45855
M00386,gold,Singapore,Low Responsiveness,False,No incentive,dining,Fine Dining,Yung Kee,—,0.11218738594413372,0.11218738594413372,0.1075188910367225,2542.82,0.0,2542.8199999999997,0.3588934223022839,1.0,0.0,0.14
M00388,gold,Singapore,Merchant Explorer,True,Merchant-specific voucher,dining,Fine Dining,Hopscotch,Hopscotch voucher,0.1764092779840606,0.13730517363715442,0.12339344245743117,1870.24,365.11074471426525,1962.58,0.2770148848756877,0.9523809523809523,0.3333333333333333,0.412975
M00389,core,Singapore,Merchant Explorer,True,Merchant-specific voucher,dining,Fine Dining,소호,소호 voucher,0.14462617646722994,0.11307650266889052,0.1427399950934344,5333.12,412.2400599266215,5389.23,0.29645195957157155,1.0,0.20833333333333334,0.21704285714285712
M00390,gold,Hong Kong,Points Optimiser,True,2x / 3x points,dining,Fine Dining,Din Tai Fung ION,3x points on dining,0.16062215734889596,0.1195464326308427,0.11676228389727547,2630.28,5.224135789904068,2630.2799999999997,0.36994539848969693,1.0,0.125,0.0648
M00391,gold,Australia,Category Loyalist,True,Category-specific reward,dining,Fine Dining,Lau Pa Sat nearby,Fine Dining reward (dining),0.14658081141592777,0.14658081141592777,0.08994093917428057,3573.34,3883.529192244106,3627.28,0.6337502767515137,1.0,0.05555555555555555,0.2551
M00392,core,Singapore,Fee-Sensitive Traveller,False,No incentive (FX-offset out of scope),retail,Premium Retail,Tokyu Hands Namba,—,0.13655833178940718,0.1015990025788926,0.160688397977432,2443.33,208.03443860532883,3287.7400000000002,0.3340823868773918,1.0,0.11764705882352941,0.37742
M00393,core,Hong Kong,Immediate Value Seeker,True,Cashback / statement credit,dining,Fine Dining,Yat Lok,Cashback at Yat Lok,0.19104782653434893,0.19104782653434893,0.2259183574345129,967.26,293.51511300103533,1076.49,0.3943576870835493,1.0,0.14285714285714285,0.5803333333333334
M00394,centurion,Singapore,Low Responsiveness,False,No incentive,transport,Premium Transport,Changi Airport,—,0.1111105989799852,0.1111105989799852,0.11765704388807491,1551.17,89.75287041958501,1551.17,0.27356711296368774,1.0,1.0,0.0896
M00397,platinum,United States,Points Optimiser,True,2x / 3x points,lodging,Budget & Hostel,Red Inn Hotel,3x points on lodging,0.2338968342635166,0.2338968342635166,0.22844676846367173,312.03000000000003,668.0334602560113,312.03,0.3757620962295847,1.0,0.3333333333333333,0.4729
M00398,core,Hong Kong,Low Responsiveness,False,No incentive,transport,Premium Transport,ComfortDelGro,—,0.10978146067346663,0.10978146067346663,0.17056176606055246,1674.79,162.78984565267538,1683.83,0.348063892138048,1.0,0.14285714285714285,0.28125
M00400,core,Singapore,Immediate Value Seeker,True,Cashback / statement credit,retail,Premium Retail,Langham Place,Cashback at Langham Place,0.16626248958573525,0.13746096710481637,0.1486145019590806,4477.84,1816.2530198907564,4497.85,0.3970701228602816,1.0,0.3333333333333333,0.1322
M00402,core,Singapore,Fee-Sensitive Traveller,False,No incentive (FX-offset out of scope),dining,Fine Dining,La Maison Rose,—,0.12602506653157175,0.12602506653157175,0.15603166647446254,964.78,1275.6225865047845,969.73,0.3752344010252621,1.0,0.3333333333333333,0.42025
M00403,gold,Singapore,Points Optimiser,True,2x / 3x points,dining,Fine Dining,Punjab 인도식당,3x points on dining,0.12244448964560033,0.12244448964560033,0.11386114013509013,1441.82,885.6272580272326,1441.82,0.333423905970832,1.0,0.0,0.04
M00404,core,Singapore,Immediate Value Seeker,True,Cashback / statement credit,dining,Fine Dining,Basket Brothers,Cashback at Basket Brothers,0.15645512793422503,0.11477529586843464,0.15977581635376387,4254.26,358.1170106334141,4528.86,0.3370906662258486,1.0,0.21428571428571427,0.2602
M00405,core,Australia,Threshold Chaser,True,"Spend X, get Y back",dining,Fine Dining,Desso,Spend & get-back at Desso,0.12619600846174814,0.12619600846174814,0.1666880665228935,1776.8600000000001,483.0966801529133,1776.8600000000001,0.2992883407793343,1.0,0.5,0.055400000000000005
M00406,core,Japan,Immediate Value Seeker,True,Cashback / statement credit,retail,Premium Retail,BHV Marais,Cashback at BHV Marais,0.146649513535602,0.146649513535602,0.1809214514963208,673.16,51.895127039423784,716.97,0.4248856736854607,1.0,0.125,0.25645
M00407,core,Singapore,Already Loyal,False,No incentive,retail,Premium Retail,Trek,—,0.1340769004988171,0.13702647291390682,0.13072081401498517,9532.23,1064.6869493887316,9652.77,0.3881649594593296,1.0,0.14285714285714285,0.2715166666666667
M00408,gold,Singapore,Threshold Chaser,True,"Spend X, get Y back",transport,Premium Transport,SNCF,Spend & get-back at SNCF,0.2037933685899186,0.2037933685899186,0.17543032870292977,2451.34,2525.9796881160755,2835.02,0.42969428521612596,1.0,0.4,0.4325333333333334
M00410,centurion,Hong Kong,Points Optimiser,True,2x / 3x points,lodging,Hotel,Hotel Ibis Sydney World Square,3x points on lodging,0.1556828574121208,0.1304167872685293,0.10017994244410063,12963.68,61.794511262871765,12963.68,0.3845511932796082,1.0,0.0,0.04
M00411,gold,United States,Already Loyal,False,No incentive,lodging,Hotel,Hotel Eden,—,0.15198311954839872,0.12217505630084605,0.10914848436361163,7084.9,4498.093926522008,8177.360000000001,0.3927404508181319,1.0,0.2,0.2521
M00412,core,United States,Fee-Sensitive Traveller,False,No incentive (FX-offset out of scope),retail,Premium Retail,41 Living Story,—,0.15076815257317627,0.15076815257317627,0.18342758842145881,231.59,493.966584235351,275.94,0.4169153241787654,1.0,0.0,0.6367
M00414,gold,Japan,Points Optimiser,True,2x / 3x points,dining,Fine Dining,Kyubey,3x points on dining,0.15702646047123786,0.12483004592648694,0.11868315856185563,4691.35,339.61424597128257,4695.69,0.4353691682172907,0.8,0.3333333333333333,0.28757499999999997
M00416,core,Australia,Fee-Sensitive Traveller,False,No incentive (FX-offset out of scope),lodging,Upscale Hotel,The Mandarin Oriental Hong Kong,—,0.12503906663132175,0.12503906663132175,0.1463541363303798,2570.34,403.0557749227158,2906.34,0.3054776671303408,1.0,0.16666666666666666,0.463675
M00421,gold,United States,Already Loyal,False,No incentive,dining,Fine Dining,Yat Lok,—,0.1233101708955936,0.11666645482053187,0.08845453856998307,17485.98,2279.009435868833,17485.98,0.2883695910507312,0.9411764705882353,0.11764705882352941,0.14584000000000003
M00422,platinum,Japan,Points Optimiser,True,2x / 3x points,lodging,Budget & Hostel,Hanoi Social Club stay,3x points on lodging,0.3448754244041602,0.3448754244041602,0.3068744786878319,106.0,820.1628189531361,106.0,0.4038900320398718,1.0,0.0,0.316
M00423,core,Hong Kong,Points Optimiser,True,2x / 3x points,lodging,Budget & Hostel,Khách Sạn Hanoi Friends Inn,3x points on lodging,0.3306479804488639,0.3306479804488639,0.27346245625348437,84.81,412.3216309192045,84.81,0.2718035352360557,1.0,0.0,0.38655
M00424,core,Singapore,Immediate Value Seeker,True,Cashback / statement credit,dining,Fine Dining,Mak's Noodle,Cashback at Mak's Noodle,0.1395215525790576,0.108366294077687,0.14806355822017908,5191.0199999999995,109.55346830281131,5191.02,0.2706340258545306,1.0,0.16666666666666666,0.09886666666666667
M00425,core,Hong Kong,Merchant Explorer,True,Merchant-specific voucher,retail,Premium Retail,Namba Parks,Namba Parks voucher,0.14185795598626166,0.11065424574174662,0.14150913491223577,5291.7,1509.6862312584929,5308.3099999999995,0.3727240314062501,1.0,0.20833333333333334,0.2177125
M00426,centurion,United States,Already Loyal,False,No incentive,retail,Premium Retail,Wako,—,0.13807860588715995,0.13119396291531943,0.09423935469327192,9430.01,4447.154453512379,9430.01,0.27496516638694135,1.0,0.2727272727272727,0.20983333333333332
M00427,gold,Singapore,Threshold Chaser,True,"Spend X, get Y back",dining,Fine Dining,Bird Land,Spend & get-back at Bird Land,0.1438144123490729,0.1438144123490729,0.13301067018249704,399.31,4.647189932297472,399.31,0.3307857797707733,1.0,0.5,0.1166
M00428,core,Hong Kong,Immediate Value Seeker,True,Cashback / statement credit,dining,Fine Dining,Mak's Noodle,Cashback at Mak's Noodle,0.12653577462520177,0.12653577462520177,0.16889121052920295,1318.23,0.0,1318.23,0.31350612093582564,1.0,0.25,0.14
M00429,core,Singapore,Immediate Value Seeker,True,Cashback / statement credit,retail,Premium Retail,IFC Mall,Cashback at IFC Mall,0.1630013083641414,0.12466372085850724,0.16811991348532707,2222.64,471.1319630672815,2222.64,0.2899519741276655,1.0,0.3333333333333333,0.228
M00430,core,Singapore,Immediate Value Seeker,True,Cashback / statement credit,dining,Fine Dining,L'As du Fallafel,Cashback at L'As du Fallafel,0.16909580440583932,0.133502985014256,0.1591075545554281,4195.09,1148.0537890396658,4199.74,0.330141442221783,0.95,0.25,0.16828333333333334
M00432,centurion,Hong Kong,Already Loyal,False,No incentive,transport,Premium Transport,Citybus,—,0.11888752848061973,0.11767037763319217,0.06736190735880104,26673.449999999997,4701.326080565359,30280.100000000002,0.4607124300495208,1.0,0.27586206896551724,0.2729625
M00433,gold,Hong Kong,Points Optimiser,True,2x / 3x points,dining,Fine Dining,Bird Land,3x points on dining,0.1185024022307605,0.1185024022307605,0.09588860078495885,1776.83,17.588996925818094,1974.19,0.3133271584347286,1.0,0.14285714285714285,0.2163
M00434,core,Singapore,Low Responsiveness,False,No incentive,retail,Premium Retail,Shinsegae Myeongdong,—,0.10161745421735345,0.10161745421735345,0.16322746937033583,671.88,414.56830759050445,671.88,0.31051217831620137,1.0,0.14285714285714285,0.2763
M00435,core,Hong Kong,Immediate Value Seeker,True,Cashback / statement credit,retail,Premium Retail,Langham Place,Cashback at Langham Place,0.15754408146780238,0.11412296692348366,0.17747225830884567,1919.0900000000001,363.0379143092833,1919.0900000000001,0.29053506717845573,1.0,0.25,0.14
M00437,core,Singapore,Threshold Chaser,True,"Spend X, get Y back",retail,Premium Retail,Taiseido Bookstore,Spend & get-back at Taiseido Bookstore,0.14751663847715868,0.11181323681641844,0.1512516184593231,3434.21,323.0911546016982,3434.21,0.31451911046503894,1.0,0.45454545454545453,0.1244
M00438,core,Hong Kong,Category Loyalist,True,Category-specific reward,lodging,Hotel,Hotel Seiyo Ginza,Hotel reward (lodging),0.1475983758944725,0.1475983758944725,0.15641955464469456,1073.4,11.70781587496844,1073.4,0.5429391242516106,1.0,0.25,0.1166
M00442,core,Singapore,Immediate Value Seeker,True,Cashback / statement credit,retail,Premium Retail,Harry Potter,Cashback at Harry Potter,0.15033526206393547,0.1202101731562724,0.14829305047705063,3500.45,278.7955643502366,3848.75,0.4274425402510337,1.0,0.2727272727272727,0.2965666666666667
M00443,platinum,Singapore,Already Loyal,False,No incentive,transport,Premium Transport,Mong Kok MTR,—,0.15216152066496735,0.13602418383981502,0.10270106317753677,7699.889999999999,3106.357390698551,7699.889999999999,0.2924186354786682,1.0,0.16666666666666666,0.16533333333333333
M00444,core,Japan,Immediate Value Seeker,True,Cashback / statement credit,dining,Fine Dining,Armando al Pantheon,Cashback at Armando al Pantheon,0.13777168992995448,0.13777168992995448,0.1610835248344307,1665.76,653.4617753365371,1834.93,0.4273513111116136,1.0,0.2222222222222222,0.21932000000000001
M00445,core,Australia,Already Loyal,False,No incentive,lodging,Upscale Hotel,The Mandarin Oriental Hong Kong,—,0.12095315527705455,0.11148948434457193,0.09595203896869253,36713.229999999996,3775.5251035754472,38906.01,0.4918665050789519,0.9772727272727273,0.1590909090909091,0.25077692307692306
M00446,core,Singapore,Immediate Value Seeker,True,Cashback / statement credit,retail,Premium Retail,Paragon,Cashback at Paragon,0.1611817602022728,0.11857287095120504,0.1495358488818722,7425.679999999999,316.8104321653183,7425.68,0.27966845375751254,1.0,0.25,0.09655
M00448,core,Japan,Immediate Value Seeker,True,Cashback / statement credit,retail,Premium Retail,Metro Hobbies,Cashback at Metro Hobbies,0.15893745882087676,0.11125727375277975,0.17764545832107853,2014.23,963.6640774883349,2224.51,0.2877164951166512,1.0,0.2727272727272727,0.19456666666666667
M00449,gold,Singapore,Immediate Value Seeker,True,Cashback / statement credit,retail,Premium Retail,Place du Tertre,Cashback at Place du Tertre,0.15615880960343517,0.11705959245007688,0.128412291780026,1756.99,1844.1755930132051,1809.02,0.30639916901994846,1.0,0.18181818181818182,0.43779999999999997
M00451,core,Hong Kong,Immediate Value Seeker,True,Cashback / statement credit,retail,Premium Retail,CU,Cashback at CU,0.15673908702511588,0.1312286768202193,0.14623062395071904,4217.74,852.2713081152585,5613.81,0.34062017878364476,1.0,0.15384615384615385,0.4034
M00452,core,United States,Already Loyal,False,No incentive,dining,Fine Dining,Dae Jang Geum,—,0.1443393990037321,0.12008199041608189,0.14678166119213612,7931.15,106.51468601714876,8221.42,0.3228386583686493,1.0,0.2222222222222222,0.17237142857142856
M00453,gold,Hong Kong,Category Loyalist,True,Category-specific reward,dining,Street & Local,Pho Gia Truyen Bat Dan,Street & Local reward (dining),0.4,0.4,0.2694084683914323,15.04,151.42530581101178,22.74,0.5049150312236756,1.0,0.0,0.316
M00455,core,Australia,Merchant Explorer,True,Merchant-specific voucher,dining,Fine Dining,The George on Collins,The George on Collins voucher,0.1857055452989824,0.1196290320329078,0.15961858338450446,11636.22,1684.8208713173576,11812.369999999999,0.31043531210942377,0.9722222222222222,0.5,0.2459181818181818
M00456,platinum,Hong Kong,Points Optimiser,True,2x / 3x points,retail,Apparel,Viva - Street wear,3x points on retail,0.15517424623385076,0.13292255468931816,0.10955844908716103,4995.49,9.99387936038238,4995.490000000001,0.36243586405548744,1.0,0.0,0.1166
M00457,core,Singapore,Immediate Value Seeker,True,Cashback / statement credit,retail,Premium Retail,Takashimaya,Cashback at Takashimaya,0.1709991729042119,0.12492122267903696,0.18245957693220013,1867.99,411.1110982409477,1912.71,0.30093399318177805,1.0,0.0,0.4020333333333333
M00458,platinum,Singapore,Threshold Chaser,True,"Spend X, get Y back",dining,Fine Dining,Between BREAD,Spend & get-back at Between BREAD,0.14340371644999783,0.14340371644999783,0.1270264402847971,929.69,4.5454626218586895,929.69,0.35915188132764225,1.0,0.5,0.04
M00459,core,United States,Merchant Explorer,True,Merchant-specific voucher,transport,Premium Transport,MTR,MTR voucher,0.11688526260219885,0.11688526260219885,0.15904432879942584,2946.85,140.12118442576343,3461.95,0.3277216741344152,0.9545454545454546,0.18181818181818182,0.23471666666666668
M00460,gold,United States,Points Optimiser,True,2x / 3x points,retail,Premium Retail,Tokyu Hands Namba,3x points on retail,0.1566513576213966,0.11822888241530741,0.11410335868672365,2411.71,150.9377421053248,2527.5099999999998,0.2835671948428718,1.0,0.13333333333333333,0.45855
M00461,platinum,Australia,Immediate Value Seeker,True,Cashback / statement credit,lodging,Hotel,Hotel 1888,Cashback at Hotel 1888,0.11866000999941623,0.11866000999941623,0.11873432351038275,1632.1499999999999,119.19292508978222,1632.1499999999999,0.2624544534007315,1.0,0.25,0.0896
M00462,platinum,Singapore,Immediate Value Seeker,True,Cashback / statement credit,retail,Premium Retail,Place du Tertre,Cashback at Place du Tertre,0.2366028491276026,0.198560868623694,0.2132976207294766,1258.28,2348.342763402539,2094.09,0.3236548921958378,1.0,0.1111111111111111,0.27103333333333335
M00464,gold,Japan,Points Optimiser,True,2x / 3x points,dining,Fine Dining,Jonathan's,3x points on dining,0.17491209299279772,0.13707470785085743,0.11818400052952892,4347.1,1217.1186653682469,7250.3,0.3404283034566738,0.85,0.2,0.32121999999999995
M00465,core,Singapore,Immediate Value Seeker,True,Cashback / statement credit,retail,Premium Retail,Paragon,Cashback at Paragon,0.1563519453466226,0.12587343247924243,0.15357929597706255,3308.65,0.0,3308.65,0.3220658781398374,1.0,0.25,0.0896
M00466,gold,Singapore,Points Optimiser,True,2x / 3x points,retail,Premium Retail,"Web Marketing Team srl - SEO, SEM, SOCIAL e WEB 2.0",3x points on retail,0.15382303699700806,0.15382303699700806,0.1315806877461579,287.51,420.7526736908335,287.51,0.30508178448975126,1.0,0.2,0.26395
M00467,gold,United States,Low Responsiveness,False,No incentive,lodging,Hotel,Hotel Seiyo Ginza,—,0.11026469540916341,0.11026469540916341,0.10614562072850381,1545.8,21.559820257548665,2338.13,0.2662208693316321,1.0,0.375,0.29475
M00468,gold,Australia,Category Loyalist,True,Category-specific reward,dining,Fine Dining,Ichiran Dotonbori,Fine Dining reward (dining),0.11695859836290053,0.11695859836290053,0.09206248691898918,6181.81,867.9623994712748,6618.08,0.5487701780687533,1.0,0.25,0.23536666666666664
M00469,core,Australia,Threshold Chaser,True,"Spend X, get Y back",lodging,Upscale Hotel,LOOKHOME Myeongdong,Spend & get-back at LOOKHOME Myeongdong,0.11912115622739067,0.11912115622739067,0.14887837131180845,1813.06,69.57760876435756,1813.06,0.40777221221421034,1.0,0.5,0.04
M00470,platinum,Singapore,Fee-Sensitive Traveller,False,No incentive (FX-offset out of scope),dining,Fine Dining,Kukuru Takoyaki,—,0.1203084032342063,0.1203084032342063,0.10986865689379063,2071.8,1216.9530439763546,2090.5,0.3223426961331946,1.0,0.16666666666666666,0.457825
M00474,gold,Singapore,Points Optimiser,True,2x / 3x points,dining,Fine Dining,Kukuru Takoyaki,3x points on dining,0.12716470247594572,0.12716470247594572,0.10472070433603084,1380.75,444.21550643260446,1518.95,0.2660933863492332,1.0,0.3076923076923077,0.330675
M00475,gold,Japan,Points Optimiser,True,2x / 3x points,dining,Fine Dining,La Maison Rose,3x points on dining,0.23359502300127702,0.21075872805295676,0.14199393218111062,4651.79,5133.306791631552,4659.46,0.3627059601296341,0.8571428571428571,0.07142857142857142,0.230125
M00476,core,Singapore,Low Responsiveness,False,No incentive,lodging,Budget & Hostel,Popcorn Hostel,—,0.1148717088584912,0.1148717088584912,0.1557481661076089,1630.81,1101.5550671043088,1630.81,0.4968089123150338,1.0,0.375,0.27103333333333335
M00477,core,United States,Category Loyalist,True,Category-specific reward,dining,Fine Dining,Jungsik Seoul,Fine Dining reward (dining),0.1851502069437082,0.1851502069437082,0.15863057002080289,637.54,197.05609748292542,661.41,0.6227420265536167,1.0,0.25,0.24855
M00479,core,Japan,Points Optimiser,True,2x / 3x points,lodging,Budget & Hostel,Causeway Inn on the Mall,3x points on lodging,0.16182140451348426,0.16561012580222909,0.1335891426265169,12460.68,1157.186258829186,13203.82,0.3737800477639757,1.0,0.0,0.35355
M00480,centurion,Singapore,Already Loyal,False,No incentive,dining,Fine Dining,Zuboraya,—,0.13280777908905636,0.11183835484101876,0.10355345774295902,16080.66,5331.856679612484,20300.920000000002,0.3725863853114094,1.0,0.2692307692307692,0.4115428571428571
M00481,core,Singapore,Points Optimiser,True,2x / 3x points,lodging,Upscale Hotel,Mandarin Oriental Kuala Lumpur,3x points on lodging,0.17580092129706965,0.17580092129706965,0.14932334276163717,272.53999999999996,856.9807683812961,1407.61,0.3343648073554642,0.9166666666666666,0.08333333333333333,0.39444999999999997
M00483,core,Australia,Merchant Explorer,True,Merchant-specific voucher,dining,Fine Dining,Ichiran Shibuya,Ichiran Shibuya voucher,0.1823820914852243,0.12301560697298286,0.16456022824989833,7305.56,629.0003502046278,7602.96,0.36530716131445495,1.0,0.1935483870967742,0.2858555555555556
M00485,platinum,Japan,Points Optimiser,True,2x / 3x points,transport,Premium Transport,Vélib',3x points on transport,0.17983723041374258,0.1520937778369736,0.11793965018019845,13109.470000000001,5264.2293128425945,13109.470000000001,0.35593233041978034,1.0,0.21052631578947367,0.06764
M00486,core,Singapore,Immediate Value Seeker,True,Cashback / statement credit,retail,Premium Retail,YP Books,Cashback at YP Books,0.15391966426686376,0.12379238527136227,0.15836216033085004,3524.01,200.89071500287508,3790.58,0.36162517590562165,1.0,0.0,0.42025
M00487,core,Japan,Threshold Chaser,True,"Spend X, get Y back",retail,Premium Retail,Times Square,Spend & get-back at Times Square,0.3593665044141031,0.3593665044141031,0.1259330551192563,46.01,7.760296383508354,299.62,0.34461002136872204,1.0,0.5,0.4571
M00488,core,Australia,Immediate Value Seeker,True,Cashback / statement credit,retail,Premium Retail,Campo de' Fiori market,Cashback at Campo de' Fiori market,0.1439098030688173,0.1101402293183674,0.1500200270986758,3195.09,760.5515949706547,3301.87,0.30915991530981984,1.0,0.18181818181818182,0.3203
M00490,gold,Singapore,Already Loyal,False,No incentive,dining,Fine Dining,Zuboraya,—,0.145290175109186,0.1114586818723112,0.10730739591387373,8863.23,715.3940571903368,8863.23,0.3188855526634644,1.0,0.25,0.0783
M00491,core,Hong Kong,Points Optimiser,True,2x / 3x points,dining,Fine Dining,Thongsmith,3x points on dining,0.28801293206057044,0.28801293206057044,0.1967544155856538,53.9,173.00190880634847,379.62,0.3611593619967645,1.0,0.0,0.38655
M00492,core,Hong Kong,Immediate Value Seeker,True,Cashback / statement credit,lodging,Upscale Hotel,The Westin Melbourne,Cashback at The Westin Melbourne,0.15005426530654292,0.10545235370604462,0.15812571094807273,4437.48,83.54758327307127,4437.48,0.4005690222475209,1.0,0.25,0.04
M00493,core,Singapore,Low Responsiveness,False,No incentive,retail,Premium Retail,Ladies' Market,—,0.11525499299738654,0.11525499299738654,0.17053430941694508,1096.44,170.86601463758055,1096.44,0.2904206058765575,1.0,0.75,0.14
M00494,gold,Singapore,Low Responsiveness,False,No incentive,transport,Ride-hail & Taxi,Grab,—,0.10458367480010893,0.10458367480010893,0.11464832415502235,1728.48,261.96540223680296,2664.27,0.2640114667761679,0.8888888888888888,0.2222222222222222,0.36486
M00495,core,Hong Kong,Immediate Value Seeker,True,Cashback / statement credit,retail,Premium Retail,Nishiki Market stalls,Cashback at Nishiki Market stalls,0.15871727583911854,0.1126094532479391,0.18477017933535894,1784.21,954.4334888727395,2035.29,0.27862482989475984,1.0,0.18181818181818182,0.24482500000000001
M00496,gold,United States,Points Optimiser,True,2x / 3x points,lodging,Hotel,Terrass'' Hotel,3x points on lodging,0.16220194127436782,0.14824828981237362,0.09779855909220167,6474.200000000001,6908.096212341549,6474.2,0.3251813100855729,0.8571428571428571,0.14285714285714285,0.04
M00497,platinum,United States,Points Optimiser,True,2x / 3x points,dining,Fine Dining,Ichiran Dotonbori,3x points on dining,0.17929052687679822,0.14234436244366216,0.12918102501429635,3567.85,1125.640001943299,3567.85,0.3164982893806102,1.0,0.0,0.2163
M00498,core,Singapore,Merchant Explorer,True,Merchant-specific voucher,lodging,Hotel,Hotel 1888,Hotel 1888 voucher,0.16143974087093796,0.1144131354777912,0.1597763673807633,3247.48,1268.437559332592,3497.19,0.3099402166238405,1.0,0.19230769230769232,0.22237777777777776
M00499,core,Australia,Immediate Value Seeker,True,Cashback / statement credit,dining,Fine Dining,Breizh Café,Cashback at Breizh Café,0.1686502603423602,0.1203213658492001,0.16511319280559497,3355.75,1058.1214826979024,3355.75,0.32050733230112943,1.0,0.25,0.0783
M00500,core,Singapore,Category Loyalist,True,Category-specific reward,dining,Fine Dining,Ginza Kagari,Fine Dining reward (dining),0.13326077273267453,0.13326077273267453,0.16755336772402715,2651.66,1442.2165918049236,2658.31,0.5110972648883856,1.0,0.14285714285714285,0.18104
M00501,platinum,Singapore,Points Optimiser,True,2x / 3x points,transport,Premium Transport,Changi Airport,3x points on transport,0.1327688171876924,0.1327688171876924,0.10903927297060483,4646.42,433.74518292784217,4738.44,0.377738182813222,1.0,0.21428571428571427,0.175825
M00503,platinum,Singapore,Merchant Explorer,True,Merchant-specific voucher,dining,Fine Dining,Maxwell Food Centre,Maxwell Food Centre voucher,0.16043243271539567,0.14491605393341167,0.09588110284985897,6450.29,2404.3576470653043,6642.16,0.2904888805399588,0.9565217391304348,0.34782608695652173,0.37658571428571425
M00504,core,Singapore,Merchant Explorer,True,Merchant-specific voucher,dining,Fast Food,Pizza Lucio,Pizza Lucio voucher,0.17595629222506098,0.1291370029495122,0.16470653543997973,4824.51,2486.593381440369,5074.03,0.30901773113318304,1.0,0.08333333333333333,0.337625
M00505,core,Singapore,Fee-Sensitive Traveller,False,No incentive (FX-offset out of scope),lodging,Hotel,Cerulean Tower Tokyu Hotel,—,0.11818261224560435,0.11818261224560435,0.1595890493243646,690.0,93.49828940005851,1227.23,0.33503401879061423,1.0,0.0625,0.37742
M00506,gold,Singapore,Points Optimiser,True,2x / 3x points,dining,Fine Dining,Le Consulat,3x points on dining,0.13844066640373853,0.13844066640373853,0.1212914214988252,1916.8700000000001,3606.0102791165145,1966.71,0.3574994972487641,0.8461538461538461,0.15384615384615385,0.3025
M00507,core,Singapore,Merchant Explorer,True,Merchant-specific voucher,dining,Fine Dining,Mak's Noodle,Mak's Noodle voucher,0.15442835107078592,0.11792810404265723,0.13929680110696027,8350.49,2709.756098397083,8858.42,0.31383388415609936,1.0,0.37142857142857144,0.28449
M00508,core,Japan,Immediate Value Seeker,True,Cashback / statement credit,retail,Premium Retail,Nishiki Market stalls,Cashback at Nishiki Market stalls,0.11976058633528767,0.11976058633528767,0.17417999408125678,1184.78,865.7920831902034,1184.78,0.3054443398282187,1.0,0.3333333333333333,0.15753333333333333
M00509,platinum,Singapore,Category Loyalist,True,Category-specific reward,lodging,Budget & Hostel,Hilton Da Nang,Budget & Hostel reward (lodging),0.1426306222453602,0.1426306222453602,0.1432867842865089,69.77,346.5987450231056,69.77,1.0,1.0,0.0,0.316
M00510,core,Singapore,Category Loyalist,True,Category-specific reward,dining,Fine Dining,Maxwell Food Centre,Fine Dining reward (dining),0.16508886756912053,0.11663167650362763,0.16938510342755328,4950.78,243.86007013689988,4950.780000000001,0.503273210010443,1.0,0.25,0.1031
M00511,core,United States,Immediate Value Seeker,True,Cashback / statement credit,transport,Premium Transport,RATP,Cashback at RATP,0.13929701063688216,0.13929701063688216,0.16039955026035915,387.15,39.95359119283521,387.15000000000003,0.31002756594471215,1.0,0.25,0.04
M00512,core,Singapore,Category Loyalist,True,Category-specific reward,lodging,Hotel,Khaosan Palace Hotel,Hotel reward (lodging),0.3301687738013822,0.3301687738013822,0.20152738042381224,43.43,175.57746957476775,43.43,0.500830494725037,1.0,0.0,0.4571
M00513,core,Japan,Merchant Explorer,True,Merchant-specific voucher,dining,Fine Dining,Roscioli,Roscioli voucher,0.16747385619560354,0.1452008520457687,0.1506689145078171,4754.33,3460.672509159717,7570.9,0.3879053200216051,0.9523809523809523,0.19047619047619047,0.38815
M00514,gold,Hong Kong,Threshold Chaser,True,"Spend X, get Y back",dining,Fine Dining,Ginza Kagari,Spend & get-back at Ginza Kagari,0.12555564749963338,0.12555564749963338,0.11108374649302492,2366.57,1024.304195900893,3312.31,0.33244410069900104,1.0,0.45454545454545453,0.34886666666666666
M00515,core,Hong Kong,Merchant Explorer,True,Merchant-specific voucher,transport,Rail & Metro,Toei Subway,Toei Subway voucher,0.1695895165822204,0.1242796020256758,0.16553891807966364,2958.25,1054.2811398048952,3055.32,0.2918938532628135,1.0,0.2,0.18118333333333334
M00517,gold,United States,Already Loyal,False,No incentive,retail,Premium Retail,Merci,—,0.14379627046442955,0.13156807310358024,0.09367966573080112,8375.59,901.8922025191531,8860.369999999999,0.3252742700414506,1.0,0.2916666666666667,0.30347142857142856
M00518,gold,Australia,Fee-Sensitive Traveller,False,No incentive (FX-offset out of scope),dining,Fine Dining,Din Tai Fung Suria KLCC,—,0.1215969705737058,0.1215969705737058,0.1465782241084478,57.42,6.447377704713631,2341.47,0.3491278950257347,1.0,0.75,0.4729
M00519,platinum,Singapore,Category Loyalist,True,Category-specific reward,dining,Fine Dining,Roscioli,Fine Dining reward (dining),0.20095003575855375,0.20095003575855375,0.18813068290572474,792.46,504.80602271232254,828.4100000000001,0.5766173887202317,1.0,0.0,0.43565
M00520,core,Singapore,Fee-Sensitive Traveller,False,No incentive (FX-offset out of scope),retail,Premium Retail,Salvatore Ferragamo,—,0.1502621378833836,0.1502621378833836,0.17798955406767145,723.6999999999999,1279.364681936879,763.52,0.3467418465272943,1.0,0.14285714285714285,0.454275
M00521,gold,Singapore,Fee-Sensitive Traveller,False,No incentive (FX-offset out of scope),dining,Fast Food,KFC,—,0.13147418227631114,0.13147418227631114,0.12350460811784948,2186.67,262.2646499017784,2194.92,0.30590406972805295,1.0,0.16666666666666666,0.42025
M00522,gold,Singapore,Category Loyalist,True,Category-specific reward,lodging,Upscale Hotel,Swissotel Nankai Osaka,Upscale Hotel reward (lodging),0.18979610696910398,0.1617813958437912,0.13376636123246322,12956.73,6275.5446083107745,12967.130000000001,0.523037287282676,1.0,0.14285714285714285,0.2001
M00523,core,Hong Kong,Category Loyalist,True,Category-specific reward,retail,Premium Retail,Via dei Calzaiuoli shops,Premium Retail reward (retail),0.13922692695153394,0.13922692695153394,0.13942689022774596,6776.8099999999995,4644.04806805742,6776.8099999999995,0.6771418269672443,1.0,0.25,0.055400000000000005
M00524,core,Australia,Category Loyalist,True,Category-specific reward,dining,Cafe & Coffee,Starbucks,Cafe & Coffee reward (dining),0.13710851559553736,0.13710851559553736,0.17065170409937336,3276.92,1234.4094396479354,5056.02,0.6236497528873028,0.8888888888888888,0.16666666666666666,0.33887999999999996
M00526,core,Australia,Immediate Value Seeker,True,Cashback / statement credit,transport,Rail & Metro,JR Yamanote Line,Cashback at JR Yamanote Line,0.1953062561138553,0.12726527660522566,0.17411152513959807,2276.11,37.39003497834986,2391.29,0.308028730720754,1.0,0.1111111111111111,0.21734
M00528,core,Singapore,Category Loyalist,True,Category-specific reward,dining,Fine Dining,Gion Karyo,Fine Dining reward (dining),0.25106145362323656,0.25106145362323656,0.24045312319514556,961.52,1228.1516527210692,1915.24,0.6267815185938941,1.0,0.4,0.35413333333333336
M00529,core,Singapore,Immediate Value Seeker,True,Cashback / statement credit,lodging,Upscale Hotel,Villa Medici,Cashback at Villa Medici,0.1419664998942581,0.12447979717357043,0.1353354385348322,6652.24,2821.272030878256,6652.24,0.4095495214947131,0.9230769230769231,0.23076923076923078,0.10515
M00530,core,Hong Kong,Threshold Chaser,True,"Spend X, get Y back",dining,Fine Dining,Roscioli,Spend & get-back at Roscioli,0.121497294407564,0.121497294407564,0.15385986378983657,1421.17,757.2914330872127,1421.17,0.48543217435179553,1.0,0.5,0.0708
M00531,core,Singapore,Low Responsiveness,False,No incentive,dining,Fast Food,Gusto,—,0.11358448285525136,0.11358448285525136,0.16526539539923507,1420.51,1.8524146755905804,1447.42,0.3138868059576886,1.0,0.0,0.1031
M00532,gold,United States,Points Optimiser,True,2x / 3x points,retail,Premium Retail,Place du Tertre,3x points on retail,0.18486786128940952,0.14343479525231914,0.13365746227725822,1779.8600000000001,1708.6035721227458,1779.8600000000001,0.35378885015422784,1.0,0.3333333333333333,0.0648
M00533,core,Singapore,Fee-Sensitive Traveller,False,No incentive (FX-offset out of scope),dining,Fine Dining,Crocodile Senior Thai,—,0.12214446368206172,0.12214446368206172,0.16290389839442287,2504.27,1053.68260947141,3863.32,0.4235587803834303,1.0,0.21052631578947367,0.3746
M00534,core,Singapore,Threshold Chaser,True,"Spend X, get Y back",retail,Premium Retail,Sneaker Street,Spend & get-back at Sneaker Street,0.15377230438734232,0.11851867645354974,0.15615000348319064,2886.79,499.88190582821403,2896.34,0.3670297219207599,0.7,0.4,0.24570000000000003
M00535,gold,Singapore,Low Responsiveness,False,No incentive,dining,Fine Dining,Merry! Merry! Julie!,—,0.11019138221584525,0.1049863948776126,0.07239645299798414,42585.97,6015.832688497037,42810.06,0.3346939492449616,0.9772727272727273,0.1590909090909091,0.18875833333333333
M00536,gold,Hong Kong,Low Responsiveness,False,No incentive,dining,Fine Dining,L'As du Fallafel,—,0.11297115573917922,0.11297115573917922,0.09638706732651912,1543.92,170.41541681890308,2489.15,0.2703986727825111,0.9,0.3,0.224
M00537,core,United States,Immediate Value Seeker,True,Cashback / statement credit,retail,Premium Retail,IFC Mall,Cashback at IFC Mall,0.14290821186014624,0.11909517210999755,0.1525785352240742,4045.31,1271.5150437680813,4046.2300000000005,0.3989608911838336,1.0,0.0,0.35236666666666666
M00538,gold,United States,Points Optimiser,True,2x / 3x points,lodging,Hotel,Hotel Stellar,3x points on lodging,0.17064697449214447,0.13691183131199403,0.11784645199819488,24216.02,850.5834500893945,24216.02,0.31782626026393873,0.95,0.15,0.07532
M00539,gold,Hong Kong,Immediate Value Seeker,True,Cashback / statement credit,lodging,Hotel,Langham Place Hotel Mongkok,Cashback at Langham Place Hotel Mongkok,0.15226886342454485,0.11575802473117709,0.1177737174736702,7984.87,428.5038280870901,8198.59,0.32401555562809364,0.9375,0.25,0.213425
M00541,core,Australia,Immediate Value Seeker,True,Cashback / statement credit,retail,Premium Retail,Cosentino,Cashback at Cosentino,0.16855922808186868,0.13960310711124976,0.15033621068163303,3915.95,368.2690704199938,3993.05,0.45353257062937496,1.0,0.1875,0.26261999999999996
M00543,gold,Australia,Already Loyal,False,No incentive,retail,Premium Retail,Vintage Cellars,—,0.12976310261870933,0.12115095118221815,0.08892661618216373,8345.529999999999,1058.6395033899155,8345.529999999999,0.3333406184385278,1.0,0.13333333333333333,0.14427500000000001
M00544,core,Hong Kong,Already Loyal,False,No incentive,retail,Premium Retail,IFC Mall,—,0.14803002300129656,0.14803002300129656,0.17623169927547216,7468.049999999999,2642.897705019652,7742.16,0.455535187633842,0.9803921568627451,0.23529411764705882,0.33083333333333337
M00545,core,Japan,Immediate Value Seeker,True,Cashback / statement credit,retail,Premium Retail,Kyoto Craft Center,Cashback at Kyoto Craft Center,0.1331945879838438,0.10379300619680053,0.1607890895025437,3029.63,2494.634271845515,3994.67,0.3572570569831096,1.0,0.16666666666666666,0.232425
M00546,platinum,Singapore,Immediate Value Seeker,True,Cashback / statement credit,lodging,Hotel,Hotel Nikko Osaka,Cashback at Hotel Nikko Osaka,0.19299720610295182,0.19299720610295182,0.19323702215041194,1526.25,235.46185046006903,1525.25,0.36625719318425043,1.0,0.3333333333333333,0.1166
M00547,core,United States,Category Loyalist,True,Category-specific reward,dining,Street & Local,The Frog Pond,Street & Local reward (dining),0.4,0.4,0.4,8.28,51.63522340198266,8.28,1.0,1.0,0.0,0.4571
M00548,gold,Japan,Merchant Explorer,True,Merchant-specific voucher,retail,Premium Retail,Kuromon Market,Kuromon Market voucher,0.15404380890465813,0.13017635521061063,0.10081070680316122,4749.599999999999,956.651643053489,4910.33,0.3656254671000494,0.9523809523809523,0.14285714285714285,0.18368333333333334
M00549,centurion,United States,Points Optimiser,True,2x / 3x points,dining,Fine Dining,Songdo Fish Restaurant,3x points on dining,0.16229395524744125,0.12558125706886006,0.12470299353373138,5741.120000000001,2648.9371418320097,7611.41,0.3823055598063921,1.0,0.3076923076923077,0.217225
M00550,core,Hong Kong,Threshold Chaser,True,"Spend X, get Y back",dining,Fine Dining,L'As du Fallafel,Spend & get-back at L'As du Fallafel,0.13657913050515658,0.13657913050515658,0.14890906506964546,1251.61,85.24206999940607,1971.24,0.41286477292497176,1.0,0.45454545454545453,0.3233333333333333
M00551,core,Singapore,Immediate Value Seeker,True,Cashback / statement credit,dining,Fine Dining,M Bar Thai Eatery,Cashback at M Bar Thai Eatery,0.15066970508014224,0.15066970508014224,0.16482124626670477,615.3100000000001,3.405051318462668,624.01,0.44410818023067655,1.0,0.0,0.04
M00552,gold,Japan,Category Loyalist,True,Category-specific reward,retail,Premium Retail,BOTANIST,Premium Retail reward (retail),0.1702140916956482,0.13704746859853262,0.14029456115194194,2187.63,328.76163597191027,2951.11,0.5605033635594204,1.0,0.2631578947368421,0.35536
M00556,platinum,Singapore,Already Loyal,False,No incentive,dining,Fine Dining,L'As du Fallafel,—,0.14352495449965266,0.11628554360103766,0.10650954587040393,12339.779999999999,980.9346968663561,12730.07,0.37316964022944765,1.0,0.06666666666666667,0.175825
M00559,gold,Australia,Category Loyalist,True,Category-specific reward,lodging,Budget & Hostel,Hilton Da Nang,Budget & Hostel reward (lodging),0.3001973851617915,0.3001973851617915,0.2083389888689456,18.68,110.30017330143076,18.68,1.0,1.0,0.0,0.316
M00560,core,Singapore,Threshold Chaser,True,"Spend X, get Y back",retail,Premium Retail,Westfield Sydney,Spend & get-back at Westfield Sydney,0.16486732375521682,0.12648205220554984,0.1576376947055806,2317.95,12.232689161452072,2432.89,0.3059379833230713,1.0,0.375,0.25645
M00561,gold,Hong Kong,Points Optimiser,True,2x / 3x points,dining,Fine Dining,돼지국수 pork soup,3x points on dining,0.16977741866899998,0.12949848830929436,0.1161941376933161,12049.900000000001,4136.023929954826,12049.9,0.3811824931457561,1.0,0.16666666666666666,0.05026666666666666
M00562,core,United States,Immediate Value Seeker,True,Cashback / statement credit,retail,Premium Retail,People's Park Centre,Cashback at People's Park Centre,0.14640965642487955,0.11315906204875235,0.15738743943983208,3026.79,198.22225844940087,3026.79,0.31413714442102786,1.0,0.125,0.0648
M00563,core,Hong Kong,Merchant Explorer,True,Merchant-specific voucher,dining,Fast Food,Saizeriya,Saizeriya voucher,0.16283901490314,0.11314503723841304,0.1502418979262745,4795.5,626.0651196866825,5154.09,0.27531476549650297,0.9545454545454546,0.18181818181818182,0.40135000000000004
M00565,core,Singapore,Fee-Sensitive Traveller,False,No incentive (FX-offset out of scope),dining,Cafe & Coffee,Mido Cafe,—,0.13704244854357728,0.13704244854357728,0.16100211668333647,2507.3900000000003,2123.936592149709,2615.75,0.3628649002361457,1.0,0.17647058823529413,0.4018
M00566,core,Hong Kong,Immediate Value Seeker,True,Cashback / statement credit,dining,Fast Food,McDonald's,Cashback at McDonald's,0.1798585884902058,0.13697784809934532,0.17718284451543048,1788.93,233.34770987362822,1870.6100000000001,0.3961590113302591,1.0,0.1111111111111111,0.3855
M00567,core,Hong Kong,Low Responsiveness,False,No incentive,lodging,Hotel,Cerulean Tower Tokyu Hotel,—,0.11511535717429303,0.11511535717429303,0.16195632038690655,871.6500000000001,193.9451505063735,1091.35,0.28541689924520036,1.0,0.23076923076923078,0.24482500000000001
M00568,core,Singapore,Merchant Explorer,True,Merchant-specific voucher,lodging,Upscale Hotel,BreakFree Heritage on Little Bourke,BreakFree Heritage on Little Bourke voucher,0.16983361090905139,0.12513971697547457,0.15177996883000236,6256.799999999999,778.6443815875673,6536.63,0.2812474270330252,1.0,0.15384615384615385,0.24012857142857144
M00569,core,Japan,Immediate Value Seeker,True,Cashback / statement credit,retail,Premium Retail,Via dei Calzaiuoli shops,Cashback at Via dei Calzaiuoli shops,0.15135934256213843,0.1085063703781636,0.18165335108211914,1157.1200000000001,1148.8981865953126,1260.38,0.3742061919345109,1.0,0.08333333333333333,0.19456666666666667
M00570,gold,Hong Kong,Already Loyal,False,No incentive,dining,Fine Dining,Las Chicas,—,0.1510164788402986,0.12537374754830197,0.11779220503358029,8318.21,780.8344529958802,9776.39,0.41895528083419115,0.9705882352941176,0.2647058823529412,0.25488
M00572,platinum,Australia,Immediate Value Seeker,True,Cashback / statement credit,retail,Apparel,Forever 21,Cashback at Forever 21,0.16160475019234594,0.1240455831353201,0.13505155244049197,1551.53,72.8430317487302,1551.53,0.34728202908783956,1.0,0.0,0.04
M00573,gold,Singapore,Points Optimiser,True,2x / 3x points,lodging,Upscale Hotel,Majestic,3x points on lodging,0.13415881105218952,0.13415881105218952,0.11030270348207158,1380.08,1626.982185604315,1423.78,0.3016175622462792,1.0,0.07142857142857142,0.244075
M00575,core,Japan,Threshold Chaser,True,"Spend X, get Y back",dining,Fine Dining,Fine Grind,Spend & get-back at Fine Grind,0.13407912549799075,0.1255468866453222,0.1603758906432026,5861.17,2238.1487657090647,6047.59,0.3904744654783983,1.0,0.3888888888888889,0.30016
M00576,core,Singapore,Immediate Value Seeker,True,Cashback / statement credit,retail,Premium Retail,Merci,Cashback at Merci,0.1634514270879781,0.13236222572572107,0.14878852586744998,5930.34,316.8098952329876,5930.34,0.38328963965058316,1.0,0.2857142857142857,0.04
M00578,core,Singapore,Fee-Sensitive Traveller,False,No incentive (FX-offset out of scope),dining,Fine Dining,Le Consulat,—,0.14006717005047586,0.14006717005047586,0.1570059886697736,2961.88,3390.045292486526,4084.29,0.5084750660396379,1.0,0.35714285714285715,0.360725
M00579,gold,United States,Points Optimiser,True,2x / 3x points,lodging,Budget & Hostel,The Inn at the Roman Forum,3x points on lodging,0.12662826441178512,0.12662826441178512,0.11847257021078557,1476.25,742.850785281299,1480.49,0.40307371338938164,1.0,0.3333333333333333,0.19340000000000002
M00580,core,Singapore,Already Loyal,False,No incentive,lodging,Hotel,Hotel Ibis Sydney World Square,—,0.13025489243348692,0.13025489243348692,0.1329628772554443,13605.859999999999,414.2678121263524,13629.11,0.4507627448262306,1.0,0.06666666666666667,0.109
M00582,core,Australia,Merchant Explorer,True,Merchant-specific voucher,dining,Fine Dining,Ondergronds Bar,Ondergronds Bar voucher,0.16377331682275018,0.11730247820514203,0.1412856826276328,10183.39,1017.3976911438137,11341.43,0.36870740136992286,0.9285714285714286,0.39285714285714285,0.2367375
M00583,core,Singapore,Immediate Value Seeker,True,Cashback / statement credit,dining,Fine Dining,Roscioli,Cashback at Roscioli,0.24720756920835435,0.20956790966204242,0.2276187342059853,1492.81,780.1043694371015,1491.81,0.489925343425168,1.0,0.3333333333333333,0.0708
M00584,core,United States,Low Responsiveness,False,No incentive,dining,Fine Dining,Ondergronds Bar,—,0.11518401166264886,0.11518401166264886,0.16003710474443225,944.4699999999999,121.44355444702529,1185.63,0.3074861633059585,1.0,0.2727272727272727,0.17903333333333335
M00585,gold,Australia,Already Loyal,False,No incentive,dining,Fine Dining,Busan Fish Restaurant,—,0.14922106382764455,0.1205673393012798,0.10280445902041073,8059.01,868.6654484112496,8804.2,0.3716212651043953,1.0,0.25,0.27165
M00586,core,Japan,Low Responsiveness,False,No incentive,lodging,Hotel,New Oriental Hotel,—,0.1143486817936132,0.10423368898054178,0.14753693326661516,2919.1600000000003,137.1820026395538,2919.16,0.6086242720941896,1.0,0.25,0.04
M00587,gold,Hong Kong,Merchant Explorer,True,Merchant-specific voucher,dining,Cafe & Coffee,Met Cafe,Met Cafe voucher,0.15266575608705052,0.12392307763528605,0.10815120375385465,8263.73,1106.668337925761,8638.64,0.4120495430273431,1.0,0.17391304347826086,0.26658333333333334
M00588,platinum,Singapore,Already Loyal,False,No incentive,dining,Fine Dining,La Maison Rose,—,0.13285567425336572,0.13285567425336572,0.1065647845515794,4741.05,5906.316433372076,7243.99,0.3145091641895046,0.96,0.16,0.3103125
M00589,gold,Hong Kong,Category Loyalist,True,Category-specific reward,transport,Ride-hail & Taxi,Grab,Ride-hail & Taxi reward (transport),0.2539926224140846,0.2539926224140846,0.1783619933472977,22.18,48.70725447854602,22.18,1.0,1.0,0.0,0.316
M00590,core,Hong Kong,Merchant Explorer,True,Merchant-specific voucher,dining,Fine Dining,Armando al Pantheon,Armando al Pantheon voucher,0.15542055729279053,0.12927784706188883,0.15127358080129916,8395.73,3881.782290246909,8717.96,0.48543728948682013,1.0,0.16,0.22768571428571427
M00592,core,Singapore,Merchant Explorer,True,Merchant-specific voucher,retail,Apparel,THE CAP,THE CAP voucher,0.15886658160724765,0.12785292751004182,0.15099676780495536,2526.88,879.7245854391921,2604.9,0.33995336741389676,1.0,0.24,0.2887888888888889
M00594,core,Singapore,Merchant Explorer,True,Merchant-specific voucher,dining,Fine Dining,L'As du Fallafel,L'As du Fallafel voucher,0.16563110534359865,0.11916877834901313,0.15119933853429288,6240.76,735.2899622481382,6813.92,0.3144651154345483,0.9583333333333334,0.16666666666666666,0.34059999999999996
M00595,platinum,Singapore,Category Loyalist,True,Category-specific reward,retail,Premium Retail,Hang Ngang silk shops,Premium Retail reward (retail),0.2653056975796624,0.2653056975796624,0.2044534027933893,116.85,742.9463030675502,116.85,0.75440390847392,1.0,0.0,0.55825
M00596,platinum,Australia,Points Optimiser,True,2x / 3x points,dining,Fast Food,McDonald's,3x points on dining,0.1803567035507535,0.1594095328094853,0.12809856931525854,7838.6900000000005,12884.281693057363,7838.69,0.4746471301106349,1.0,0.1111111111111111,0.14226666666666668
M00597,core,Singapore,Merchant Explorer,True,Merchant-specific voucher,lodging,Hotel,Hotel 1888,Hotel 1888 voucher,0.15765500044685807,0.15282627260469908,0.13183749680274354,18180.28,4743.437141113458,18942.26,0.331298185947956,0.9666666666666667,0.03333333333333333,0.2738111111111111
M00601,core,Japan,Points Optimiser,True,2x / 3x points,transport,Premium Transport,RTC,3x points on transport,0.25021213226760236,0.25021213226760236,0.2161978726724293,129.49,396.9951840980988,137.6,0.31188372515548946,1.0,0.0,0.38655
M00602,core,Hong Kong,Immediate Value Seeker,True,Cashback / statement credit,dining,Fine Dining,Churrasco,Cashback at Churrasco,0.16135529183612624,0.11085319174222652,0.14445864215784665,7619.1,376.8726857157086,7619.1,0.3527343875032574,1.0,0.25,0.09000000000000001
M00603,centurion,Hong Kong,Low Responsiveness,False,No incentive,retail,Premium Retail,Westfield Sydney,—,0.1156819984686288,0.12322148927011607,0.07201376244327323,54212.490000000005,3313.5702874094914,60055.73,0.327597331315396,1.0,0.19047619047619047,0.2523
M00607,core,Singapore,Threshold Chaser,True,"Spend X, get Y back",lodging,Hotel,Terrass'' Hotel,Spend & get-back at Terrass'' Hotel,0.19300691966052322,0.19300691966052322,0.20336194476895,357.05999999999995,818.1309538511318,517.7,0.28720025712157776,1.0,0.5,0.3855
M00608,platinum,Hong Kong,Already Loyal,False,No incentive,dining,Fine Dining,Yung Kee,—,0.12092708607038355,0.12231736343836687,0.11037804627000122,12394.15,9.43600753089413e-12,12394.15,0.34880983306019686,1.0,0.0,0.14
M00609,platinum,Japan,Points Optimiser,True,2x / 3x points,lodging,Upscale Hotel,St. Regis Singapore,3x points on lodging,0.1743513335414628,0.135694662984783,0.11716169907006395,5643.64,331.03543346321436,6475.4,0.4457168007741638,1.0,0.21428571428571427,0.2649
M00610,core,United States,Merchant Explorer,True,Merchant-specific voucher,lodging,Hotel,Terrass'' Hotel,Terrass'' Hotel voucher,0.19089373994687653,0.1610695551001758,0.14157803007765474,11515.710000000001,11177.629169737858,14114.92,0.37507647234493474,0.90625,0.40625,0.29725999999999997
M00612,core,Singapore,Threshold Chaser,True,"Spend X, get Y back",retail,Premium Retail,Langham Place,Spend & get-back at Langham Place,0.16301411912960528,0.12830320533465198,0.1606674687440747,2498.97,949.7651041653037,2513.75,0.28995460341963064,1.0,0.3684210526315789,0.30204
M00613,core,Hong Kong,Fee-Sensitive Traveller,False,No incentive (FX-offset out of scope),lodging,Budget & Hostel,The Phoenix Yogyakarta,—,0.1426798723116161,0.1426798723116161,0.1118679551424393,44.75,96.42130413833796,44.75,1.0,1.0,1.0,0.8005
M00614,core,Hong Kong,Immediate Value Seeker,True,Cashback / statement credit,retail,Premium Retail,Landmark,Cashback at Landmark,0.14237005816885157,0.11075854028488914,0.15174817212970826,4451.68,44.057126105427315,4451.68,0.3288751033474388,1.0,0.2,0.228
M00615,core,Australia,Threshold Chaser,True,"Spend X, get Y back",dining,Fine Dining,Gran Caffè San Marco,Spend & get-back at Gran Caffè San Marco,0.16741602354119184,0.1411394999616244,0.15767180621683563,3404.6,5582.393767321271,3404.6,0.2973851076439463,1.0,0.7142857142857143,0.055400000000000005
M00616,core,Hong Kong,Fee-Sensitive Traveller,False,No incentive (FX-offset out of scope),dining,Fine Dining,Gion Duck Noodles,—,0.12357605480299128,0.12357605480299128,0.15846544645698624,1585.1599999999999,810.0658253374148,1721.06,0.45659325342500395,1.0,0.5714285714285714,0.45855
M00617,gold,Singapore,Points Optimiser,True,2x / 3x points,dining,Fine Dining,Lau Pa Sat nearby,3x points on dining,0.12954734751679126,0.12954734751679126,0.09820896954696999,3745.47,193.05214447229488,3745.47,0.46696417946824553,1.0,0.25,0.0896
M00618,core,Singapore,Category Loyalist,True,Category-specific reward,dining,Fine Dining,Caffè Gilli,Fine Dining reward (dining),0.21537885377781152,0.21537885377781152,0.21651939912759877,1114.07,1694.4971615154855,1113.07,0.5382712173467241,1.0,0.0,0.0708
M00619,core,Japan,Merchant Explorer,True,Merchant-specific voucher,lodging,Upscale Hotel,The Westin Melbourne,The Westin Melbourne voucher,0.16847334625236038,0.1194633235512962,0.1455958820325127,9918.310000000001,1076.8575881497643,11714.68,0.30779555188764574,1.0,0.25925925925925924,0.21662857142857142
M00620,core,United States,Immediate Value Seeker,True,Cashback / statement credit,lodging,Upscale Hotel,Grand InterContinental Seoul Parnas,Cashback at Grand InterContinental Seoul Parnas,0.16946849792650548,0.11034525390056553,0.17801637778330204,4235.75,272.9568440319476,4240.16,0.42026376414905503,1.0,0.0,0.31806666666666666
M00621,gold,Singapore,Fee-Sensitive Traveller,False,No incentive (FX-offset out of scope),retail,Premium Retail,Namba Parks,—,0.1379701919589193,0.11259032760475217,0.09005849988489648,5683.96,1012.2731916258974,6213.75,0.31344512838166855,0.88,0.12,0.44794285714285714
M00622,core,Australia,Threshold Chaser,True,"Spend X, get Y back",retail,Premium Retail,Place du Tertre,Spend & get-back at Place du Tertre,0.15495702248214158,0.11219501037451299,0.17376243222160892,1518.1499999999999,1673.0625191624392,1518.15,0.3214480741486229,1.0,0.5,0.04
M00625,gold,Singapore,Already Loyal,False,No incentive,retail,Premium Retail,Giant,—,0.1313843574406669,0.1313843574406669,0.08306211148541452,6304.95,47.30179918302776,8350.69,0.6050590497156801,1.0,0.125,0.25645
M00626,gold,Japan,Low Responsiveness,False,No incentive,dining,Fine Dining,Kukuru Takoyaki,—,0.11342393768062509,0.11507606158951034,0.07896260481499935,17457.91,3780.7359126195206,18463.21,0.5397558388607495,1.0,0.18181818181818182,0.39118333333333327
M00627,gold,United States,Points Optimiser,True,2x / 3x points,lodging,Upscale Hotel,The Sukhothai,3x points on lodging,0.20014101107952387,0.20014101107952387,0.16895784021305393,110.99000000000001,9.475215322271978,1418.94,0.33120745297149934,1.0,0.125,0.46499999999999997
M00628,core,Australia,Already Loyal,False,No incentive,retail,Convenience,Kmart,—,0.13950530262453836,0.12964606069130677,0.10921483153625428,11968.619999999999,1108.0328459022976,11968.62,0.4104393923045617,1.0,0.17647058823529413,0.11520000000000001
M00629,core,Hong Kong,Low Responsiveness,False,No incentive,lodging,Upscale Hotel,Hyatt Regency Kyoto,—,0.11104707695932052,0.11104707695932052,0.13326855369578378,1510.5099999999998,931.8552246638496,1623.73,0.6356050294501127,1.0,0.25,0.28685
M00630,core,Japan,Merchant Explorer,True,Merchant-specific voucher,dining,Fine Dining,Zuboraya,Zuboraya voucher,0.21198394618900296,0.11370718835735323,0.18165568797553466,9751.17,2043.9611507560858,10175.93,0.4587566727961928,1.0,0.19444444444444445,0.29736363636363633
M00631,core,United States,Immediate Value Seeker,True,Cashback / statement credit,lodging,Hotel,Langham Place Hotel Mongkok,Cashback at Langham Place Hotel Mongkok,0.16062834710446103,0.1156667751213578,0.15188185253997685,3847.97,270.17381481107793,4216.51,0.31410834438679913,1.0,0.26666666666666666,0.173225
M00632,core,Japan,Fee-Sensitive Traveller,False,No incentive (FX-offset out of scope),lodging,Hotel,Royal Plaza Hotel,—,0.12227446833124797,0.12227446833124797,0.16755415692865025,1707.22,261.2620524640861,2867.68,0.29292556976348383,1.0,0.45454545454545453,0.41883333333333334
M00633,platinum,Singapore,Low Responsiveness,False,No incentive,transport,Premium Transport,Gangnam-gu Office,—,0.11545706969257218,0.11545706969257218,0.1090870493731963,2250.15,8.872103444310937,2250.15,0.2997956281492538,1.0,0.5,0.04
M00635,core,Singapore,Already Loyal,False,No incentive,dining,Cafe & Coffee,Espresso Bar International,—,0.14890090560157704,0.11138057982807822,0.14544233705694004,6704.01,110.67463521856654,7049.85,0.4483852121670956,1.0,0.3333333333333333,0.43779999999999997
M00636,core,Japan,Points Optimiser,True,2x / 3x points,dining,Fine Dining,BarCa Phe Quynh Anh,3x points on dining,0.31199437561332627,0.31199437561332627,0.22284590188242048,94.69999999999999,366.4203259699743,186.35,0.34503544969381655,1.0,0.2857142857142857,0.39444999999999997
M00637,core,Singapore,Immediate Value Seeker,True,Cashback / statement credit,dining,Fine Dining,イタリアントマト,Cashback at イタリアントマト,0.17965451619691453,0.1315339766029272,0.17400057400483798,3909.9,6.049126288497291,3909.9,0.42895125782759846,1.0,0.0,0.1166
M00638,gold,Japan,Category Loyalist,True,Category-specific reward,dining,Fine Dining,Yat Lok,Fine Dining reward (dining),0.11677706694607458,0.11677706694607458,0.10009069826946485,4835.5599999999995,457.0728032786822,4835.5599999999995,0.5133650644467735,1.0,0.25,0.14
M00639,core,Australia,Immediate Value Seeker,True,Cashback / statement credit,retail,Premium Retail,Shibuya 109,Cashback at Shibuya 109,0.13196677106611776,0.10129605426164268,0.15842966008601556,2513.12,554.4779205810676,2513.12,0.40202734534551354,1.0,0.25,0.1166
M00640,core,Singapore,Immediate Value Seeker,True,Cashback / statement credit,retail,Premium Retail,BHV Marais,Cashback at BHV Marais,0.15719874633774256,0.15719874633774256,0.23655552229155657,1113.19,136.62924561793926,1112.19,0.335322800799762,1.0,0.3333333333333333,0.04
M00641,core,Hong Kong,Low Responsiveness,False,No incentive,lodging,Upscale Hotel,Marriott Singapore Orchard,—,0.11042161803706747,0.11042161803706747,0.165343629046353,1039.41,580.2737935852194,1039.41,0.3004570154958666,1.0,0.2857142857142857,0.27335
M00643,core,Hong Kong,Points Optimiser,True,2x / 3x points,lodging,Budget & Hostel,Swana Bangkok,3x points on lodging,0.2762543024229967,0.2762543024229967,0.24246128132691222,66.61,256.9601284738211,66.61,0.3958854216896553,1.0,0.0,0.4571
M00644,core,Singapore,Immediate Value Seeker,True,Cashback / statement credit,dining,Fine Dining,Yung Kee,Cashback at Yung Kee,0.15529401468689538,0.1189608389205272,0.14328743196469634,6324.42,1001.102555566257,6324.42,0.38723345359018024,1.0,0.25,0.0968
M00646,platinum,Singapore,Merchant Explorer,True,Merchant-specific voucher,dining,Fast Food,KFC,KFC voucher,0.1583153523458632,0.12591964536012148,0.11593510933563154,9468.1,2103.832316991222,9942.36,0.32437598269749784,1.0,0.1935483870967742,0.2708875
M00647,core,Hong Kong,Category Loyalist,True,Category-specific reward,dining,Fast Food,Pizza Mole,Fast Food reward (dining),0.12051496053334458,0.12051496053334458,0.15714568498347695,891.37,42.19530964803653,891.37,0.5001814211537245,1.0,0.25,0.04
M00648,core,Japan,Fee-Sensitive Traveller,False,No incentive (FX-offset out of scope),dining,Fine Dining,Kukuru Takoyaki,—,0.1189272034289314,0.1189272034289314,0.1624089819867484,2438.52,421.58645368528437,2504.4500000000003,0.32481797892175424,1.0,0.375,0.4110333333333333
M00649,gold,Japan,Already Loyal,False,No incentive,dining,Fine Dining,Uobei Shibuya,—,0.14580183768824415,0.12050205193597352,0.11455372414271915,16722.16,4433.972058978363,18314.16,0.3064671657486483,0.926829268292683,0.2926829268292683,0.2671
M00650,core,Japan,Merchant Explorer,True,Merchant-specific voucher,dining,Cafe & Coffee,Mido Cafe,Mido Cafe voucher,0.17585543715904287,0.13532317131814345,0.13835276729305998,6927.540000000001,1359.893942407552,8211.97,0.46752862825137714,0.9130434782608695,0.34782608695652173,0.21236666666666668
M00653,core,Australia,Immediate Value Seeker,True,Cashback / statement credit,retail,Premium Retail,Pavilion nearby,Cashback at Pavilion nearby,0.17286075783224095,0.14083617958067404,0.17166052414621685,1973.28,1666.567781119074,3544.42,0.41800144673330175,1.0,0.2,0.4373
M00656,core,Singapore,Merchant Explorer,True,Merchant-specific voucher,lodging,Hotel,The Sydney Boulvevard Hotel,The Sydney Boulvevard Hotel voucher,0.1657812638854712,0.11674638850860247,0.14910906368175447,5198.21,980.4786168873214,5588.88,0.3172299925096536,1.0,0.15,0.30932
M00658,core,Hong Kong,Points Optimiser,True,2x / 3x points,lodging,Mid-scale Hotel,Grand Hyatt Kuala Lumpur,3x points on lodging,0.20253913408824492,0.20253913408824492,0.15396401622142541,126.41999999999999,11.867753310834502,328.44,0.37189768230951525,1.0,0.25,0.4729
M00659,platinum,Singapore,Category Loyalist,True,Category-specific reward,retail,Local Shops,Threads of Life,Local Shops reward (retail),0.4,0.4,0.3974573550171339,21.72,158.5238825722941,21.72,0.5011908637980799,1.0,0.0,0.8005
M00660,core,Singapore,Low Responsiveness,False,No incentive,dining,Fine Dining,山頭火,—,0.10363345449389443,0.10363345449389443,0.14479288284010824,2977.82,491.6807068437321,3146.09,0.36562605538873194,1.0,0.16666666666666666,0.35355
M00662,core,Hong Kong,Already Loyal,False,No incentive,dining,Cafe & Coffee,Met Cafe,—,0.14933112168862395,0.1319944485748994,0.1294411901412333,12641.78,1653.6961380418402,14008.449999999999,0.30611299566373873,1.0,0.16666666666666666,0.2171
M00663,core,Singapore,Immediate Value Seeker,True,Cashback / statement credit,retail,Premium Retail,Via del Corso shops,Cashback at Via del Corso shops,0.1667562534347996,0.12609311627931685,0.1766085428999321,1146.02,603.5978710377584,1146.02,0.3899574588249168,1.0,0.16666666666666666,0.0802
M00665,gold,Singapore,Threshold Chaser,True,"Spend X, get Y back",dining,Fast Food,MOS Burger,Spend & get-back at MOS Burger,0.12109157008656679,0.12109157008656679,0.10581181549251616,2404.88,3.8657086170217383,2404.88,0.3101049747063487,1.0,0.5,0.1166
M00667,core,Singapore,Points Optimiser,True,2x / 3x points,retail,Premium Retail,Urban Artsan,3x points on retail,0.20884792898623938,0.20884792898623938,0.20045107578756152,157.14,389.01167422983315,222.01,0.3044719222104171,1.0,0.0,0.39444999999999997
M00668,centurion,Singapore,Already Loyal,False,No incentive,retail,Convenience,FamilyMart,—,0.13958927957233358,0.13958927957233358,0.08015830914633368,12628.050000000001,2104.961648453215,12943.76,0.29094338729144326,1.0,0.07142857142857142,0.36604000000000003
M00669,gold,Singapore,Threshold Chaser,True,"Spend X, get Y back",retail,Premium Retail,Langham Place,Spend & get-back at Langham Place,0.12690707513267804,0.1153508320112154,0.08815362069029484,6656.01,2033.4001262488816,6656.01,0.3351775388013968,1.0,0.375,0.10540000000000001
M00672,gold,Singapore,Threshold Chaser,True,"Spend X, get Y back",transport,Premium Transport,ATM Milano,Spend & get-back at ATM Milano,0.17481763538723438,0.1460543955964288,0.10478008351571286,10691.130000000001,1772.2429443339631,10737.92,0.4266975126234433,1.0,0.375,0.23357999999999998
M00673,gold,Hong Kong,Already Loyal,False,No incentive,retail,Premium Retail,BHV Marais,—,0.1361644998340132,0.13501042524014098,0.09570440197171982,20532.98,1617.8180267461014,20532.98,0.28626333586695485,1.0,0.2222222222222222,0.23734000000000002
M00674,core,Singapore,Immediate Value Seeker,True,Cashback / statement credit,dining,Fine Dining,Caffè Concerto Paszkowski,Cashback at Caffè Concerto Paszkowski,0.15594756605351412,0.15594756605351412,0.1784040480749085,607.3499999999999,1218.2379432499336,607.35,0.4727121387356574,1.0,0.3333333333333333,0.26395
M00676,gold,Singapore,Points Optimiser,True,2x / 3x points,lodging,Upscale Hotel,Amarin,3x points on lodging,0.2735957319083246,0.2735957319083246,0.23063873100968993,179.49,810.3500143144355,757.14,0.398360557802738,0.9166666666666666,0.0,0.6288
M00677,gold,Australia,Threshold Chaser,True,"Spend X, get Y back",dining,Fine Dining,Mak's Noodle,Spend & get-back at Mak's Noodle,0.15885048753288306,0.11720360835813558,0.1139649505138229,2775.08,6.821210263296962e-13,3096.33,0.29586126403497115,1.0,0.375,0.228
M00678,core,Hong Kong,Merchant Explorer,True,Merchant-specific voucher,retail,Apparel,Capitol Square Computer Centre,Capitol Square Computer Centre voucher,0.16642465400249531,0.14787173776777895,0.16467275776134876,12057.57,2849.5816265073313,13031.84,0.4054098026588571,0.9347826086956522,0.2608695652173913,0.31084999999999996
M00679,platinum,Singapore,Points Optimiser,True,2x / 3x points,dining,Fine Dining,Zuboraya,3x points on dining,0.1327844680810371,0.1327844680810371,0.11678995804021097,3691.51,1272.4086759017066,3954.63,0.3542021526528627,1.0,0.2631578947368421,0.32631666666666664
M00680,gold,Singapore,Points Optimiser,True,2x / 3x points,dining,Fine Dining,아리양,3x points on dining,0.13020672360937086,0.13020672360937086,0.1074886888760471,1048.04,4.858770500870946,1536.4099999999999,0.30795613455114734,1.0,0.125,0.178
M00681,platinum,Australia,Category Loyalist,True,Category-specific reward,dining,Fine Dining,Earnings Surprise Cheongdam terrace,Fine Dining reward (dining),0.13448966022623443,0.13448966022623443,0.11833976073371966,2706.2,1870.7725107383956,2706.2,0.5407069276936238,1.0,0.1,0.19456666666666667
M00682,core,Singapore,Already Loyal,False,No incentive,retail,Premium Retail,Chinatown Complex,—,0.1339439974856197,0.1339439974856197,0.11444089808091182,14924.33,2319.3705090232943,14934.86,0.49458551205026685,0.9473684210526315,0.15789473684210525,0.2510833333333333
M00683,gold,Japan,Already Loyal,False,No incentive,dining,Fine Dining,Ginza Kagari,—,0.1405486925939739,0.11062581947812745,0.10097044376831894,12351.96,2923.1496439796024,13748.630000000001,0.3863479171329141,1.0,0.4,0.19422499999999998
M00684,gold,Singapore,Points Optimiser,True,2x / 3x points,lodging,Budget & Hostel,The Small Inn,3x points on lodging,0.18729655983778337,0.18729655983778337,0.1249292636015929,247.94,478.7689000514803,293.82,0.2833027092848226,1.0,0.2857142857142857,0.46499999999999997
M00685,core,Australia,Fee-Sensitive Traveller,False,No incentive (FX-offset out of scope),dining,Fine Dining,L'As du Fallafel,—,0.14166571250183005,0.14166571250183005,0.16572704212914713,1522.1,161.7170207811932,2065.72,0.32380001876220865,1.0,0.2857142857142857,0.42025
M00686,core,Australia,Immediate Value Seeker,True,Cashback / statement credit,retail,Premium Retail,Kuromon Market,Cashback at Kuromon Market,0.16412273472220842,0.12133853929366423,0.1733334362423879,1595.56,267.09115274470867,1595.56,0.39758300018531273,1.0,0.25,0.1166
M00687,core,Australia,Fee-Sensitive Traveller,False,No incentive (FX-offset out of scope),retail,Premium Retail,Tokyu Hands Namba,—,0.14103432932033788,0.10564896724777632,0.14466490380592176,3682.23,211.26956262532863,4418.23,0.2946848168277615,0.95,0.3,0.41472
M00688,core,Singapore,Fee-Sensitive Traveller,False,No incentive (FX-offset out of scope),lodging,Upscale Hotel,Grand Hyatt Kuala Lumpur,—,0.14639351629564853,0.14639351629564853,0.15467260043149453,793.51,1414.7899097986065,1407.8600000000001,0.566716304824892,1.0,0.07142857142857142,0.429725
M00689,core,Hong Kong,Immediate Value Seeker,True,Cashback / statement credit,dining,Fine Dining,渋谷三丁目らあめん,Cashback at 渋谷三丁目らあめん,0.12674670046577066,0.12674670046577066,0.14466578037180133,2293.4,429.25385640376624,2299.69,0.3243522381514847,1.0,0.08333333333333333,0.18306666666666668
M00690,gold,Australia,Points Optimiser,True,2x / 3x points,dining,Fine Dining,Hemingway's,3x points on dining,0.2550153577962865,0.2550153577962865,0.18001150551803716,46.269999999999996,236.35109268681998,493.53999999999996,0.3832041934625938,1.0,0.0,0.38655
M00691,core,Australia,Points Optimiser,True,2x / 3x points,retail,General Retail,Lucky Boomerang,3x points on retail,0.30229223760374146,0.30229223760374146,0.2513488274761011,101.89,499.4428752401203,101.89,0.3326228885892918,1.0,0.25,0.8005
M00693,core,Japan,Immediate Value Seeker,True,Cashback / statement credit,retail,Premium Retail,Mitsukoshi Ginza,Cashback at Mitsukoshi Ginza,0.12533034193042514,0.12533034193042514,0.16516612183752666,1456.06,12.92833230470994,1456.06,0.30454416168587706,1.0,0.25,0.1166
M00694,gold,Hong Kong,Threshold Chaser,True,"Spend X, get Y back",retail,Premium Retail,"Web Marketing Team srl - SEO, SEM, SOCIAL e WEB 2.0","Spend & get-back at Web Marketing Team srl - SEO, SEM, SOCIAL e WEB 2.0",0.15410172058882968,0.13334339996827343,0.11378862710355372,2202.85,2768.798418508201,2303.95,0.32548200878399863,1.0,0.5,0.368425
M00695,gold,Singapore,Points Optimiser,True,2x / 3x points,retail,Premium Retail,레몬마트,3x points on retail,0.15354255776514483,0.12191167834474143,0.10202985069298456,2743.2999999999997,10.90944783671182,2743.3,0.33169849983115646,1.0,0.0,0.04
M00696,gold,Japan,Points Optimiser,True,2x / 3x points,dining,Fine Dining,Yat Lok,3x points on dining,0.15344256680340573,0.1208871612656184,0.10405979284969305,7687.72,4090.9481479732926,7687.72,0.38209367230295366,1.0,0.2222222222222222,0.07333333333333335
M00697,core,Hong Kong,Immediate Value Seeker,True,Cashback / statement credit,transport,Rail & Metro,Tokyo Metro,Cashback at Tokyo Metro,0.12060150759139471,0.12060150759139471,0.15498060302551675,617.72,44.62507020082424,683.79,0.2981259836043868,1.0,0.25,0.0783
M00698,core,Singapore,Immediate Value Seeker,True,Cashback / statement credit,dining,Fine Dining,Gion Duck Noodles,Cashback at Gion Duck Noodles,0.16983023120309926,0.16983023120309926,0.1866420126592921,235.37,199.9884187654437,235.37,0.28913246143454163,1.0,0.25,0.1166
M00699,gold,Singapore,Immediate Value Seeker,True,Cashback / statement credit,retail,Premium Retail,Chinatown Complex,Cashback at Chinatown Complex,0.15606571406747466,0.11409719622272597,0.144492452680112,1154.71,91.3981815027416,1154.71,0.4061448968419697,1.0,0.25,0.0896
M00700,core,Singapore,Immediate Value Seeker,True,Cashback / statement credit,dining,Fine Dining,Kyubey,Cashback at Kyubey,0.1702728468399528,0.1256246770102043,0.17304413956994363,3653.95,1084.330467773403,4492.099999999999,0.33558434735198067,1.0,0.2777777777777778,0.22092
M00701,gold,Singapore,Immediate Value Seeker,True,Cashback / statement credit,retail,Premium Retail,Kuromon Market,Cashback at Kuromon Market,0.11900201189441635,0.11900201189441635,0.11938901166937373,862.74,131.05126067204586,1130.72,0.32298844307949887,1.0,0.25,0.28685
M00702,core,Australia,Merchant Explorer,True,Merchant-specific voucher,dining,Fine Dining,돼지국수 pork soup,돼지국수 pork soup voucher,0.1261951705671749,0.1261951705671749,0.1606052368799521,3159.06,1916.071441885893,3306.73,0.3789700440249946,0.9565217391304348,0.30434782608695654,0.15551666666666666
M00703,platinum,Japan,Already Loyal,False,No incentive,lodging,Upscale Hotel,Four Seasons Hong Kong,—,0.1242873006223398,0.12015135329120515,0.09403540711879502,5523.47,144.72688252393246,7658.9,0.401226410381552,0.8888888888888888,0.0,0.46586666666666665
M00704,core,Singapore,Category Loyalist,True,Category-specific reward,retail,Premium Retail,Darlin's Massage,Premium Retail reward (retail),0.17637291927929125,0.17637291927929125,0.16147468209736635,524.75,786.201328555483,524.75,0.6667383976716151,1.0,0.3333333333333333,0.4571
M00706,gold,Singapore,Already Loyal,False,No incentive,retail,Premium Retail,RED EYE,—,0.14921122466635972,0.12380777551664468,0.10197829350265411,3864.76,187.1561929562743,7028.370000000001,0.47157006011847796,1.0,0.36363636363636365,0.3286
M00707,core,Hong Kong,Already Loyal,False,No incentive,dining,Fine Dining,Taco Senora,—,0.1406234537493692,0.13546801954596882,0.1499988721656121,7418.349999999999,5956.255942216106,9291.039999999999,0.30949676213313443,1.0,0.3103448275862069,0.3081875
M00710,core,Hong Kong,Merchant Explorer,True,Merchant-specific voucher,dining,Fine Dining,봉피앙,봉피앙 voucher,0.15569529198333987,0.15061681299200014,0.12717431187484493,12963.509999999998,5807.534013301132,13134.92,0.3378218987782457,0.9565217391304348,0.21739130434782608,0.193775
M00711,core,Hong Kong,Already Loyal,False,No incentive,retail,Premium Retail,Pitt Street Mall,—,0.13427722030281325,0.12360453080174942,0.1317696100271767,9438.89,1408.9006159334313,9996.43,0.36190553366153594,1.0,0.42105263157894735,0.35705000000000003
M00712,core,Australia,Merchant Explorer,True,Merchant-specific voucher,transport,Rail & Metro,Hôtel de Ville Metro,Hôtel de Ville Metro voucher,0.1593680141584375,0.12251501164261945,0.14807020156778558,8985.67,2691.7745174444367,9152.39,0.31567380483546925,0.9583333333333334,0.16666666666666666,0.2268
M00713,core,United States,Merchant Explorer,True,Merchant-specific voucher,dining,Cafe & Coffee,t cafe,t cafe voucher,0.18379289802013382,0.13212135953653792,0.154025551208228,12976.97,3284.391619302853,12976.97,0.3107786440077044,0.9393939393939394,0.18181818181818182,0.15065555555555557
M00715,gold,Hong Kong,Low Responsiveness,False,No incentive,dining,Fine Dining,Thongsmith,—,0.1116782031894279,0.1116782031894279,0.1500632218841168,70.89,7.34085205541205,1632.59,0.3128903746511905,1.0,0.25,0.4571
M00716,platinum,Singapore,Points Optimiser,True,2x / 3x points,dining,Fine Dining,Zuboraya,3x points on dining,0.13933442126771228,0.13933442126771228,0.1162141871018024,1699.04,194.09457083493191,1699.04,0.4258044091938634,1.0,0.25,0.1166
M00717,core,Australia,Threshold Chaser,True,"Spend X, get Y back",retail,Premium Retail,Via dei Calzaiuoli shops,Spend & get-back at Via dei Calzaiuoli shops,0.14493657932973814,0.11065217963258463,0.16081362203628552,1929.84,2212.0953806377483,1929.84,0.36642014671595374,1.0,0.75,0.0708
M00718,core,Hong Kong,Merchant Explorer,True,Merchant-specific voucher,lodging,Hotel,Best Western Melbourne City Hotel,Best Western Melbourne City Hotel voucher,0.1552087318573772,0.1172519848540837,0.15000538726206775,8339.380000000001,1096.6028374184782,8779.85,0.31595741094654184,0.972972972972973,0.24324324324324326,0.3181083333333333
M00719,core,Hong Kong,Immediate Value Seeker,True,Cashback / statement credit,lodging,Upscale Hotel,Marriott Singapore Orchard,Cashback at Marriott Singapore Orchard,0.12527147591445145,0.12527147591445145,0.14988375563329426,1995.5700000000002,408.51033049698077,1995.57,0.43525226395879874,1.0,0.16666666666666666,0.2028
M00721,core,Singapore,Already Loyal,False,No incentive,dining,Fine Dining,Yung Kee,—,0.1468712040093497,0.10994433669674415,0.13768780896367513,6961.63,777.6228149772223,6972.5,0.3582206293993421,1.0,0.16666666666666666,0.11520000000000001
M00722,platinum,United States,Already Loyal,False,No incentive,retail,Premium Retail,Giant,—,0.1398745113934957,0.13684098075714352,0.09472231905320203,10058.19,3540.1649970879407,10058.19,0.26640652685769534,1.0,0.23076923076923078,0.0477
M00724,platinum,Singapore,Points Optimiser,True,2x / 3x points,lodging,Upscale Hotel,LOOKHOME Myeongdong,3x points on lodging,0.154745506130481,0.154745506130481,0.10779635239874802,1422.45,255.8218520986308,1427.87,0.410815463990836,1.0,0.14285714285714285,0.24855
M00725,core,Australia,Low Responsiveness,False,No incentive,lodging,Upscale Hotel,The Hoxton Paris,—,0.11281375402193387,0.11281375402193387,0.15393804210036408,2025.71,217.57371048448096,2025.71,0.3763411350349376,1.0,0.25,0.04
M00726,gold,Australia,Points Optimiser,True,2x / 3x points,lodging,Hotel,Shibuya Excel Hotel Tokyu,3x points on lodging,0.12196803350943322,0.12196803350943322,0.11264380570347975,5332.599999999999,872.6339030946657,5332.6,0.42660676053501934,1.0,0.18181818181818182,0.20456666666666667
M00727,gold,Singapore,Category Loyalist,True,Category-specific reward,dining,Fine Dining,Myeongdong Kyoja,Fine Dining reward (dining),0.14722215098818395,0.11273518833325775,0.11823660822600968,5681.94,248.82085160489459,5681.94,0.5957065669817805,1.0,0.25,0.04
M00728,gold,Australia,Immediate Value Seeker,True,Cashback / statement credit,lodging,Upscale Hotel,The Sukhothai,Cashback at The Sukhothai,0.28111011198052976,0.24212164610619785,0.2903654204096067,704.48,2361.528940475329,2823.43,0.4049859156914851,1.0,0.16666666666666666,0.57972
M00730,core,Singapore,Points Optimiser,True,2x / 3x points,dining,Fine Dining,I Dolci di Patrizio Cosi,3x points on dining,0.1522167086323398,0.1522167086323398,0.1510743015129313,283.73,415.68920791339457,283.73,0.32328854721118344,1.0,0.25,0.0708
M00731,platinum,Hong Kong,Fee-Sensitive Traveller,False,No incentive (FX-offset out of scope),dining,Fine Dining,Din Tai Fung ION,—,0.13551205566710703,0.13551205566710703,0.12294253819616113,2828.3,726.6350174041187,3386.8100000000004,0.47159197503392175,1.0,0.125,0.39584
M00733,core,Australia,Immediate Value Seeker,True,Cashback / statement credit,lodging,Upscale Hotel,Hôtel Caron de Beaumarchais,Cashback at Hôtel Caron de Beaumarchais,0.1723692664919195,0.1282172161822422,0.16665921528177988,4671.6,1274.8497107196915,4674.76,0.36410493822569395,1.0,0.16666666666666666,0.1417
M00734,gold,United States,Points Optimiser,True,2x / 3x points,dining,Fine Dining,Chin Chin,3x points on dining,0.1317453373529519,0.1317453373529519,0.11451434957554947,1567.0800000000002,22.819840048379433,1567.0800000000002,0.4808652250501786,1.0,0.25,0.04
M00735,core,Singapore,Points Optimiser,True,2x / 3x points,retail,Premium Retail,Times Square,3x points on retail,0.1889225958903582,0.1889225958903582,0.1589914804391192,33.45,7.301565065296998,364.88,0.4447576698620339,1.0,0.0,0.4571
M00736,platinum,Singapore,Points Optimiser,True,2x / 3x points,dining,Fine Dining,Bar Tonarelli,3x points on dining,0.1303398114995782,0.1303398114995782,0.11537163853010757,3702.02,3871.051359255822,4544.42,0.2977274071305221,1.0,0.15789473684210525,0.31183333333333335
M00737,core,Singapore,Immediate Value Seeker,True,Cashback / statement credit,dining,Fine Dining,Changumi,Cashback at Changumi,0.16141373305310042,0.11049382910765648,0.17456814087583272,3297.37,148.26326822523924,3656.14,0.34915020070415703,1.0,0.3125,0.35596
M00738,gold,Singapore,Immediate Value Seeker,True,Cashback / statement credit,lodging,Mid-scale Hotel,Dusankyubekseuradena Condominium,Cashback at Dusankyubekseuradena Condominium,0.13164871066799236,0.13164871066799236,0.1383392232829213,399.95,1.8307626784108209,399.95,0.26945586288047224,1.0,0.0,0.04
M00739,platinum,Japan,Points Optimiser,True,2x / 3x points,lodging,Upscale Hotel,Regency Hyde Park,3x points on lodging,0.15477599081233348,0.12929244622888814,0.10529426835585884,6767.09,56.509661786876414,8200.61,0.34721676429492315,1.0,0.18181818181818182,0.3233333333333333
M00740,gold,United States,Low Responsiveness,False,No incentive,retail,Apparel,Uniqlo Ginza,—,0.11322952617430765,0.11322952617430765,0.0898287136124261,21055.55,1925.448673202174,21068.61,0.43012985976892654,0.8947368421052632,0.2894736842105263,0.15875
M00741,core,Japan,Immediate Value Seeker,True,Cashback / statement credit,retail,Convenience,City Convenience Store,Cashback at City Convenience Store,0.15324730369844947,0.11059415664289343,0.15762826578054132,2609.3,51.74270773032208,2609.3,0.2593614784508646,1.0,0.25,0.04
M00743,platinum,Japan,Already Loyal,False,No incentive,dining,Fine Dining,Gwangjang Market stalls,—,0.11950242767006058,0.11950242767006058,0.11304460983435137,8647.63,361.4555018671787,8647.63,0.6317383789764459,1.0,0.75,0.04
M00744,gold,Australia,Merchant Explorer,True,Merchant-specific voucher,lodging,Upscale Hotel,Hôtel Caron de Beaumarchais,Hôtel Caron de Beaumarchais voucher,0.15307814386792584,0.12095926674794989,0.08815792011395121,17842.239999999998,1388.9830876338508,24533.3,0.5599440723850178,1.0,0.3,0.28368
M00746,core,Hong Kong,Immediate Value Seeker,True,Cashback / statement credit,lodging,Upscale Hotel,JW Marriott Bangkok,Cashback at JW Marriott Bangkok,0.18307345657484755,0.18307345657484755,0.22411834024192906,73.97,18.390073574650025,367.44,0.46888141335447886,1.0,0.25,0.4571
M00747,core,Japan,Merchant Explorer,True,Merchant-specific voucher,retail,Premium Retail,IFC Mall,IFC Mall voucher,0.16488156553876193,0.16488156553876193,0.13902055931038254,7049.91,2495.2890962895244,7073.759999999999,0.5611182193749807,0.96,0.04,0.39565
M00748,core,Australia,Fee-Sensitive Traveller,False,No incentive (FX-offset out of scope),lodging,Upscale Hotel,Swissotel Nankai Osaka,—,0.14661484581566167,0.13626017050957168,0.15302688467916872,2363.05,889.4354193441756,2495.81,0.5205804469602291,1.0,0.36363636363636365,0.36519999999999997
M00749,platinum,Singapore,Points Optimiser,True,2x / 3x points,lodging,Upscale Hotel,Best Western,3x points on lodging,0.14088519805607605,0.14088519805607605,0.11668404550136613,722.25,295.5579587103809,722.25,0.28756587358669766,1.0,0.0,0.04
M00750,core,Australia,Fee-Sensitive Traveller,False,No incentive (FX-offset out of scope),retail,Premium Retail,Mitsukoshi Ginza,—,0.14321843170627807,0.10925901544920551,0.14735992767930156,4309.85,118.5718804903514,5513.68,0.28746924553544767,1.0,0.125,0.3727
M00751,platinum,Australia,Already Loyal,False,No incentive,dining,Fine Dining,Kukuru Takoyaki,—,0.15047647148702903,0.13548817352584883,0.09552092371824852,8054.459999999999,3483.0746090390885,8054.46,0.33722207442054775,0.9444444444444444,0.2777777777777778,0.3553
M00752,platinum,Singapore,Merchant Explorer,True,Merchant-specific voucher,retail,Premium Retail,CU,CU voucher,0.15373853044932345,0.15256742818346036,0.09686270393356458,10977.25,3335.7836794398872,12167.98,0.34015992647223975,1.0,0.2857142857142857,0.347825
M00753,core,Hong Kong,Threshold Chaser,True,"Spend X, get Y back",lodging,Upscale Hotel,Four Seasons Hong Kong,Spend & get-back at Four Seasons Hong Kong,0.15832487677636736,0.11767762817131025,0.15882085099230459,4169.74,104.06484253476756,4361.2300000000005,0.3821410129361225,1.0,0.5833333333333334,0.343275
M00755,gold,Australia,Points Optimiser,True,2x / 3x points,transport,Rail & Metro,Chinatown MRT,3x points on transport,0.15676797177364707,0.12797623586167423,0.10793879319112709,4250.740000000001,622.2707899364136,4268.78,0.31672928825851265,1.0,0.0,0.164375
M00756,core,Singapore,Immediate Value Seeker,True,Cashback / statement credit,retail,Premium Retail,Hosier Lane shops,Cashback at Hosier Lane shops,0.14602383773523162,0.10820433338399853,0.14935898531510072,3961.52,451.19567050993635,4016.31,0.3240891288649741,1.0,0.16666666666666666,0.06553333333333333
M00759,gold,Singapore,Threshold Chaser,True,"Spend X, get Y back",dining,Fine Dining,Gion Duck Noodles,Spend & get-back at Gion Duck Noodles,0.16282534570965637,0.16282534570965637,0.14334168974561923,224.82,149.77174111927414,224.82,0.2817972671290073,1.0,0.5,0.1166
M00760,gold,Singapore,Category Loyalist,True,Category-specific reward,lodging,Hotel,BP Chiang Mai City Hotel,Hotel reward (lodging),0.2229828357310936,0.2229828357310936,0.14860902915904828,710.4200000000001,885.0781481286598,710.4200000000001,0.676725527714517,1.0,0.25,0.4571
M00765,core,Australia,Merchant Explorer,True,Merchant-specific voucher,dining,Fine Dining,Din Tai Fung ION,Din Tai Fung ION voucher,0.16876174187301005,0.119420471357401,0.1555316005258968,5808.69,350.3664870844984,5854.83,0.338857206356803,0.8888888888888888,0.14814814814814814,0.15825714285714287
M00766,core,Hong Kong,Threshold Chaser,True,"Spend X, get Y back",dining,Fine Dining,Earnings Surprise Cheongdam terrace,Spend & get-back at Earnings Surprise Cheongdam terrace,0.13402734524042947,0.13402734524042947,0.16068500182042994,4056.34,1164.6715546709167,4056.34,0.4439899905855451,1.0,0.4,0.0783
M00767,core,Hong Kong,Immediate Value Seeker,True,Cashback / statement credit,retail,Premium Retail,Shinsegae Myeongdong,Cashback at Shinsegae Myeongdong,0.15459756390765328,0.1055994104739906,0.1751332555962454,1203.1599999999999,102.19165910635847,1210.44,0.43582440871115274,1.0,0.14285714285714285,0.42025
M00769,platinum,Hong Kong,Already Loyal,False,No incentive,dining,Fine Dining,The Rooftop,—,0.1354749745965641,0.1354749745965641,0.0843308952270767,16468.8,1613.1706780889076,17230.89,0.3600446826784044,1.0,0.07407407407407407,0.37929999999999997
M00770,gold,Hong Kong,Low Responsiveness,False,No incentive,transport,Premium Transport,Hong Kong Tramways,—,0.10740944105654365,0.10740944105654365,0.1098576809329772,1449.22,475.88675333429455,1449.22,0.34047717470766975,1.0,0.5,0.29855
M00771,gold,United States,Already Loyal,False,No incentive,dining,Fine Dining,Breizh Café,—,0.15012448245824092,0.12382770753420365,0.10332364993241397,10122.26,2539.4643474748805,10122.26,0.29727444324380575,1.0,0.4117647058823529,0.13334
M00772,core,Singapore,Immediate Value Seeker,True,Cashback / statement credit,lodging,Hotel,Hill House Hotel,Cashback at Hill House Hotel,0.1606303524660736,0.11042178041177528,0.17235486475626582,2691.49,896.441754291435,2691.49,0.28708499354864103,0.8333333333333334,0.08333333333333333,0.04
M00773,core,Hong Kong,Merchant Explorer,True,Merchant-specific voucher,dining,Fine Dining,Kikunoi,Kikunoi voucher,0.15505489231662845,0.11782048855296243,0.1465967579890516,5520.59,1921.3091237793105,5561.43,0.2839725384131167,1.0,0.2916666666666667,0.10571428571428572
M00774,core,Singapore,Immediate Value Seeker,True,Cashback / statement credit,dining,Fine Dining,L'As du Fallafel,Cashback at L'As du Fallafel,0.12186362352150668,0.12186362352150668,0.1672834035259836,3265.1800000000003,403.8133709317477,3273.04,0.4354794131594594,1.0,0.2222222222222222,0.3100333333333333
M00775,core,United States,Immediate Value Seeker,True,Cashback / statement credit,dining,Fine Dining,L'As du Fallafel,Cashback at L'As du Fallafel,0.12072124377461738,0.12072124377461738,0.16412022894994593,701.05,81.66658128577915,1015.78,0.2974404000173488,1.0,0.25,0.24855
M00776,gold,Australia,Already Loyal,False,No incentive,retail,Premium Retail,Liquorland Express,—,0.13626235195524322,0.1250033825659721,0.08784081386873326,7427.31,1612.117029080603,7427.3099999999995,0.35602104736773277,1.0,0.2727272727272727,0.18930000000000002
M00777,core,Japan,Merchant Explorer,True,Merchant-specific voucher,retail,Premium Retail,Kyoto Craft Center,Kyoto Craft Center voucher,0.14913566403494505,0.127214735120804,0.1520329738893605,3191.17,1680.2306928090538,3541.5,0.42282973658834655,1.0,0.20833333333333334,0.2997
M00779,core,Singapore,Low Responsiveness,False,No incentive,retail,Premium Retail,Wako,—,0.11006710023428519,0.08621489568426448,0.13872539124360964,4879.8099999999995,35.2057030638868,4879.8099999999995,0.5337238441921375,1.0,0.0,0.1166
M00780,core,Singapore,Low Responsiveness,False,No incentive,transport,Premium Transport,Changi Airport,—,0.114915781252174,0.114915781252174,0.1612348414644368,1034.6100000000001,66.61206228568014,1045.6200000000001,0.37525283919670127,1.0,0.25,0.2028
M00781,gold,United States,Category Loyalist,True,Category-specific reward,retail,Premium Retail,Place du Tertre,Premium Retail reward (retail),0.20681375626295845,0.20681375626295845,0.16786818275990462,388.2,1430.5717899430215,388.2,0.5742276563571257,1.0,0.3333333333333333,0.178
M00782,gold,Singapore,Category Loyalist,True,Category-specific reward,retail,Premium Retail,Chinatown Complex,Premium Retail reward (retail),0.15345087308514824,0.1169210670803522,0.1300536666058875,2300.4500000000003,126.37376781518626,3219.44,0.6580280871046377,1.0,0.25,0.2028
M00783,core,Hong Kong,Category Loyalist,True,Category-specific reward,dining,Fast Food,McDonald's,Fast Food reward (dining),0.19839369040280713,0.19839369040280713,0.1761295493880924,718.19,1010.808754455548,774.27,0.5485282502467425,1.0,0.0,0.44806666666666667
M00784,platinum,Singapore,Points Optimiser,True,2x / 3x points,transport,Premium Transport,BTS Skytrain,3x points on transport,0.17934376924645345,0.17934376924645345,0.13783609520095733,334.65,1536.8424624652012,1988.0,0.29978711307077877,1.0,0.3333333333333333,0.4724
M00785,core,Singapore,Low Responsiveness,False,No incentive,lodging,Hotel,Grand Hotel Melbourne,—,0.11340178779082913,0.10525837238413026,0.15233835023796977,2109.55,502.7583256342348,2109.55,0.4659398268858383,1.0,0.16666666666666666,0.178
M00786,core,Japan,Category Loyalist,True,Category-specific reward,dining,Casual Dining,Pho Gia Truyen Bat Dan,Casual Dining reward (dining),0.4,0.4,0.2435694248759314,18.72,199.90039865184949,20.23,0.8618595005679861,1.0,0.0,0.316
M00788,core,Hong Kong,Already Loyal,False,No incentive,dining,Fine Dining,Caffé Pascucci,—,0.14146604950025018,0.1141397113226944,0.1334184874250091,11082.63,3147.279534803927,11160.01,0.47901883689546415,0.9259259259259259,0.18518518518518517,0.1757625
M00789,core,United States,Category Loyalist,True,Category-specific reward,dining,Casual Dining,Zoe in Yellow Garden,Casual Dining reward (dining),0.4,0.4,0.1813793709558624,26.15,84.01697540665856,32.05,0.699601587807662,1.0,0.0,0.4571
M00791,core,Japan,Merchant Explorer,True,Merchant-specific voucher,retail,Premium Retail,My Mac Australia,My Mac Australia voucher,0.15336063314361711,0.1187894878618087,0.13202548223770877,4485.34,141.72323664208847,4949.78,0.26468322928120425,1.0,0.1,0.21000000000000002
M00793,core,Japan,Threshold Chaser,True,"Spend X, get Y back",retail,Premium Retail,Campo de' Fiori market,Spend & get-back at Campo de' Fiori market,0.18954956564247757,0.1459861337579918,0.18298421979517318,1275.44,1122.6912552413824,1477.93,0.3639294487843758,1.0,0.35714285714285715,0.24614000000000003
M00794,gold,United States,Merchant Explorer,True,Merchant-specific voucher,lodging,Upscale Hotel,Mandarin Oriental Kuala Lumpur,Mandarin Oriental Kuala Lumpur voucher,0.17145740235704207,0.13391461984476036,0.1361913086089325,2163.03,2981.00900906951,3667.3199999999997,0.40570015176626567,0.9090909090909091,0.13636363636363635,0.31585
M00797,core,Hong Kong,Points Optimiser,True,2x / 3x points,transport,Local Transit,RTC,3x points on transport,0.4,0.4,0.4,10.59,34.101460639194784,31.13,0.37822086152296064,1.0,0.0,0.38655
M00799,core,United States,Merchant Explorer,True,Merchant-specific voucher,dining,Cafe & Coffee,t cafe,t cafe voucher,0.16647003205685557,0.13079098410761128,0.14917227666833557,8957.740000000002,1139.7875487656233,9650.52,0.35921777225380735,0.9473684210526315,0.23684210526315788,0.37523636363636365
M00803,core,Singapore,Immediate Value Seeker,True,Cashback / statement credit,dining,Fine Dining,Breizh Café,Cashback at Breizh Café,0.1530705396835297,0.12060444208351867,0.16671297848581437,4043.12,729.8325462186233,4297.21,0.4037566784619066,1.0,0.0,0.40735
M00804,core,Singapore,Immediate Value Seeker,True,Cashback / statement credit,transport,Premium Transport,Citybus,Cashback at Citybus,0.21474074554937694,0.169583481731218,0.18355437743717867,2715.7200000000003,1180.6393487526402,2770.2200000000003,0.3366244152628154,1.0,0.25,0.09000000000000001
M00806,core,Australia,Merchant Explorer,True,Merchant-specific voucher,dining,Fine Dining,Madang,Madang voucher,0.1693930294459155,0.14426203605706664,0.13256872707641904,13624.97,2964.958434284584,15356.82,0.32531915406831463,1.0,0.36,0.2162
M00808,core,Singapore,Fee-Sensitive Traveller,False,No incentive (FX-offset out of scope),lodging,Hotel,Four Seasons Hotel Firenze,—,0.1203815471805419,0.1203815471805419,0.15574999472043422,1066.97,1261.0884546418372,1227.56,0.37145681278855264,1.0,0.2857142857142857,0.450325
M00809,core,Hong Kong,Category Loyalist,True,Category-specific reward,retail,Premium Retail,Place du Tertre,Premium Retail reward (retail),0.23771059555100021,0.2040701708740007,0.2233714205883498,1425.06,1360.4015317420854,1424.06,0.7090465324453826,1.0,0.3333333333333333,0.04
M00810,core,Japan,Threshold Chaser,True,"Spend X, get Y back",transport,Premium Transport,Star Ferry,Spend & get-back at Star Ferry,0.1311349636713099,0.1311349636713099,0.14784609297747556,500.05,344.343960981082,500.05,0.349508499205074,1.0,0.6,0.29855
M00811,core,Singapore,Threshold Chaser,True,"Spend X, get Y back",dining,Fine Dining,Lau Pa Sat nearby,Spend & get-back at Lau Pa Sat nearby,0.1236380299895778,0.1236380299895778,0.15542862970284066,731.4100000000001,138.07166727509156,808.26,0.40272572623793734,1.0,0.375,0.0648
M00812,gold,Japan,Low Responsiveness,False,No incentive,dining,Fine Dining,Vault +82,—,0.1061325482439059,0.1061325482439059,0.1104439535088131,3660.44,16.01268234244749,3660.44,0.3231238488272955,1.0,0.125,0.04
M00813,gold,United States,Points Optimiser,True,2x / 3x points,dining,Fine Dining,Roscioli,3x points on dining,0.16188241373381815,0.12493792323837685,0.11184433917349905,9227.720000000001,4469.614042451979,9227.72,0.33413713247656673,1.0,0.14285714285714285,0.06684999999999999
M00814,core,Singapore,Already Loyal,False,No incentive,retail,Convenience,Kmart,—,0.1477161444896526,0.12452026901068686,0.11052641648235745,16036.600000000002,3224.9525072862953,16036.6,0.4282112389565889,1.0,0.42105263157894735,0.07532
M00816,core,Hong Kong,Threshold Chaser,True,"Spend X, get Y back",dining,Fine Dining,Breizh Café,Spend & get-back at Breizh Café,0.16582862799893783,0.11780766005711937,0.16245823393930484,4660.17,767.7063611644415,4881.54,0.3036497213489551,1.0,0.4444444444444444,0.213275
M00817,core,Australia,Immediate Value Seeker,True,Cashback / statement credit,dining,Fine Dining,Flower Drum,Cashback at Flower Drum,0.17814989616714663,0.13100180341989065,0.18061180418815384,1196.1100000000001,24.531506632813063,1196.1100000000001,0.4092412875559268,1.0,0.25,0.04
M00818,core,Singapore,Fee-Sensitive Traveller,False,No incentive (FX-offset out of scope),lodging,Upscale Hotel,Hôtel Caron de Beaumarchais,—,0.12233176179781852,0.12233176179781852,0.14654011594158256,1509.71,216.09069725805162,1658.1499999999999,0.5052677665274643,1.0,0.3333333333333333,0.524525
M00819,core,Hong Kong,Low Responsiveness,False,No incentive,transport,Premium Transport,Star Ferry,—,0.10865262539631002,0.10865262539631002,0.16649327234769828,1337.99,554.2870725347029,1345.8,0.2913000464162091,1.0,0.2857142857142857,0.228
M00820,core,Japan,Low Responsiveness,False,No incentive,dining,Fine Dining,酔香楼,—,0.11570130027109762,0.11570130027109762,0.1677321948202523,1684.0,9.769481892450102,1957.53,0.35143127202238184,1.0,0.5,0.29475
M00821,core,Australia,Immediate Value Seeker,True,Cashback / statement credit,dining,Fine Dining,Armando al Pantheon,Cashback at Armando al Pantheon,0.18316698436750398,0.13750936407578868,0.17586802475599078,3536.35,1013.7792476801742,3905.67,0.4085634502749922,1.0,0.1875,0.19422499999999998
M00822,core,Japan,Immediate Value Seeker,True,Cashback / statement credit,lodging,Hotel,Royal Plaza Hotel,Cashback at Royal Plaza Hotel,0.1260141786638574,0.1260141786638574,0.1608712012878504,595.14,98.18688756512032,595.14,0.2836768219233158,1.0,0.25,0.14
M00823,core,Singapore,Points Optimiser,True,2x / 3x points,retail,General Retail,Kyoto Craft Center,3x points on retail,0.26856652663213365,0.26856652663213365,0.1907937522015428,76.32000000000001,277.72649198307965,107.32000000000001,0.3276280619446665,1.0,0.0,0.2163
M00824,core,Australia,Merchant Explorer,True,Merchant-specific voucher,dining,Fine Dining,Jumbo Seafood,Jumbo Seafood voucher,0.1762077407599419,0.12562203862903812,0.1677047845770175,10583.17,1916.3405062102076,11313.47,0.3627310066282397,0.8604651162790697,0.18604651162790697,0.34381666666666666
M00827,platinum,Australia,Points Optimiser,True,2x / 3x points,retail,General Retail,Abbesses shops,3x points on retail,0.28833985679865715,0.28833985679865715,0.23507011167129965,136.2,1211.6581912586219,135.2,0.4044614596827843,1.0,0.2,0.27103333333333335
M00829,core,Singapore,Category Loyalist,True,Category-specific reward,lodging,Budget & Hostel,Frangipani Serviced Residences,Budget & Hostel reward (lodging),0.1777204251018435,0.1777204251018435,0.1426669069966639,32.7,75.13698282371116,32.7,1.0,1.0,0.0,0.4571
M00831,core,Australia,Merchant Explorer,True,Merchant-specific voucher,dining,Fine Dining,Breizh Café,Breizh Café voucher,0.16054336048998105,0.12881686239000872,0.15622944578572004,4375.49,479.795589613631,4610.88,0.374187416886031,1.0,0.16216216216216217,0.33359090909090905
M00832,centurion,Hong Kong,Fee-Sensitive Traveller,False,No incentive (FX-offset out of scope),retail,Premium Retail,Frisbee,—,0.1486373951661866,0.11791608994631192,0.10274287221273384,3130.8,183.62946308179147,4395.97,0.2794285132087756,1.0,0.2,0.43779999999999997
M00833,gold,Australia,Points Optimiser,True,2x / 3x points,retail,Premium Retail,"Web Marketing Team srl - SEO, SEM, SOCIAL e WEB 2.0",3x points on retail,0.15544997099219002,0.12269853459722857,0.110234180085959,2680.76,2623.994758360106,3226.08,0.2831265833525888,1.0,0.23076923076923078,0.2852
M00834,gold,Australia,Merchant Explorer,True,Merchant-specific voucher,lodging,Hotel,Terrass'' Hotel,Terrass'' Hotel voucher,0.165102875620679,0.12861272376698243,0.11219646691501012,9574.79,4326.301888132737,9748.97,0.33760770832403586,0.9565217391304348,0.17391304347826086,0.1738714285714286
M00835,centurion,United States,Merchant Explorer,True,Merchant-specific voucher,dining,Fine Dining,Hopscotch,Hopscotch voucher,0.15349959468799632,0.12478382094676023,0.0957715164302977,11007.93,4854.263837275799,13753.12,0.28153639785930984,1.0,0.26666666666666666,0.29203636363636365
M00836,core,Hong Kong,Immediate Value Seeker,True,Cashback / statement credit,dining,Fine Dining,Yat Lok,Cashback at Yat Lok,0.18129138074910092,0.13327759152834334,0.1671700108318382,6347.04,2032.6895409824187,6975.28,0.3824068598794901,1.0,0.23529411764705882,0.24292000000000002
M00837,gold,Singapore,Threshold Chaser,True,"Spend X, get Y back",retail,Premium Retail,Takashimaya,Spend & get-back at Takashimaya,0.14863516480385386,0.1206355908530911,0.1035992199600097,2603.98,781.8360774470179,2603.98,0.3172541465901755,1.0,0.625,0.2028
M00839,platinum,Singapore,Points Optimiser,True,2x / 3x points,dining,Fine Dining,Le Consulat,3x points on dining,0.1420254407700973,0.1420254407700973,0.12341862525533097,1524.3999999999999,1108.1044448264615,1874.36,0.32453795520333983,1.0,0.25,0.29350000000000004
M00840,core,United States,Immediate Value Seeker,True,Cashback / statement credit,retail,Premium Retail,IFC Mall,Cashback at IFC Mall,0.15818407005996177,0.1251232926481298,0.159904739236013,2657.11,304.59751844051175,2740.46,0.40470398433066984,1.0,0.15384615384615385,0.1417
M00842,gold,Japan,Points Optimiser,True,2x / 3x points,transport,Ride-hail & Taxi,Grab,3x points on transport,0.14540907330592776,0.14540907330592776,0.11466704947248259,275.2,0.0,294.94,0.33833468807759914,1.0,0.25,0.0896
M00843,platinum,Singapore,Already Loyal,False,No incentive,lodging,Upscale Hotel,Swissotel Nankai Osaka,—,0.14864869550275966,0.11700565262976656,0.11245635053092802,24850.91,2228.9587833611117,32462.93,0.4277791565366869,1.0,0.2727272727272727,0.2339888888888889
M00844,gold,Japan,Threshold Chaser,True,"Spend X, get Y back",lodging,Hotel,Hotel Sophia,Spend & get-back at Hotel Sophia,0.1216557929949697,0.1216557929949697,0.1209034923623773,930.5,21.016249765561014,930.5,0.3086434545339575,1.0,0.5,0.04
M00845,core,Singapore,Immediate Value Seeker,True,Cashback / statement credit,dining,Fine Dining,Yung Kee,Cashback at Yung Kee,0.12348873385815999,0.12348873385815999,0.1663913537406467,1121.98,305.07620162593093,1121.98,0.29486578434427246,1.0,0.3333333333333333,0.228
M00849,gold,Singapore,Category Loyalist,True,Category-specific reward,lodging,Hotel,Gaotama Hotel,Hotel reward (lodging),0.4,0.4,0.3290420173465478,11.59,60.62895981811988,15.92,0.567117149819449,1.0,0.0,0.8005
M00850,core,Singapore,Fee-Sensitive Traveller,False,No incentive (FX-offset out of scope),retail,Premium Retail,Kuromon Market,—,0.1482699609367245,0.1157156728680193,0.16604378523204869,2532.18,230.68380436089484,2920.43,0.3978251659768865,1.0,0.25,0.45855
M00851,core,Hong Kong,Immediate Value Seeker,True,Cashback / statement credit,retail,Premium Retail,Namdaemun Shopping Mall,Cashback at Namdaemun Shopping Mall,0.1504296457666247,0.11267165536221313,0.15623829144391274,2095.08,97.83664182710714,2095.0800000000004,0.38837522929068324,1.0,0.0,0.04
M00853,gold,Japan,Low Responsiveness,False,No incentive,dining,Fine Dining,Jumbo Seafood,—,0.10991673487899697,0.10991673487899697,0.09244036387966631,4578.16,399.30746295381965,4898.27,0.3034399154627835,1.0,0.2631578947368421,0.11504
M00854,gold,Singapore,Fee-Sensitive Traveller,False,No incentive (FX-offset out of scope),retail,Premium Retail,Via del Corso shops,—,0.14370845703563212,0.1286527147504048,0.0977133741934947,3676.37,2165.132109234795,4342.99,0.49332924986724697,0.875,0.125,0.43994
M00855,core,Japan,Immediate Value Seeker,True,Cashback / statement credit,lodging,Budget & Hostel,The Inn at the Roman Forum,Cashback at The Inn at the Roman Forum,0.13216937623381494,0.13216937623381494,0.15140643071124135,2562.35,1032.4065478691132,2580.47,0.2688414100903163,1.0,0.06666666666666667,0.30866
M00856,platinum,Japan,Threshold Chaser,True,"Spend X, get Y back",dining,Fine Dining,Din Tai Fung Pavilion,Spend & get-back at Din Tai Fung Pavilion,0.21430725007607968,0.21430725007607968,0.1753246561028314,280.38,510.03879535920646,1234.4,0.3572342610241136,1.0,0.4,0.5821
M00857,gold,Singapore,Already Loyal,False,No incentive,transport,Ride-hail & Taxi,Uber,—,0.15118136097007795,0.11156477183903497,0.12327813613520365,8751.279999999999,2580.269666213412,8751.28,0.2742909149976271,1.0,0.16666666666666666,0.2677
M00858,gold,Australia,Low Responsiveness,False,No incentive,retail,Premium Retail,Mercedes-Benz Georgetown,—,0.11112139648827199,0.11112139648827199,0.15253680404159706,206.03,610.2185011905502,368.49,0.44919440555590995,1.0,0.14285714285714285,0.6913
M00860,core,Australia,Immediate Value Seeker,True,Cashback / statement credit,retail,Premium Retail,Kuromon Market,Cashback at Kuromon Market,0.1701545470920128,0.13432088222278982,0.16293308387363123,3338.61,1105.0935405569182,3338.61,0.3906833420370215,1.0,0.21428571428571427,0.201725
M00861,core,Australia,Points Optimiser,True,2x / 3x points,retail,General Retail,Lucky Boomerang,3x points on retail,0.3133054825770456,0.3133054825770456,0.28426702455200464,59.31,358.3141414966556,59.31,0.35038441998682024,1.0,0.0,0.8005
M00862,core,United States,Merchant Explorer,True,Merchant-specific voucher,retail,Premium Retail,Paragon,Paragon voucher,0.1605674610009658,0.1200946097822495,0.142271233745317,6433.18,993.4907876865229,7496.0,0.29105071525517984,1.0,0.28,0.3235
M00864,core,Singapore,Immediate Value Seeker,True,Cashback / statement credit,dining,Fine Dining,서브웨이,Cashback at 서브웨이,0.13101128746814103,0.13101128746814103,0.1526169108844719,1663.94,546.1255328097117,1665.19,0.35834883296160747,1.0,0.1,0.20456666666666667
M00865,core,Hong Kong,Low Responsiveness,False,No incentive,retail,Premium Retail,Bread History,—,0.1046140421343059,0.1046140421343059,0.16290602540855587,553.87,478.41440236720405,829.59,0.276759888745744,0.9333333333333333,0.2,0.311225
M00866,gold,Hong Kong,Points Optimiser,True,2x / 3x points,dining,Fine Dining,L'As du Fallafel,3x points on dining,0.14896552083335454,0.1110775030045842,0.10835508458180419,3026.0,343.80313820889853,3638.23,0.2968037314942437,1.0,0.08333333333333333,0.1843
M00867,core,Singapore,Points Optimiser,True,2x / 3x points,transport,Ride-hail & Taxi,Mai Linh Taxi,3x points on transport,0.1933288213957345,0.1933288213957345,0.1914124209841844,109.67,339.6681132635808,109.67,0.374685642510728,1.0,0.0,0.316
M00868,platinum,Singapore,Threshold Chaser,True,"Spend X, get Y back",retail,Premium Retail,Ladies' Market,Spend & get-back at Ladies' Market,0.1449532052736053,0.12126841060986045,0.0971062264644868,5311.88,1647.9054219017862,5851.950000000001,0.3298622189867113,1.0,0.4666666666666667,0.281975
M00869,core,Hong Kong,Category Loyalist,True,Category-specific reward,retail,Premium Retail,Ladies' Market,Premium Retail reward (retail),0.14029136061259542,0.104472100244693,0.16617101300035259,2438.4900000000002,188.66362901018593,2438.4900000000002,0.5341765621430967,1.0,0.0,0.11480000000000001
M00871,core,Singapore,Category Loyalist,True,Category-specific reward,transport,City Transport,Novella,City Transport reward (transport),0.35527542865014217,0.35527542865014217,0.34251361717346507,28.95,408.0924047198025,25.95,1.0,1.0,0.0,0.0708
M00872,core,Hong Kong,Merchant Explorer,True,Merchant-specific voucher,transport,Premium Transport,Citybus,Citybus voucher,0.19931033826541392,0.1384806553211774,0.1863075699840849,2091.4,555.222506707255,2587.44,0.33103290981846467,0.9230769230769231,0.15384615384615385,0.3801625
M00873,core,Australia,Immediate Value Seeker,True,Cashback / statement credit,dining,Fine Dining,Jumbo Seafood,Cashback at Jumbo Seafood,0.15805768197700823,0.12879370513922406,0.15051944886344226,6309.55,1856.81176174943,9287.25,0.4776846532919035,0.9444444444444444,0.2777777777777778,0.38023333333333337
M00874,core,Hong Kong,Immediate Value Seeker,True,Cashback / statement credit,dining,Cafe & Coffee,Met Cafe,Cashback at Met Cafe,0.1375075032369506,0.1375075032369506,0.163153087512201,1811.12,1259.0129735543624,1811.12,0.4135500161952315,1.0,0.14285714285714285,0.055400000000000005
M00876,core,Japan,Category Loyalist,True,Category-specific reward,retail,Premium Retail,"Web Marketing Team srl - SEO, SEM, SOCIAL e WEB 2.0",Premium Retail reward (retail),0.3538512928902128,0.3192822294792545,0.3538512928902128,1080.44,4793.409724214206,1251.44,0.7576699257363144,1.0,0.0,0.19340000000000002
M00879,platinum,United States,Points Optimiser,True,2x / 3x points,retail,Premium Retail,Langham Place,3x points on retail,0.17766889193097274,0.14559555750729272,0.12816232470105177,1804.7,678.9826912266767,2226.26,0.27761975271756456,1.0,0.3333333333333333,0.30963333333333337
M00880,gold,Hong Kong,Points Optimiser,True,2x / 3x points,dining,Fine Dining,Agnes pasta,3x points on dining,0.11664965333860933,0.11664965333860933,0.11181048409490979,5109.93,496.4186214002762,5109.93,0.4185138627558372,1.0,0.125,0.0783
M00881,core,Hong Kong,Threshold Chaser,True,"Spend X, get Y back",dining,Fine Dining,Espressamente,Spend & get-back at Espressamente,0.13162460071719795,0.1186405547966903,0.16308267262952345,3721.26,16.2889379194645,5475.63,0.39793191318138466,1.0,0.375,0.25645
M00883,gold,Hong Kong,Category Loyalist,True,Category-specific reward,transport,Ride-hail & Taxi,Grab,Ride-hail & Taxi reward (transport),0.2713985764499831,0.2713985764499831,0.22356746517622406,56.39,119.0987120735027,56.39,0.6690630300889158,1.0,0.5,0.4729
M00884,core,Singapore,Threshold Chaser,True,"Spend X, get Y back",retail,Premium Retail,Sneaker Street,Spend & get-back at Sneaker Street,0.1632003716107397,0.12918625451701696,0.16765024314898833,2109.33,316.37657433945253,2109.33,0.3749720454024438,1.0,0.42857142857142855,0.11480000000000001
M00885,gold,Hong Kong,Threshold Chaser,True,"Spend X, get Y back",retail,Premium Retail,Chinatown Complex,Spend & get-back at Chinatown Complex,0.14077301102195455,0.11619508165742502,0.0865378086200083,5241.74,497.3305141934766,5241.74,0.2952102886765506,1.0,0.46153846153846156,0.156675
M00886,gold,Singapore,Fee-Sensitive Traveller,False,No incentive (FX-offset out of scope),transport,Rail & Metro,Osaka Metro,—,0.12585318613207028,0.12585318613207028,0.1086336274425784,2288.17,1616.33979045929,3021.14,0.3218929727659549,0.9230769230769231,0.15384615384615385,0.387275
M00887,core,Hong Kong,Points Optimiser,True,2x / 3x points,lodging,Hotel,Hotel Nikko Osaka,3x points on lodging,0.17154826277129298,0.17154826277129298,0.1703942885346724,1496.35,1175.1637642815926,1837.51,0.3649215544475378,0.9375,0.0625,0.4913
M00888,core,Japan,Points Optimiser,True,2x / 3x points,dining,Casual Dining,CaPhe Bar Diem Tam Nguyen Thy,3x points on dining,0.4,0.4,0.2127155608828621,21.42,116.03974675925372,31.75,0.4950809101618203,1.0,0.0,0.316
M00889,platinum,Singapore,Points Optimiser,True,2x / 3x points,lodging,Upscale Hotel,Khách Sạn Moonlight,3x points on lodging,0.1552430918317104,0.1552430918317104,0.1259349870146696,60.89,139.0392304219952,767.43,0.27466353841649505,1.0,0.3333333333333333,0.507675
M00891,platinum,Singapore,Points Optimiser,True,2x / 3x points,dining,Fine Dining,Yung Kee,3x points on dining,0.13459043072119942,0.13459043072119942,0.10666229540623783,3093.22,0.0,3093.22,0.2781257433874728,1.0,0.25,0.14
M00892,core,Singapore,Low Responsiveness,False,No incentive,dining,Fine Dining,Ichiran Dotonbori,—,0.11466627611623957,0.11466627611623957,0.15283029519025043,1797.01,246.78262658742483,1797.01,0.37709862431875174,1.0,0.14285714285714285,0.0783
M00893,core,Singapore,Threshold Chaser,True,"Spend X, get Y back",dining,Fine Dining,Kafe Kaz,Spend & get-back at Kafe Kaz,0.16496270407363334,0.12045709906403307,0.15735995683686457,3177.38,419.2654324027827,3185.76,0.28515553447608444,1.0,0.5,0.132
M00894,core,United States,Points Optimiser,True,2x / 3x points,retail,Premium Retail,농협유통하나로마트 청담점,3x points on retail,0.1959449171018947,0.1959449171018947,0.1475707189452973,269.33000000000004,1.375135762806309,278.2,0.3251940119314832,1.0,0.14285714285714285,0.178
M00895,platinum,United States,Points Optimiser,True,2x / 3x points,transport,Premium Transport,KLIA Ekspres,3x points on transport,0.20376043223483778,0.20376043223483778,0.18863850253221257,346.76,677.029021118213,368.42,0.3266182828813992,1.0,0.16666666666666666,0.4729
M00896,core,Singapore,Merchant Explorer,True,Merchant-specific voucher,dining,Fine Dining,Papa John's,Papa John's voucher,0.14752963565300295,0.11642263056316471,0.1424906787578916,4153.75,3007.363578342781,4699.69,0.2989149089098615,0.9583333333333334,0.2916666666666667,0.1709166666666667
M00898,core,Australia,Immediate Value Seeker,True,Cashback / statement credit,dining,Cafe & Coffee,Mido Cafe,Cashback at Mido Cafe,0.18263027316859187,0.12392502782657083,0.17070258059869123,6588.08,765.979233462882,6588.08,0.35519002102840425,1.0,0.3,0.21763333333333335
M00899,core,Singapore,Immediate Value Seeker,True,Cashback / statement credit,dining,Fine Dining,Maxwell Food Centre,Cashback at Maxwell Food Centre,0.17618841859711742,0.14301713846665043,0.14796665333138465,4378.07,236.51010352132593,4378.07,0.41768073446772025,1.0,0.25,0.0896
M00901,core,United States,Merchant Explorer,True,Merchant-specific voucher,dining,Fine Dining,Roscioli,Roscioli voucher,0.16691662169419585,0.14847718133813415,0.17621909624566479,17270.28,13970.718286302375,19807.89,0.4316801102380966,0.9555555555555556,0.26666666666666666,0.23321538461538463
M00902,core,Singapore,Category Loyalist,True,Category-specific reward,retail,Premium Retail,Ladies' Market,Premium Retail reward (retail),0.14813282611450768,0.1196294222470053,0.1609756540150994,2938.66,310.5129649694443,2938.6600000000003,0.5145799951545633,1.0,0.25,0.14
M00903,core,United States,Threshold Chaser,True,"Spend X, get Y back",transport,Premium Transport,Unità,Spend & get-back at Unità,0.1318045914653392,0.1318045914653392,0.15638921417739918,716.1700000000001,975.0110373392267,716.1700000000001,0.2773939399959476,1.0,0.5,0.0708
M00904,gold,Singapore,Category Loyalist,True,Category-specific reward,lodging,Hotel,Hotel Gaotama,Hotel reward (lodging),0.2794033388826628,0.2794033388826628,0.1857139939835314,42.17,172.2428997486029,42.17,0.5077496378722504,1.0,0.0,0.8005
M00906,gold,Singapore,Points Optimiser,True,2x / 3x points,dining,Fine Dining,Roscioli,3x points on dining,0.1616832064000573,0.12475049880754623,0.10900084963022473,2960.12,1150.968981037513,2960.12,0.28663193820119637,1.0,0.125,0.0802
M00907,gold,Singapore,Points Optimiser,True,2x / 3x points,retail,Premium Retail,Chinatown Complex,3x points on retail,0.1529759792128866,0.12283669040764665,0.11638822763826907,2463.3999999999996,207.2518347013053,2463.4,0.32135635597161616,1.0,0.0,0.0896
M00908,gold,Singapore,Merchant Explorer,True,Merchant-specific voucher,dining,Fine Dining,Pellegrini's,Pellegrini's voucher,0.16741599358911935,0.133937317465935,0.13621440368822774,15572.259999999998,1133.7188464438577,15913.52,0.3903543547687966,1.0,0.25,0.1213375
M00911,core,Hong Kong,Merchant Explorer,True,Merchant-specific voucher,transport,Premium Transport,Trenitalia,Trenitalia voucher,0.16358375290374286,0.12944243160862937,0.14743862007027791,3849.65,2133.8216816332674,4306.51,0.25935876136484504,0.9090909090909091,0.22727272727272727,0.31747142857142857
M00912,gold,Japan,Points Optimiser,True,2x / 3x points,transport,Premium Transport,Transport NSW,3x points on transport,0.16513396920140966,0.13393442053902807,0.12373037974356385,4565.32,29.3040307716619,4565.320000000001,0.397572842726696,1.0,0.0,0.04
M00913,core,Singapore,Low Responsiveness,False,No incentive,dining,Fine Dining,Mister Munro,—,0.11065090663397717,0.11065090663397717,0.15745795096956605,2334.13,24.358518814311775,2417.96,0.4096924800380231,1.0,0.25,0.31903333333333334
M00914,platinum,Hong Kong,Points Optimiser,True,2x / 3x points,transport,Premium Transport,KMB,3x points on transport,0.17710299705954427,0.14565979835709264,0.13024974806798997,8179.34,3124.6538462021385,9260.44,0.2985587280651094,0.8947368421052632,0.10526315789473684,0.4474714285714286
M00915,centurion,Australia,Already Loyal,False,No incentive,dining,Cafe & Coffee,Starbucks,—,0.1328489121563775,0.10592166357816124,0.10073508672889518,14025.190000000002,3164.484898415343,14025.19,0.4556253047360188,1.0,0.23076923076923078,0.148225
M00917,core,Singapore,Immediate Value Seeker,True,Cashback / statement credit,dining,Fine Dining,Din Tai Fung Suria KLCC,Cashback at Din Tai Fung Suria KLCC,0.1283918594487159,0.1283918594487159,0.15967005202573198,251.35000000000002,26.854304076955508,709.63,0.40397324884150687,1.0,0.1,0.34886666666666666
M00918,core,Singapore,Low Responsiveness,False,No incentive,transport,Premium Transport,MTR,—,0.1056644575653439,0.1056644575653439,0.16196413278629906,950.34,271.87755122433833,950.34,0.2809285169005492,1.0,0.0,0.29855
M00919,platinum,United States,Already Loyal,False,No incentive,lodging,Upscale Hotel,Marriott Singapore Orchard,—,0.12979155640517703,0.11350892431470877,0.0998037456019535,38712.659999999996,9131.025338118454,43375.03,0.38000281633466126,0.9452054794520548,0.2191780821917808,0.3062238095238095
M00921,gold,Japan,Points Optimiser,True,2x / 3x points,transport,Rail & Metro,Saigon Metro,3x points on transport,0.21721815879943837,0.21721815879943837,0.17075379986615402,101.5,750.9996130800755,101.5,0.3385823291028659,1.0,0.0,0.316
M00922,core,Hong Kong,Low Responsiveness,False,No incentive,lodging,Upscale Hotel,Marriott Singapore Orchard,—,0.11041734243584136,0.11041734243584136,0.1658246104796264,1173.8999999999999,0.0,1249.44,0.3083918329948889,1.0,0.25,0.44505
M00924,core,Japan,Merchant Explorer,True,Merchant-specific voucher,lodging,Upscale Hotel,Hôtel Caron de Beaumarchais,Hôtel Caron de Beaumarchais voucher,0.17016225964873727,0.15415096754007723,0.1309889266087306,18538.87,3186.205694938846,19237.18,0.32445647487077517,0.9259259259259259,0.3333333333333333,0.18725
M00925,gold,Singapore,Already Loyal,False,No incentive,retail,Premium Retail,Lane Crawford,—,0.12781780378694718,0.12781780378694718,0.06776859529826892,9445.41,1.1368683772161605e-12,9445.41,0.5097651748046897,1.0,0.25,0.14
M00926,gold,Hong Kong,Merchant Explorer,True,Merchant-specific voucher,dining,Fine Dining,Kikunoi,Kikunoi voucher,0.1655992987325747,0.14617991251780732,0.11442882675775365,3723.37,5087.409378118021,4294.54,0.36305113669222566,1.0,0.35,0.35987142857142856
M00927,gold,Singapore,Points Optimiser,True,2x / 3x points,dining,Fine Dining,Busan Fish Restaurant,3x points on dining,0.12273623468831041,0.12273623468831041,0.11297024915766903,1725.4199999999998,281.7493569486288,2107.08,0.29308168428714254,1.0,0.125,0.224
M00928,core,Singapore,Immediate Value Seeker,True,Cashback / statement credit,lodging,Upscale Hotel,Dusankyubekseuradena Condominium,Cashback at Dusankyubekseuradena Condominium,0.1366379280816037,0.122167270198083,0.1478463059086972,4471.42,335.85405185602536,4666.05,0.3615947402790227,1.0,0.16666666666666666,0.17903333333333335
M00929,core,Singapore,Immediate Value Seeker,True,Cashback / statement credit,dining,Cafe & Coffee,Starbucks,Cashback at Starbucks,0.1572245306503113,0.12771961682951435,0.1404047110599466,3952.75,1742.5687345106749,4021.71,0.27249047381750285,1.0,0.23529411764705882,0.27215
M00930,centurion,Singapore,Merchant Explorer,True,Merchant-specific voucher,lodging,Upscale Hotel,Parkroyal Collection Pickering,Parkroyal Collection Pickering voucher,0.18765962224543,0.147603028727576,0.12499146854139942,10474.61,3903.9628690230593,13637.36,0.35136823228374836,1.0,0.34782608695652173,0.2487
M00931,platinum,Australia,Low Responsiveness,False,No incentive,lodging,Hotel,Hotel Sophia,—,0.11037744644749994,0.11037744644749994,0.09897579589379525,5432.49,85.08217525169027,5432.49,0.3170015671574417,1.0,0.25,0.04
M00932,core,Singapore,Merchant Explorer,True,Merchant-specific voucher,lodging,Hotel,Langham Place Hotel Mongkok,Langham Place Hotel Mongkok voucher,0.16787378190815208,0.12792363062660334,0.15299220809164416,8382.47,3501.291123448425,8482.17,0.2900751160646267,0.9310344827586207,0.20689655172413793,0.27172
M00933,core,United States,Immediate Value Seeker,True,Cashback / statement credit,dining,Fine Dining,Salamanca,Cashback at Salamanca,0.1207526087787348,0.1207526087787348,0.16110663963919578,1178.56,1521.162968669378,1341.88,0.29985075115998033,1.0,0.3125,0.24314
M00935,core,Hong Kong,Immediate Value Seeker,True,Cashback / statement credit,retail,Premium Retail,Namba Parks,Cashback at Namba Parks,0.15962610965314417,0.11357625855821175,0.17935078883619593,1424.0900000000001,124.47195533079599,1720.2,0.36828744865597185,1.0,0.3333333333333333,0.15753333333333333
M00936,core,Singapore,Immediate Value Seeker,True,Cashback / statement credit,dining,Fine Dining,Punjab 인도식당,Cashback at Punjab 인도식당,0.13104827025220914,0.13104827025220914,0.1666592642680205,1546.71,542.3190256508784,1546.71,0.34055926250605034,1.0,0.25,0.04
M00938,core,Singapore,Low Responsiveness,False,No incentive,lodging,Upscale Hotel,Swissotel Nankai Osaka,—,0.11154721674259815,0.10230991673647005,0.16309936650825327,2122.9199999999996,94.19773160217237,2122.92,0.4263386235839028,1.0,0.14285714285714285,0.0783
M00940,centurion,Australia,Points Optimiser,True,2x / 3x points,lodging,Hotel,Shibuya Excel Hotel Tokyu,3x points on lodging,0.16903907056691594,0.1481484239462192,0.1025787533644846,11799.689999999999,1557.1716135685044,14605.02,0.38456884621297605,1.0,0.18181818181818182,0.2301
M00942,gold,United States,Points Optimiser,True,2x / 3x points,lodging,Upscale Hotel,Sofitel Wentworth Sydney,3x points on lodging,0.14981381138134725,0.11306650374875532,0.11145900279827704,3623.5600000000004,19.517632460906555,3623.5600000000004,0.31001740692518076,1.0,0.25,0.04
M00943,gold,Hong Kong,Points Optimiser,True,2x / 3x points,lodging,Upscale Hotel,Marriott Singapore Orchard,3x points on lodging,0.15770916473386393,0.11971252214166132,0.11748124504216223,6300.4400000000005,20.6259417226589,6506.71,0.3420371998778123,1.0,0.16666666666666666,0.19556666666666667
M00944,core,Hong Kong,Immediate Value Seeker,True,Cashback / statement credit,dining,Fine Dining,Jumbo Seafood,Cashback at Jumbo Seafood,0.15621895112877504,0.11373067270474474,0.1458418693018311,3735.9500000000003,68.20180046619268,3735.95,0.2562019484094954,0.9,0.25,0.09516
M00945,platinum,Hong Kong,Fee-Sensitive Traveller,False,No incentive (FX-offset out of scope),retail,Premium Retail,Coles,—,0.14899152416651043,0.126065815638904,0.1246347685564104,2265.27,477.3858428070819,2265.27,0.3076525829175057,1.0,0.42857142857142855,0.547
M00947,core,Singapore,Low Responsiveness,False,No incentive,dining,Fine Dining,Vault +82,—,0.11513988913368525,0.11513988913368525,0.16318079769140392,1108.2,174.87880696300408,1238.23,0.27442309389493386,0.9090909090909091,0.2727272727272727,0.610375
M00948,core,Singapore,Points Optimiser,True,2x / 3x points,lodging,Upscale Hotel,JW Marriott Bangkok,3x points on lodging,0.4,0.4,0.1780139761931446,29.02,6.537978931115262,490.94000000000005,0.3447593604655071,1.0,0.0,0.4571
M00949,core,Singapore,Immediate Value Seeker,True,Cashback / statement credit,dining,Fine Dining,Maxwell Food Centre,Cashback at Maxwell Food Centre,0.12031409438113243,0.12031409438113243,0.15944127061455868,576.3,32.67985937211107,583.08,0.40928291727612776,1.0,0.16666666666666666,0.2028
M00951,core,Hong Kong,Immediate Value Seeker,True,Cashback / statement credit,dining,Cafe & Coffee,Mido Cafe,Cashback at Mido Cafe,0.16584203990878885,0.11896358608649354,0.16400531583140962,2967.25,434.37820942409974,2967.25,0.34154102379799656,1.0,0.21428571428571427,0.194275
M00953,core,Hong Kong,Threshold Chaser,True,"Spend X, get Y back",dining,Fast Food,Pizza Hut,Spend & get-back at Pizza Hut,0.19377002618807707,0.19377002618807707,0.15890516661447016,195.23,510.71193153161613,195.23,0.40330700661580315,1.0,0.6666666666666666,0.4729
M00954,gold,Hong Kong,Points Optimiser,True,2x / 3x points,dining,Fine Dining,Osulloc,3x points on dining,0.16329897391637588,0.12265381501679914,0.12040118240853423,2601.28,692.8021570418181,2601.2799999999997,0.36982607637760156,1.0,0.25,0.04
M00955,gold,Japan,Points Optimiser,True,2x / 3x points,dining,Fine Dining,Armando al Pantheon,3x points on dining,0.13167521578344676,0.13167521578344676,0.12704433048732447,1560.6200000000001,950.5429638940886,1560.6200000000001,0.324346659246999,1.0,0.25,0.0708
M00957,core,United States,Category Loyalist,True,Category-specific reward,dining,Fine Dining,Muan Fish Restaurant,Fine Dining reward (dining),0.15587502688583668,0.11768454305402612,0.15710617729757972,6710.639999999999,264.52126174795757,6710.64,0.5548471798054083,1.0,0.125,0.04
M00958,centurion,Hong Kong,Points Optimiser,True,2x / 3x points,dining,Fine Dining,Yung Kee,3x points on dining,0.15212474547168803,0.12345155852679428,0.09937520089790337,4283.1,2812.920559616352,4283.1,0.26554712775733325,1.0,0.25,0.23827500000000001
M00959,gold,Singapore,Points Optimiser,True,2x / 3x points,retail,Premium Retail,Place du Tertre,3x points on retail,0.15353611326140448,0.14059609352022992,0.10632023335309831,4142.110000000001,3863.44971095461,4155.639999999999,0.3947446866400593,0.9411764705882353,0.17647058823529413,0.26836
M00960,gold,United States,Points Optimiser,True,2x / 3x points,dining,Fine Dining,L'As du Fallafel,3x points on dining,0.16831957422830324,0.1304776349153149,0.12260341342400363,4117.8099999999995,1935.7210414329254,4423.99,0.30055407990030825,0.9411764705882353,0.17647058823529413,0.22532000000000002
M00962,core,Hong Kong,Immediate Value Seeker,True,Cashback / statement credit,transport,Premium Transport,Hong Kong Tramways,Cashback at Hong Kong Tramways,0.12972333434818129,0.12972333434818129,0.15723051277953995,2092.53,4.2695223734096,2092.5299999999997,0.3330808527352289,1.0,0.25,0.09000000000000001
M00964,gold,Hong Kong,Threshold Chaser,True,"Spend X, get Y back",retail,Premium Retail,Abbesses shops,Spend & get-back at Abbesses shops,0.1637688276642555,0.13817515447125825,0.10754546059531853,4114.030000000001,2037.5312930693435,4114.03,0.38143099656446117,1.0,0.35714285714285715,0.086
M00965,platinum,Hong Kong,Merchant Explorer,True,Merchant-specific voucher,dining,Fine Dining,Gwangjang Market stalls,Gwangjang Market stalls voucher,0.16637348061727736,0.13337179460434187,0.11228178652975736,3898.49,1339.1261335359277,4591.3,0.28353590656563066,1.0,0.34615384615384615,0.3181857142857143
M00966,gold,Singapore,Already Loyal,False,No incentive,retail,Premium Retail,IFC Mall,—,0.13625349821979085,0.12857575937631358,0.09412184959151562,7914.630000000001,2812.5982369622047,8115.95,0.37548535096862096,1.0,0.24,0.2821
M00967,platinum,Australia,Already Loyal,False,No incentive,dining,Cafe & Coffee,Ueshima Coffee House,—,0.15209832234805767,0.15209832234805767,0.09662132625307512,23277.27,3275.2046366525155,23277.27,0.28396051489683816,0.9393939393939394,0.21212121212121213,0.20334444444444444
M00968,platinum,Australia,Points Optimiser,True,2x / 3x points,retail,Premium Retail,Wako,3x points on retail,0.1526501945621988,0.11996466337658065,0.11605092504528167,2844.36,26.329953578206755,2844.36,0.4062926446702801,1.0,0.0,0.1166
M00971,gold,Hong Kong,Low Responsiveness,False,No incentive,transport,Rail & Metro,Shibuya Station,—,0.11411188486817653,0.11034936465254043,0.09893040787060438,4324.45,5.990578770892398,4324.45,0.4401395961528402,1.0,0.0,0.1166
M00973,core,Singapore,Low Responsiveness,False,No incentive,lodging,Upscale Hotel,Felix by STX,—,0.1111183180845208,0.1111183180845208,0.15462417120144703,847.44,273.50921961617513,893.05,0.31930670075873885,1.0,0.3333333333333333,0.178
M00974,gold,Singapore,Fee-Sensitive Traveller,False,No incentive (FX-offset out of scope),dining,Fast Food,Saizeriya,—,0.1391144600256702,0.1391144600256702,0.1387909396933846,755.56,1.1158620429551291,768.37,0.37162588941606767,1.0,0.125,0.45855
M00976,platinum,Singapore,Points Optimiser,True,2x / 3x points,retail,Premium Retail,Landmark,3x points on retail,0.14489287628580422,0.1203218703634457,0.11155255669560425,2398.2400000000002,477.2414097718111,2398.2400000000002,0.33772566967332734,1.0,0.2857142857142857,0.29855
M00977,gold,Singapore,Already Loyal,False,No incentive,retail,Electronics,Samsung,—,0.14444936712213124,0.11926924740533786,0.09087539463380848,7137.6,296.444772462928,7295.37,0.27318830512740894,1.0,0.1111111111111111,0.3171875
M00978,core,Hong Kong,Immediate Value Seeker,True,Cashback / statement credit,dining,Fine Dining,Kukuru Takoyaki,Cashback at Kukuru Takoyaki,0.15123771783098566,0.15123771783098566,0.1604037924192822,832.6899999999999,44.73347354846576,957.34,0.3910402743539664,1.0,0.09090909090909091,0.19086666666666666
M00979,core,Singapore,Low Responsiveness,False,No incentive,retail,Premium Retail,Mitsukoshi Ginza,—,0.1156571886380463,0.1156571886380463,0.16128378042587527,787.17,5.127044870628211,877.75,0.4307325612849911,1.0,0.2857142857142857,0.28685
M00981,core,United States,Immediate Value Seeker,True,Cashback / statement credit,dining,Fine Dining,Maxwell Food Centre,Cashback at Maxwell Food Centre,0.12743341360032323,0.12743341360032323,0.16192047983122076,1606.9,106.79080957777576,1606.9,0.4838855696214022,1.0,0.0,0.0896
M00982,core,Singapore,Already Loyal,False,No incentive,dining,Fine Dining,Mister Munro,—,0.15077342001885097,0.118741990571582,0.1409236003707024,7466.110000000001,1115.7415833446353,8546.300000000001,0.33021317058766503,0.9714285714285714,0.11428571428571428,0.36556363636363637
M00983,core,Hong Kong,Immediate Value Seeker,True,Cashback / statement credit,retail,Premium Retail,Travel Store,Cashback at Travel Store,0.25346950704139,0.25346950704139,0.2663882821337904,242.83,1126.6485878081414,277.38,0.3273417059510855,1.0,0.14285714285714285,0.4571
M00984,core,Hong Kong,Category Loyalist,True,Category-specific reward,retail,Premium Retail,Lotte Duty Free,Premium Retail reward (retail),0.15477909016867542,0.1449271610102162,0.15523071852942905,2928.1200000000003,3332.5750178138233,4787.34,0.6551059321821764,1.0,0.2631578947368421,0.37348571428571425
M00985,core,Singapore,Points Optimiser,True,2x / 3x points,lodging,Mid-scale Hotel,Keraton at The Plaza,3x points on lodging,0.4,0.4,0.22171235627267313,49.43,191.4914894812254,359.82,0.33956597800008587,1.0,0.0,0.639
M00986,core,United States,Immediate Value Seeker,True,Cashback / statement credit,dining,Fine Dining,Mak's Noodle,Cashback at Mak's Noodle,0.1296932060002529,0.1296932060002529,0.15573015794046874,1803.18,467.1947397505201,1803.18,0.3501025837173568,1.0,0.125,0.1283
M00987,core,Australia,Immediate Value Seeker,True,Cashback / statement credit,retail,Premium Retail,BAPE STORE® SEOUL,Cashback at BAPE STORE® SEOUL,0.17043892113003,0.12206295693111358,0.1824315204913156,1587.9,7.4002909044586715,1587.9,0.3227791742690599,1.0,0.25,0.04
M00988,platinum,Singapore,Already Loyal,False,No incentive,transport,Premium Transport,Samseong Jungang,—,0.14978926184130656,0.11816008149210577,0.10196164901319613,6838.32,1411.6418167486754,7099.8099999999995,0.2760770124045445,1.0,0.25,0.1772
M00990,core,Hong Kong,Fee-Sensitive Traveller,False,No incentive (FX-offset out of scope),dining,Fine Dining,Le Consulat,—,0.11966848266301097,0.11966848266301097,0.168298247164439,1353.97,1436.6304676784557,1449.95,0.3413773748232608,1.0,0.2857142857142857,0.42025
M00991,core,Australia,Already Loyal,False,No incentive,retail,Premium Retail,농협유통하나로마트 청담점,—,0.1504164801270227,0.13799863524328493,0.14577408366993033,7113.72,4795.855587480381,7113.72,0.4462479244193143,1.0,0.1111111111111111,0.05026666666666666
M00992,core,Australia,Low Responsiveness,False,No incentive,transport,Rail & Metro,Osaka Metro Midosuji,—,0.1136929088134788,0.1136929088134788,0.1575159597993921,1092.45,148.70356009573214,1092.45,0.36212290331677294,1.0,0.0,0.1166
M00994,platinum,Japan,Threshold Chaser,True,"Spend X, get Y back",dining,Fine Dining,Le Consulat,Spend & get-back at Le Consulat,0.20114278119645776,0.20114278119645776,0.14342122488000664,2493.42,4038.1785181788227,2498.63,0.4824607932484943,1.0,0.42857142857142855,0.42025
M00995,core,Australia,Immediate Value Seeker,True,Cashback / statement credit,retail,Premium Retail,Central Catholic Bookshop,Cashback at Central Catholic Bookshop,0.14777605269922092,0.1182296672337905,0.15687421748444488,4709.13,103.4594143331075,4729.65,0.34120837877271565,1.0,0.125,0.09000000000000001
M00997,platinum,United States,Already Loyal,False,No incentive,retail,Apparel,THE CAP,—,0.13568639211970532,0.13315788167875128,0.08185052791009215,12598.26,5994.2613323962,12798.31,0.28000872448378383,0.8333333333333334,0.2222222222222222,0.23506
M00998,core,United States,Immediate Value Seeker,True,Cashback / statement credit,retail,Premium Retail,Place du Tertre,Cashback at Place du Tertre,0.1295496720689858,0.10410094937007462,0.16493105723321572,2612.5,3574.342982812287,2689.1000000000004,0.46363288515737694,1.0,0.2,0.14226666666666668
M00999,core,Singapore,Immediate Value Seeker,True,Cashback / statement credit,lodging,Hotel,Terrass'' Hotel,Cashback at Terrass'' Hotel,0.19556147948847152,0.19556147948847152,0.2075911330559898,804.0699999999999,1247.8253933227757,967.5699999999999,0.46536894123254047,1.0,0.16666666666666666,0.42025
M01000,gold,Singapore,Points Optimiser,True,2x / 3x points,dining,Fine Dining,La Maison Rose,3x points on dining,0.20482860905332456,0.20482860905332456,0.19226645301162926,2097.61,2777.7966618263035,2097.61,0.36046996266320624,1.0,0.3333333333333333,0.42025
M01001,gold,Singapore,Fee-Sensitive Traveller,False,No incentive (FX-offset out of scope),dining,Fine Dining,Gion Karyo,—,0.14295541332391115,0.14295541332391115,0.11360697266925045,2152.21,1716.8804450340592,2167.15,0.37737525545333095,1.0,0.5,0.461775
M01002,platinum,Hong Kong,Points Optimiser,True,2x / 3x points,dining,Fine Dining,Din Tai Fung Suria KLCC,3x points on dining,0.1557804881525409,0.1557804881525409,0.1429933749857128,80.61,3.761882597116127,522.64,0.3555418451388421,1.0,0.25,0.4729
M01003,platinum,United States,Low Responsiveness,False,No incentive,lodging,Mid-scale Hotel,Straits Heritage,—,0.114898149403442,0.114898149403442,0.1103522979186667,95.18,129.34072009242198,95.18,1.0,1.0,1.0,0.4729
M01004,core,Singapore,Immediate Value Seeker,True,Cashback / statement credit,transport,Rail & Metro,Seoul Metro,Cashback at Seoul Metro,0.12052762397499157,0.12052762397499157,0.15521309973576786,2425.11,135.80427068186805,2425.11,0.25699994155748407,1.0,0.0,0.04
M01006,gold,Japan,Immediate Value Seeker,True,Cashback / statement credit,retail,Premium Retail,YP Books,Cashback at YP Books,0.14245987819390543,0.10255635554387915,0.12047529732879708,2006.51,118.62100755273764,2006.51,0.28639756796813487,1.0,0.25,0.04
M01007,core,Singapore,Fee-Sensitive Traveller,False,No incentive (FX-offset out of scope),dining,Fine Dining,Din Tai Fung ION,—,0.12189787451364555,0.12189787451364555,0.16376270386217415,2432.21,53.51090601142309,2678.89,0.43532449746140334,0.9523809523809523,0.14285714285714285,0.4172833333333333
M01008,gold,Japan,Points Optimiser,True,2x / 3x points,retail,Premium Retail,Plaza Senayan nearby,3x points on retail,0.4,0.4,0.3977602763601233,10.15,60.31317376303226,782.02,0.39806280478974015,1.0,0.0,0.6288
M01009,core,Singapore,Fee-Sensitive Traveller,False,No incentive (FX-offset out of scope),transport,Rail & Metro,MRT Blue Line,—,0.12052142184869326,0.12052142184869326,0.1464957791348893,251.96,890.7156902759697,259.19,0.3348444391469255,1.0,0.0,0.6288
M01010,platinum,Singapore,Threshold Chaser,True,"Spend X, get Y back",dining,Fine Dining,Madame nhu,Spend & get-back at Madame nhu,0.15500406790350116,0.11973650242460195,0.11687508427747342,3598.3199999999997,24.240039064369796,3598.3199999999997,0.3101904493204828,1.0,0.5,0.04
M01011,platinum,Hong Kong,Low Responsiveness,False,No incentive,dining,Fine Dining,Taco Bill,—,0.11496950584602895,0.11496950584602895,0.06076992997131472,25254.56,12172.983599310739,25880.739999999998,0.4162855381233541,1.0,0.30303030303030304,0.34270999999999996
M01012,core,Australia,Immediate Value Seeker,True,Cashback / statement credit,lodging,Upscale Hotel,The Ritz-Carlton Jakarta Pacific Place,Cashback at The Ritz-Carlton Jakarta Pacific Place,0.19335571528513543,0.19335571528513543,0.22318227488901204,527.04,1231.0463720513947,1308.99,0.3066715684218233,1.0,0.14285714285714285,0.547
M01013,core,Australia,Category Loyalist,True,Category-specific reward,dining,Fine Dining,La Maison Rose,Fine Dining reward (dining),0.21790123443595116,0.21790123443595116,0.19519062541579496,1581.02,2879.686417496656,1580.02,0.879493346045799,1.0,0.3333333333333333,0.04
M01014,core,Hong Kong,Immediate Value Seeker,True,Cashback / statement credit,retail,Premium Retail,JB Hi-Fi,Cashback at JB Hi-Fi,0.17073576127150014,0.13292865479999819,0.17082088998873218,1889.4499999999998,310.67442176099905,2168.72,0.36593007424422014,1.0,0.125,0.50205
M01015,core,Hong Kong,Immediate Value Seeker,True,Cashback / statement credit,retail,Premium Retail,Sneaker Street,Cashback at Sneaker Street,0.14254286873522226,0.11406079995428461,0.14758208412183388,3648.8100000000004,493.44914378716635,4116.3,0.3741812315632269,1.0,0.15384615384615385,0.254625
M01016,gold,United States,Fee-Sensitive Traveller,False,No incentive (FX-offset out of scope),transport,Premium Transport,Posteggio Vespucci,—,0.14960838438875346,0.14960838438875346,0.1284465517705215,1575.27,2953.2540182654884,2456.86,0.27148051713991084,1.0,0.15384615384615385,0.4111
M01019,gold,Hong Kong,Category Loyalist,True,Category-specific reward,retail,Premium Retail,The Face Shop,Premium Retail reward (retail),0.15302608922174,0.12210259907556367,0.1240391029519543,1699.22,80.53586383974016,1699.22,0.5500016158700015,1.0,0.75,0.04
M01021,core,Japan,Immediate Value Seeker,True,Cashback / statement credit,lodging,Hotel,Hotel Reseu,Cashback at Hotel Reseu,0.12756856243396242,0.11414916599775393,0.1417821654271872,6667.67,159.20296257861244,6680.7,0.40545573280490294,1.0,0.3333333333333333,0.242525
M01022,gold,Hong Kong,Already Loyal,False,No incentive,dining,Fine Dining,Yung Kee,—,0.14771227516871235,0.1126234777369913,0.10107594723561772,6919.82,162.2785119243146,7706.19,0.3943566208879997,1.0,0.3076923076923077,0.3594
M01023,centurion,Singapore,Threshold Chaser,True,"Spend X, get Y back",lodging,Upscale Hotel,Gion Hatanaka,Spend & get-back at Gion Hatanaka,0.1702094907367481,0.14354006804609007,0.1197336999001028,4047.0800000000004,3110.807325051544,4989.08,0.37402027698701695,1.0,0.5384615384615384,0.186525
M01024,core,Singapore,Immediate Value Seeker,True,Cashback / statement credit,dining,Fine Dining,渋谷三丁目らあめん,Cashback at 渋谷三丁目らあめん,0.12502929170534283,0.12502929170534283,0.1674294403390666,878.49,524.0110136339281,878.49,0.28288625024497915,1.0,0.3333333333333333,0.27165
M01025,core,United States,Threshold Chaser,True,"Spend X, get Y back",retail,Premium Retail,크로바원색,Spend & get-back at 크로바원색,0.15333251543917936,0.11568882333961661,0.16092261727089635,2235.69,91.52009922003477,2235.69,0.32938740063138117,1.0,0.5,0.04
M01027,core,Australia,Low Responsiveness,False,No incentive,dining,Fine Dining,Kyubey,—,0.10878411855628427,0.10878411855628427,0.15908056053547204,3011.9,27.330683779930155,3011.9,0.371639580452743,1.0,0.25,0.1166
M01028,gold,United States,Points Optimiser,True,2x / 3x points,dining,Fine Dining,Desso,3x points on dining,0.15250550617532044,0.12082157376590848,0.10601614042973043,3330.2,1001.1207988322594,3911.5499999999997,0.2972997276338299,0.9473684210526315,0.21052631578947367,0.3065
M01029,core,Singapore,Immediate Value Seeker,True,Cashback / statement credit,dining,Fine Dining,Osulloc,Cashback at Osulloc,0.17070136347315398,0.13007734891426875,0.1378995865449875,7869.53,5416.87371264483,8124.67,0.38340833434417615,1.0,0.16666666666666666,0.256975
M01030,centurion,Australia,Category Loyalist,True,Category-specific reward,lodging,Hotel,Cendana Resort & Spa,Hotel reward (lodging),0.28647881519432883,0.28647881519432883,0.2529510909563888,70.05,506.2138187756161,70.05,0.5379156216040242,1.0,0.5,0.55825
M01031,core,Japan,Fee-Sensitive Traveller,False,No incentive (FX-offset out of scope),lodging,Hotel,Royal Plaza Hotel,—,0.14842772162227708,0.14842772162227708,0.17027350180038864,719.8199999999999,237.24747661160904,738.88,0.37667881610604537,1.0,0.0,0.46586666666666665
M01033,platinum,Singapore,Points Optimiser,True,2x / 3x points,dining,Fine Dining,Hemingway's,3x points on dining,0.3507919422499344,0.3507919422499344,0.28994240282009814,142.64,1149.7924180396371,1107.55,0.4979951733070279,1.0,0.3,0.5245333333333333
M01034,core,Hong Kong,Low Responsiveness,False,No incentive,lodging,Budget & Hostel,Old Penang Guesthouse,—,0.10435493555923155,0.10435493555923155,0.17429392280034775,292.43,855.8642056269869,379.94,0.5234390605040052,1.0,0.3333333333333333,0.5768333333333333
M01036,platinum,Hong Kong,Already Loyal,False,No incentive,retail,Premium Retail,Namba Parks,—,0.12994870353349988,0.12961481415782558,0.07352424457507747,15833.87,3576.391933942494,15833.87,0.4160036762259936,1.0,0.2,0.2766
M01038,core,Japan,Immediate Value Seeker,True,Cashback / statement credit,dining,Fine Dining,L'As du Fallafel,Cashback at L'As du Fallafel,0.1332971413364383,0.1195156054047473,0.1543785424724913,4093.1699999999996,517.915496750009,4093.1699999999996,0.4282954577987803,1.0,0.0,0.04
M01039,core,Japan,Merchant Explorer,True,Merchant-specific voucher,dining,Fine Dining,Two Fingers,Two Fingers voucher,0.16319514147163644,0.1326204328615764,0.15422919653795622,4926.36,1180.7508121392843,5046.34,0.3178286591553278,1.0,0.17857142857142858,0.2191
M01040,core,Hong Kong,Category Loyalist,True,Category-specific reward,dining,Fine Dining,Khao San Road stalls,Fine Dining reward (dining),0.2663411266549443,0.2663411266549443,0.22025353967311698,255.86,1285.2998156898038,255.86,0.6676208003784704,1.0,0.0,0.4571
M01042,gold,Singapore,Points Optimiser,True,2x / 3x points,dining,Fine Dining,Vault +82,3x points on dining,0.12246146169101968,0.12246146169101968,0.11083324646148747,2170.8399999999997,14.994357459312283,2170.84,0.3428422161242392,1.0,0.25,0.0783
M01043,platinum,Japan,Points Optimiser,True,2x / 3x points,retail,Electronics,au Shop,3x points on retail,0.14805496211690314,0.12458472866706548,0.09768342000827868,5191.5,619.7887695327942,5191.5,0.329908538851425,1.0,0.25,0.1283
M01044,core,United States,Fee-Sensitive Traveller,False,No incentive (FX-offset out of scope),dining,Fine Dining,Changumi,—,0.11710059850968105,0.11710059850968105,0.15147312596618076,2245.14,124.32453360591094,2282.56,0.3911536495253047,1.0,0.25,0.56682
M01046,gold,United States,Low Responsiveness,False,No incentive,transport,Rail & Metro,Haeundae Station,—,0.1018996118491383,0.1018996118491383,0.11194638197130222,774.9,393.78187388416234,774.9,0.2872898418357313,1.0,0.0,0.04
M01047,gold,Australia,Category Loyalist,True,Category-specific reward,dining,Fine Dining,Il Latini,Fine Dining reward (dining),0.28051031878794047,0.28051031878794047,0.26526829006938346,380.15,594.4810929946793,384.26,0.7287357028017241,1.0,0.16666666666666666,0.2813
M01050,gold,Japan,Merchant Explorer,True,Merchant-specific voucher,retail,Premium Retail,Merci,Merci voucher,0.1527767915855216,0.12938344909994484,0.09975339462359584,4405.61,977.5647717044614,4645.85,0.3594684088794557,0.8529411764705882,0.14705882352941177,0.4028111111111111
M01051,platinum,Hong Kong,Already Loyal,False,No incentive,dining,Fine Dining,Breizh Café,—,0.14723565388230736,0.12586256092096193,0.10899550439507041,26787.17,15790.609398792256,26902.04,0.4641653016853542,0.96875,0.1875,0.31227777777777777
M01052,core,Hong Kong,Immediate Value Seeker,True,Cashback / statement credit,dining,Fine Dining,La Maison Rose,Cashback at La Maison Rose,0.18894213836595547,0.18894213836595547,0.19722401443319504,2586.89,2691.273086397824,2592.27,0.4774511607791738,0.8333333333333334,0.08333333333333333,0.24855
M01053,core,Hong Kong,Immediate Value Seeker,True,Cashback / statement credit,retail,Premium Retail,Pavilion KL,Cashback at Pavilion KL,0.16556830540757658,0.1204895134874808,0.1753949494636255,890.7299999999999,720.447329039281,1911.45,0.47487622605099594,1.0,0.2727272727272727,0.34886666666666666
M01055,core,United States,Already Loyal,False,No incentive,dining,Fine Dining,The Wall,—,0.14543269273375847,0.0903749918484463,0.13412765196392493,19448.59,1694.3952261691386,19448.59,0.5456042613694492,1.0,0.23809523809523808,0.20895
M01056,core,Singapore,Category Loyalist,True,Category-specific reward,retail,Premium Retail,Central Catholic Bookshop,Premium Retail reward (retail),0.14675358374256714,0.11220714809634948,0.17106725981013607,2242.69,37.04849928394739,2242.69,0.6451155329378491,1.0,0.25,0.04
M01057,core,United States,Immediate Value Seeker,True,Cashback / statement credit,dining,Fine Dining,La Maison Rose,Cashback at La Maison Rose,0.2044825718654017,0.16045403716002185,0.1757388793656116,1781.98,944.0179521921489,1804.03,0.3704371476325543,1.0,0.09090909090909091,0.06553333333333333
M01058,core,Hong Kong,Merchant Explorer,True,Merchant-specific voucher,retail,Premium Retail,Pancot,Pancot voucher,0.16304758255894328,0.14546216311815963,0.1495506584237442,12787.869999999999,3598.785238776906,13131.46,0.41317364064299456,1.0,0.21875,0.24472999999999998
M01059,core,Singapore,Immediate Value Seeker,True,Cashback / statement credit,dining,Fine Dining,Kukuru Takoyaki,Cashback at Kukuru Takoyaki,0.15683992299239916,0.11947369374142316,0.15087500087837347,4594.99,218.36818089396007,4594.99,0.291746150700403,0.9,0.25,0.08055999999999999
M01060,gold,Japan,Threshold Chaser,True,"Spend X, get Y back",retail,Premium Retail,Sneaker Street,Spend & get-back at Sneaker Street,0.1359113666572178,0.1095366540155342,0.10294901185922432,2769.6,1404.6904696343151,2952.83,0.32853938729230464,1.0,0.5,0.25733333333333336
M01062,core,Hong Kong,Low Responsiveness,False,No incentive,lodging,Hotel,Cerulean Tower Tokyu Hotel,—,0.10950422207113031,0.10950422207113031,0.16937264925316103,2051.7799999999997,80.47046198262676,2051.7799999999997,0.3346239876063787,1.0,0.0,0.28685
M01064,core,Singapore,Immediate Value Seeker,True,Cashback / statement credit,dining,Fine Dining,Ginza Kagari,Cashback at Ginza Kagari,0.15160902200283607,0.12013184687952168,0.17040008386993963,3182.33,1305.4529331561178,3188.7,0.3683068974920788,1.0,0.05555555555555555,0.18180000000000002
M01065,platinum,Australia,Already Loyal,False,No incentive,lodging,Hotel,Royal Plaza Hotel,—,0.1419597803928381,0.1419597803928381,0.08366726248618107,12035.53,3368.4586888490708,17581.42,0.6683135592787455,0.95,0.3,0.294
M01068,core,United States,Immediate Value Seeker,True,Cashback / statement credit,dining,Fine Dining,Zuboraya,Cashback at Zuboraya,0.17561064795364392,0.17561064795364392,0.2009146705512044,382.16999999999996,55.333883179723415,439.19,0.48625835444702215,1.0,0.16666666666666666,0.2163
M01069,core,United States,Merchant Explorer,True,Merchant-specific voucher,dining,Fine Dining,Kikunoi,Kikunoi voucher,0.17159186405172186,0.13962183758223262,0.14391236808238939,10183.14,4364.4870193638935,10548.34,0.38290821721950935,1.0,0.3333333333333333,0.3577625
M01070,core,Singapore,Immediate Value Seeker,True,Cashback / statement credit,retail,Premium Retail,IFC Mall,Cashback at IFC Mall,0.16994938566017065,0.14481797988578063,0.14671054371818645,4377.72,2194.60157088479,4450.29,0.42699761763102617,1.0,0.125,0.192375
M01071,platinum,Singapore,Points Optimiser,True,2x / 3x points,lodging,Budget & Hostel,The Inn at the Roman Forum,3x points on lodging,0.1291259540846023,0.1291259540846023,0.10318500735292307,2090.76,1182.3939127788133,2090.76,0.30789855933117566,1.0,0.25,0.0708
M01073,core,Hong Kong,Immediate Value Seeker,True,Cashback / statement credit,dining,Fine Dining,M Bar Thai Eatery,Cashback at M Bar Thai Eatery,0.18226442769357776,0.1369917492009176,0.1846491269181912,3223.9599999999996,696.8771133608841,3223.96,0.4706362210088713,1.0,0.125,0.178
M01075,core,Singapore,Category Loyalist,True,Category-specific reward,dining,Fine Dining,Le Consulat,Fine Dining reward (dining),0.16016792755034184,0.16016792755034184,0.16558769186840305,1953.1699999999998,1946.5885155009357,2069.97,0.6965653428758375,1.0,0.25,0.178
M01076,core,Singapore,Low Responsiveness,False,No incentive,dining,Fine Dining,Kukuru Takoyaki,—,0.1105892085830591,0.1105892085830591,0.15970737431494506,2775.14,700.4232755464561,2781.88,0.3767317537657893,1.0,0.25,0.25730000000000003
M01078,gold,Hong Kong,Category Loyalist,True,Category-specific reward,retail,Premium Retail,Ricordi Mediastore,Premium Retail reward (retail),0.2120550951090968,0.175025941017277,0.22468447682589623,679.87,1344.5158606189007,678.87,0.6558803666822601,1.0,0.0,0.0708
M01079,core,United States,Category Loyalist,True,Category-specific reward,dining,Fine Dining,Roscioli,Fine Dining reward (dining),0.15781048900402017,0.12009423137686209,0.16076506401412807,5243.07,2955.026915880755,5243.07,0.5516928627906176,1.0,0.25,0.0708
M01080,core,United States,Threshold Chaser,True,"Spend X, get Y back",dining,Fine Dining,Lau Pa Sat nearby,Spend & get-back at Lau Pa Sat nearby,0.12376357127120872,0.12376357127120872,0.15784552910519217,789.36,59.23181338554775,1463.32,0.36006078205128456,1.0,0.625,0.27335
M01081,core,United States,Points Optimiser,True,2x / 3x points,dining,Fine Dining,Yat Lok,3x points on dining,0.1425351605138511,0.1425351605138511,0.14094489918340924,1791.15,724.0397625999873,1923.74,0.4020004255823577,0.9047619047619048,0.14285714285714285,0.2510833333333333
M01082,core,Australia,Already Loyal,False,No incentive,lodging,Hotel,Hotel Eden,—,0.12986203452348374,0.12986203452348374,0.1604965835522743,7111.84,1898.8904568294934,7111.84,0.5052075761240673,1.0,0.4166666666666667,0.10913333333333335
M01083,platinum,Japan,Threshold Chaser,True,"Spend X, get Y back",transport,Premium Transport,Optile,Spend & get-back at Optile,0.12665525179225806,0.12663046284988913,0.10674289052470913,5352.51,2403.6953777010704,5359.5,0.37616899338529936,1.0,0.36363636363636365,0.132
M01084,core,Singapore,Points Optimiser,True,2x / 3x points,dining,Casual Dining,Bun Cha Huong Lien,3x points on dining,0.29996517742150114,0.29996517742150114,0.23083870885028115,112.39999999999999,953.1066642557801,138.15,0.33182397193460095,1.0,0.0,0.316
M01085,gold,Singapore,Category Loyalist,True,Category-specific reward,lodging,Mid-scale Hotel,Asia Afrika,Mid-scale Hotel reward (lodging),0.22555997822739737,0.22555997822739737,0.21389231981711457,157.57999999999998,695.7444854401892,157.57999999999998,0.7384433721736918,1.0,0.0,0.55825
M01086,core,Hong Kong,Merchant Explorer,True,Merchant-specific voucher,lodging,Hotel,Hotel New Washington,Hotel New Washington voucher,0.17874666493891406,0.1301234730298168,0.16887679010945228,6078.37,4318.6230632811075,6078.37,0.3408209999580336,1.0,0.2857142857142857,0.18105000000000002
M01087,core,Hong Kong,Category Loyalist,True,Category-specific reward,transport,Premium Transport,Prasarana,Premium Transport reward (transport),0.2523310075988668,0.2523310075988668,0.26857462337656557,80.82,119.15551107487505,90.63,0.5642054650754756,1.0,0.0,0.4729
M01089,gold,Hong Kong,Category Loyalist,True,Category-specific reward,dining,Street & Local,Pho Gia Truyen Bat Dan,Street & Local reward (dining),0.4,0.4,0.33390295322561603,25.23,251.0318786306612,25.23,0.5198733679478956,1.0,0.0,0.316
M01090,centurion,Singapore,Merchant Explorer,True,Merchant-specific voucher,dining,Fine Dining,Maxwell Food Centre,Maxwell Food Centre voucher,0.16331973350808204,0.1293887545449008,0.1142673139599317,7408.9,1747.654418251159,9422.65,0.27192602331241306,0.9736842105263158,0.13157894736842105,0.2478818181818182
M01091,platinum,Hong Kong,Already Loyal,False,No incentive,dining,Fine Dining,Mak's Noodle,—,0.14639124123451072,0.122849257543046,0.10165446002265828,10370.55,1682.5638329943479,10815.21,0.2646174754312416,0.9473684210526315,0.2894736842105263,0.32649
M01092,platinum,Singapore,Category Loyalist,True,Category-specific reward,lodging,Upscale Hotel,Khách Sạn First Eden,Upscale Hotel reward (lodging),0.2151355136812678,0.2151355136812678,0.13243254831877135,315.84999999999997,554.4444721341354,315.84999999999997,0.857806842733909,1.0,0.0,0.316
M01093,core,Australia,Category Loyalist,True,Category-specific reward,transport,Premium Transport,SNCF,Premium Transport reward (transport),0.27236231553878854,0.27236231553878854,0.27764254107053404,563.09,2252.728746938128,561.09,0.5183229071286078,1.0,0.0,0.04
M01094,gold,Singapore,Points Optimiser,True,2x / 3x points,retail,Premium Retail,Woolworths Metro,3x points on retail,0.15836122934409155,0.12676684753634543,0.11011277298150887,2267.41,802.6242795210616,2402.25,0.2908998344111021,1.0,0.125,0.318275
M01095,core,Japan,Threshold Chaser,True,"Spend X, get Y back",retail,Premium Retail,Tomod's,Spend & get-back at Tomod's,0.15403366432790055,0.11798255260464433,0.15334829693222307,3285.95,176.72803375207374,3285.9500000000003,0.2988137407993439,1.0,0.5,0.1283
M01096,gold,Singapore,Already Loyal,False,No incentive,lodging,Hotel,Hotel Sophia,—,0.15182484033931512,0.11175498598222237,0.10721989467976775,8002.0,131.8389748650108,8002.0,0.267214912196095,0.875,0.0,0.04
M01097,gold,Singapore,Immediate Value Seeker,True,Cashback / statement credit,lodging,Hotel,Hotel New Washington,Cashback at Hotel New Washington,0.16160388230880493,0.11845022190163032,0.12846444554765316,3629.3199999999997,8.449326646825853,3629.3199999999997,0.3539997069313507,1.0,0.0,0.1166
M01098,gold,Hong Kong,Category Loyalist,True,Category-specific reward,retail,Premium Retail,Place du Tertre,Premium Retail reward (retail),0.23104404361397218,0.19177255170539573,0.23760930287494406,894.27,2874.8108370231676,893.27,0.8020760606768277,1.0,0.0,0.04
M01099,core,Japan,Category Loyalist,True,Category-specific reward,retail,Premium Retail,Shibuya G'Club,Premium Retail reward (retail),0.18506410253132113,0.14910292787654414,0.1676146255519213,2483.2200000000003,243.70734751821823,2679.43,0.510221701976059,1.0,0.0,0.24953333333333336
M01100,gold,Hong Kong,Points Optimiser,True,2x / 3x points,retail,Premium Retail,Takashimaya,3x points on retail,0.15802083918749626,0.13238139059840817,0.11146608296909938,3625.1700000000005,1113.5979701140222,3666.1200000000003,0.4374283935647307,1.0,0.05263157894736842,0.31585
M01101,gold,Singapore,Points Optimiser,True,2x / 3x points,dining,Fine Dining,Le Consulat,3x points on dining,0.1850338048622629,0.1850338048622629,0.16734873445549867,856.06,985.6068863471447,1110.32,0.35058825209437156,1.0,0.2857142857142857,0.42025
M01103,platinum,Australia,Already Loyal,False,No incentive,lodging,Upscale Hotel,Hôtel Caron de Beaumarchais,—,0.14929326556267025,0.14929326556267025,0.12667247247686916,9487.16,2424.093156138029,10412.43,0.36825917886936754,1.0,0.4,0.3109166666666667
M01104,gold,Singapore,Low Responsiveness,False,No incentive,dining,Fine Dining,Daniel's Donuts,—,0.1076927204746449,0.1076927204746449,0.1015156714410676,9259.7,1811.6893436370174,9259.7,0.5474656872622268,1.0,0.125,0.055400000000000005
M01105,core,Singapore,Immediate Value Seeker,True,Cashback / statement credit,retail,Premium Retail,Nishiki Market stalls,Cashback at Nishiki Market stalls,0.161524888378531,0.12510869657756402,0.1620341583898195,3570.9700000000003,1875.981281629852,3892.0099999999998,0.3897457247832939,1.0,0.1111111111111111,0.30183333333333334
M01106,gold,Singapore,Points Optimiser,True,2x / 3x points,transport,Local Transit,KAI Commuter,3x points on transport,0.4,0.4,0.3472295095554873,55.519999999999996,614.9202629985955,69.92999999999999,0.25072051684378305,1.0,0.0,0.8005
M01107,core,Japan,Low Responsiveness,False,No incentive,lodging,Upscale Hotel,Four Seasons Hong Kong,—,0.0959642999347769,0.0959642999347769,0.14974262643904132,2024.81,135.5890970769721,2039.12,0.47267840092477087,1.0,0.0,0.30963333333333337
M01109,gold,Japan,Points Optimiser,True,2x / 3x points,retail,Premium Retail,Woolworths Metro,3x points on retail,0.14978032626342494,0.12095746481995458,0.10202764219006824,2472.56,162.60222271261836,2488.19,0.36495076664976717,1.0,0.125,0.055400000000000005
M01111,core,Australia,Threshold Chaser,True,"Spend X, get Y back",dining,Fine Dining,Bird Land,Spend & get-back at Bird Land,0.1284731628303595,0.1284731628303595,0.16011710677521399,373.73,3.787418317581796,405.24,0.3077554325085044,1.0,0.5,0.1166
M01112,core,Australia,Immediate Value Seeker,True,Cashback / statement credit,dining,Fine Dining,Maxwell Food Centre,Cashback at Maxwell Food Centre,0.17455860916196844,0.13020044138827863,0.16647331198404328,3990.41,1373.9530078117978,4364.599999999999,0.3682772200783941,1.0,0.23076923076923078,0.36762
M01113,core,Hong Kong,Immediate Value Seeker,True,Cashback / statement credit,lodging,Hotel,Royal Plaza Hotel,Cashback at Royal Plaza Hotel,0.18787572241616454,0.18787572241616454,0.21753524635308563,936.67,105.01839326160479,936.67,0.33966715780850865,1.0,0.25,0.14
M01114,platinum,Hong Kong,Fee-Sensitive Traveller,False,No incentive (FX-offset out of scope),retail,Premium Retail,Wako,—,0.1366707385701732,0.1366707385701732,0.11790674550038871,799.04,7.981590966468019,966.11,0.25671900761523436,1.0,0.25,0.45855
M01115,platinum,Australia,Already Loyal,False,No incentive,dining,Fine Dining,Ginza Kagari,—,0.14529103074907612,0.11876914122113573,0.09811255939965992,9797.41,332.04647045169725,11899.89,0.31657701189242676,0.8695652173913043,0.2608695652173913,0.2263666666666667
M01117,core,Australia,Low Responsiveness,False,No incentive,dining,Fine Dining,Din Tai Fung ION,—,0.1054856846355422,0.1054856846355422,0.16262187701449443,1212.9,83.16954974580636,1212.8999999999999,0.2777979139127819,0.7777777777777778,0.2222222222222222,0.21209999999999998
M01118,core,Hong Kong,Merchant Explorer,True,Merchant-specific voucher,retail,Premium Retail,Frisbee,Frisbee voucher,0.16026633149968092,0.12842216288842173,0.17351132383179224,5222.13,1583.8641184749324,5513.36,0.3361502554753948,0.8620689655172413,0.2413793103448276,0.164
M01119,core,Singapore,Fee-Sensitive Traveller,False,No incentive (FX-offset out of scope),dining,Fine Dining,Armando al Pantheon,—,0.13438571584792375,0.13438571584792375,0.1634520934993332,1479.49,1194.0037473580505,1513.48,0.301958377002904,1.0,0.16666666666666666,0.3642714285714286
M01120,core,Singapore,Immediate Value Seeker,True,Cashback / statement credit,lodging,Upscale Hotel,Sebel Melbourne,Cashback at Sebel Melbourne,0.12796071839113374,0.12796071839113374,0.16354321651563475,683.8299999999999,14.877246061562722,683.8299999999999,0.2896559277031615,1.0,0.25,0.04
M01121,platinum,Japan,Immediate Value Seeker,True,Cashback / statement credit,dining,Fine Dining,Armando al Pantheon,Cashback at Armando al Pantheon,0.15812561739077335,0.12289411469640998,0.12591341264589775,1866.68,1439.3656403014866,1866.68,0.26690133397880533,1.0,0.14285714285714285,0.26395
M01122,gold,Singapore,Points Optimiser,True,2x / 3x points,dining,Fine Dining,Kyubey,3x points on dining,0.1572855686291021,0.12796710189358598,0.09928400183294915,5317.19,369.6030196138513,5448.71,0.3181802978801333,1.0,0.15789473684210525,0.2888833333333333
M01123,gold,Singapore,Points Optimiser,True,2x / 3x points,lodging,Upscale Hotel,Keraton at The Plaza,3x points on lodging,0.2316856214934328,0.2316856214934328,0.155641564066642,25.78,133.6746580887186,552.27,0.32349688276577415,1.0,0.0,0.8005
M01124,core,Singapore,Already Loyal,False,No incentive,lodging,Upscale Hotel,Dusankyubekseuradena Condominium,—,0.14825842251994534,0.11876941736955413,0.13052753452055513,21970.21,3241.2509272419215,26133.8,0.7771710250284274,0.875,0.075,0.4456833333333334
M01126,core,Singapore,Fee-Sensitive Traveller,False,No incentive (FX-offset out of scope),retail,Premium Retail,Merci,—,0.12395872421060836,0.11797997133989338,0.13458036644063454,6406.39,463.47159096476304,6423.129999999999,0.5321597206921903,1.0,0.125,0.3855
M01128,gold,Singapore,Merchant Explorer,True,Merchant-specific voucher,retail,Electronics,au Shop,au Shop voucher,0.1530248562460665,0.14328053018972928,0.11528888459596058,12176.81,2065.930292089699,12725.65,0.3030833750477452,0.9642857142857143,0.39285714285714285,0.1989875
M01129,centurion,Singapore,Merchant Explorer,True,Merchant-specific voucher,transport,Premium Transport,Italo,Italo voucher,0.1925913306915834,0.1556465288981664,0.12222963377049599,12819.2,6170.717468808447,17074.63,0.37149468941438013,1.0,0.14285714285714285,0.27321249999999997
M01130,gold,Hong Kong,Already Loyal,False,No incentive,dining,Fine Dining,Gwangjang Market stalls,—,0.13888645364833274,0.1300606411381371,0.11741081780506848,17213.5,1875.2968348071133,17213.5,0.36082866409265596,0.9629629629629629,0.18518518518518517,0.13575714285714285
M01132,platinum,Japan,Already Loyal,False,No incentive,dining,Fast Food,KFC,—,0.12578707540052933,0.10258382786796783,0.08635138606869272,16114.27,1624.5818520146884,17091.39,0.6266703115173347,1.0,0.08333333333333333,0.23744285714285715
M01133,core,Hong Kong,Points Optimiser,True,2x / 3x points,lodging,Mid-scale Hotel,The Sukhothai,3x points on lodging,0.32627751684780854,0.32627751684780854,0.281541346481768,82.64,62.96502476008494,335.92,0.34220246611467675,1.0,0.2,0.38655
M01134,core,Hong Kong,Category Loyalist,True,Category-specific reward,dining,Fine Dining,Flora,Fine Dining reward (dining),0.1633756297566019,0.12038507543665775,0.16589345992409285,2354.31,202.4671903966498,3989.7200000000003,0.5681062132890777,1.0,0.1111111111111111,0.27103333333333335
M01135,centurion,Singapore,Threshold Chaser,True,"Spend X, get Y back",retail,Premium Retail,Chinatown Complex,Spend & get-back at Chinatown Complex,0.14918857356039045,0.1219543764210039,0.11851260626883904,2269.49,64.5291519182253,2269.4900000000002,0.336830061133352,1.0,0.5,0.11480000000000001
M01137,core,Singapore,Low Responsiveness,False,No incentive,lodging,Upscale Hotel,W Bali Seminyak,—,0.11442829252984374,0.11442829252984374,0.1340888875831244,212.74,443.1070343756212,1041.45,0.4601447375344724,1.0,0.4,0.6860333333333334
M01139,gold,Singapore,Category Loyalist,True,Category-specific reward,lodging,Upscale Hotel,St. Regis Singapore,Upscale Hotel reward (lodging),0.12043348498908978,0.12043348498908978,0.11407152536278067,5498.780000000001,311.8628138001436,6337.25,0.655454500200204,1.0,0.0,0.2211
M01140,core,Singapore,Already Loyal,False,No incentive,retail,Electronics,Samsung Digital Plaza,—,0.14947105531886085,0.1214321831195174,0.13545544547914168,6118.02,2853.116689587341,7198.89,0.2676401305977637,0.9454545454545454,0.2909090909090909,0.31385555555555555
M01141,core,Singapore,Immediate Value Seeker,True,Cashback / statement credit,dining,Cafe & Coffee,Mido Cafe,Cashback at Mido Cafe,0.1691788436819323,0.12255873078807038,0.1746802420275325,2652.96,445.6631579910998,2674.32,0.34685164749541597,1.0,0.3333333333333333,0.24316666666666667
M01142,gold,Singapore,Points Optimiser,True,2x / 3x points,dining,Fine Dining,Fujiya Restaurant,3x points on dining,0.14440521130039938,0.1113830063351284,0.10811032923471857,4249.85,9.187041453103802,4249.85,0.29012799700862596,1.0,0.25,0.1166
M01143,core,Singapore,Immediate Value Seeker,True,Cashback / statement credit,dining,Fine Dining,Yung Kee,Cashback at Yung Kee,0.12294215604620952,0.12294215604620952,0.15054721015936987,4215.82,77.73521148445843,4215.82,0.37687312266071193,1.0,0.25,0.07333333333333335
M01144,core,Australia,Low Responsiveness,False,No incentive,lodging,Upscale Hotel,Grand Hyatt Kuala Lumpur,—,0.11568415590719874,0.11568415590719874,0.1718642210919338,112.99,9.64798251530258,1246.33,0.6507296146575208,1.0,0.25,0.4729
M01145,core,Singapore,Threshold Chaser,True,"Spend X, get Y back",dining,Fine Dining,Zuboraya,Spend & get-back at Zuboraya,0.1548244976914547,0.1167192222739013,0.1583454530402976,5521.39,641.6014497458114,5521.39,0.4724648334614029,1.0,0.375,0.1283
M01146,gold,Singapore,Points Optimiser,True,2x / 3x points,retail,Premium Retail,Patong Beach Road shops,3x points on retail,0.34225729304746266,0.34225729304746266,0.32079170633984283,130.45,312.1888704054442,1854.87,0.32996711051531374,1.0,0.3,0.3630333333333333
M01148,gold,Hong Kong,Points Optimiser,True,2x / 3x points,dining,Fine Dining,Din Tai Fung Pavilion,3x points on dining,0.12488629524170355,0.12488629524170355,0.10555013485063433,1278.6,1721.452549106604,3004.54,0.2996533852721634,1.0,0.0,0.25645
M01149,platinum,Hong Kong,Fee-Sensitive Traveller,False,No incentive (FX-offset out of scope),dining,Fine Dining,山頭火,—,0.1472901414936068,0.1472901414936068,0.12158066564736902,1541.93,53.481322389797874,2418.34,0.4153388704858343,1.0,0.06666666666666667,0.5013
M01151,core,United States,Low Responsiveness,False,No incentive,lodging,Hotel,New Seoul Hotel,—,0.10827571706735177,0.10827571706735177,0.1555190153594192,1549.7,157.87661962899585,1679.04,0.42109946774301393,1.0,0.1111111111111111,0.5006666666666667
M01152,core,Singapore,Fee-Sensitive Traveller,False,No incentive (FX-offset out of scope),dining,Fine Dining,Kyubey,—,0.1204850395256841,0.1204850395256841,0.14607729034510808,3229.94,35.40191969514483,3826.8799999999997,0.4883881854095936,1.0,0.09090909090909091,0.4633333333333333
M01153,gold,Singapore,Already Loyal,False,No incentive,retail,Premium Retail,Merci,—,0.14475960941495372,0.12289670005809203,0.10662756214120103,4901.72,2153.138888068925,7383.610000000001,0.3360166116320084,1.0,0.3333333333333333,0.27103333333333335
M01154,core,Singapore,Category Loyalist,True,Category-specific reward,dining,Casual Dining,Dunkin Donuts,Casual Dining reward (dining),0.37467148524171406,0.37467148524171406,0.2514201562537639,56.97,489.5256651020963,59.0,0.5020114334961218,1.0,0.0,0.8005
M01155,gold,United States,Category Loyalist,True,Category-specific reward,dining,Fine Dining,Le Consulat,Fine Dining reward (dining),0.2867969856565783,0.2867969856565783,0.2453835815137208,875.58,1547.0508159024114,873.58,0.7250804221346501,1.0,0.0,0.04
M01156,core,Singapore,Immediate Value Seeker,True,Cashback / statement credit,dining,Fine Dining,Kyubey,Cashback at Kyubey,0.12783348940792594,0.12783348940792594,0.15234396047147722,1476.59,15.257025341099464,1476.59,0.3641320594830154,1.0,0.0,0.1166
M01157,core,Australia,Immediate Value Seeker,True,Cashback / statement credit,retail,Premium Retail,ION Orchard,Cashback at ION Orchard,0.15671353445614483,0.15671353445614483,0.17011251162764754,296.22,0.0,316.67,0.33907212176817647,1.0,0.25,0.0896
M01158,gold,United States,Points Optimiser,True,2x / 3x points,dining,Fine Dining,Jumbo Seafood,3x points on dining,0.11988026512536046,0.11988026512536046,0.10713492880446406,4255.05,0.0,4255.05,0.3589436754751084,1.0,0.0,0.0896
M01159,gold,Singapore,Category Loyalist,True,Category-specific reward,retail,Luxury,Gucci,Luxury reward (retail),0.24683109920683072,0.21009340460925835,0.20845529856652312,922.34,1032.537183900001,921.3399999999999,0.5159357964154561,1.0,0.3333333333333333,0.0708
M01160,core,Singapore,Merchant Explorer,True,Merchant-specific voucher,dining,Fine Dining,Ginza Kagari,Ginza Kagari voucher,0.1395251350578625,0.1395251350578625,0.16475736205777447,2032.52,1308.1096599850202,2409.64,0.4247579305990855,1.0,0.125,0.34175
M01161,gold,Hong Kong,Category Loyalist,True,Category-specific reward,dining,Street & Local,Dunkin Donuts,Street & Local reward (dining),0.4,0.4,0.4,9.55,93.68575427926044,9.55,1.0,1.0,0.0,0.8005
M01162,core,Singapore,Category Loyalist,True,Category-specific reward,retail,Premium Retail,"Web Marketing Team srl - SEO, SEM, SOCIAL e WEB 2.0",Premium Retail reward (retail),0.24932740620357255,0.24932740620357255,0.2833968275771598,342.28999999999996,1592.2600846632502,340.28999999999996,0.6375314678040883,1.0,0.5,0.0708
M01163,centurion,Singapore,Already Loyal,False,No incentive,dining,Fine Dining,Muan Fish Restaurant,—,0.13877245870525776,0.13052382021374,0.08776393405339455,12526.21,5617.474931957294,14140.67,0.34186057365541095,1.0,0.26666666666666666,0.3344
M01164,gold,Australia,Already Loyal,False,No incentive,dining,Fine Dining,Kukuru Takoyaki,—,0.12060398241392695,0.12060398241392695,0.06665393587753472,22004.61,8230.939354986622,22004.61,0.44484987895260153,1.0,0.1,0.07579999999999999
M01165,core,Singapore,Low Responsiveness,False,No incentive,dining,Fine Dining,Cho Raku,—,0.10601832285057942,0.10601832285057942,0.14739203392641265,2493.2200000000003,40.5973269002554,2493.2200000000003,0.39327526220064624,1.0,0.2,0.28685
M01167,platinum,Hong Kong,Points Optimiser,True,2x / 3x points,transport,Rail & Metro,Seoul Metro,3x points on transport,0.11992962532389309,0.11992962532389309,0.10709844697995238,1529.3,5.4623614403167835,1529.3,0.3057238281153177,1.0,0.25,0.04
M01168,platinum,Hong Kong,Points Optimiser,True,2x / 3x points,dining,Fine Dining,Buca dell'Orafo,3x points on dining,0.12940055148158913,0.12940055148158913,0.12675247494492395,1706.67,2477.7508964140634,1706.67,0.30417314504774207,1.0,0.25,0.0708
M01169,core,United States,Fee-Sensitive Traveller,False,No incentive (FX-offset out of scope),retail,Premium Retail,Urban Artsan,—,0.13738381061703492,0.13738381061703492,0.15993727746657957,556.3499999999999,1262.0523203186146,1051.3899999999999,0.3271527417279672,1.0,0.2,0.5297999999999999
M01170,gold,Singapore,Threshold Chaser,True,"Spend X, get Y back",retail,Premium Retail,Kyoto Craft Center,Spend & get-back at Kyoto Craft Center,0.20108715856614984,0.20108715856614984,0.19786996991163183,906.77,456.2337493799592,930.99,0.3888310335778399,1.0,0.4,0.28685
M01171,gold,Singapore,Category Loyalist,True,Category-specific reward,dining,Fine Dining,Jumbo Seafood,Fine Dining reward (dining),0.1533066633700676,0.1533066633700676,0.1279816535386931,417.53999999999996,0.0,439.52,0.524515930167523,1.0,0.0,0.0896
M01172,gold,Australia,Points Optimiser,True,2x / 3x points,lodging,Upscale Hotel,The Hoxton Paris,3x points on lodging,0.14940487776463862,0.11641551961573032,0.10027907761435706,5277.67,687.5617824885943,6560.28,0.3432946726459386,1.0,0.21428571428571427,0.33835
M01173,core,United States,Merchant Explorer,True,Merchant-specific voucher,dining,Fine Dining,L'As du Fallafel,L'As du Fallafel voucher,0.16233038947385006,0.10842351896761615,0.137870217095333,7510.31,532.0511277040482,8694.71,0.2899560728897539,1.0,0.3333333333333333,0.32381666666666664
M01174,core,Singapore,Fee-Sensitive Traveller,False,No incentive (FX-offset out of scope),retail,Premium Retail,Mitsukoshi Ginza,—,0.14848020384712832,0.12198742771787195,0.1510213731895626,3951.8100000000004,634.9788039619974,4719.77,0.4750126599602815,0.9444444444444444,0.1111111111111111,0.46399999999999997
M01176,gold,Japan,Immediate Value Seeker,True,Cashback / statement credit,transport,Premium Transport,Funiculaire de Montmartre,Cashback at Funiculaire de Montmartre,0.1356505894455114,0.1356505894455114,0.14646469923739858,309.65999999999997,260.939232855461,309.66,0.2918674267813839,1.0,0.0,0.04
M01178,core,Hong Kong,Immediate Value Seeker,True,Cashback / statement credit,dining,Fine Dining,Jumbo Seafood,Cashback at Jumbo Seafood,0.20742872899601644,0.20742872899601644,0.22255740992444475,1625.83,2440.399047019785,1635.09,0.43406796075272386,1.0,0.3333333333333333,0.0648
M01179,core,Singapore,Category Loyalist,True,Category-specific reward,dining,Fine Dining,Yat Lok,Fine Dining reward (dining),0.1763218415844179,0.12931995188081258,0.15683849271522463,6570.08,972.48880387693,6630.5,0.5003541848780444,0.8235294117647058,0.17647058823529413,0.26216
M01180,platinum,Singapore,Threshold Chaser,True,"Spend X, get Y back",lodging,Upscale Hotel,JW Marriott Bangkok,Spend & get-back at JW Marriott Bangkok,0.3003380039987449,0.3003380039987449,0.27646550362045713,61.86,68.63428227515158,301.37,0.46818212953866967,1.0,0.6,0.38655
M01182,core,Japan,Immediate Value Seeker,True,Cashback / statement credit,dining,Fine Dining,가온(미쉐린가이드/한식),Cashback at 가온(미쉐린가이드/한식),0.18062832564408007,0.1367427855414958,0.16600938535164314,2770.04,752.4673006315743,2786.08,0.32178335534612185,1.0,0.14285714285714285,0.41472
M01184,core,Japan,Immediate Value Seeker,True,Cashback / statement credit,dining,Fine Dining,아리양,Cashback at 아리양,0.1374299471445325,0.1374299471445325,0.16798465883590574,782.85,573.4132933390524,840.73,0.31947879882492797,1.0,0.18181818181818182,0.3233333333333333
M01186,platinum,Hong Kong,Already Loyal,False,No incentive,retail,Premium Retail,Aerim Florist,—,0.1517966901631013,0.1517966901631013,0.07070216169675407,14746.79,6332.936568522521,15463.69,0.3337082348546313,1.0,0.3181818181818182,0.3278142857142857
M01187,gold,Hong Kong,Points Optimiser,True,2x / 3x points,dining,Fine Dining,I Dolci di Patrizio Cosi,3x points on dining,0.20040665176835198,0.20040665176835198,0.19923350609313173,1219.8600000000001,1894.4028052688873,1218.86,0.42947008468707565,1.0,0.3333333333333333,0.0708
M01188,core,Singapore,Already Loyal,False,No incentive,dining,Fine Dining,Basket Brothers,—,0.13928205650553033,0.09133860989997417,0.14276148123412521,18700.57,1928.5487447266364,19005.36,0.5890729657825451,1.0,0.21428571428571427,0.3119416666666667
M01189,gold,Japan,Low Responsiveness,False,No incentive,retail,Convenience,City Convenience Store,—,0.11028027895240272,0.11028027895240272,0.05739523551165793,19806.28,2125.8374590503413,19818.86,0.5996978365755685,1.0,0.06666666666666667,0.15315
M01190,gold,Australia,Immediate Value Seeker,True,Cashback / statement credit,dining,Fine Dining,Jumbo Seafood,Cashback at Jumbo Seafood,0.16472089484849864,0.12252633189851045,0.12486794364374913,3618.0600000000004,2146.965342779664,3618.0600000000004,0.3263161146864496,1.0,0.18181818181818182,0.21109999999999998
M01191,core,Singapore,Already Loyal,False,No incentive,dining,Fine Dining,Kyubey,—,0.1487449498148642,0.12558969003497333,0.134693014132996,8520.92,796.5592547601631,8523.869999999999,0.37300077967732587,1.0,0.1875,0.15406
M01192,gold,Singapore,Points Optimiser,True,2x / 3x points,dining,Fine Dining,Two Fingers,3x points on dining,0.17116301283772334,0.12692235517040076,0.11949180501959447,4411.15,914.0253323259401,5132.61,0.3398576722977312,1.0,0.25,0.29476
M01193,centurion,Japan,Points Optimiser,True,2x / 3x points,lodging,Upscale Hotel,Dusankyubekseuradena Condominium,3x points on lodging,0.16219259913153639,0.13481966105336599,0.1038145394596969,10593.980000000001,1590.9111976901597,13357.54,0.44687671713169835,1.0,0.1875,0.186525
M01194,gold,Australia,Already Loyal,False,No incentive,retail,Premium Retail,Merci,—,0.11876027360741477,0.11876027360741477,0.06848589426192414,27458.800000000003,2401.977156323192,27702.45,0.30549247090240433,1.0,0.1875,0.1333
M01195,core,Hong Kong,Already Loyal,False,No incentive,retail,Premium Retail,Namba Parks,—,0.1402491748551059,0.12887838844120464,0.156518335168078,9295.460000000001,2933.466913119436,9339.88,0.3686806842632233,0.90625,0.1875,0.0672888888888889
M01197,gold,Singapore,Already Loyal,False,No incentive,retail,Premium Retail,Kagui,—,0.13597871291719213,0.13597871291719213,0.06874401713884105,11541.98,1045.4337939414174,12705.369999999999,0.409184208071693,1.0,0.3333333333333333,0.5364142857142857
M01198,core,Hong Kong,Low Responsiveness,False,No incentive,transport,Premium Transport,Santa Maria Novella,—,0.11550009305284437,0.11550009305284437,0.15092284243082557,2881.4900000000002,2070.2202681756626,2881.49,0.3639509256688957,0.9166666666666666,0.4166666666666667,0.09386666666666667
M01199,platinum,Singapore,Points Optimiser,True,2x / 3x points,dining,Fine Dining,L'As du Fallafel,3x points on dining,0.15414051555013986,0.1370813320231392,0.10125134679536649,8301.71,4997.5845625316715,8358.75,0.2765816314077863,1.0,0.13333333333333333,0.299125
M01200,core,Australia,Category Loyalist,True,Category-specific reward,lodging,Upscale Hotel,D Plan Backpackers,Upscale Hotel reward (lodging),0.15348435252848464,0.1457331626984813,0.14872759673622926,3107.09,938.8535972794901,3154.44,0.5098075700989346,0.9090909090909091,0.36363636363636365,0.04
M01202,gold,Singapore,Immediate Value Seeker,True,Cashback / statement credit,retail,Premium Retail,Nishiki Market stalls,Cashback at Nishiki Market stalls,0.15647816768627276,0.12011647674321194,0.13199146088789934,1452.59,902.2633274380084,1452.5900000000001,0.3343056482379861,1.0,0.25,0.1166
M01203,gold,Japan,Immediate Value Seeker,True,Cashback / statement credit,dining,Fine Dining,Yat Lok,Cashback at Yat Lok,0.11725448642473348,0.11725448642473348,0.1245756425173535,893.93,136.6502930498677,893.9300000000001,0.4447603870830662,1.0,0.25,0.14
M01205,core,Australia,Fee-Sensitive Traveller,False,No incentive (FX-offset out of scope),lodging,Upscale Hotel,Hyatt Regency Kyoto,—,0.13263414927630096,0.13263414927630096,0.1660369822985459,1261.35,1776.7711248822493,1967.8,0.3227481128452877,0.9375,0.375,0.36452
M01206,gold,Hong Kong,Category Loyalist,True,Category-specific reward,retail,Premium Retail,Campo de' Fiori market,Premium Retail reward (retail),0.21281572473827973,0.18251655824843604,0.1975779674383524,1536.0300000000002,775.8595568655481,1535.0300000000002,0.5199405553828275,1.0,0.0,0.0708
M01207,platinum,Singapore,Fee-Sensitive Traveller,False,No incentive (FX-offset out of scope),retail,Premium Retail,Banana Travel & Tours,—,0.12505113418429026,0.12505113418429026,0.14133219092599777,968.5699999999999,1734.9788659566586,1137.5,0.30200233672261806,1.0,0.25,0.6367
M01209,platinum,Hong Kong,Already Loyal,False,No incentive,dining,Fine Dining,Madame nhu,—,0.12074326020893392,0.09832529853741777,0.10144198769016002,27419.399999999998,1001.8666119845145,27419.4,0.5526264787649765,1.0,0.1,0.132
M01212,core,Hong Kong,Category Loyalist,True,Category-specific reward,lodging,Upscale Hotel,Hôtel Particulier Montmartre,Upscale Hotel reward (lodging),0.17169040754550738,0.17169040754550738,0.22053926023308998,464.83000000000004,651.8692417483151,463.83000000000004,0.5054901364412717,1.0,0.3333333333333333,0.04
M01214,gold,United States,Points Optimiser,True,2x / 3x points,lodging,Upscale Hotel,Hyatt Regency Kyoto,3x points on lodging,0.23069587404566352,0.19024733133158905,0.17307585072918724,2418.29,1697.3172128749043,2418.29,0.46345875071796827,1.0,0.0,0.2163
M01216,core,Hong Kong,Low Responsiveness,False,No incentive,dining,Fine Dining,Korean Beef Village,—,0.114654489949178,0.114654489949178,0.15147057369560463,648.96,308.6051047212762,648.96,0.2928731824165516,1.0,0.2857142857142857,0.178
M01217,core,Japan,Immediate Value Seeker,True,Cashback / statement credit,retail,Premium Retail,Ladies' Market,Cashback at Ladies' Market,0.17456223360521225,0.12866703325706086,0.1780823171136982,2172.58,289.0487954438349,2172.58,0.2927986578359052,1.0,0.0,0.14
M01218,gold,Hong Kong,Points Optimiser,True,2x / 3x points,lodging,Upscale Hotel,Pobi Guest House,3x points on lodging,0.12218524758391315,0.12218524758391315,0.10918434705909957,6289.91,2132.3111479006757,6289.91,0.48189457327305596,1.0,0.3333333333333333,0.04
M01219,gold,Australia,Immediate Value Seeker,True,Cashback / statement credit,dining,Cafe & Coffee,Espresso Bar International,Cashback at Espresso Bar International,0.1527857694270927,0.1095949589216169,0.12245640441646777,5962.85,113.51830539047558,5962.85,0.2676069343129306,1.0,0.25,0.04
M01220,platinum,Hong Kong,Already Loyal,False,No incentive,dining,Fine Dining,Pellegrini's,—,0.1508926289271876,0.12092934031954079,0.11854078369185045,12219.19,408.0136960109145,12219.19,0.33244514566595773,1.0,0.0,0.24855
M01222,gold,Hong Kong,Points Optimiser,True,2x / 3x points,transport,Premium Transport,Kakao T,3x points on transport,0.1169081940016316,0.1169081940016316,0.1008888507415737,1184.97,669.30994083989,1205.1100000000001,0.3085582078721364,1.0,0.3,0.2763
M01224,gold,Australia,Already Loyal,False,No incentive,dining,Cafe & Coffee,Puzzle Coffee,—,0.14695781799589755,0.1165066545460367,0.09821963587123825,6531.15,2609.9494189001853,6875.09,0.28408448413936754,1.0,0.25,0.12815
M01225,core,Australia,Immediate Value Seeker,True,Cashback / statement credit,dining,Fast Food,Pizza Lucio,Cashback at Pizza Lucio,0.1648766864438666,0.12386017991550725,0.14425747048742044,9653.28,918.1692992496612,9663.56,0.36508916962212773,0.9375,0.1875,0.27196000000000004
M01229,platinum,Japan,Threshold Chaser,True,"Spend X, get Y back",dining,Fine Dining,Hydeaway,Spend & get-back at Hydeaway,0.16480161242588223,0.13532861380563527,0.11488607111080677,6742.72,2539.8239636396065,6742.72,0.27430714498918507,0.9,0.4,0.18313333333333334
M01233,core,Singapore,Category Loyalist,True,Category-specific reward,lodging,Mid-scale Hotel,Khách Sạn Hanoi Serenity Diamond,Mid-scale Hotel reward (lodging),0.260296482647815,0.260296482647815,0.14156828785380926,100.44999999999999,275.92701456817434,100.44999999999999,0.588958417831555,1.0,0.0,0.316
M01234,core,Singapore,Already Loyal,False,No incentive,dining,Fine Dining,Yung Kee,—,0.15012727858625557,0.10146799876244858,0.1390587588101939,15540.279999999999,258.5778921702637,15658.429999999998,0.5457577128256256,0.75,0.2,0.1
M01236,core,United States,Immediate Value Seeker,True,Cashback / statement credit,dining,Fine Dining,Yat Lok,Cashback at Yat Lok,0.13257936647848648,0.13257936647848648,0.17185329933547402,1921.83,1073.1131225479949,2049.91,0.27847040376522997,1.0,0.16666666666666666,0.22263333333333335
M01237,core,Singapore,Already Loyal,False,No incentive,retail,Premium Retail,MSY Ultimo,—,0.1507779597603799,0.1507779597603799,0.13232892454434683,7282.0,2868.6484785283706,7282.0,0.5597380929496162,1.0,0.375,0.04
M01238,core,Singapore,Immediate Value Seeker,True,Cashback / statement credit,lodging,Upscale Hotel,Swissotel Nankai Osaka,Cashback at Swissotel Nankai Osaka,0.16689664178122857,0.11291131239458999,0.1522031851821435,4957.81,551.8277739236845,4957.8099999999995,0.3138497756915011,1.0,0.25,0.0783
M01240,core,Singapore,Immediate Value Seeker,True,Cashback / statement credit,retail,Premium Retail,People's Park Centre,Cashback at People's Park Centre,0.15929890028174098,0.12760120364672398,0.14684193590564398,2902.98,779.1599225628393,2913.52,0.33394920676495066,1.0,0.18181818181818182,0.330675
M01243,core,Australia,Immediate Value Seeker,True,Cashback / statement credit,lodging,Budget & Hostel,The Inn at the Roman Forum,Cashback at The Inn at the Roman Forum,0.19482171919445443,0.19482171919445443,0.21041462089389226,1363.26,3710.0129754165255,1362.26,0.3673754432679117,1.0,0.25,0.055400000000000005
M01245,core,Singapore,Points Optimiser,True,2x / 3x points,lodging,Upscale Hotel,The Ritz-Carlton Kuala Lumpur,3x points on lodging,0.17774344827259872,0.17774344827259872,0.16192018494276617,333.71000000000004,1139.6146713761834,1087.19,0.2906085632205203,1.0,0.0,0.2865666666666667
M01249,platinum,Japan,Points Optimiser,True,2x / 3x points,retail,Apparel,Viva - Street wear,3x points on retail,0.17297091931090494,0.15047953848218698,0.11539866699990001,2467.44,738.116032038472,2467.44,0.3130334205369131,1.0,0.16666666666666666,0.2163
M01250,centurion,United States,Already Loyal,False,No incentive,retail,Premium Retail,BHV Marais,—,0.13353884843995265,0.11480970725133177,0.09013081353040656,8546.880000000001,1394.4478382009963,8711.96,0.2922854726281218,1.0,0.26666666666666666,0.36893333333333334
M01251,gold,Australia,Fee-Sensitive Traveller,False,No incentive (FX-offset out of scope),retail,Premium Retail,Aerim Florist,—,0.15054142104449753,0.11417208799506084,0.09578818743426534,5527.45,500.5670751156821,5585.280000000001,0.2611990587637081,1.0,0.3,0.43779999999999997
M01254,gold,Singapore,Immediate Value Seeker,True,Cashback / statement credit,retail,Premium Retail,Namba Parks,Cashback at Namba Parks,0.15181058049532534,0.11402917052084642,0.12764857825503062,1342.9200000000003,976.9587040857846,1342.92,0.3008783226716254,1.0,0.2857142857142857,0.29475
M01257,core,Singapore,Low Responsiveness,False,No incentive,lodging,Upscale Hotel,The Ritz-Carlton Jakarta Pacific Place,—,0.11047115742142743,0.11047115742142743,0.13488420765776635,1178.5600000000002,12.847008574909644,1641.68,0.44114431717315883,1.0,0.09090909090909091,0.32683333333333336
M01258,platinum,Singapore,Threshold Chaser,True,"Spend X, get Y back",dining,Fine Dining,Bird Land,Spend & get-back at Bird Land,0.14749391979368054,0.14749391979368054,0.12886612165485586,1691.67,10.036959536290269,1691.67,0.42248945884938444,1.0,0.5,0.1166
M01259,gold,Singapore,Threshold Chaser,True,"Spend X, get Y back",dining,Cafe & Coffee,Mido Cafe,Spend & get-back at Mido Cafe,0.168241346692524,0.13622555833456831,0.11833485934927815,3682.54,3660.7412973839737,3689.83,0.33097400106613417,1.0,0.4,0.262825
M01261,gold,Australia,Points Optimiser,True,2x / 3x points,dining,Casual Dining,Pho Gia Truyen Bat Dan,3x points on dining,0.4,0.4,0.24481357830997655,40.730000000000004,383.58843080248744,123.36,0.31860745799414913,1.0,0.0,0.55825
M01262,core,Japan,Merchant Explorer,True,Merchant-specific voucher,dining,Fine Dining,Breizh Café,Breizh Café voucher,0.15546411148439276,0.1279301504299158,0.18151918594671684,10364.89,4386.160048387513,10718.33,0.4635993141297688,0.796875,0.203125,0.2705
M01264,core,Australia,Category Loyalist,True,Category-specific reward,dining,Fine Dining,Cong Caphe,Fine Dining reward (dining),0.188591957266125,0.188591957266125,0.16365338001326404,136.85,450.9398707643189,141.84,0.594618967647507,1.0,0.0,0.316
M01265,gold,Singapore,Category Loyalist,True,Category-specific reward,lodging,Budget & Hostel,Khách Sạn Hanoi Friends Inn,Budget & Hostel reward (lodging),0.19430795378570762,0.19430795378570762,0.14867920538298737,545.64,1105.8727805549447,707.14,0.5479530055739588,1.0,0.16666666666666666,0.55825
M01267,core,Australia,Immediate Value Seeker,True,Cashback / statement credit,dining,Fast Food,KFC,Cashback at KFC,0.15847655393614862,0.11223824134804192,0.16937812143615447,3510.87,173.7162948116253,3510.87,0.3290767142066614,1.0,0.25,0.04
M01268,platinum,Singapore,Low Responsiveness,False,No incentive,transport,Rail & Metro,Busan Metro Line 2,—,0.1131413842241996,0.1131413842241996,0.1120457661773688,1256.17,775.6856561156211,1256.17,0.4124851555326536,1.0,0.3333333333333333,0.178
M01269,platinum,Singapore,Points Optimiser,True,2x / 3x points,retail,Convenience,FamilyMart,3x points on retail,0.15632908085819927,0.12999071307351287,0.10420604941160291,6060.92,9.272603451409196,6417.74,0.3416568429043693,1.0,0.125,0.28685
M01270,core,Hong Kong,Category Loyalist,True,Category-specific reward,lodging,Budget & Hostel,Hanoi Social Club stay,Budget & Hostel reward (lodging),0.29716116482062693,0.29716116482062693,0.27566032143142283,39.5,266.3149695785088,43.08,0.533519292991209,1.0,0.0,0.316
M01273,centurion,Singapore,Merchant Explorer,True,Merchant-specific voucher,dining,Fine Dining,Songdo Fish Restaurant,Songdo Fish Restaurant voucher,0.15775778985299177,0.12170794581156162,0.10419540145483917,7239.969999999999,226.23482421366816,9215.4,0.2630190791602592,1.0,0.25,0.31189999999999996
M01274,gold,Australia,Merchant Explorer,True,Merchant-specific voucher,dining,Fine Dining,Din Tai Fung ION,Din Tai Fung ION voucher,0.17055681902877476,0.1395820936948935,0.1330784779824086,6834.27,4050.417422333147,8026.51,0.5626027748668454,1.0,0.047619047619047616,0.3336
M01275,core,Australia,Merchant Explorer,True,Merchant-specific voucher,transport,Premium Transport,ANM Napoli,ANM Napoli voucher,0.1345003583874632,0.13286725563261795,0.1317243484249138,4261.79,2523.2549153206323,4302.11,0.3954804879851996,0.9090909090909091,0.22727272727272727,0.20318333333333335
M01276,platinum,Singapore,Fee-Sensitive Traveller,False,No incentive (FX-offset out of scope),dining,Fine Dining,Breizh Café,—,0.13410489371327214,0.13410489371327214,0.09478763976045063,4331.78,1751.1096571412033,5144.09,0.3287004340745326,1.0,0.10526315789473684,0.4975333333333333
M01278,core,Singapore,Immediate Value Seeker,True,Cashback / statement credit,retail,Premium Retail,San Lorenzo Market,Cashback at San Lorenzo Market,0.15641820580013416,0.12076579711815517,0.1439235489747193,4669.85,3211.197530901419,5082.85,0.28946674829277896,1.0,0.29411764705882354,0.21358000000000002
M01280,gold,Australia,Merchant Explorer,True,Merchant-specific voucher,transport,Premium Transport,ATM Milano,ATM Milano voucher,0.15622769145885348,0.12412167132845742,0.11953046239485478,4972.41,2765.5359279698364,5004.08,0.3024950777988697,0.9642857142857143,0.25,0.2752
M01283,core,Singapore,Already Loyal,False,No incentive,retail,Premium Retail,Takashimaya,—,0.1275140286407519,0.11824944558044839,0.11096132607231197,7502.0599999999995,1431.3377630709529,9409.24,0.3825111636651456,0.8387096774193549,0.3548387096774194,0.34489000000000003
M01284,core,Hong Kong,Merchant Explorer,True,Merchant-specific voucher,lodging,Hotel,CB Hotel,CB Hotel voucher,0.16508923572340406,0.1163040458947649,0.15237455749640688,5434.93,1254.8857862458892,6452.25,0.3027263236681334,1.0,0.20833333333333334,0.3570875
M01285,gold,Singapore,Immediate Value Seeker,True,Cashback / statement credit,retail,Premium Retail,Tokyu Hands Namba,Cashback at Tokyu Hands Namba,0.17785855032909378,0.12598229075172454,0.15128792160662663,931.39,125.90518553915038,974.8,0.4127855910259845,1.0,0.25,0.1166
M01286,core,Singapore,Immediate Value Seeker,True,Cashback / statement credit,retail,Premium Retail,Campo de' Fiori market,Cashback at Campo de' Fiori market,0.1310898842735601,0.1310898842735601,0.17016527449110846,873.0699999999999,846.7640312054209,873.0699999999999,0.39306588551472205,1.0,0.14285714285714285,0.26395
M01288,core,Hong Kong,Immediate Value Seeker,True,Cashback / statement credit,dining,Cafe & Coffee,Mido Cafe,Cashback at Mido Cafe,0.18182488543454917,0.13620509814118326,0.17790205024207517,2230.2,847.1760475165141,2301.18,0.3141853425876679,1.0,0.18181818181818182,0.10013333333333334
M01289,core,Singapore,Low Responsiveness,False,No incentive,lodging,Hotel,Terrass'' Hotel,—,0.11362234152586945,0.11362234152586945,0.16885283017187425,1586.31,1743.9667931406561,1597.46,0.27432279204406607,1.0,0.4,0.19785999999999998
M01290,core,Australia,Immediate Value Seeker,True,Cashback / statement credit,dining,Fine Dining,Jalan Alor stalls,Cashback at Jalan Alor stalls,0.1595250238541912,0.1595250238541912,0.2200462476523314,37.8,9.370436721177365,462.54999999999995,0.3561592223021556,1.0,0.0,0.4729
M01291,centurion,Singapore,Points Optimiser,True,2x / 3x points,dining,Fast Food,Pizza Mole,3x points on dining,0.14739464391641274,0.11201990776426896,0.10302088610946819,3901.5499999999997,330.0361618608134,3901.55,0.28955266197018475,1.0,0.2222222222222222,0.3100333333333333
M01294,core,United States,Merchant Explorer,True,Merchant-specific voucher,dining,Fine Dining,酔香楼,酔香楼 voucher,0.15257002826072905,0.10889096288118358,0.14079767823232858,6966.24,277.9158613224835,8343.869999999999,0.3011281131759898,0.9210526315789473,0.2894736842105263,0.32843999999999995
M01296,gold,Singapore,Merchant Explorer,True,Merchant-specific voucher,lodging,Upscale Hotel,Hôtel Caron de Beaumarchais,Hôtel Caron de Beaumarchais voucher,0.1673889458892351,0.14513078385408873,0.1245947372065272,17441.68,5471.918074168362,19004.28,0.33911315839697465,0.9714285714285714,0.2857142857142857,0.26887
M01297,platinum,Singapore,Points Optimiser,True,2x / 3x points,dining,Fine Dining,Caffè San Pancrazio,3x points on dining,0.13525770447106014,0.13525770447106014,0.11979764813935018,1200.52,1349.5901077109097,1200.52,0.4403269477117007,1.0,0.0,0.0708
M01299,core,United States,Points Optimiser,True,2x / 3x points,dining,Fine Dining,SP Chicken,3x points on dining,0.22205844579127018,0.22205844579127018,0.19681754090541986,199.8,722.564728800091,205.48,0.3520341172413158,1.0,0.3333333333333333,0.4571
M01300,core,Japan,Immediate Value Seeker,True,Cashback / statement credit,dining,Fine Dining,Zuboraya,Cashback at Zuboraya,0.15974650814360983,0.13853547738367694,0.1385937249103252,7423.54,5027.634263604771,7555.22,0.33451110978662124,1.0,0.21052631578947367,0.2734666666666667
M01301,core,Australia,Immediate Value Seeker,True,Cashback / statement credit,retail,Premium Retail,Place du Tertre,Cashback at Place du Tertre,0.1580580725071754,0.1330900580733749,0.14881153274804387,3311.05,2442.263002206226,3513.5299999999997,0.31398883829759244,1.0,0.13333333333333333,0.2001
M01302,core,Singapore,Immediate Value Seeker,True,Cashback / statement credit,dining,Fine Dining,Maxwell Food Centre,Cashback at Maxwell Food Centre,0.16860179418588989,0.12331965988978724,0.17144076656508944,2807.7,395.8867686897957,2807.7000000000003,0.3568761614452638,1.0,0.18181818181818182,0.2263666666666667
M01304,gold,Singapore,Category Loyalist,True,Category-specific reward,dining,Fine Dining,Pho Gia Truyen Bat Dan,Fine Dining reward (dining),0.335483200212003,0.335483200212003,0.2375497267998548,77.35,529.4192730963166,90.98,0.6203912783597051,0.8571428571428571,0.14285714285714285,0.47750000000000004
M01305,platinum,Hong Kong,Merchant Explorer,True,Merchant-specific voucher,retail,Premium Retail,BHV Marais,BHV Marais voucher,0.15723538749187393,0.15723538749187393,0.10606301265277257,11812.539999999999,3798.37521798253,12618.14,0.369447598870901,0.95,0.1,0.28434545454545457
M01307,gold,Hong Kong,Points Optimiser,True,2x / 3x points,dining,Cafe & Coffee,Mido Cafe,3x points on dining,0.13750187579072787,0.13750187579072787,0.12545567697764373,547.73,639.2004816934732,549.6,0.38237003582332735,1.0,0.0,0.25733333333333336
M01309,core,United States,Fee-Sensitive Traveller,False,No incentive (FX-offset out of scope),lodging,Hotel,Terrass'' Hotel,—,0.12746619657397823,0.12746619657397823,0.16187036092665838,1303.33,1485.351918271657,1517.05,0.3171258798487336,1.0,0.26666666666666666,0.42762
M01310,core,Australia,Immediate Value Seeker,True,Cashback / statement credit,dining,Fine Dining,Mak's Noodle,Cashback at Mak's Noodle,0.1345978069880061,0.12747051682699037,0.15031133359497006,4589.9,928.4912473462589,4589.9,0.41378475618913596,1.0,0.2,0.1756
M01311,gold,Hong Kong,Category Loyalist,True,Category-specific reward,lodging,Budget & Hostel,Hilton Da Nang,Budget & Hostel reward (lodging),0.3736037132464031,0.3736037132464031,0.2787693057824625,14.94,116.73450419487274,14.94,1.0,1.0,0.0,0.316
M01312,core,Singapore,Low Responsiveness,False,No incentive,dining,Fine Dining,Mingles,—,0.10508370532999502,0.10508370532999502,0.1509104102702582,3929.52,20.035361029955084,3929.52,0.3219059308074914,1.0,0.5,0.04
M01313,core,Singapore,Already Loyal,False,No incentive,dining,Fine Dining,콩불,—,0.12074669011808108,0.12074669011808108,0.12170294098003387,20529.77,3298.5827981741772,20946.46,0.48568722997165603,0.9375,0.14583333333333334,0.3041733333333333
M01314,core,Singapore,Immediate Value Seeker,True,Cashback / statement credit,dining,Cafe & Coffee,Cafe De O'Sha,Cashback at Cafe De O'Sha,0.2158588981466906,0.2158588981466906,0.21998125842521296,244.64,1019.0780292045165,247.94,0.4771805829913457,1.0,0.0,0.6288
M01315,core,United States,Merchant Explorer,True,Merchant-specific voucher,lodging,Upscale Hotel,St. Regis Singapore,St. Regis Singapore voucher,0.17843723229997616,0.13036118286516213,0.18688989670545075,5074.9400000000005,2452.150662376424,5316.16,0.35040475315571146,1.0,0.21212121212121213,0.24742999999999998
M01316,core,Singapore,Immediate Value Seeker,True,Cashback / statement credit,retail,Premium Retail,Myeongdong Shopping Street,Cashback at Myeongdong Shopping Street,0.15529297443453116,0.11138448681893648,0.18512904399571398,1635.42,87.6775942266757,1635.42,0.28352131676547765,1.0,0.0,0.04
M01321,centurion,Singapore,Points Optimiser,True,2x / 3x points,transport,Premium Transport,Kakao T,3x points on transport,0.15822764049627622,0.11811135555167712,0.1082399231193759,3269.16,157.83972311948662,3269.16,0.2610652848751344,1.0,0.25,0.04
M01322,gold,Singapore,Points Optimiser,True,2x / 3x points,dining,Fine Dining,Lau Pa Sat nearby,3x points on dining,0.15262613153758692,0.12143959596196817,0.10794676645744825,2993.23,751.263957745619,2993.23,0.28323602387348695,1.0,0.0,0.27335
M01324,core,Hong Kong,Merchant Explorer,True,Merchant-specific voucher,retail,Premium Retail,Langham Place,Langham Place voucher,0.183622422150468,0.1562263250745098,0.1629992064129931,3984.9500000000003,962.002589339665,4420.18,0.5722931733359417,1.0,0.2,0.2930428571428571
M01326,platinum,Singapore,Points Optimiser,True,2x / 3x points,retail,Apparel,Uniqlo Ginza,3x points on retail,0.15760283370621658,0.13368035343950035,0.1022716564316241,4817.74,42.552198937725365,4817.74,0.44313498176729665,1.0,0.25,0.1166
M01327,platinum,Hong Kong,Points Optimiser,True,2x / 3x points,lodging,Hotel,Royal Plaza Hotel,3x points on lodging,0.1364059501223496,0.1364059501223496,0.12150583428094228,4408.6,186.33898280376025,4899.030000000001,0.4363595808623469,1.0,0.08333333333333333,0.324125
M01328,gold,Hong Kong,Merchant Explorer,True,Merchant-specific voucher,dining,Fine Dining,Lau Pa Sat nearby,Lau Pa Sat nearby voucher,0.15765217784787106,0.12679179641651406,0.1095185679653088,5540.03,807.1610834483059,6268.16,0.47623078894217363,1.0,0.2,0.4160142857142857
M01329,platinum,Japan,Threshold Chaser,True,"Spend X, get Y back",dining,Fine Dining,Yung Kee,Spend & get-back at Yung Kee,0.15341212714559171,0.12688935551512687,0.10793901752124005,5474.21,118.28950046054017,5474.21,0.3586276407276447,1.0,0.75,0.09000000000000001
M01330,gold,Singapore,Immediate Value Seeker,True,Cashback / statement credit,retail,Premium Retail,Chinatown Complex,Cashback at Chinatown Complex,0.13411857391697685,0.13411857391697685,0.14069031497622642,782.48,47.1975697967871,782.48,0.3881445485312475,1.0,0.0,0.0896
M01331,gold,United States,Merchant Explorer,True,Merchant-specific voucher,dining,Fine Dining,Mak's Noodle,Mak's Noodle voucher,0.168106813656334,0.13295231396606044,0.12982251499107952,18793.760000000002,3615.188149309357,18986.49,0.3675788107441511,1.0,0.2765957446808511,0.19205384615384616
M01332,core,Singapore,Low Responsiveness,False,No incentive,dining,Fine Dining,카페개네,—,0.10716078442978492,0.10716078442978492,0.16503615027424218,1140.08,98.00634418264109,1143.1399999999999,0.2535538425599253,1.0,0.4,0.324125
M01333,core,Singapore,Immediate Value Seeker,True,Cashback / statement credit,dining,Fine Dining,Yak Bar and Food,Cashback at Yak Bar and Food,0.18912595234830057,0.143422763091871,0.17318850384800216,2041.72,1017.2631726138462,2083.17,0.3848701717477025,1.0,0.11764705882352941,0.25528333333333336
M01334,core,Japan,Merchant Explorer,True,Merchant-specific voucher,retail,Premium Retail,Cotton On,Cotton On voucher,0.16026893946707646,0.12360735278479652,0.14411193959815496,4371.57,1328.7469700288113,4916.78,0.2829982684040371,1.0,0.29411764705882354,0.26392
M01336,core,Australia,Low Responsiveness,False,No incentive,dining,Fast Food,Matsuya,—,0.1145610691072244,0.1145610691072244,0.17004160407035046,1400.41,2.238005214443433,1400.41,0.3097803237827678,1.0,0.0,0.1166
M01340,platinum,United States,Points Optimiser,True,2x / 3x points,transport,Rail & Metro,Osaka Metro,3x points on transport,0.17941351923675586,0.14298012851042272,0.112582543083445,3599.87,590.7595151913986,3599.87,0.2579460628283579,1.0,0.3333333333333333,0.09106666666666667
M01341,gold,Australia,Low Responsiveness,False,No incentive,lodging,Upscale Hotel,Hôtel Particulier Montmartre,—,0.10821765328020799,0.10821765328020799,0.10264284527565078,1289.54,974.7162929061375,1289.54,0.3002105463324534,1.0,0.125,0.0783
M01342,core,Hong Kong,Already Loyal,False,No incentive,dining,Cafe & Coffee,Starbucks,—,0.145344489015704,0.11750242243697656,0.13798331976619585,7007.93,1140.917590383767,7007.93,0.33589881242003866,1.0,0.26666666666666666,0.065
M01343,core,Singapore,Already Loyal,False,No incentive,retail,Apparel,Uniqlo Ginza,—,0.1313079345401489,0.13086898522097584,0.1137005254642367,7436.7699999999995,2294.3425003091697,7957.3,0.42621674799208975,0.92,0.12,0.28287142857142855
M01344,core,Japan,Threshold Chaser,True,"Spend X, get Y back",retail,Premium Retail,Langham Place,Spend & get-back at Langham Place,0.12038669171615397,0.12038669171615397,0.16837137082020912,1363.9,292.0068730865506,1363.8999999999999,0.3126095292618136,1.0,0.5,0.14
M01345,core,Japan,Threshold Chaser,True,"Spend X, get Y back",lodging,Upscale Hotel,United Backpackers,Spend & get-back at United Backpackers,0.13150189368253493,0.13150189368253493,0.16075661905905742,533.11,11.752125668769452,533.11,0.29370246224062835,1.0,0.5,0.04
M01346,core,Singapore,Category Loyalist,True,Category-specific reward,dining,Fine Dining,Yung Kee,Fine Dining reward (dining),0.12981337855049385,0.12981337855049385,0.1594554200924967,3402.62,659.5858986672733,3946.9900000000002,0.5312413974035363,1.0,0.125,0.2723
M01348,platinum,Singapore,Points Optimiser,True,2x / 3x points,retail,Premium Retail,Namba Parks,3x points on retail,0.15382879119070464,0.1301317239930187,0.08787126445157854,5003.639999999999,1432.2756440828477,5003.639999999999,0.257776397084479,1.0,0.14285714285714285,0.0937
M01349,gold,United States,Points Optimiser,True,2x / 3x points,retail,Premium Retail,제오헤어,3x points on retail,0.14911768963123792,0.12427108840894548,0.10039564343797844,4247.22,123.54717415352894,4285.52,0.3133358094992325,1.0,0.1,0.3100333333333333
M01351,gold,Singapore,Immediate Value Seeker,True,Cashback / statement credit,dining,Fine Dining,L'As du Fallafel,Cashback at L'As du Fallafel,0.167183571004245,0.12313075662131898,0.14321375349573362,2672.81,326.81111182010545,2677.21,0.4701097775082494,1.0,0.16666666666666666,0.25645
M01352,core,Hong Kong,Fee-Sensitive Traveller,False,No incentive (FX-offset out of scope),retail,Premium Retail,아카데미듀뱅,—,0.1317730444324328,0.12017132249981968,0.14784050089897793,6179.72,17.7903282694233,6362.820000000001,0.4802926443043323,1.0,0.2857142857142857,0.42025
M01353,gold,Australia,Low Responsiveness,False,No incentive,retail,Premium Retail,People's Park Centre,—,0.10649505147271562,0.10649505147271562,0.1324046750994639,656.45,44.68884690353127,798.09,0.2927269194825998,1.0,0.25,0.44505
M01354,core,Australia,Low Responsiveness,False,No incentive,dining,Cafe & Coffee,Mido Cafe,—,0.10463625900117304,0.10463625900117304,0.16552938217966,1325.6499999999999,118.76037729462357,1355.25,0.2512846752235094,1.0,0.25,0.267225
M01355,core,Singapore,Immediate Value Seeker,True,Cashback / statement credit,retail,Premium Retail,Paragon,Cashback at Paragon,0.17023064122259765,0.12395143844898403,0.18036740623079528,1639.64,0.0,2303.63,0.3395269456048546,1.0,0.0,0.28125
M01358,core,United States,Category Loyalist,True,Category-specific reward,retail,Premium Retail,EmQuartier,Premium Retail reward (retail),0.23713540656828547,0.23713540656828547,0.2678473687265532,429.59000000000003,662.5340271617811,4106.01,0.7433928908641807,1.0,0.0,0.24855
M01360,centurion,Australia,Points Optimiser,True,2x / 3x points,lodging,Hotel,Hotel 1888,3x points on lodging,0.17936842156454336,0.13761656206315342,0.11902014094919043,11491.15,353.4526385560663,11491.15,0.4073392854852881,1.0,0.125,0.11480000000000001
M01362,core,Singapore,Immediate Value Seeker,True,Cashback / statement credit,lodging,Hotel,Hotel Stellar,Cashback at Hotel Stellar,0.16018212440174856,0.137848595037934,0.1405390547574463,8621.35,4459.288153753054,8621.35,0.3150359935566785,1.0,0.2727272727272727,0.1893
M01364,gold,Hong Kong,Threshold Chaser,True,"Spend X, get Y back",retail,Premium Retail,Street Market,Spend & get-back at Street Market,0.11881631774516038,0.11881631774516038,0.13293868954953345,438.18,886.6310738637791,438.18,0.30579962994121707,1.0,0.5,0.316
M01365,core,Hong Kong,Merchant Explorer,True,Merchant-specific voucher,retail,Premium Retail,Via del Corso shops,Via del Corso shops voucher,0.1595805131657876,0.12926450996721836,0.16993429661965542,4711.39,1571.338758141003,4747.2,0.2995561125351141,0.9090909090909091,0.24242424242424243,0.20634444444444444
M01366,gold,United States,Points Optimiser,True,2x / 3x points,retail,Premium Retail,Myeongdong Shopping Street,3x points on retail,0.153728452331431,0.11878393267205414,0.10847485549781824,3379.56,974.0148444902932,3650.41,0.3228409318162142,1.0,0.0625,0.4301714285714286
M01369,gold,Singapore,Points Optimiser,True,2x / 3x points,retail,Premium Retail,Tokyu Hands Namba,3x points on retail,0.14995088615756524,0.12100388055748959,0.10030466018988288,3403.11,284.9482088943455,3492.47,0.27879360114024515,0.9375,0.25,0.1473
M01371,core,Singapore,Already Loyal,False,No incentive,retail,Premium Retail,People's Park Centre,—,0.13181087654870022,0.13593202905620333,0.13583810030013121,7311.42,282.71223306511024,7311.42,0.5549511287572089,1.0,0.16666666666666666,0.05653333333333333
M01372,core,Singapore,Threshold Chaser,True,"Spend X, get Y back",dining,Fine Dining,Myung-Hwa-Dang,Spend & get-back at Myung-Hwa-Dang,0.13277015264671144,0.13277015264671144,0.15041208978959067,998.5899999999999,759.939936949529,1010.4399999999999,0.42801114109874955,1.0,0.4,0.3037666666666667
M01373,core,Singapore,Category Loyalist,True,Category-specific reward,dining,Fine Dining,Jalan Alor stalls,Fine Dining reward (dining),0.32555545158135124,0.32555545158135124,0.2814510677027888,82.11,668.2891753104692,1813.31,0.541156423198943,0.9090909090909091,0.18181818181818182,0.3683
M01374,core,Australia,Immediate Value Seeker,True,Cashback / statement credit,lodging,Budget & Hostel,Causeway Inn on the Mall,Cashback at Causeway Inn on the Mall,0.18399871228013082,0.14133487655108468,0.17438933309598037,8294.960000000001,1149.8854099984394,8318.4,0.4656299995044092,1.0,0.2,0.3344
M01375,platinum,Singapore,Already Loyal,False,No incentive,dining,Fine Dining,Kings Lane Sandwiches,—,0.1346930877033684,0.1066064410135168,0.09231240122359398,17864.4,5486.381513483395,17864.4,0.6016430039950502,1.0,0.2,0.40059999999999996
M01376,core,Japan,Low Responsiveness,False,No incentive,lodging,Upscale Hotel,Swissotel Nankai Osaka,—,0.11251531191809419,0.11251531191809419,0.15976836436447567,1375.1299999999999,117.93040538452361,1473.67,0.4003417378196313,1.0,0.18181818181818182,0.20456666666666667
M01377,core,Singapore,Immediate Value Seeker,True,Cashback / statement credit,dining,Fine Dining,Uobei Shibuya,Cashback at Uobei Shibuya,0.1624925967357902,0.1467781298344847,0.16724215695549582,4106.69,64.88937345186122,4213.49,0.4470564010876291,0.9285714285714286,0.21428571428571427,0.1473
M01378,gold,United States,Threshold Chaser,True,"Spend X, get Y back",dining,Fine Dining,Busan Fish Restaurant,Spend & get-back at Busan Fish Restaurant,0.11981795380774668,0.11981795380774668,0.11086406450337068,6261.1,1374.7536153518286,6261.099999999999,0.45066874461156153,0.9333333333333333,0.4666666666666667,0.12815
M01379,core,Australia,Immediate Value Seeker,True,Cashback / statement credit,lodging,Hotel,Imperial Hotel Tokyo,Cashback at Imperial Hotel Tokyo,0.15453849416294527,0.10709205020905249,0.1425105903370641,4406.61,88.23330807145712,4415.23,0.2602278047624249,1.0,0.1,0.20983333333333332
M01380,core,Hong Kong,Low Responsiveness,False,No incentive,lodging,Mid-scale Hotel,Mandarin Oriental Kuala Lumpur,—,0.0985305766195232,0.0985305766195232,0.16427857721179537,357.48,21.533815804563048,522.65,0.282659335781804,1.0,0.5,0.4729
M01382,platinum,Singapore,Fee-Sensitive Traveller,False,No incentive (FX-offset out of scope),lodging,Upscale Hotel,Haeundae accommodation,—,0.12465150641238618,0.12465150641238618,0.10777251885210365,1505.79,521.9770139858485,1596.1,0.3480916560913794,1.0,0.16666666666666666,0.42025
M01383,core,Singapore,Merchant Explorer,True,Merchant-specific voucher,lodging,Upscale Hotel,JW Marriott Bangkok,JW Marriott Bangkok voucher,0.12521610494534435,0.12521610494534435,0.16080554982981587,2902.84,2913.2632400362795,4345.88,0.29198945737425164,1.0,0.08,0.3160428571428571
M01384,core,Hong Kong,Points Optimiser,True,2x / 3x points,dining,Fine Dining,Pho Gia Truyen Bat Dan,3x points on dining,0.23646185737748948,0.23646185737748948,0.2183916648484098,181.63,854.2853133316705,189.35,0.47604855296589876,1.0,0.0,0.316
M01385,core,Australia,Immediate Value Seeker,True,Cashback / statement credit,retail,Apparel,Uniqlo Ginza,Cashback at Uniqlo Ginza,0.15542426627218583,0.12314149123874905,0.15468335595780486,2596.4500000000003,563.582933554955,2625.7,0.3403010331509354,1.0,0.16666666666666666,0.4471
M01386,core,Singapore,Fee-Sensitive Traveller,False,No incentive (FX-offset out of scope),lodging,Mid-scale Hotel,Mandarin Oriental Kuala Lumpur,—,0.13664715390952567,0.13664715390952567,0.15201219720893708,411.61,26.854469247708096,678.9300000000001,0.25668190035963584,1.0,0.375,0.39444999999999997
M01388,centurion,Singapore,Low Responsiveness,False,No incentive,lodging,Upscale Hotel,Hôtel Particulier Montmartre,—,0.109499043211522,0.109499043211522,0.10696326455055098,2136.24,2111.973208911581,2692.1,0.4015915817485289,1.0,0.125,0.25645
M01389,gold,United States,Merchant Explorer,True,Merchant-specific voucher,retail,Premium Retail,ION Orchard,ION Orchard voucher,0.153180418001873,0.1306906948612234,0.10599453356846725,7142.4400000000005,1374.1242566893497,7658.8,0.27042155156141345,0.9696969696969697,0.30303030303030304,0.2860666666666667
M01390,centurion,United States,Points Optimiser,True,2x / 3x points,retail,Premium Retail,Lane Crawford,3x points on retail,0.14612432142447923,0.123629698858314,0.09339290227441197,5329.81,0.0,5605.12,0.37553665629188376,1.0,0.125,0.30645
M01391,core,Singapore,Fee-Sensitive Traveller,False,No incentive (FX-offset out of scope),lodging,Budget & Hostel,Ken's Inn,—,0.1302560163817399,0.1302560163817399,0.1535925325600921,100.56,210.09700902017525,555.04,0.42584362523071184,1.0,0.16666666666666666,0.46499999999999997
M01392,gold,Singapore,Threshold Chaser,True,"Spend X, get Y back",dining,Fine Dining,Gion Karyo,Spend & get-back at Gion Karyo,0.11906079529534162,0.11906079529534162,0.13125647439678437,448.15999999999997,336.4562848582732,528.69,0.2711642729240784,1.0,0.42857142857142855,0.2163
M01393,core,Singapore,Merchant Explorer,True,Merchant-specific voucher,dining,Fine Dining,Ichiran Dotonbori,Ichiran Dotonbori voucher,0.20523335310143612,0.15607729075365662,0.1852874688951908,3216.0899999999997,632.5418001098545,3343.48,0.4494986308418891,0.8695652173913043,0.2608695652173913,0.1658
M01394,gold,Japan,Points Optimiser,True,2x / 3x points,retail,Premium Retail,Namba Parks,3x points on retail,0.1541463419492559,0.1298064876631845,0.10817105990893669,4807.83,1123.0271125118654,5260.33,0.44806241576513434,1.0,0.2727272727272727,0.34886666666666666
M01395,gold,Singapore,Low Responsiveness,False,No incentive,lodging,Budget & Hostel,JR-EAST Hotel Mets Shibuya,—,0.11044859320373117,0.11044859320373117,0.11210967873924538,899.5799999999999,1.7238573224726679,899.5799999999999,0.29699140606629887,1.0,0.0,0.1166
M01396,centurion,Japan,Points Optimiser,True,2x / 3x points,transport,Rail & Metro,Tokyo Metro Ginza Station,3x points on transport,0.14686594172333414,0.12262722041251055,0.11801573831887426,6123.15,49.71695912118457,6123.15,0.31822178098585713,1.0,0.25,0.1166
M01397,core,Hong Kong,Merchant Explorer,True,Merchant-specific voucher,dining,Fine Dining,Malibu,Malibu voucher,0.1699736307635939,0.12248465877927375,0.184061385542435,4866.110000000001,972.852082496215,5088.37,0.2802091415187223,1.0,0.21951219512195122,0.16229230769230768
M01398,core,Hong Kong,Already Loyal,False,No incentive,dining,Fine Dining,Yung Kee,—,0.1437179408196675,0.11189979575487988,0.13166400958115362,10434.789999999999,1855.3928158136182,10495.189999999999,0.4911378124509943,1.0,0.17647058823529413,0.42568333333333336
M01399,core,Singapore,Immediate Value Seeker,True,Cashback / statement credit,dining,Fine Dining,Gion Duck Noodles,Cashback at Gion Duck Noodles,0.15358993884744002,0.15358993884744002,0.18715798952138937,236.97,124.58647500760546,383.94,0.35748263287207893,1.0,0.14285714285714285,0.45855
M01401,gold,Japan,Points Optimiser,True,2x / 3x points,retail,Premium Retail,Pitti,3x points on retail,0.2362663014162584,0.21691941451793526,0.1845779510313497,2528.89,5667.3111881868235,2534.99,0.43042297941668933,1.0,0.2857142857142857,0.19340000000000002
M01402,gold,Singapore,Points Optimiser,True,2x / 3x points,dining,Fine Dining,Gion Duck Noodles,3x points on dining,0.1965709522834817,0.1965709522834817,0.1928568729510366,638.53,469.20859031066965,637.53,0.42218611426660346,1.0,0.0,0.1166
M01403,core,Singapore,Immediate Value Seeker,True,Cashback / statement credit,retail,Premium Retail,Coles,Cashback at Coles,0.15412696863880732,0.11948170960176019,0.15082564415496325,3044.29,20.658573201474667,3044.29,0.31007242438931176,1.0,0.25,0.04
M01404,core,Singapore,Merchant Explorer,True,Merchant-specific voucher,dining,Fine Dining,Pocket Bar,Pocket Bar voucher,0.17629929612500406,0.12398367020604376,0.16565593568458248,10584.21,3917.5375772737416,10590.41,0.5222427303921229,0.9705882352941176,0.17647058823529413,0.18866
M01405,platinum,Singapore,Points Optimiser,True,2x / 3x points,dining,Fine Dining,Yat Lok,3x points on dining,0.16743323137893454,0.16743323137893454,0.10009929189599343,18051.88,8513.606956316766,18805.5,0.2524671441819038,0.8947368421052632,0.05263157894736842,0.38152857142857144
M01406,gold,Hong Kong,Low Responsiveness,False,No incentive,transport,Premium Transport,AREX,—,0.10454174217880798,0.10454174217880798,0.09770231670495964,3178.7400000000002,103.24455799207152,4153.56,0.3992649688822736,1.0,0.0,0.25645
M01407,core,Singapore,Category Loyalist,True,Category-specific reward,lodging,Budget & Hostel,Sri Ratih Cottages,Budget & Hostel reward (lodging),0.4,0.4,0.3011526629300965,13.78,101.95808321228505,13.78,1.0,1.0,0.0,0.8005
M01408,platinum,Singapore,Merchant Explorer,True,Merchant-specific voucher,dining,Fine Dining,소호,소호 voucher,0.15477469112677603,0.12267792027379518,0.1089695016553761,9183.77,2623.2729496270877,10264.39,0.31114339458226387,0.967741935483871,0.1935483870967742,0.21344444444444444
M01410,core,Singapore,Threshold Chaser,True,"Spend X, get Y back",lodging,Mid-scale Hotel,JW Marriott KL,Spend & get-back at JW Marriott KL,0.2902752377364946,0.2902752377364946,0.26468723290338536,44.31,203.6020330781986,351.57,0.42003721349098677,1.0,0.4,0.39444999999999997
M01411,core,Japan,Low Responsiveness,False,No incentive,lodging,Upscale Hotel,Parkroyal Collection Pickering,—,0.11108856593146042,0.11108856593146042,0.1484928940584527,3264.23,136.21776595311303,3264.23,0.3017854555246561,1.0,0.25,0.1031
M01412,gold,Hong Kong,Immediate Value Seeker,True,Cashback / statement credit,retail,Premium Retail,Via del Corso shops,Cashback at Via del Corso shops,0.12429786167918752,0.12429786167918752,0.13063736688602146,1018.49,483.7841374882926,1394.82,0.40456982662548985,1.0,0.14285714285714285,0.19340000000000002
M01413,gold,United States,Threshold Chaser,True,"Spend X, get Y back",retail,Premium Retail,BHV Marais,Spend & get-back at BHV Marais,0.1198002733949972,0.1198002733949972,0.13505628650109955,1217.41,132.50416009246095,1217.41,0.36182646254002593,1.0,0.5,0.04
M01414,core,Singapore,Merchant Explorer,True,Merchant-specific voucher,retail,Premium Retail,BHV Marais,BHV Marais voucher,0.14430843625183634,0.14565614110460878,0.17655839669538664,6392.35,904.2334791575937,6482.64,0.5262884480477239,0.8620689655172413,0.3448275862068966,0.122425
M01415,gold,Singapore,Points Optimiser,True,2x / 3x points,lodging,Hotel,Royal Plaza Hotel,3x points on lodging,0.15097958139000964,0.12313745968911363,0.10695217841029105,5761.61,2974.1846136024906,5761.610000000001,0.3075892586594472,1.0,0.25,0.228
M01416,platinum,Hong Kong,Merchant Explorer,True,Merchant-specific voucher,transport,Rail & Metro,Osaka Metro,Osaka Metro voucher,0.15258956265908816,0.14629716828453632,0.097998791218328,25167.520000000004,2890.556589610056,25167.52,0.27925290067179587,0.8461538461538461,0.23076923076923078,0.1380142857142857
M01418,gold,United States,Merchant Explorer,True,Merchant-specific voucher,dining,Fine Dining,Breizh Café,Breizh Café voucher,0.1536864494050174,0.13686967667617322,0.11839229689772691,11891.99,3775.868189476848,12421.25,0.286093197197046,1.0,0.17391304347826086,0.23142857142857146
M01419,core,Singapore,Low Responsiveness,False,No incentive,lodging,Upscale Hotel,Grand Hyatt Kuala Lumpur,—,0.0833368268293061,0.0833368268293061,0.1612085224834419,261.9,6.772092471354824,1419.17,0.3126665734730153,1.0,0.25,0.39444999999999997
M01422,core,Singapore,Low Responsiveness,False,No incentive,transport,Premium Transport,Changi Airport,—,0.10458382278915843,0.10458382278915843,0.17475032973844187,972.6,226.5338603967748,998.37,0.3102473272908443,1.0,0.125,0.28125
M01423,gold,Australia,Fee-Sensitive Traveller,False,No incentive (FX-offset out of scope),dining,Fast Food,Pizza Lucio,—,0.1272941666244843,0.1272941666244843,0.12521643385632664,956.0,598.7225637698264,1227.79,0.30179997821421495,1.0,0.3333333333333333,0.438675
M01424,gold,Singapore,Already Loyal,False,No incentive,retail,Apparel,Skechers,—,0.12556426644025478,0.12556426644025478,0.0892442353644508,7263.990000000001,902.1402365822535,7601.11,0.45973363841957715,0.95,0.35,0.18368333333333334
M01426,core,Japan,Immediate Value Seeker,True,Cashback / statement credit,dining,Fine Dining,Caffé Pascucci,Cashback at Caffé Pascucci,0.15167469575405465,0.1110916030354468,0.16513139126551032,2896.21,638.7387640764572,3551.52,0.4002867064821454,1.0,0.125,0.167375
M01428,core,Hong Kong,Category Loyalist,True,Category-specific reward,lodging,Budget & Hostel,Homey Home,Budget & Hostel reward (lodging),0.2743348665826669,0.2743348665826669,0.25733627326396347,52.88,178.77867429723796,59.47,0.5593334982525565,1.0,0.3333333333333333,0.8005
M01429,gold,Australia,Points Optimiser,True,2x / 3x points,lodging,Hotel,Hotel Ariston,3x points on lodging,0.26357800378671414,0.26357800378671414,0.20218970890862528,385.99,1027.4614523698892,384.99,0.46084280481371415,1.0,0.3333333333333333,0.0708
M01430,gold,Singapore,Already Loyal,False,No incentive,lodging,Upscale Hotel,St. Regis Singapore,—,0.13976844240244488,0.1388490412226919,0.0879009299634318,19391.27,10044.118018409757,19534.88,0.34624715479530405,1.0,0.3157894736842105,0.19168333333333332
M01431,core,Singapore,Immediate Value Seeker,True,Cashback / statement credit,retail,Premium Retail,ION Orchard,Cashback at ION Orchard,0.14895086491432966,0.09907055644861895,0.15692219121989165,2891.58,2.7796222062225837,2915.4,0.3415131615868796,0.8333333333333334,0.25,0.07306666666666667
M01433,core,Japan,Low Responsiveness,False,No incentive,lodging,Upscale Hotel,The Hoxton Paris,—,0.11481142204113601,0.11481142204113601,0.14712077142118432,2625.0,553.2301705206191,2653.56,0.31894684748691365,1.0,0.25,0.04
M01434,core,Singapore,Immediate Value Seeker,True,Cashback / statement credit,dining,Cafe & Coffee,Mido Cafe,Cashback at Mido Cafe,0.16347070650879736,0.16347070650879736,0.19042393613552566,314.28999999999996,80.98528864596696,342.09,0.41661710420699083,1.0,0.0,0.14
M01436,core,Australia,Category Loyalist,True,Category-specific reward,dining,Fine Dining,Lau Pa Sat nearby,Fine Dining reward (dining),0.12907503696599532,0.12907503696599532,0.1535722406804454,3042.14,197.37101929199073,3042.14,0.6738841025412677,1.0,0.25,0.0896
M01437,platinum,Australia,Merchant Explorer,True,Merchant-specific voucher,dining,Fine Dining,Caffè Gilli,Caffè Gilli voucher,0.16629863167691125,0.16629863167691125,0.10238913269030114,21074.27,7168.002944267301,21882.72,0.28645410888665745,0.9555555555555556,0.24444444444444444,0.32776666666666665
M01438,core,Singapore,Low Responsiveness,False,No incentive,dining,Fine Dining,Yat Lok,—,0.11463698480729517,0.11463698480729517,0.1652544769599658,628.56,111.11256579627015,628.56,0.32035198123680475,1.0,0.25,0.14
M01439,core,Japan,Merchant Explorer,True,Merchant-specific voucher,transport,Rail & Metro,Tokyo Metro Ginza Station,Tokyo Metro Ginza Station voucher,0.1570659447765997,0.12577290529094295,0.14413177650063538,3791.92,865.8668970344307,4013.88,0.3170536295498758,0.9666666666666667,0.2,0.3072375
M01443,core,Hong Kong,Low Responsiveness,False,No incentive,lodging,Hotel,The Great Southern Hotel,—,0.10482570042109082,0.10482570042109082,0.15769580296129432,1577.33,10.48655780413958,1699.85,0.31847137271089154,1.0,0.0,0.24855
M01444,core,Japan,Immediate Value Seeker,True,Cashback / statement credit,retail,Premium Retail,Fahrenheit88,Cashback at Fahrenheit88,0.14792210729272795,0.11845715777449503,0.1664632445443341,1714.02,1096.4443750323117,3585.3300000000004,0.4893246316806257,1.0,0.07142857142857142,0.244075
M01445,gold,Hong Kong,Immediate Value Seeker,True,Cashback / statement credit,transport,Premium Transport,Vélib',Cashback at Vélib',0.20179323821523396,0.16173475211736418,0.20292645273028934,2204.34,2763.5488016397876,2203.3399999999997,0.49162495098121406,1.0,0.0,0.04
M01447,core,Japan,Merchant Explorer,True,Merchant-specific voucher,dining,Fine Dining,명동주물럭,명동주물럭 voucher,0.15491604361845784,0.1410483550485337,0.13903228091377967,10958.69,776.0449285332891,11355.84,0.3664202693144007,1.0,0.2,0.15182
M01448,gold,Japan,Points Optimiser,True,2x / 3x points,dining,Fine Dining,Ichiran Dotonbori,3x points on dining,0.12149675295140185,0.12149675295140185,0.11676082168574295,1060.75,135.13111596215188,1075.0,0.4376834694645754,1.0,0.14285714285714285,0.29475
M01451,core,Singapore,Immediate Value Seeker,True,Cashback / statement credit,lodging,Hotel,Capitol Square Hotel,Cashback at Capitol Square Hotel,0.16563963772985008,0.11339629017969874,0.14912416467567968,4515.08,16.940659523472107,5145.82,0.29729017782423006,1.0,0.25,0.27165
M01452,core,United States,Points Optimiser,True,2x / 3x points,dining,Fine Dining,La Maison Rose,3x points on dining,0.16897551141373796,0.16897551141373796,0.15408766172274457,1053.46,2029.3964744998998,1058.24,0.3583707056673979,1.0,0.125,0.224
M01453,core,Singapore,Threshold Chaser,True,"Spend X, get Y back",dining,Fine Dining,Din Tai Fung Pavilion,Spend & get-back at Din Tai Fung Pavilion,0.24505903854270272,0.24505903854270272,0.22091877150462721,319.11,854.5082324928276,1064.1399999999999,0.48134534770871196,1.0,0.4,0.429725
M01454,gold,Australia,Already Loyal,False,No incentive,retail,Premium Retail,Paragon,—,0.1399477669548408,0.1425795868709946,0.08604521483983565,15107.980000000001,8467.441021351471,16542.29,0.39079689607435236,0.9444444444444444,0.2777777777777778,0.26042
M01456,core,Hong Kong,Fee-Sensitive Traveller,False,No incentive (FX-offset out of scope),dining,Fine Dining,Donghae Fish Restaurant,—,0.13684238667244128,0.13684238667244128,0.15280849029707827,1138.49,188.39722006871895,1140.23,0.4114544993802569,1.0,0.0,0.42025
M01457,core,Singapore,Immediate Value Seeker,True,Cashback / statement credit,dining,Fine Dining,Ginza Kagari,Cashback at Ginza Kagari,0.16529998823081832,0.1290267905673681,0.14809690703128736,11034.140000000001,4825.223685661952,11055.17,0.4114535401246121,1.0,0.2777777777777778,0.08296
M01458,platinum,Australia,Already Loyal,False,No incentive,retail,Premium Retail,Dangerfield,—,0.1505012773666606,0.1505012773666606,0.07618541279309637,10936.04,169.63901998831466,10936.039999999999,0.45629017993294113,1.0,0.0,0.04
M01459,gold,Singapore,Points Optimiser,True,2x / 3x points,dining,Fine Dining,Mak's Noodle,3x points on dining,0.1613643412985562,0.12572143265860664,0.11817400070104143,8613.93,680.0129150961068,8632.48,0.37532834527520226,1.0,0.15384615384615385,0.200075
M01462,gold,Hong Kong,Fee-Sensitive Traveller,False,No incentive (FX-offset out of scope),dining,Fine Dining,Din Tai Fung Pavilion,—,0.12034434283922214,0.12034434283922214,0.12433799424294464,607.37,98.8890492224782,1538.28,0.297556999015584,1.0,0.1111111111111111,0.4543333333333333
M01464,platinum,Singapore,Category Loyalist,True,Category-specific reward,retail,General Retail,Fresh! Spa,General Retail reward (retail),0.4,0.4,0.4,21.06,277.1225162345887,33.67,0.5314917785960256,1.0,0.0,0.8005
M01465,core,Australia,Threshold Chaser,True,"Spend X, get Y back",dining,Fine Dining,소호,Spend & get-back at 소호,0.18785601910301386,0.1075849127542115,0.1624988341358719,7988.68,308.38760310868037,7988.68,0.32472000014415564,1.0,0.5,0.05653333333333333
M01466,gold,United States,Low Responsiveness,False,No incentive,transport,Rail & Metro,JR East,—,0.11361208668123127,0.11361208668123127,0.11039472175582013,4278.7,750.4877617659135,4278.7,0.3250966922426558,1.0,0.5454545454545454,0.20983333333333332
M01468,gold,Australia,Threshold Chaser,True,"Spend X, get Y back",retail,Premium Retail,Lane Crawford,Spend & get-back at Lane Crawford,0.1666340486470545,0.1303886040204069,0.13571438528759072,1807.26,754.848973449373,2579.38,0.3374220023082698,1.0,0.5,0.311225
M01472,core,Singapore,Merchant Explorer,True,Merchant-specific voucher,transport,Premium Transport,Transport NSW,Transport NSW voucher,0.17291844398691494,0.1195529694476807,0.17650075389357367,5766.62,1124.5607012250102,6015.86,0.27332217160970895,1.0,0.4375,0.24447777777777777
M01474,core,Australia,Threshold Chaser,True,"Spend X, get Y back",lodging,Hotel,Hotel Reseu,Spend & get-back at Hotel Reseu,0.14813794394231794,0.10412328261055102,0.14635803920832288,3884.5299999999997,159.9958194318806,4445.38,0.32896637535826684,1.0,0.6666666666666666,0.20456666666666667
M01475,gold,Singapore,Fee-Sensitive Traveller,False,No incentive (FX-offset out of scope),retail,Premium Retail,Lane Crawford,—,0.12393359487263719,0.12393359487263719,0.14097282870824124,822.75,0.0,1036.75,0.40515872763475436,1.0,0.14285714285714285,0.47025
M01476,centurion,Japan,Low Responsiveness,False,No incentive,transport,Premium Transport,Kakao T,—,0.11596273833978972,0.11596273833978972,0.13911001899955197,1395.15,2266.781363133641,2953.62,0.28804654568229404,1.0,0.2,0.29958
M01477,platinum,Hong Kong,Low Responsiveness,False,No incentive,transport,Premium Transport,KMB,—,0.11589043614763678,0.11589043614763678,0.10991577689858723,4912.13,39.876212420804826,4936.33,0.33413642611771827,1.0,0.18181818181818182,0.2379
M01478,core,Singapore,Category Loyalist,True,Category-specific reward,retail,Premium Retail,Sneaker Street,Premium Retail reward (retail),0.18450981413589537,0.18450981413589537,0.16059563488794593,675.63,62.1882899021276,689.21,0.5971001605646657,1.0,0.25,0.14
M01479,core,Japan,Immediate Value Seeker,True,Cashback / statement credit,dining,Cafe & Coffee,Outback Steak House,Cashback at Outback Steak House,0.13159953862150953,0.13159953862150953,0.15894451997728076,1555.55,69.90251691181538,1681.48,0.3420272632683891,1.0,0.3076923076923077,0.1464
M01480,platinum,Hong Kong,Category Loyalist,True,Category-specific reward,dining,Fine Dining,Maxwell Food Centre,Fine Dining reward (dining),0.22843578903270967,0.20261999188025254,0.19354904992054994,7552.6900000000005,546.5333298748294,7551.6900000000005,0.6633651379730169,1.0,0.0,0.0896
M01481,core,Singapore,Fee-Sensitive Traveller,False,No incentive (FX-offset out of scope),retail,Convenience,FamilyMart,—,0.1494998363424653,0.11538536621669433,0.15836066935033244,2707.66,22.00114411654217,2820.89,0.2947218666527035,1.0,0.0,0.4633333333333333
M01482,core,Singapore,Immediate Value Seeker,True,Cashback / statement credit,dining,Fine Dining,Breizh Café,Cashback at Breizh Café,0.12133126112174342,0.12133126112174342,0.15166754782864178,4334.37,273.4974277076453,4342.25,0.35391696637442216,1.0,0.2222222222222222,0.19556666666666667
M01483,core,Singapore,Low Responsiveness,False,No incentive,dining,Fine Dining,Breizh Café,—,0.10812651194864467,0.10812651194864467,0.16436084070808374,1004.9,95.31862910995943,1004.9,0.26728160979258164,1.0,0.5,0.04
M01484,core,Singapore,Category Loyalist,True,Category-specific reward,retail,Premium Retail,Hang Ngang silk shops,Premium Retail reward (retail),0.2765922387965568,0.2765922387965568,0.22116200524030832,88.22999999999999,421.6620899387209,88.22999999999999,0.6936601809467593,1.0,0.0,0.316
M01485,core,Hong Kong,Category Loyalist,True,Category-specific reward,retail,Local Shops,Vincom Da Nang,Local Shops reward (retail),0.4,0.4,0.36870819008442024,25.44,135.09917873507266,25.44,0.5001779992880029,1.0,0.0,0.316
M01486,core,Singapore,Merchant Explorer,True,Merchant-specific voucher,transport,Rail & Metro,Seoul Metro Line 2,Seoul Metro Line 2 voucher,0.15233206081133557,0.10672153572174117,0.12873260608448542,5953.91,1247.8427486624419,6032.1,0.25082817215085074,1.0,0.19047619047619047,0.24453333333333335
M01487,core,Singapore,Immediate Value Seeker,True,Cashback / statement credit,lodging,Hotel,Hill House Hotel,Cashback at Hill House Hotel,0.17336422143038177,0.12280871713765747,0.16150224764127666,5215.73,827.7390387879941,5237.37,0.3832091243608361,0.9375,0.25,0.186525
M01488,core,Hong Kong,Fee-Sensitive Traveller,False,No incentive (FX-offset out of scope),dining,Fine Dining,L'As du Fallafel,—,0.12631989215783793,0.12631989215783793,0.1467905909224603,3975.8,715.175621659485,5289.24,0.4180106818603325,0.9166666666666666,0.16666666666666666,0.4374875
M01489,core,Singapore,Immediate Value Seeker,True,Cashback / statement credit,retail,Local Shops,Thai Airways Contact Center,Cashback at Thai Airways Contact Center,0.35668828746830367,0.35668828746830367,0.35710871481897427,44.79,219.26463408072095,44.79,0.3524148140704349,1.0,0.0,0.4571
M01490,gold,Australia,Points Optimiser,True,2x / 3x points,dining,Fine Dining,Gion Karyo,3x points on dining,0.23016886076113974,0.206722084152563,0.18910347968752986,6302.83,5797.092293013162,6301.83,0.4719288906751362,1.0,0.0,0.0937
M01491,gold,Singapore,Low Responsiveness,False,No incentive,dining,Fine Dining,L'As du Fallafel,—,0.11222925906843245,0.11222925906843245,0.08813086740076136,2771.25,201.3873807144709,2771.25,0.3435097453348251,1.0,0.5,0.04
M01493,core,Hong Kong,Already Loyal,False,No incentive,retail,Premium Retail,Lane Crawford,—,0.13940346904728518,0.13940346904728518,0.12310741156057325,7932.13,1257.1343298224508,7932.13,0.4952334262869995,1.0,0.4166666666666667,0.10013333333333334
M01495,centurion,Singapore,Already Loyal,False,No incentive,dining,Fine Dining,Espressamente,—,0.14892991293773045,0.12000976073785323,0.10949879919008768,12837.74,6387.432875253328,12837.74,0.7258320102371395,1.0,0.15384615384615385,0.2525
M01496,core,Japan,Immediate Value Seeker,True,Cashback / statement credit,dining,Fine Dining,Ginza Kagari,Cashback at Ginza Kagari,0.17151086178233704,0.12620947685276362,0.17215974140821885,2197.03,14.518965839351608,2197.03,0.2695439958713665,1.0,0.25,0.1031
M01498,gold,Hong Kong,Fee-Sensitive Traveller,False,No incentive (FX-offset out of scope),transport,Ride-hail & Taxi,Uber,—,0.14263013158620905,0.11357881149760272,0.10045970253246882,5138.95,921.9650985347507,5160.27,0.2792942062362236,1.0,0.23076923076923078,0.446575
M01500,core,Singapore,Immediate Value Seeker,True,Cashback / statement credit,dining,Cafe & Coffee,Toast Cafe,Cashback at Toast Cafe,0.1520949883559084,0.1520949883559084,0.1829002777978238,307.21,702.7402287249308,366.15999999999997,0.3013160944289801,1.0,0.0,0.14226666666666668
M01501,core,United States,Low Responsiveness,False,No incentive,retail,Premium Retail,Pavilion nearby,—,0.1073112049084876,0.1073112049084876,0.1479833052593436,85.97,6.068339324647184,1383.86,0.35392375643041984,1.0,0.5,0.4729
M01503,gold,Singapore,Merchant Explorer,True,Merchant-specific voucher,retail,Premium Retail,Nail Art,Nail Art voucher,0.15866384549071388,0.12963907604274216,0.11505217084486398,2183.4,87.41250665584172,2551.39,0.34779271697947306,1.0,0.19047619047619047,0.38056666666666666
M01504,centurion,Japan,Points Optimiser,True,2x / 3x points,dining,Fine Dining,Zoe Bar,3x points on dining,0.17482008426505938,0.15137127848400045,0.115933247467899,9314.8,8084.525548091457,9314.8,0.31320361778904604,1.0,0.2857142857142857,0.175075
M01505,gold,Singapore,Category Loyalist,True,Category-specific reward,retail,Premium Retail,Cotton On,Premium Retail reward (retail),0.12310370726093897,0.11965441096107643,0.08601960314978199,5689.389999999999,100.73049702713874,5689.39,0.5273615062089809,1.0,0.25,0.04
M01506,centurion,Hong Kong,Already Loyal,False,No incentive,lodging,Hotel,Royal Plaza Hotel,—,0.15032047654379851,0.12714755254329974,0.09547795698626867,13341.99,1555.9959429689459,13341.99,0.401093003567601,0.95,0.45,0.2805
M01507,platinum,United States,Category Loyalist,True,Category-specific reward,dining,Fine Dining,Maxwell Food Centre,Fine Dining reward (dining),0.22636299608379004,0.1893756703157976,0.14586873818934837,3006.06,191.25778669810023,3539.88,0.5004932144361361,1.0,0.1875,0.2649
M01508,core,Singapore,Merchant Explorer,True,Merchant-specific voucher,lodging,Upscale Hotel,Swissotel Nankai Osaka,Swissotel Nankai Osaka voucher,0.154769039448231,0.13879511103342457,0.1744677955868063,5939.77,1751.9827221149376,6238.59,0.3864194086669442,1.0,0.24,0.3323875
M01509,platinum,Australia,Points Optimiser,True,2x / 3x points,transport,Rail & Metro,JR East,3x points on transport,0.13285256473817408,0.13285256473817408,0.11079350404853422,2114.48,23.489290186033713,2114.48,0.2595226829230419,1.0,0.25,0.1166
M01510,gold,Singapore,Immediate Value Seeker,True,Cashback / statement credit,dining,Fine Dining,카페개네,Cashback at 카페개네,0.11906657534363506,0.11906657534363506,0.14448789818583319,869.6,53.009909978086625,869.6,0.3775953760952598,1.0,0.0,0.04
M01511,gold,Hong Kong,Threshold Chaser,True,"Spend X, get Y back",dining,Fine Dining,Caffè Gilli,Spend & get-back at Caffè Gilli,0.12321408612593528,0.12321408612593528,0.10560846201532685,1114.01,1359.6365308705444,1114.01,0.3176375508894488,1.0,0.75,0.0708
M01512,gold,Japan,Points Optimiser,True,2x / 3x points,retail,Premium Retail,SKIN1004,3x points on retail,0.15166236833466765,0.132713133601484,0.11812279526875619,5363.7,364.3662680497934,5363.7,0.48674311036552126,1.0,0.0,0.31903333333333334
M01515,core,Singapore,Points Optimiser,True,2x / 3x points,dining,Fine Dining,Bo.lan,3x points on dining,0.4,0.4,0.2976162393136877,15.26,53.15898708633509,756.12,0.33392125486242635,1.0,0.0,0.4571
M01516,core,Singapore,Merchant Explorer,True,Merchant-specific voucher,retail,Apparel,Forever 21,Forever 21 voucher,0.15887816156930987,0.10936895896004382,0.17569590179791192,1979.8,16.330175269038556,2278.53,0.27961964136078143,0.9565217391304348,0.34782608695652173,0.2683333333333333
M01517,gold,Australia,Merchant Explorer,True,Merchant-specific voucher,dining,Fine Dining,Yung Kee,Yung Kee voucher,0.16845521531227864,0.1317128406730295,0.11606053310578382,3819.4800000000005,2109.6828509702,4243.71,0.2917019359657769,1.0,0.2608695652173913,0.42505714285714286
M01518,platinum,Australia,Points Optimiser,True,2x / 3x points,dining,Fine Dining,Le Consulat,3x points on dining,0.16107491090688136,0.16107491090688136,0.13532583505264273,1208.33,2622.4532640063176,2012.0800000000002,0.46308930174623497,0.9285714285714286,0.21428571428571427,0.247
M01519,gold,Japan,Merchant Explorer,True,Merchant-specific voucher,retail,Premium Retail,BHV Marais,BHV Marais voucher,0.1424425348216277,0.1133250534497635,0.10427057603073073,3290.96,707.4750585914354,4383.37,0.30042901182283166,0.9629629629629629,0.2962962962962963,0.2865375
M01520,gold,Australia,Low Responsiveness,False,No incentive,dining,Fine Dining,Mak's Noodle,—,0.1131934512450983,0.1131934512450983,0.12881704695419272,885.71,2.984279490192421e-13,885.71,0.3315772782869173,1.0,0.0,0.14
M01521,gold,Japan,Already Loyal,False,No incentive,retail,Premium Retail,Trek,—,0.1327148843124689,0.1327148843124689,0.07712333546637735,16213.44,2847.7726155966984,16213.44,0.3936744926348665,1.0,0.18181818181818182,0.06553333333333333
M01523,gold,Australia,Merchant Explorer,True,Merchant-specific voucher,dining,Fine Dining,Namaste,Namaste voucher,0.1635737977414451,0.1249771936404801,0.1491800891729917,8309.66,4741.252393138962,8309.66,0.3449218986561934,1.0,0.38095238095238093,0.07893333333333334
M01524,core,Singapore,Immediate Value Seeker,True,Cashback / statement credit,retail,Premium Retail,Lane Crawford,Cashback at Lane Crawford,0.1424982981309736,0.1073217342301679,0.1622468815602546,2249.5099999999998,447.6933947801149,2249.51,0.42471998579622966,1.0,0.3,0.19866666666666669
M01525,platinum,Hong Kong,Points Optimiser,True,2x / 3x points,dining,Fine Dining,Yat Lok,3x points on dining,0.249673920840967,0.21529873435331226,0.19714568473980362,2259.25,404.5512439704946,2258.25,0.3654547650337142,1.0,0.3333333333333333,0.14
M01526,gold,Hong Kong,Merchant Explorer,True,Merchant-specific voucher,dining,Cafe & Coffee,Mido Cafe,Mido Cafe voucher,0.1664927303615008,0.12566283768905395,0.12641551607872212,4105.46,1519.5783984458599,5191.56,0.2955848042681111,1.0,0.22727272727272727,0.40021666666666667
M01527,platinum,Singapore,Points Optimiser,True,2x / 3x points,retail,Premium Retail,People's Park Centre,3x points on retail,0.16055065932785992,0.13600411434900242,0.09725248158421285,3616.2200000000003,214.33031336003472,3616.2200000000003,0.2959298105634861,1.0,0.25,0.0896
M01528,core,Hong Kong,Already Loyal,False,No incentive,lodging,Hotel,Punt Hill Apartment Hotel,—,0.12978638339658716,0.09735383535535701,0.12423197477950484,22765.94,217.9793644927753,23954.149999999998,0.8020106975969405,1.0,0.16666666666666666,0.1843
M01529,platinum,United States,Category Loyalist,True,Category-specific reward,dining,Fine Dining,Fiaschetteria Nuvoli,Fine Dining reward (dining),0.15862243744960836,0.15862243744960836,0.1433736481687068,765.76,1117.5612686853974,765.76,0.5050825956206673,1.0,0.0,0.0708
M01530,core,Hong Kong,Immediate Value Seeker,True,Cashback / statement credit,retail,Premium Retail,Tokyu Hands Namba,Cashback at Tokyu Hands Namba,0.1496792947669052,0.11884103836551878,0.1481714484294242,3442.0299999999997,470.0810772127604,3972.43,0.3097949522821326,0.9,0.2,0.3445666666666667
M01532,core,Australia,Low Responsiveness,False,No incentive,lodging,Upscale Hotel,Park Hyatt Seoul,—,0.10043651261587815,0.09341471368593834,0.15145051194820236,5190.16,191.7704058526565,5190.16,0.5146886161682738,1.0,0.125,0.0648
M01533,platinum,Singapore,Points Optimiser,True,2x / 3x points,lodging,Hotel,Central Tourist Hotel,3x points on lodging,0.17173978830448372,0.13745422867404022,0.1149277540522619,5459.0599999999995,535.7210692547279,5459.06,0.41673779982752196,1.0,0.25,0.1843
M01535,core,Singapore,Already Loyal,False,No incentive,retail,Premium Retail,Landmark,—,0.12832250095714068,0.13276625247743634,0.11814266575796059,7880.450000000001,361.943160566368,9932.11,0.38997143811293966,1.0,0.22580645161290322,0.307675
M01536,gold,Singapore,Already Loyal,False,No incentive,retail,Premium Retail,Backpackers World Travel,—,0.14525264852681818,0.14525264852681818,0.09369234931392957,19678.25,573.6920085383969,22284.17,0.32069538118407764,1.0,0.25,0.175825
M01537,core,Japan,Immediate Value Seeker,True,Cashback / statement credit,dining,Fast Food,Saizeriya,Cashback at Saizeriya,0.13771265698577725,0.13771265698577725,0.16599585542097428,1829.04,2.9382017543694587,1829.04,0.35070771639047993,1.0,0.3333333333333333,0.1166
M01538,core,Singapore,Points Optimiser,True,2x / 3x points,transport,Premium Transport,Rapid Penang,3x points on transport,0.3374415674845521,0.3374415674845521,0.24944898228330503,65.16,318.4286746622286,65.16,0.3924630818562119,1.0,0.0,0.6367
M01539,gold,Singapore,Already Loyal,False,No incentive,dining,Fine Dining,Hydeaway,—,0.14071566342484348,0.1157129175810381,0.1015745199432109,7981.76,356.77295450510525,8699.93,0.3578986414888576,1.0,0.2631578947368421,0.32826666666666665
M01541,core,Singapore,Immediate Value Seeker,True,Cashback / statement credit,dining,Fine Dining,Jumbo Seafood,Cashback at Jumbo Seafood,0.1514460791229619,0.1514460791229619,0.17031330641105227,575.7,0.0,575.7,0.3684581928476164,1.0,0.25,0.0896
M01542,platinum,Australia,Threshold Chaser,True,"Spend X, get Y back",dining,Fine Dining,Gaucho Grill,Spend & get-back at Gaucho Grill,0.1585620446770144,0.13299280718680678,0.1097241115632977,4333.66,1420.7432483020773,4333.66,0.33610544263388176,1.0,0.5454545454545454,0.06553333333333333
M01543,gold,Hong Kong,Already Loyal,False,No incentive,retail,Premium Retail,Central Catholic Bookshop,—,0.14357961480830322,0.14285316309280646,0.08840579592218002,15043.25,1832.6848764619638,15885.97,0.311238755200233,1.0,0.20930232558139536,0.28706666666666664
M01544,core,Hong Kong,Merchant Explorer,True,Merchant-specific voucher,retail,Premium Retail,Namba Parks,Namba Parks voucher,0.15836239049196393,0.10857116508615763,0.13873338489778442,5779.61,761.3200409123923,6095.5199999999995,0.26332614400068427,1.0,0.16129032258064516,0.23958888888888888
M01545,gold,Hong Kong,Points Optimiser,True,2x / 3x points,lodging,Mid-scale Hotel,The Sukhothai,3x points on lodging,0.345410034207767,0.345410034207767,0.1115803327175739,47.08,7.94744083068472,174.31,0.4372806263496238,1.0,0.3333333333333333,0.4571
M01547,core,Australia,Category Loyalist,True,Category-specific reward,lodging,Mid-scale Hotel,La Siesta Classic Ma May,Mid-scale Hotel reward (lodging),0.2481825322760477,0.2481825322760477,0.28534756055387195,170.61,983.194594904496,174.22000000000003,0.8030255284418983,1.0,0.0,0.316
M01548,gold,Hong Kong,Points Optimiser,True,2x / 3x points,retail,Premium Retail,CU,3x points on retail,0.13630862634632948,0.108002882322358,0.10020059931866687,4366.28,244.64722560513357,4458.49,0.344248062035088,1.0,0.2727272727272727,0.31903333333333334
M01550,centurion,Singapore,Already Loyal,False,No incentive,retail,Premium Retail,Merci,—,0.13556033699454256,0.13556033699454256,0.08049794529015103,12361.25,1019.7812606225143,17303.37,0.46368036460508144,0.9056603773584906,0.2641509433962264,0.4552133333333333
M01551,core,United States,Immediate Value Seeker,True,Cashback / statement credit,dining,Fine Dining,Jumbo Seafood,Cashback at Jumbo Seafood,0.18592414214238762,0.12861554902051242,0.1578839867913448,6620.2,1016.0052011713026,6620.2,0.2953000413668746,1.0,0.2631578947368421,0.13576
M01552,core,Hong Kong,Fee-Sensitive Traveller,False,No incentive (FX-offset out of scope),dining,Fine Dining,La Maison Rose,—,0.12144182492924033,0.12144182492924033,0.16177261713230062,2221.4700000000003,2343.658327594435,2521.49,0.2732695434068907,1.0,0.38461538461538464,0.48925
M01553,gold,Singapore,Merchant Explorer,True,Merchant-specific voucher,retail,Premium Retail,Kyoto Craft Center,Kyoto Craft Center voucher,0.1589059443492467,0.12999774324841284,0.11127641346978218,2873.9,1051.7086924293294,3329.5699999999997,0.3165474347242686,1.0,0.15,0.20520000000000002
M01554,core,Japan,Immediate Value Seeker,True,Cashback / statement credit,lodging,Upscale Hotel,Four Seasons Hong Kong,Cashback at Four Seasons Hong Kong,0.17362552506878354,0.13191140870303186,0.1362418678110317,10249.3,1755.5126646896756,10249.3,0.3178733617740251,0.8888888888888888,0.16666666666666666,0.16658
M01558,core,Hong Kong,Category Loyalist,True,Category-specific reward,dining,Fine Dining,La Maison Rose,Fine Dining reward (dining),0.264253772878281,0.264253772878281,0.2751852186937206,472.96000000000004,1021.0609598417038,470.96000000000004,0.5930052221544369,1.0,0.0,0.04
M01559,gold,Hong Kong,Points Optimiser,True,2x / 3x points,dining,Fine Dining,Yat Lok,3x points on dining,0.17149017881332346,0.1328879227846566,0.1276175603617965,3012.6,951.9531675385781,3663.62,0.41244152134969664,1.0,0.18181818181818182,0.35045
M01560,core,Singapore,Immediate Value Seeker,True,Cashback / statement credit,retail,Premium Retail,People's Park Centre,Cashback at People's Park Centre,0.16463585340036513,0.1185385175055914,0.1767624023240313,1798.12,134.13725856976353,1798.12,0.2862826224541571,1.0,0.25,0.0648
M01561,core,Japan,Merchant Explorer,True,Merchant-specific voucher,retail,Premium Retail,BHV Marais,BHV Marais voucher,0.16620084062604262,0.1549462280773064,0.14028773803371597,12158.82,2054.8167165523178,12520.5,0.32642446700912364,0.9375,0.28125,0.1363875
M01563,gold,Singapore,Already Loyal,False,No incentive,dining,Fine Dining,Punjab 인도식당,—,0.12429008031056488,0.12565664702024026,0.07649668448329128,10246.539999999999,3787.4854128654642,10405.93,0.342976005162743,1.0,0.18181818181818182,0.2682285714285714
M01565,core,Australia,Already Loyal,False,No incentive,retail,Premium Retail,BHV Marais,—,0.1343072294117377,0.1343072294117377,0.09852482974770488,23308.420000000002,1657.8964933733544,24149.51,0.3371526413585084,0.926829268292683,0.3170731707317073,0.14692727272727274
M01566,gold,United States,Fee-Sensitive Traveller,False,No incentive (FX-offset out of scope),dining,Fine Dining,둘리와 피카츄,—,0.1516652287885666,0.12057723906345397,0.0993469855742967,3602.2,507.3999068760203,3602.2,0.29524518123014176,1.0,0.2857142857142857,0.3855
M01567,platinum,United States,Points Optimiser,True,2x / 3x points,lodging,Hotel,Hotel Eden,3x points on lodging,0.12214232850612924,0.12214232850612924,0.10676256870379837,2639.98,1160.843464021031,2639.98,0.2871583683437835,1.0,0.3333333333333333,0.26395
M01568,gold,Singapore,Already Loyal,False,No incentive,lodging,Upscale Hotel,St. Regis Singapore,—,0.13890239907979388,0.13890239907979388,0.10275512794382685,8430.4,1971.732595298482,8451.44,0.6915498387889147,1.0,0.0,0.3100333333333333
M01569,core,Australia,Already Loyal,False,No incentive,lodging,Hotel,Hotel Seiyo Ginza,—,0.13209619884419543,0.13209619884419543,0.09385042331789822,24589.8,535.8177411021268,24589.8,0.31539629479269654,0.8333333333333334,0.20833333333333334,0.08656666666666667
M01570,core,Singapore,Threshold Chaser,True,"Spend X, get Y back",dining,Fine Dining,Maxwell Food Centre,Spend & get-back at Maxwell Food Centre,0.1489142385314748,0.11662581470284897,0.14005644816942905,5439.2,590.0962967846494,5439.200000000001,0.2836308802328133,1.0,0.375,0.1031
M01571,gold,Singapore,Points Optimiser,True,2x / 3x points,transport,Rail & Metro,Hôtel de Ville Metro,3x points on transport,0.1461953497411788,0.10921422122261153,0.10188092874968119,4094.79,398.8112182722396,4094.79,0.2927066742282656,1.0,0.0,0.04
M01574,gold,Singapore,Already Loyal,False,No incentive,retail,Premium Retail,Ladies' Market,—,0.12150922324581741,0.11219569305123535,0.08187022002245856,8051.03,966.1036088618962,8051.03,0.3318136478493363,1.0,0.23529411764705882,0.16866
M01575,gold,Australia,Points Optimiser,True,2x / 3x points,dining,Fine Dining,Yat Lok,3x points on dining,0.176778012215804,0.14254469761853636,0.12060302885277599,3670.55,1079.2324139341863,3679.03,0.4282305925555447,0.7894736842105263,0.15789473684210525,0.29015
M01576,core,United States,Immediate Value Seeker,True,Cashback / statement credit,retail,Premium Retail,Hyundai Department Store Trade Center,Cashback at Hyundai Department Store Trade Center,0.13501906088319926,0.10210500545107179,0.1407530110544309,4804.08,123.0631412056371,4804.08,0.38669691634847725,1.0,0.3125,0.04
M01577,gold,Singapore,Low Responsiveness,False,No incentive,dining,Fine Dining,Lau Pa Sat nearby,—,0.10789022640029187,0.10789022640029187,0.11585647256555127,891.1700000000001,330.6101258191834,1580.34,0.28800169799818715,1.0,0.16666666666666666,0.41975
M01578,gold,Singapore,Threshold Chaser,True,"Spend X, get Y back",dining,Fine Dining,Taco Bill,Spend & get-back at Taco Bill,0.15576800452386647,0.12087830422377722,0.10172758059441198,3974.9,1983.8208196181217,3981.8399999999997,0.26423730506384263,1.0,0.38461538461538464,0.159675
M01579,gold,Singapore,Immediate Value Seeker,True,Cashback / statement credit,retail,Premium Retail,Salvatore Ferragamo,Cashback at Salvatore Ferragamo,0.20846249097236919,0.1698375650458292,0.20937495847282198,1084.85,2630.4306845566734,1083.85,0.470322055161705,1.0,0.3333333333333333,0.0708
M01580,centurion,Japan,Points Optimiser,True,2x / 3x points,retail,Premium Retail,Simple Tour,3x points on retail,0.2621852156319753,0.2621852156319753,0.1660578349842614,99.19999999999999,471.44037677686185,185.81,0.37830644996591356,1.0,0.0,0.8005
M01581,gold,Japan,Points Optimiser,True,2x / 3x points,retail,Convenience,TNT Convenience & Tobacconist,3x points on retail,0.17221011718062296,0.1379166209710671,0.12547960814385212,3611.15,1284.9894068071676,3611.15,0.4214298617580306,1.0,0.2,0.3233333333333333
M01582,gold,Japan,Already Loyal,False,No incentive,retail,Convenience,Haepi D.C Mart,—,0.12398198595333522,0.12398198595333522,0.09065881096154378,13503.5,5618.440229082259,13503.5,0.8067829214476402,1.0,0.2857142857142857,0.25645
M01583,gold,Japan,Merchant Explorer,True,Merchant-specific voucher,dining,Fine Dining,Le Consulat,Le Consulat voucher,0.16119456908215227,0.1225186081521304,0.1280367162103035,9486.789999999999,4217.868689084311,9545.029999999999,0.4919772623052843,0.9393939393939394,0.2727272727272727,0.15263333333333332
M01584,core,Hong Kong,Threshold Chaser,True,"Spend X, get Y back",retail,Premium Retail,Cửa Hàng Thời Trang Maily,Spend & get-back at Cửa Hàng Thời Trang Maily,0.12610364468306576,0.12610364468306576,0.17146271631483548,1036.3,1166.0985595461968,1036.3,0.2689015596716728,1.0,0.36363636363636365,0.2965666666666667
M01585,core,Australia,Merchant Explorer,True,Merchant-specific voucher,dining,Fine Dining,Fujiya Restaurant,Fujiya Restaurant voucher,0.1734206796735919,0.13097698257321208,0.15223391095570007,10626.47,1651.2617759606626,10873.2,0.31549284301340447,0.9302325581395349,0.3488372093023256,0.25775833333333337
M01586,core,Japan,Immediate Value Seeker,True,Cashback / statement credit,lodging,Hotel,Hotel Sophia,Cashback at Hotel Sophia,0.1731137708626619,0.12482202695546525,0.15452877891672337,7060.83,375.08529386946475,7343.37,0.3352311921846919,1.0,0.25,0.274275
M01587,core,United States,Immediate Value Seeker,True,Cashback / statement credit,dining,Fine Dining,Lau Pa Sat nearby,Cashback at Lau Pa Sat nearby,0.1505853628337117,0.11615652759879597,0.15053486620529272,5647.82,398.8811182717227,5647.82,0.34208602950649913,1.0,0.25,0.0896
M01589,gold,Singapore,Points Optimiser,True,2x / 3x points,transport,Premium Transport,Keihan,3x points on transport,0.116620468806604,0.11114150051792332,0.10994408996400952,5852.24,1581.088905499995,5873.46,0.36087695520068286,1.0,0.1111111111111111,0.30016666666666664
M01591,core,Japan,Merchant Explorer,True,Merchant-specific voucher,transport,Premium Transport,Air France,Air France voucher,0.1314876593200307,0.11892190679427075,0.13744067253933917,4246.0,314.8109721005221,6206.97,0.36165768832874956,0.8666666666666667,0.2,0.3191125
M01592,core,Hong Kong,Already Loyal,False,No incentive,dining,Fine Dining,山頭火,—,0.14582932061811388,0.09933553512123244,0.1453089826528987,18366.97,5107.586688533437,19517.16,0.5707637398733465,1.0,0.11428571428571428,0.25705
M01593,gold,Singapore,Merchant Explorer,True,Merchant-specific voucher,lodging,Upscale Hotel,Imperial Palace,Imperial Palace voucher,0.1530744182983803,0.13458401689688346,0.1001127542367921,17720.89,2388.9239976868116,17806.83,0.312392177456711,1.0,0.3,0.14331666666666668
M01594,gold,United States,Already Loyal,False,No incentive,dining,Fine Dining,Zuboraya,—,0.1472131197711714,0.12136574233090444,0.1013869994291588,9990.189999999999,2053.985834773356,11125.63,0.3327284477254819,1.0,0.4666666666666667,0.26466666666666666
M01595,core,Singapore,Immediate Value Seeker,True,Cashback / statement credit,dining,Fine Dining,Gion Karyo,Cashback at Gion Karyo,0.15381376814549919,0.15381376814549919,0.15553486521196205,508.85,837.4694786989131,614.97,0.3141866484356118,1.0,0.2727272727272727,0.3367
M01596,gold,Singapore,Points Optimiser,True,2x / 3x points,lodging,Hotel,Hotel Eden,3x points on lodging,0.13573815261528432,0.13573815261528432,0.1001161940426107,4871.13,2988.7466136528087,4871.13,0.43573358759787173,1.0,0.3333333333333333,0.19340000000000002
M01599,platinum,Singapore,Already Loyal,False,No incentive,dining,Fine Dining,Jumbo Seafood,—,0.14352547614922107,0.11823870777291873,0.1116338347279192,9483.960000000001,5.450341404051187,10373.72,0.28540483970188013,1.0,0.25,0.2211
M01600,gold,Singapore,Merchant Explorer,True,Merchant-specific voucher,dining,Fine Dining,Din Tai Fung ION,Din Tai Fung ION voucher,0.1555949804810152,0.12754376077950277,0.12440971156775263,12775.37,2628.4376449255624,13735.92,0.3014713079761817,0.926829268292683,0.34146341463414637,0.23710833333333334
M01601,core,Singapore,Points Optimiser,True,2x / 3x points,lodging,Budget & Hostel,La Siesta Classic Ma May,3x points on lodging,0.4,0.4,0.3325660039745339,12.33,68.90477025618705,25.28,0.3696332093214228,1.0,0.0,0.316
M01602,core,Hong Kong,Fee-Sensitive Traveller,False,No incentive (FX-offset out of scope),dining,Fine Dining,Yat Lok,—,0.1170419378753763,0.1170419378753763,0.17015399763124012,2017.17,347.97775347353627,2207.06,0.3105512116058482,1.0,0.2,0.46586666666666665
M01603,gold,Japan,Merchant Explorer,True,Merchant-specific voucher,dining,Cafe & Coffee,Mido Cafe,Mido Cafe voucher,0.1595087445679514,0.12590300533551332,0.10958365450274757,6373.46,1695.7988218860733,7517.06,0.2571630243876763,0.9642857142857143,0.21428571428571427,0.348625
M01604,platinum,Australia,Already Loyal,False,No incentive,lodging,Hotel,Royal Plaza Hotel,—,0.14573251940898285,0.11898113740503327,0.09462045620428412,19582.46,1614.2854484939535,19582.46,0.38271423097855056,0.9375,0.125,0.10915000000000001
M01605,gold,Singapore,Points Optimiser,True,2x / 3x points,dining,Cafe & Coffee,The Coffee Bean,3x points on dining,0.15354646813851097,0.13531262443853448,0.10534626328320368,9131.34,5580.224725813734,9184.35,0.4605345704575927,1.0,0.2631578947368421,0.29863333333333336
M01606,centurion,Hong Kong,Points Optimiser,True,2x / 3x points,dining,Cafe & Coffee,Doutor Coffee Shop,3x points on dining,0.1666726959348537,0.14191191391493374,0.1129109167673423,7485.14,1833.054798415558,7857.54,0.2835521312704308,1.0,0.125,0.255525
M01607,core,Japan,Immediate Value Seeker,True,Cashback / statement credit,retail,Premium Retail,People's Park Centre,Cashback at People's Park Centre,0.14609111809519224,0.1123578642193324,0.16015176951898208,2307.4,124.17846855579941,3108.58,0.3886667996954017,1.0,0.25,0.28125
M01608,gold,Hong Kong,Points Optimiser,True,2x / 3x points,dining,Fine Dining,Kukuru Takoyaki,3x points on dining,0.16589856931946806,0.12317859644723682,0.11819798674170748,1998.3100000000002,194.462113856909,3242.82,0.27130069337352686,1.0,0.25,0.35413333333333336
M01610,gold,Singapore,Immediate Value Seeker,True,Cashback / statement credit,dining,Fine Dining,L'As du Fallafel,Cashback at L'As du Fallafel,0.13254359652609976,0.13254359652609976,0.14855840920453467,239.51,26.67970712976266,239.51,0.3414191546952305,1.0,0.3333333333333333,0.04
M01611,core,Singapore,Fee-Sensitive Traveller,False,No incentive (FX-offset out of scope),dining,Fine Dining,Bird Land,—,0.13516537402860476,0.13516537402860476,0.1701349721712379,3188.89,790.8649767496289,3724.57,0.5664939535433859,1.0,0.08695652173913043,0.3592857142857143
M01613,core,Japan,Category Loyalist,True,Category-specific reward,dining,Fine Dining,Cây Si,Fine Dining reward (dining),0.18228841242200644,0.18228841242200644,0.2102920959742591,315.61,831.8914063380685,319.36,0.6029072701860385,1.0,0.16666666666666666,0.316
M01614,gold,Hong Kong,Merchant Explorer,True,Merchant-specific voucher,lodging,Hotel,Royal Plaza Hotel,Royal Plaza Hotel voucher,0.16244498707093946,0.1394432523610781,0.1006973620004275,13097.67,2127.3013050290015,13328.47,0.448796141054098,1.0,0.23529411764705882,0.37847
M01615,core,United States,Category Loyalist,True,Category-specific reward,dining,Fine Dining,돼지국수 pork soup,Fine Dining reward (dining),0.12557954326458146,0.12557954326458146,0.15089522598928792,4513.86,1430.367370710696,4590.05,0.6348337846889723,1.0,0.4,0.0524
M01616,platinum,Japan,Merchant Explorer,True,Merchant-specific voucher,dining,Fine Dining,All'Antico Vinaio,All'Antico Vinaio voucher,0.17806214722139127,0.15383817295924124,0.11807300509181515,3205.79,2620.5657921957572,4056.8,0.3387658556401874,1.0,0.09523809523809523,0.38043333333333335
M01617,gold,Australia,Points Optimiser,True,2x / 3x points,lodging,Upscale Hotel,Sheraton on the Park,3x points on lodging,0.1486855656783941,0.1105863875519408,0.10711753850931074,2641.37,299.26415783123923,2641.37,0.34848053048547584,1.0,0.14285714285714285,0.25645
M01619,gold,Australia,Already Loyal,False,No incentive,dining,Fine Dining,Bird Land,—,0.14504532366891626,0.12326934483275588,0.09750814350182874,7496.610000000001,2414.9872715113124,7900.1900000000005,0.3999319636421664,0.9444444444444444,0.16666666666666666,0.30558
M01621,core,Australia,Merchant Explorer,True,Merchant-specific voucher,dining,Cafe & Coffee,The Coffee Bean,The Coffee Bean voucher,0.15858682736638421,0.11625357070084258,0.13639029611458162,12443.800000000001,2416.744812288416,13600.32,0.4163645890580725,0.8888888888888888,0.25,0.21694
M01622,gold,Australia,Points Optimiser,True,2x / 3x points,dining,Fine Dining,Zoe in Yellow Garden,3x points on dining,0.219895614718701,0.219895614718701,0.20144161921195658,230.58999999999997,472.8412571255707,230.58999999999997,0.4543264000756071,1.0,0.0,0.4571
M01624,platinum,Japan,Low Responsiveness,False,No incentive,dining,Cafe & Coffee,Myung-Poom Fortune Reading Cafe,—,0.10170883870239066,0.10170883870239066,0.10052145209240303,14548.23,449.3852316844909,14548.23,0.4494787105238299,1.0,0.0,0.0783
M01625,core,Japan,Merchant Explorer,True,Merchant-specific voucher,dining,Fine Dining,Ginza Kagari,Ginza Kagari voucher,0.1555593952610177,0.1555593952610177,0.13582009390210248,13309.47,3416.4920773516087,13368.76,0.37455338618897854,0.9523809523809523,0.16666666666666666,0.3254
M01627,gold,Hong Kong,Already Loyal,False,No incentive,dining,Fast Food,Subway,—,0.12041264171574376,0.09532284011119124,0.10453999743576073,20242.83,6532.96395114072,24850.81,0.4697935258192204,1.0,0.1590909090909091,0.2760666666666667
M01628,core,Singapore,Merchant Explorer,True,Merchant-specific voucher,retail,Premium Retail,Dover flower,Dover flower voucher,0.1727569259595071,0.14027205702919843,0.16837932871599376,2985.45,2513.129171253054,4086.42,0.2966466644171872,1.0,0.14814814814814814,0.2775111111111111
M01629,core,Singapore,Immediate Value Seeker,True,Cashback / statement credit,lodging,Hotel,Hotel Seiyo Ginza,Cashback at Hotel Seiyo Ginza,0.1541112180742603,0.10854151546663278,0.13823340627342365,5728.289999999999,38.223151741984566,7106.45,0.30566963961884797,1.0,0.25,0.163425
M01630,core,Singapore,Merchant Explorer,True,Merchant-specific voucher,lodging,Hotel,Dulloseu Hotel,Dulloseu Hotel voucher,0.16061136149836797,0.1205651272150999,0.14527269420429964,6374.92,496.9867303084266,6393.15,0.3913796324062152,1.0,0.043478260869565216,0.40535714285714286
M01631,core,Hong Kong,Low Responsiveness,False,No incentive,dining,Fine Dining,Ichiran Dotonbori,—,0.11359834902876126,0.09046561763853535,0.11140134471604346,20328.29,3224.484929859031,20516.1,0.5107177404064538,1.0,0.3157894736842105,0.20742
M01632,gold,Hong Kong,Threshold Chaser,True,"Spend X, get Y back",lodging,Hotel,Cerulean Tower Tokyu Hotel,Spend & get-back at Cerulean Tower Tokyu Hotel,0.15367758468708073,0.11866182724430982,0.11101719329487297,5194.76,18.697324132263986,5194.76,0.30610402377951357,1.0,0.375,0.0783
M01633,core,Hong Kong,Immediate Value Seeker,True,Cashback / statement credit,dining,Fine Dining,Ondergronds Bar,Cashback at Ondergronds Bar,0.15681502154739937,0.1163586486161837,0.16104342044242342,2733.34,27.217430962221357,2733.34,0.33851856510373635,0.9166666666666666,0.3333333333333333,0.04
M01634,gold,Hong Kong,Low Responsiveness,False,No incentive,dining,Fine Dining,Lau Pa Sat nearby,—,0.11541163658349163,0.11541163658349163,0.11199008818858469,1008.21,428.8339587005771,1008.21,0.27220562988184305,1.0,0.2727272727272727,0.17406666666666668
M01635,centurion,Singapore,Low Responsiveness,False,No incentive,dining,Fine Dining,南国酒家,—,0.11142685147841094,0.11142685147841094,0.10312466170242515,18584.98,13245.235422186477,20178.48,0.5462601586694144,1.0,0.06666666666666667,0.24180000000000001
M01636,core,Hong Kong,Already Loyal,False,No incentive,retail,Premium Retail,Ladies' Market,—,0.1427058354014376,0.1427058354014376,0.13077941727223252,10253.7,851.8369721305187,11718.9,0.4491903809644145,0.9166666666666666,0.125,0.331
M01638,core,Singapore,Merchant Explorer,True,Merchant-specific voucher,dining,Fine Dining,Churrasco,Churrasco voucher,0.1552940309535097,0.1142780079064033,0.1384070817872624,14315.04,4572.436554190267,15987.710000000001,0.39020578070568346,0.9375,0.20833333333333334,0.2952533333333333
M01640,core,Hong Kong,Points Optimiser,True,2x / 3x points,dining,Fine Dining,Jalan Alor stalls,3x points on dining,0.3054485327050259,0.3054485327050259,0.23408467002209593,110.46000000000001,222.21503169848046,293.99,0.28865857494047376,1.0,0.2222222222222222,0.46236666666666665
M01641,gold,Australia,Immediate Value Seeker,True,Cashback / statement credit,retail,Premium Retail,People's Park Centre,Cashback at People's Park Centre,0.21432800962149132,0.16193880550281617,0.16555430973734073,922.04,503.07103464745023,949.52,0.4715247908808549,1.0,0.0,0.2028
M01642,core,Japan,Fee-Sensitive Traveller,False,No incentive (FX-offset out of scope),dining,Fine Dining,고기고,—,0.12663848083628568,0.12663848083628568,0.15187767187565596,2070.78,343.9652931023565,2836.2,0.4003386035669949,1.0,0.16666666666666666,0.37142
M01645,gold,Hong Kong,Already Loyal,False,No incentive,dining,Fine Dining,Kukuru Takoyaki,—,0.13010839898410007,0.1188073559391815,0.09277993792419488,11358.98,1329.0109606153082,14196.97,0.4000175996601091,1.0,0.17391304347826086,0.4431142857142857
M01646,gold,Singapore,Fee-Sensitive Traveller,False,No incentive (FX-offset out of scope),dining,Fine Dining,Din Tai Fung Pavilion,—,0.12327768584695012,0.12327768584695012,0.1408233949443943,410.21,49.574376995369946,1650.26,0.30161094502122016,1.0,0.2777777777777778,0.5384
M01648,gold,Singapore,Points Optimiser,True,2x / 3x points,retail,Apparel,Toni & Guy,3x points on retail,0.14911669041735606,0.114247975632326,0.10954172638624207,2848.24,71.28393276991187,2848.24,0.2593978214631242,1.0,0.16666666666666666,0.09886666666666667
M01652,core,United States,Category Loyalist,True,Category-specific reward,retail,Premium Retail,Lucky Boomerang,Premium Retail reward (retail),0.1884406848009603,0.1884406848009603,0.4,51.24,299.8109227848696,62.52,0.6833667864798939,1.0,0.0,0.8005
M01653,platinum,United States,Points Optimiser,True,2x / 3x points,retail,Premium Retail,Langham Place,3x points on retail,0.17309845889075912,0.13952973704747362,0.12860569168912087,2146.39,2596.1731203028044,2146.39,0.2746076371958903,1.0,0.21428571428571427,0.4284
M01654,core,Singapore,Threshold Chaser,True,"Spend X, get Y back",retail,Premium Retail,농협유통하나로마트 청담점,Spend & get-back at 농협유통하나로마트 청담점,0.15765869586759204,0.11339135592616705,0.1805666202540233,1375.69,151.07731494496673,1375.69,0.30487057350764385,1.0,0.5,0.04
M01656,centurion,Singapore,Threshold Chaser,True,"Spend X, get Y back",dining,Fast Food,Subway,Spend & get-back at Subway,0.1458354905750559,0.11050228411559188,0.10596736338349393,3512.85,25.925202788207628,5391.51,0.2730476194624154,1.0,0.5,0.24855
M01657,core,Hong Kong,Category Loyalist,True,Category-specific reward,dining,Street & Local,Bun Cha Huong Lien,Street & Local reward (dining),0.4,0.4,0.4,9.49,71.90366735123405,13.530000000000001,0.581127373458778,1.0,0.0,0.316
M01658,core,Singapore,Category Loyalist,True,Category-specific reward,retail,Local Shops,Hang Ngang silk shops,Local Shops reward (retail),0.4,0.4,0.4,16.259999999999998,134.42396417254344,16.259999999999998,0.5000068081861632,1.0,0.0,0.316
M01659,core,United States,Low Responsiveness,False,No incentive,lodging,Hotel,Tobu Hotel,—,0.10835808303156136,0.10835808303156136,0.1675747491316085,1058.49,27.058046208236235,1097.43,0.3178268435196208,1.0,0.375,0.0783
M01660,platinum,Singapore,Category Loyalist,True,Category-specific reward,lodging,Budget & Hostel,The 101,Budget & Hostel reward (lodging),0.2734499909923761,0.2734499909923761,0.2661603290806587,90.12,698.2958598905873,90.12,0.6261120941668935,1.0,0.0,0.8005
M01661,core,Hong Kong,Immediate Value Seeker,True,Cashback / statement credit,lodging,Upscale Hotel,Sheraton on the Park,Cashback at Sheraton on the Park,0.1650309350377313,0.11400763294255328,0.16067847279585495,3821.5299999999997,25.85107852824882,3821.5299999999997,0.34897645578479586,1.0,0.0,0.04
M01662,core,Singapore,Threshold Chaser,True,"Spend X, get Y back",transport,Premium Transport,Air France,Spend & get-back at Air France,0.12434148694894273,0.12434148694894273,0.16087666195048894,1199.45,1621.965977541112,1205.26,0.32569770699514944,1.0,0.375,0.3233333333333333
M01663,centurion,United States,Threshold Chaser,True,"Spend X, get Y back",lodging,Upscale Hotel,Khách Sạn Tân Hải Long 3,Spend & get-back at Khách Sạn Tân Hải Long 3,0.3796808022749496,0.3796808022749496,0.1136639546609106,42.59,392.2211865352719,709.1300000000001,0.4062954253987904,1.0,0.5,0.316
M01664,gold,Singapore,Points Optimiser,True,2x / 3x points,lodging,Hotel,CB Hotel,3x points on lodging,0.1686418232918948,0.14781121589259094,0.10135099746412732,15085.760000000002,5501.296736633296,15093.6,0.304053913378051,1.0,0.0625,0.13874
M01666,core,Hong Kong,Threshold Chaser,True,"Spend X, get Y back",dining,Fine Dining,가온(미쉐린가이드/한식),Spend & get-back at 가온(미쉐린가이드/한식),0.18687060231525646,0.13848865575267671,0.17117856164480313,1995.5700000000002,1423.7550689948075,1995.57,0.3797926612159373,1.0,0.5,0.055400000000000005
M01667,core,United States,Immediate Value Seeker,True,Cashback / statement credit,dining,Fine Dining,Antico Caffè Torino,Cashback at Antico Caffè Torino,0.24963566967597584,0.21016394469149724,0.23505450054917823,1837.51,1522.6517776865903,1869.8500000000001,0.4127670677279122,1.0,0.09090909090909091,0.22263333333333335
M01668,platinum,Singapore,Points Optimiser,True,2x / 3x points,retail,Premium Retail,IFC Mall,3x points on retail,0.15406987866164454,0.15406987866164454,0.08930451708940548,8190.23,3418.965276298763,8207.42,0.396133484821764,1.0,0.21428571428571427,0.26314000000000004
M01670,core,Singapore,Immediate Value Seeker,True,Cashback / statement credit,dining,Fine Dining,L'As du Fallafel,Cashback at L'As du Fallafel,0.15099291475189824,0.11284772642451915,0.16467712473169,3643.88,299.5103793096402,3643.88,0.3517093915792048,1.0,0.0,0.04
M01671,core,Singapore,Low Responsiveness,False,No incentive,dining,Fine Dining,Maxwell Food Centre,—,0.10523403797462777,0.10523403797462777,0.15800729834790334,2603.17,162.4003275082281,2791.32,0.3582612415263198,0.9565217391304348,0.21739130434782608,0.18730000000000002
M01672,centurion,Singapore,Already Loyal,False,No incentive,retail,Premium Retail,City Hatters,—,0.14203039642515816,0.14123088976338743,0.09564869647531525,12497.38,1166.058579686763,12841.640000000001,0.28081972099330427,0.9166666666666666,0.3333333333333333,0.3878142857142857
M01675,core,United States,Immediate Value Seeker,True,Cashback / statement credit,dining,Fine Dining,Din Tai Fung ION,Cashback at Din Tai Fung ION,0.1281861125244674,0.1281861125244674,0.15507630350917959,751.24,156.56621062238094,762.28,0.339835048575382,1.0,0.0,0.2875666666666667
M01676,platinum,Hong Kong,Points Optimiser,True,2x / 3x points,transport,Premium Transport,ETS,3x points on transport,0.4,0.4,0.3329155752063562,63.44,3008.7809098850908,471.6,0.2887568127486887,1.0,0.3,0.536175
M01677,core,Japan,Merchant Explorer,True,Merchant-specific voucher,dining,Fine Dining,L'As du Fallafel,L'As du Fallafel voucher,0.17987333557148016,0.1321189927565624,0.15963034167935913,5466.95,1087.7095514229902,5874.87,0.3009635235866654,1.0,0.22580645161290322,0.32408888888888887
M01678,core,Singapore,Immediate Value Seeker,True,Cashback / statement credit,retail,Premium Retail,Taiseido Bookstore,Cashback at Taiseido Bookstore,0.15363534915434698,0.12221880954950752,0.15779069361594142,2824.48,523.69672080279,3023.63,0.3875316942383124,1.0,0.3333333333333333,0.34604
M01680,gold,Hong Kong,Points Optimiser,True,2x / 3x points,lodging,Hotel,Langham Place Hotel Mongkok,3x points on lodging,0.17518661724810608,0.148788151585805,0.11403921183995651,9499.48,1182.3731279403887,9499.48,0.3710413423527188,1.0,0.0,0.14
M01682,platinum,Singapore,Points Optimiser,True,2x / 3x points,lodging,Upscale Hotel,Marriott Singapore Orchard,3x points on lodging,0.1204382872413407,0.1204382872413407,0.10283392511655759,3572.75,0.0,3572.75,0.46067244341173774,1.0,0.25,0.0896
M01683,core,United States,Low Responsiveness,False,No incentive,lodging,Hotel,Hotel Nikko Osaka,—,0.11075205308010003,0.11075205308010003,0.160281866481293,1477.58,440.1842730786585,1500.35,0.30224719418703216,1.0,0.0,0.41103333333333336
M01684,core,Hong Kong,Merchant Explorer,True,Merchant-specific voucher,dining,Fine Dining,Namil Fish Restaurant,Namil Fish Restaurant voucher,0.1546395812468169,0.12789729736628108,0.1449106998907989,8683.650000000001,5933.264263329566,9209.77,0.337084133901921,0.9743589743589743,0.20512820512820512,0.3804
M01685,core,Singapore,Immediate Value Seeker,True,Cashback / statement credit,dining,Fine Dining,Bird Land,Cashback at Bird Land,0.14494269599198836,0.14494269599198836,0.16568954918122047,1155.06,14.6088867663696,1155.06,0.3964898025794114,1.0,0.25,0.1166
M01686,platinum,Japan,Points Optimiser,True,2x / 3x points,dining,Fine Dining,Gion Duck Noodles,3x points on dining,0.1455073395812765,0.1455073395812765,0.12407101297349725,675.71,942.8584754802924,675.71,0.28054455554677193,1.0,0.3333333333333333,0.28685
M01687,core,Singapore,Immediate Value Seeker,True,Cashback / statement credit,transport,Premium Transport,Mong Kok MTR,Cashback at Mong Kok MTR,0.15228452186963132,0.10553449089095035,0.1730888508744843,2406.1400000000003,290.9503483441171,2406.1400000000003,0.27163968829841595,1.0,0.25,0.09000000000000001
M01688,core,Singapore,Threshold Chaser,True,"Spend X, get Y back",dining,Fine Dining,Roscioli,Spend & get-back at Roscioli,0.12783711003906295,0.12783711003906295,0.15923974019500553,1644.49,985.428215694978,2038.6,0.39506818322976,1.0,0.5,0.1588
M01690,core,Hong Kong,Immediate Value Seeker,True,Cashback / statement credit,lodging,Hotel,Imperial Hotel Tokyo,Cashback at Imperial Hotel Tokyo,0.16629517592827292,0.1185774625634169,0.15647687360765697,7764.55,466.13623161646404,9754.12,0.37321190646350066,1.0,0.3157894736842105,0.31548
M01691,core,Singapore,Immediate Value Seeker,True,Cashback / statement credit,retail,Premium Retail,Merci,Cashback at Merci,0.12957491950750794,0.099760723441012,0.14415612578285705,3791.34,576.1915962076978,4500.14,0.29749787513315423,1.0,0.2,0.3233333333333333
M01692,core,Japan,Immediate Value Seeker,True,Cashback / statement credit,lodging,Upscale Hotel,JW Marriott Bangkok,Cashback at JW Marriott Bangkok,0.131658866602699,0.131658866602699,0.16118009056376847,760.3,525.0544041929871,1910.4099999999999,0.30563105199139035,0.9333333333333333,0.3333333333333333,0.3367
M01693,gold,Hong Kong,Already Loyal,False,No incentive,dining,Fine Dining,Le Consulat,—,0.15216604076652585,0.12235281886219612,0.10393347952060239,11163.960000000001,3818.7824159515285,12892.69,0.36014303611192444,0.8571428571428571,0.32142857142857145,0.3205625
M01694,core,Hong Kong,Immediate Value Seeker,True,Cashback / statement credit,dining,Fine Dining,La Maison Rose,Cashback at La Maison Rose,0.22574718541085187,0.22574718541085187,0.2257503708512987,188.36,394.95143346670363,212.15,0.3627042797028437,1.0,0.14285714285714285,0.3855
M01696,core,Singapore,Points Optimiser,True,2x / 3x points,dining,Street & Local,Joy Luck Club,3x points on dining,0.4,0.4,0.2960150557485365,14.45,72.71084496458138,31.9,0.32982675091636293,1.0,0.0,0.4571
M01698,gold,Singapore,Points Optimiser,True,2x / 3x points,lodging,Upscale Hotel,Sunset,3x points on lodging,0.15730346109517762,0.15730346109517762,0.13500970337656484,1384.41,458.3435072842309,1684.25,0.48951295129246775,1.0,0.07692307692307693,0.220975
M01699,gold,Japan,Merchant Explorer,True,Merchant-specific voucher,transport,Premium Transport,Citybus,Citybus voucher,0.1592789022452347,0.12271328831766178,0.11609005528006114,5443.25,1190.3728048968023,6430.280000000001,0.36017105628561485,0.9310344827586207,0.2413793103448276,0.3224
M01700,core,Hong Kong,Threshold Chaser,True,"Spend X, get Y back",dining,Fine Dining,L'As du Fallafel,Spend & get-back at L'As du Fallafel,0.15771165480536917,0.1246333452041459,0.14383049046699153,5041.33,120.7084493836532,5164.79,0.3192422085559663,1.0,0.42857142857142855,0.261675
M01701,gold,Japan,Points Optimiser,True,2x / 3x points,dining,Fine Dining,La Maison Rose,3x points on dining,0.1591027829785482,0.13882092178083658,0.11531257672722205,4463.3,4237.272299736896,4561.47,0.38792046784023004,1.0,0.26666666666666666,0.29159999999999997
M01703,core,Singapore,Threshold Chaser,True,"Spend X, get Y back",dining,Fine Dining,Din Tai Fung ION,Spend & get-back at Din Tai Fung ION,0.16504464172526423,0.12445460219342283,0.16253524330081195,2207.72,0.0,2211.02,0.3949911822045664,1.0,0.6,0.44505
M01704,core,Hong Kong,Fee-Sensitive Traveller,False,No incentive (FX-offset out of scope),dining,Fine Dining,Din Tai Fung ION,—,0.12319534581462485,0.12319534581462485,0.1458231988155076,2645.3999999999996,755.9414164739053,2757.77,0.3851432663532548,0.8888888888888888,0.1111111111111111,0.39058333333333334
M01708,centurion,Singapore,Points Optimiser,True,2x / 3x points,dining,Fine Dining,Roscioli,3x points on dining,0.16712542938222358,0.14758291333607645,0.10128917571842332,8873.36,9539.711321616096,9967.32,0.3648100569631092,0.9230769230769231,0.23076923076923078,0.22867500000000002
M01710,core,Japan,Immediate Value Seeker,True,Cashback / statement credit,dining,Fine Dining,The George on Collins,Cashback at The George on Collins,0.15311784116563593,0.1186837323752732,0.1619453212078132,3891.88,106.01718008079024,3891.88,0.39606726363921535,1.0,0.25,0.04
M01711,core,Singapore,Low Responsiveness,False,No incentive,dining,Fine Dining,Yat Lok,—,0.10570785105693525,0.10570785105693525,0.14034596023448684,3162.6,204.49659703025077,3162.6,0.34235017863498063,1.0,0.25,0.1283
M01712,platinum,Australia,Points Optimiser,True,2x / 3x points,dining,Fine Dining,Yung Kee,3x points on dining,0.17085115681609908,0.14130651118146348,0.10665963387444155,6326.16,1698.516636027914,6762.1,0.29267882688442,1.0,0.2,0.32683333333333336
M01713,gold,Australia,Immediate Value Seeker,True,Cashback / statement credit,retail,Premium Retail,San Lorenzo Market,Cashback at San Lorenzo Market,0.13646438277753464,0.11191455654912065,0.120663607777932,2142.78,3544.6975974070356,3582.88,0.36157439887900666,1.0,0.25,0.27185
M01714,core,Japan,Immediate Value Seeker,True,Cashback / statement credit,retail,Premium Retail,Merci,Cashback at Merci,0.1548488936559834,0.13043184495888507,0.1522959534806218,5921.93,3986.7673090772623,5927.77,0.3723507130242104,1.0,0.1875,0.12752000000000002
M01715,gold,Singapore,Low Responsiveness,False,No incentive,dining,Fine Dining,M Bar Thai Eatery,—,0.11459655231255138,0.11459655231255138,0.09874996153683467,2797.39,62.69591880381171,3277.67,0.3945984021901519,1.0,0.42105263157894735,0.4407
M01716,gold,Singapore,Threshold Chaser,True,"Spend X, get Y back",dining,Fine Dining,Kukuru Takoyaki,Spend & get-back at Kukuru Takoyaki,0.15829161516105356,0.11964625682959623,0.11346374173118069,2914.44,289.38137131912157,2914.44,0.3221472423163255,1.0,0.375,0.0783
M01717,core,Singapore,Fee-Sensitive Traveller,False,No incentive (FX-offset out of scope),dining,Fine Dining,Thongsmith,—,0.128687985770352,0.128687985770352,0.128830349146496,53.34,7.3927744427019775,164.68,0.3405005543169553,1.0,0.0,0.4571
M01718,gold,United States,Merchant Explorer,True,Merchant-specific voucher,dining,Fine Dining,Yat Lok,Yat Lok voucher,0.15884189836003376,0.1238340965098957,0.11521314722470195,10065.05,7140.283632442118,10079.32,0.6203202932492441,1.0,0.15,0.24452857142857143
M01719,gold,United States,Already Loyal,False,No incentive,dining,Fine Dining,Yat Lok,—,0.14085617879867218,0.14085617879867218,0.09824126407394759,12034.24,2328.1246915849415,12222.66,0.35509501942857896,0.9375,0.28125,0.2209777777777778
M01720,gold,Australia,Points Optimiser,True,2x / 3x points,dining,Fine Dining,Kukuru Takoyaki,3x points on dining,0.16273227786669117,0.12521600670395697,0.10590262121580468,5143.75,613.096678377118,5631.24,0.33165250189635703,1.0,0.2727272727272727,0.2301
M01721,gold,Hong Kong,Low Responsiveness,False,No incentive,dining,Fine Dining,Jumbo Seafood,—,0.11426644632404065,0.11426644632404065,0.11845515711076893,4772.37,0.0,4772.37,0.5727777681738019,1.0,0.5,0.0896
M01722,platinum,Australia,Low Responsiveness,False,No incentive,dining,Fine Dining,Cantinetta da Verrazzano,—,0.10995525050942218,0.10995525050942218,0.13215233705169005,1333.16,2664.4246739482433,1333.16,0.27017165307639895,1.0,0.14285714285714285,0.27185
M01723,core,Australia,Immediate Value Seeker,True,Cashback / statement credit,transport,Premium Transport,Vélib',Cashback at Vélib',0.12396714685144636,0.11265106936942659,0.14533818727467634,2847.38,263.3993319573563,2884.2200000000003,0.38818334919585146,1.0,0.09090909090909091,0.3100333333333333
M01724,gold,Singapore,Fee-Sensitive Traveller,False,No incentive (FX-offset out of scope),dining,Fine Dining,Jalan Alor stalls,—,0.1207422672464455,0.1207422672464455,0.1874605872868008,52.97,9.424636853589938,626.34,0.38598503269251916,1.0,0.0,0.4729
M01725,core,Australia,Already Loyal,False,No incentive,lodging,Hotel,Royal Plaza Hotel,—,0.13492796897124884,0.13492796897124884,0.13337196773051957,11841.91,1070.0067307162362,12443.51,0.8186940192618364,0.9090909090909091,0.18181818181818182,0.3601666666666667
M01726,core,Singapore,Points Optimiser,True,2x / 3x points,dining,Casual Dining,Cây Si,3x points on dining,0.3564705490484624,0.3564705490484624,0.26085768644753843,75.28999999999999,252.2433624344317,75.28999999999999,0.26781455002140664,1.0,0.0,0.316
M01727,core,Singapore,Immediate Value Seeker,True,Cashback / statement credit,dining,Cafe & Coffee,Culcom Cafe 24 Hour Coffee Shop,Cashback at Culcom Cafe 24 Hour Coffee Shop,0.1586350044076273,0.12216215294544615,0.16250978052711904,3772.01,397.33981345714994,3779.42,0.4367331813034585,1.0,0.16666666666666666,0.42025
M01728,gold,Japan,Already Loyal,False,No incentive,dining,Fine Dining,Breizh Café,—,0.1234613652423416,0.10215662148009547,0.10214233237056144,18690.22,10178.465509634192,19370.22,0.4514052236330098,0.9545454545454546,0.1590909090909091,0.2014
M01729,gold,Singapore,Points Optimiser,True,2x / 3x points,lodging,Budget & Hostel,Samsen 6,3x points on lodging,0.26411191843192344,0.26411191843192344,0.2057227369989518,60.63,217.4794867235235,64.65,0.44733018352734,1.0,0.0,0.4571
M01731,core,Hong Kong,Fee-Sensitive Traveller,False,No incentive (FX-offset out of scope),retail,Convenience,Mini Mart on Flinders,—,0.15217317520876342,0.11907547106622579,0.14993924289498964,3261.1800000000003,71.5733930131873,3693.68,0.35387125300902783,1.0,0.1,0.40735
M01732,gold,United States,Category Loyalist,True,Category-specific reward,retail,Premium Retail,Wako,Premium Retail reward (retail),0.1601575306467475,0.13663764891404104,0.11627550220966118,2999.7200000000003,34.16523671629464,2999.7200000000003,0.6864487858380693,1.0,0.25,0.1166
M01733,gold,Singapore,Category Loyalist,True,Category-specific reward,dining,Fine Dining,Gion Duck Noodles,Fine Dining reward (dining),0.13797217834644004,0.13797217834644004,0.10801506043163442,3336.35,1372.8413158379246,3336.35,0.6558945254459292,1.0,0.5,0.1166
M01734,core,Japan,Immediate Value Seeker,True,Cashback / statement credit,retail,Apparel,Skechers,Cashback at Skechers,0.16252201799850263,0.12884727160925563,0.16578935828315675,2597.7,4.730411002788344,2726.69,0.3279079586847724,1.0,0.2857142857142857,0.45855
M01735,core,Singapore,Fee-Sensitive Traveller,False,No incentive (FX-offset out of scope),dining,Fine Dining,Roscioli,—,0.12233451608510555,0.12233451608510555,0.16054521095036073,1736.5200000000002,1327.3185953846403,1739.98,0.49293580939858644,1.0,0.25,0.4428
M01736,platinum,Hong Kong,Points Optimiser,True,2x / 3x points,dining,Fine Dining,Zuboraya,3x points on dining,0.16493987312158714,0.12983285771356404,0.11262280885492303,3998.8199999999997,373.5635755260396,3998.8199999999997,0.27894785557185026,1.0,0.25,0.1166
M01738,core,Japan,Already Loyal,False,No incentive,lodging,Upscale Hotel,Regency Hyde Park,—,0.15019478228682934,0.1168009180333966,0.14284655053999568,20078.9,1015.3849792948143,20078.9,0.6679224529479075,1.0,0.2777777777777778,0.20742
M01739,core,Singapore,Threshold Chaser,True,"Spend X, get Y back",dining,Fine Dining,Yat Lok,Spend & get-back at Yat Lok,0.11796571379938428,0.11796571379938428,0.16837173011387987,2783.8199999999997,365.1344338477857,2783.8199999999997,0.4217617101044423,1.0,0.5,0.14
M01740,gold,United States,Merchant Explorer,True,Merchant-specific voucher,retail,Premium Retail,Paris Baguette,Paris Baguette voucher,0.16670233782472274,0.16670233782472274,0.1208857619782277,11159.66,4566.777899099717,12997.45,0.369354503339312,0.9487179487179487,0.1794871794871795,0.32491818181818183
M01741,core,Australia,Already Loyal,False,No incentive,dining,Fine Dining,Ichiran Dotonbori,—,0.1482724159747888,0.11737107205205723,0.14555710122882667,6852.2,1304.6571543648474,7241.21,0.47163807017251497,0.896551724137931,0.27586206896551724,0.2577111111111111
M01742,core,Australia,Immediate Value Seeker,True,Cashback / statement credit,dining,Fine Dining,Jumbo Seafood,Cashback at Jumbo Seafood,0.17504384475669546,0.1290623232621294,0.16931022915721347,2303.0,102.17651852427846,2328.2799999999997,0.31764796213161905,1.0,0.25,0.08986666666666666
M01743,gold,Singapore,Low Responsiveness,False,No incentive,dining,Fine Dining,Hydeaway,—,0.10751467613229537,0.10751467613229537,0.10204586535399758,3442.98,341.07570301577283,3442.98,0.2945575551642854,1.0,0.18181818181818182,0.21236666666666668
M01744,core,Hong Kong,Immediate Value Seeker,True,Cashback / statement credit,retail,Premium Retail,Campo de' Fiori market,Cashback at Campo de' Fiori market,0.1183408628934647,0.1183408628934647,0.15923300941823015,952.74,873.7995911900222,952.74,0.2871698286050712,1.0,0.25,0.26395
M01745,gold,Singapore,Points Optimiser,True,2x / 3x points,dining,Fine Dining,Yat Lok,3x points on dining,0.12479514237854406,0.12479514237854406,0.11772655257849553,1670.37,275.76505157907536,1670.37,0.33877973664258715,1.0,0.25,0.14
M01746,core,Hong Kong,Fee-Sensitive Traveller,False,No incentive (FX-offset out of scope),retail,Premium Retail,Takashimaya,—,0.15209258661989866,0.11523403257647949,0.1711026771849251,2421.0299999999997,295.50915696616966,2437.18,0.4847898035336394,0.9444444444444444,0.1111111111111111,0.40931999999999996
M01747,gold,Australia,Threshold Chaser,True,"Spend X, get Y back",retail,Premium Retail,Jungceylon,Spend & get-back at Jungceylon,0.18563074581957564,0.18563074581957564,0.1195676725523811,74.13,402.5223728262988,398.8,0.34089858970089815,1.0,0.6,0.38655
M01749,gold,Singapore,Already Loyal,False,No incentive,transport,Premium Transport,ComfortDelGro,—,0.1405796844167534,0.12357727140124374,0.0937784619951629,7286.55,3520.3637184127188,7286.55,0.27565244165230696,1.0,0.375,0.29476
M01750,core,Singapore,Immediate Value Seeker,True,Cashback / statement credit,dining,Fine Dining,Armando al Pantheon,Cashback at Armando al Pantheon,0.18737501233440113,0.18737501233440113,0.22705136916637866,875.3299999999999,1157.4256242599158,874.3299999999999,0.37638149073009614,1.0,0.16666666666666666,0.26395
M01751,core,Singapore,Threshold Chaser,True,"Spend X, get Y back",retail,Premium Retail,Chinatown Complex,Spend & get-back at Chinatown Complex,0.18404489579381847,0.13335142009383325,0.17459580886452167,914.4000000000001,189.78909557768003,1174.77,0.3965404894577167,1.0,0.5714285714285714,0.4020333333333333
M01752,core,Singapore,Immediate Value Seeker,True,Cashback / statement credit,dining,Fine Dining,Namaste,Cashback at Namaste,0.17116686825040522,0.12820875229894568,0.16842651601821623,2690.62,1716.1659266517242,2695.33,0.3293718238018473,1.0,0.2222222222222222,0.15753333333333333
M01753,core,Australia,Already Loyal,False,No incentive,retail,Premium Retail,Langham Place,—,0.14178091427631073,0.1276872878672294,0.14130081220437266,6654.2,1861.3155498996675,7057.599999999999,0.40565590989207,0.9629629629629629,0.3333333333333333,0.2902875
M01755,core,Singapore,Immediate Value Seeker,True,Cashback / statement credit,retail,Apparel,Uniqlo Ginza,Cashback at Uniqlo Ginza,0.15550745471856084,0.11515760359541945,0.14407348971506306,4296.63,100.99122946582537,4396.2699999999995,0.3554504333770058,1.0,0.05263157894736842,0.37578333333333336
M01756,core,Singapore,Merchant Explorer,True,Merchant-specific voucher,retail,Premium Retail,Langham Place,Langham Place voucher,0.19278848224530876,0.15081677672499716,0.17136155877143103,2383.37,889.8961415503206,2633.61,0.2839395101547492,1.0,0.42857142857142855,0.3372875
M01757,gold,Singapore,Low Responsiveness,False,No incentive,lodging,Upscale Hotel,St. Regis Singapore,—,0.10383793614545228,0.09917858258423187,0.10770295062241063,6255.24,276.6352674831556,6255.24,0.34423345762562396,1.0,0.25,0.0648
M01758,platinum,Singapore,Already Loyal,False,No incentive,lodging,Hotel,Hotel Harry,—,0.1438154716325907,0.14429634672683853,0.08204486909959448,23591.12,2630.018288256191,26336.23,0.29903586695972195,1.0,0.14285714285714285,0.1976
M01759,core,United States,Already Loyal,False,No incentive,dining,Fine Dining,Bird Land,—,0.1509712774343492,0.10132198483325938,0.1460405883876295,23617.079999999998,2974.3149471113443,25088.8,0.6465828331943695,0.8857142857142857,0.2,0.36399
M01763,gold,Singapore,Points Optimiser,True,2x / 3x points,lodging,Budget & Hostel,La Siesta Classic Ma May,3x points on lodging,0.3797616754082522,0.3797616754082522,0.3331491942745562,38.08,371.94383895227094,38.08,0.37224995696808133,1.0,0.0,0.316
M01765,core,Australia,Immediate Value Seeker,True,Cashback / statement credit,dining,Fine Dining,Between BREAD,Cashback at Between BREAD,0.16058194320782646,0.12653672749262146,0.1604931389086064,4756.71,1730.162190216909,4756.71,0.3360008386263227,1.0,0.09090909090909091,0.05026666666666666
M01766,core,Australia,Points Optimiser,True,2x / 3x points,retail,Premium Retail,Pavilion nearby,3x points on retail,0.2103215953174897,0.2103215953174897,0.17697063154029954,211.0,399.27910860711984,491.2,0.44297751086881565,1.0,0.0,0.39444999999999997
M01768,core,Japan,Merchant Explorer,True,Merchant-specific voucher,retail,Electronics,au Shop,au Shop voucher,0.16826380270213925,0.12852475470637936,0.1489331454431646,7800.0599999999995,459.2414072004763,7874.89,0.2722773710520662,1.0,0.3333333333333333,0.18654285714285715
M01769,core,Hong Kong,Immediate Value Seeker,True,Cashback / statement credit,dining,Fine Dining,Las Chicas,Cashback at Las Chicas,0.15411013269316917,0.11318146705366874,0.133529651746084,8756.55,964.6701190871343,8756.55,0.31374513331387194,1.0,0.25,0.0783
M01771,core,Australia,Immediate Value Seeker,True,Cashback / statement credit,lodging,Hotel,Hotel Eden,Cashback at Hotel Eden,0.15466416238913974,0.11338526127805508,0.17786847995716176,2012.6100000000001,962.6600985175194,2061.9700000000003,0.28718211778540054,0.9,0.15,0.1893
M01773,gold,Singapore,Threshold Chaser,True,"Spend X, get Y back",lodging,Hotel,Imperial Hotel Tokyo,Spend & get-back at Imperial Hotel Tokyo,0.14106339375668822,0.10596217127480932,0.1029511915538638,5735.69,707.3219148788824,6114.37,0.2844330532988498,1.0,0.35714285714285715,0.13585
M01774,core,Japan,Threshold Chaser,True,"Spend X, get Y back",dining,Fast Food,McDonald's,Spend & get-back at McDonald's,0.11814567356612887,0.11814567356612887,0.16474770376031334,3311.4100000000003,12.338656500562763,3311.4100000000003,0.440169850583602,1.0,0.5,0.04
M01775,gold,Singapore,Points Optimiser,True,2x / 3x points,retail,Premium Retail,Place du Tertre,3x points on retail,0.147960314207404,0.11666043510290543,0.11044731497077073,2237.87,1807.139727882986,3709.04,0.28993961837543036,1.0,0.21052631578947367,0.27103333333333335
M01777,core,Australia,Immediate Value Seeker,True,Cashback / statement credit,dining,Fine Dining,Maxwell Food Centre,Cashback at Maxwell Food Centre,0.11668060802353233,0.11668060802353233,0.1672757433616852,884.56,639.7264359792148,895.24,0.3489947481715153,1.0,0.09090909090909091,0.20583333333333334
M01778,platinum,Hong Kong,Low Responsiveness,False,No incentive,dining,Fast Food,Pizza Lucio,—,0.09871895781849137,0.08663783529183139,0.07534176317108697,25375.71,2641.3078844489287,28840.65,0.5619503219857179,0.8297872340425532,0.2127659574468085,0.26565
M01780,gold,Singapore,Points Optimiser,True,2x / 3x points,transport,Rail & Metro,Gangnam Station,3x points on transport,0.14797457376906983,0.11160855662577905,0.10210286789971115,3192.45,13.529275644240556,3192.45,0.2664304148384053,1.0,0.25,0.04
M01781,gold,Hong Kong,Low Responsiveness,False,No incentive,retail,Premium Retail,Get & Go,—,0.10538601276986548,0.11352526646716818,0.05966660034300235,28670.03,2598.5054104777346,32638.05,0.5177927754709157,1.0,0.18518518518518517,0.15275714285714284
M01782,core,Singapore,Points Optimiser,True,2x / 3x points,dining,Cafe & Coffee,Our House Coffee Shop,3x points on dining,0.16126145112647466,0.16126145112647466,0.15241178002759664,368.19,874.1949964169391,374.66,0.33288178042933814,1.0,0.3333333333333333,0.38655
M01783,centurion,Hong Kong,Points Optimiser,True,2x / 3x points,lodging,Budget & Hostel,The Frame Guesthouse,3x points on lodging,0.15541522941815006,0.15541522941815006,0.14981042979113998,902.21,1989.6916245052469,902.21,0.3419620544082642,1.0,0.25,0.4729
M01784,core,Australia,Category Loyalist,True,Category-specific reward,lodging,Budget & Hostel,Siri Guesthouse,Budget & Hostel reward (lodging),0.1579694432141345,0.1579694432141345,0.1283243630477009,38.45,69.91221895354785,38.45,1.0,1.0,0.0,0.4571
M01785,gold,Hong Kong,Threshold Chaser,True,"Spend X, get Y back",dining,Fine Dining,Pellegrini's,Spend & get-back at Pellegrini's,0.15856743495340647,0.12517149797426147,0.1040666101688055,3229.21,1027.8415738270817,4805.82,0.27151641462541004,1.0,0.5,0.28368
M01786,gold,Japan,Low Responsiveness,False,No incentive,dining,Fine Dining,Tsukiji Sushi Sen,—,0.10598724767101753,0.10598724767101753,0.1022371537808794,1048.96,2.0653775529300447,1048.96,0.30350267117038277,1.0,0.5,0.1166
M01787,gold,Australia,Category Loyalist,True,Category-specific reward,lodging,Hotel,Panorama Hotel,Hotel reward (lodging),0.3496516153292939,0.3496516153292939,0.269157140681605,33.510000000000005,252.41615660327352,33.510000000000005,0.5033185353080775,1.0,0.0,0.8005
M01789,platinum,Japan,Merchant Explorer,True,Merchant-specific voucher,dining,Fast Food,Pizza Mole,Pizza Mole voucher,0.1573691161645254,0.1290876488716328,0.11307464241599686,5372.97,144.49211558630483,5807.8,0.29421766618788675,0.9090909090909091,0.4090909090909091,0.24655000000000002
M01790,core,Japan,Immediate Value Seeker,True,Cashback / statement credit,dining,Fine Dining,Lau Pa Sat nearby,Cashback at Lau Pa Sat nearby,0.12207186663106212,0.12207186663106212,0.1827310586994067,2698.37,168.61743764423107,2698.37,0.4975391905546483,1.0,0.0,0.0896
M01791,core,Singapore,Immediate Value Seeker,True,Cashback / statement credit,dining,Fine Dining,Kukuru Takoyaki,Cashback at Kukuru Takoyaki,0.18062494963852258,0.1318409657866721,0.16991006264188832,3619.64,1149.764275452046,3619.64,0.3705052912894701,1.0,0.25,0.0783
M01793,gold,United States,Points Optimiser,True,2x / 3x points,retail,Premium Retail,Nishiki Market stalls,3x points on retail,0.15180889521921606,0.1247943158663393,0.11010842325589094,2695.98,2077.1216071048925,2695.98,0.3127424532967109,1.0,0.3076923076923077,0.06684999999999999
M01796,centurion,Singapore,Low Responsiveness,False,No incentive,dining,Fine Dining,카페개네,—,0.10552753544957602,0.10316463290953647,0.06032253084826438,43313.92,9694.52728859171,44222.03,0.30405414221243937,1.0,0.1388888888888889,0.17467
M01797,core,Australia,Already Loyal,False,No incentive,dining,Fine Dining,Kikunoi,—,0.1366441201938678,0.12706397882396187,0.16342967493730925,7947.16,1999.3932128042093,8332.880000000001,0.4524733770674333,0.96,0.08,0.3045375
M01798,centurion,Singapore,Already Loyal,False,No incentive,lodging,Upscale Hotel,Park Hyatt Seoul,—,0.13770318607774637,0.10802481309640795,0.10489132795734425,9076.6,11.035297521779398,9076.599999999999,0.3200341171177023,1.0,0.375,0.0648
M01799,centurion,Singapore,Low Responsiveness,False,No incentive,dining,Fine Dining,Nerovivo,—,0.08262748236814954,0.08262748236814954,0.1063343780205819,400.96000000000004,13.401869651741869,1455.58,0.2722873869466985,1.0,0.2857142857142857,0.39444999999999997
M01800,core,Australia,Merchant Explorer,True,Merchant-specific voucher,dining,Fine Dining,Yung Kee,Yung Kee voucher,0.18027222479050745,0.13048088968993046,0.17708229416814028,5021.780000000001,801.8297077447025,5256.03,0.29159028415323984,1.0,0.18518518518518517,0.4218727272727273
M01801,gold,Singapore,Category Loyalist,True,Category-specific reward,dining,Fine Dining,Bird Land,Fine Dining reward (dining),0.15920246823921416,0.12172108447684366,0.12926247178663897,4841.599999999999,720.6397300326457,5529.5,0.5112876363811163,1.0,0.11764705882352941,0.3492
M01802,gold,Singapore,Points Optimiser,True,2x / 3x points,lodging,Hotel,Tobu Hotel,3x points on lodging,0.15092708926095696,0.12184611948961573,0.101864603579067,4465.49,104.0548437158506,4465.49,0.2907823266870372,1.0,0.3333333333333333,0.18306666666666668
M01803,core,United States,Low Responsiveness,False,No incentive,dining,Fine Dining,Din Tai Fung ION,—,0.11341012786395975,0.11341012786395975,0.1668219871429079,696.74,221.61302709375175,765.94,0.28635204318139373,1.0,0.16666666666666666,0.4020333333333333
M01805,gold,Hong Kong,Points Optimiser,True,2x / 3x points,dining,Fine Dining,Kukuru Takoyaki,3x points on dining,0.11979598282330303,0.11979598282330303,0.09580566368177677,1784.45,172.34007198279966,1784.45,0.4251778948694027,1.0,0.0,0.1166
M01806,core,Singapore,Threshold Chaser,True,"Spend X, get Y back",dining,Fine Dining,Yung Kee,Spend & get-back at Yung Kee,0.16914698124289956,0.12388444432440911,0.1441133285677884,6543.049999999999,52.71879633646002,6543.05,0.2742215529351535,1.0,0.4666666666666667,0.10895
M01807,core,Australia,Merchant Explorer,True,Merchant-specific voucher,dining,Fine Dining,Cheongdam Carb Snack,Cheongdam Carb Snack voucher,0.1423928654695742,0.1101298017898992,0.13819992909454418,4369.35,788.7906481692354,4784.7,0.28718467462449493,0.9318181818181818,0.36363636363636365,0.22765833333333332
M01808,core,Singapore,Immediate Value Seeker,True,Cashback / statement credit,retail,Apparel,THE CAP,Cashback at THE CAP,0.17070777267435278,0.12384077627225223,0.18298085490750055,1151.75,346.7582436651329,1174.92,0.3570916158539749,1.0,0.1,0.2965666666666667
M01809,core,Hong Kong,Already Loyal,False,No incentive,lodging,Upscale Hotel,The Hoxton Paris,—,0.1318963297031132,0.1318963297031132,0.16298862124291105,6858.83,1615.7449426962185,8423.59,0.485006842158932,0.8888888888888888,0.16666666666666666,0.37302
M01810,platinum,Japan,Already Loyal,False,No incentive,dining,Fine Dining,Hydeaway,—,0.13572505877212832,0.13572505877212832,0.0854340353426733,32897.64,2011.5187071446353,32912.64,0.3442659521836864,0.9615384615384616,0.11538461538461539,0.24665714285714285
M01811,core,Singapore,Merchant Explorer,True,Merchant-specific voucher,lodging,Upscale Hotel,Grand InterContinental Seoul Parnas,Grand InterContinental Seoul Parnas voucher,0.1312723419218699,0.12256275535099942,0.15212884268067195,4579.17,1281.3975665390656,4681.33,0.332746337008951,1.0,0.2,0.31389999999999996
M01812,core,Singapore,Merchant Explorer,True,Merchant-specific voucher,dining,Fine Dining,Zuboraya,Zuboraya voucher,0.1636101717335794,0.12002811090942915,0.144711331516289,8541.76,1971.0680676993147,8541.76,0.3535212340880901,1.0,0.18181818181818182,0.08406666666666666
M01814,platinum,Australia,Merchant Explorer,True,Merchant-specific voucher,dining,Fine Dining,Gion Karyo,Gion Karyo voucher,0.15844278889739513,0.13265521292473154,0.11487525821836007,3934.29,2730.391687898818,6848.49,0.413227749509372,1.0,0.2,0.27736
M01815,gold,Australia,Points Optimiser,True,2x / 3x points,transport,Premium Transport,Rapid KL,3x points on transport,0.2214132561647523,0.2214132561647523,0.14616067751112924,181.11,578.1411403316649,386.79999999999995,0.27259017991870294,1.0,0.18181818181818182,0.3905
M01816,core,Singapore,Immediate Value Seeker,True,Cashback / statement credit,retail,Premium Retail,Chinatown Complex,Cashback at Chinatown Complex,0.12002474799915752,0.12002474799915752,0.17956945112834685,1251.52,471.4274939899626,1251.52,0.2589149698032649,1.0,0.3076923076923077,0.1904
M01817,gold,Hong Kong,Points Optimiser,True,2x / 3x points,retail,Premium Retail,Landmark,3x points on retail,0.15462317543936188,0.11569694822055625,0.11462883599844167,2087.58,0.0,2087.58,0.286537143484009,1.0,0.25,0.14
M01818,core,Singapore,Category Loyalist,True,Category-specific reward,retail,Premium Retail,Imperial Citadel of Thang Long,Premium Retail reward (retail),0.13300132236594758,0.13300132236594758,0.1641818387653045,353.15,1037.882057895971,358.38,0.5491801781740946,1.0,0.0,0.316
M01819,core,United States,Immediate Value Seeker,True,Cashback / statement credit,lodging,Upscale Hotel,Four Seasons Hong Kong,Cashback at Four Seasons Hong Kong,0.1673838830793679,0.12144266616614557,0.17232411254453944,2535.81,5.684341886080801e-13,2535.81,0.3012977493242762,1.0,0.0,0.14
M01820,core,Japan,Merchant Explorer,True,Merchant-specific voucher,dining,Fine Dining,Bong Ga Andong Jjimdak,Bong Ga Andong Jjimdak voucher,0.15431391192468644,0.1234084417401113,0.13426687376602886,11543.22,2499.8241101328654,12297.94,0.29858986385514424,1.0,0.32608695652173914,0.12944166666666665
M01821,core,Hong Kong,Merchant Explorer,True,Merchant-specific voucher,dining,Fine Dining,Yat Lok,Yat Lok voucher,0.1707106110051241,0.14112294379931803,0.18039473530868327,3337.56,3586.791994726515,4503.43,0.2819729663824208,0.9555555555555556,0.17777777777777778,0.44828666666666667
M01823,gold,Singapore,Fee-Sensitive Traveller,False,No incentive (FX-offset out of scope),lodging,Hotel,Dulloseu Hotel,—,0.12517594971536058,0.12517594971536058,0.11038554334677778,2393.68,1129.5311669421546,2942.4700000000003,0.6200219488675459,1.0,0.1,0.547
M01825,core,Singapore,Category Loyalist,True,Category-specific reward,lodging,Upscale Hotel,Imperial Palace,Upscale Hotel reward (lodging),0.1677769175430695,0.12333713108744884,0.15484440714626635,5397.400000000001,26.671343622648067,5397.4,0.5024550136484003,1.0,0.25,0.04
M01827,core,Singapore,Immediate Value Seeker,True,Cashback / statement credit,dining,Fine Dining,Din Tai Fung ION,Cashback at Din Tai Fung ION,0.16960864785647312,0.1251691686750811,0.1790007993543889,2219.08,121.05609600531635,2225.65,0.3658595519091916,1.0,0.0,0.27335
M01828,gold,Singapore,Points Optimiser,True,2x / 3x points,dining,Fine Dining,Zuboraya,3x points on dining,0.16165430597409566,0.11905792196242308,0.11306101793813056,3311.53,198.54668073717272,4477.33,0.3688220179520382,1.0,0.3125,0.2908
M01829,core,Singapore,Fee-Sensitive Traveller,False,No incentive (FX-offset out of scope),dining,Cafe & Coffee,The Mugshot Cafe,—,0.13759345511235263,0.13759345511235263,0.156352902350215,236.78,510.4052192256779,236.78,0.3808026682225623,1.0,0.3333333333333333,0.4729
M01831,core,Hong Kong,Points Optimiser,True,2x / 3x points,dining,Fine Dining,Il Latini,3x points on dining,0.20962414059610912,0.20962414059610912,0.19197257581324015,2180.0299999999997,2708.1049461090024,2259.37,0.46029239334114397,1.0,0.07692307692307693,0.06684999999999999
M01832,core,United States,Threshold Chaser,True,"Spend X, get Y back",retail,Premium Retail,Takashimaya,Spend & get-back at Takashimaya,0.14695398318880418,0.1271685705937909,0.14715711772045154,3877.1,2021.9008157379976,3896.3199999999997,0.40983327354093335,0.9411764705882353,0.4117647058823529,0.04992
M01833,core,Hong Kong,Category Loyalist,True,Category-specific reward,dining,Fine Dining,Mak's Noodle,Fine Dining reward (dining),0.1324065657924109,0.1324065657924109,0.157139816991272,916.9699999999999,0.0,916.9699999999999,0.5023686738348374,1.0,0.25,0.228
M01834,core,Hong Kong,Threshold Chaser,True,"Spend X, get Y back",dining,Fine Dining,La Maison Rose,Spend & get-back at La Maison Rose,0.23808094109969297,0.19312919107671633,0.2101856078013355,1625.44,1176.604191354214,2247.5099999999998,0.391358837137026,1.0,0.375,0.42025
M01835,gold,Singapore,Points Optimiser,True,2x / 3x points,dining,Fine Dining,Kyubey,3x points on dining,0.11692627079434682,0.11692627079434682,0.1068824352104541,2254.26,498.18615419817587,2265.2200000000003,0.25780251457515657,1.0,0.2222222222222222,0.2965666666666667
M01836,platinum,Hong Kong,Already Loyal,False,No incentive,dining,Fine Dining,Madang,—,0.12170720624057389,0.12170720624057389,0.12276189610748375,7642.22,1422.1854598359535,7729.46,0.3081698127455305,1.0,0.125,0.15753333333333333
M01838,core,Singapore,Already Loyal,False,No incentive,dining,Fine Dining,곰바위,—,0.15062329131219698,0.11963317081102716,0.1490981207240803,7210.240000000001,355.65539215633703,8738.9,0.38020575035632614,0.9565217391304348,0.13043478260869565,0.31855
M01839,core,Singapore,Merchant Explorer,True,Merchant-specific voucher,retail,Premium Retail,Place du Tertre,Place du Tertre voucher,0.15463360336964405,0.13372971800403882,0.14411038457155734,6525.13,3869.277444160538,7558.6,0.3440102149185594,1.0,0.2,0.319525
M01840,core,Singapore,Immediate Value Seeker,True,Cashback / statement credit,lodging,Upscale Hotel,Hôtel Caron de Beaumarchais,Cashback at Hôtel Caron de Beaumarchais,0.11967252267891323,0.10557652497393183,0.14826234038715663,5511.219999999999,242.166574527432,5511.22,0.38112488501453007,1.0,0.25,0.0648
M01841,platinum,Hong Kong,Points Optimiser,True,2x / 3x points,dining,Fine Dining,Zuboraya,3x points on dining,0.13579248160508361,0.13579248160508361,0.10974578407039808,6286.719999999999,1939.7426270892445,6362.71,0.41410476007346886,1.0,0.2857142857142857,0.337425
M01843,platinum,Australia,Already Loyal,False,No incentive,retail,Premium Retail,Chinatown Complex,—,0.13803105904002397,0.13803105904002397,0.07374679256017595,10362.02,554.9870459839037,11585.69,0.35686679675309746,1.0,0.375,0.210625
M01845,gold,Singapore,Already Loyal,False,No incentive,dining,Fine Dining,Kafe Kaz,—,0.15176478498135587,0.10914604139747137,0.11809275092884503,21336.52,2565.5484936000753,21403.39,0.5429435172786484,1.0,0.45454545454545453,0.11153333333333333
M01846,core,Singapore,Immediate Value Seeker,True,Cashback / statement credit,dining,Fine Dining,Yung Kee,Cashback at Yung Kee,0.16503110760070722,0.12647523285128662,0.1622667367229228,4226.7,1056.8154266869453,4712.59,0.44143358052427106,1.0,0.3076923076923077,0.3594
M01847,core,Japan,Immediate Value Seeker,True,Cashback / statement credit,dining,Fine Dining,Pepper Lunch,Cashback at Pepper Lunch,0.1436695314349981,0.10500258725168254,0.14824392471737582,3758.59,19.10079636123612,3758.59,0.2989851729057925,1.0,0.25,0.04
M01848,core,United States,Immediate Value Seeker,True,Cashback / statement credit,retail,Premium Retail,BLUE LUG,Cashback at BLUE LUG,0.1339323007371618,0.10200289188831124,0.16466243029336133,2128.7999999999997,4.2281446372067535,2128.7999999999997,0.39859098493331596,1.0,0.25,0.1166
M01849,core,Hong Kong,Low Responsiveness,False,No incentive,lodging,Upscale Hotel,The Mandarin Oriental Hong Kong,—,0.1059837119538139,0.1059837119538139,0.17405450506450157,1026.57,51.723684907529865,1026.57,0.34980180498672797,1.0,0.25,0.35236666666666666
M01851,gold,Hong Kong,Threshold Chaser,True,"Spend X, get Y back",dining,Fine Dining,La Maison Rose,Spend & get-back at La Maison Rose,0.20220466926539765,0.20220466926539765,0.15250914736306787,2305.04,2960.613081910208,2454.74,0.34224128851189484,1.0,0.4,0.42025
M01852,gold,Singapore,Low Responsiveness,False,No incentive,dining,Fine Dining,L'As du Fallafel,—,0.0824116435348919,0.0824116435348919,0.05367537648564845,41703.55,5770.211118564735,41746.3,0.4468655457631463,1.0,0.1724137931034483,0.1477625
M01853,gold,Singapore,Points Optimiser,True,2x / 3x points,dining,Fine Dining,Caffè San Pancrazio,3x points on dining,0.15657594488302035,0.12217845258914498,0.10825229382195967,3189.13,1840.291631100153,3189.13,0.2983235547628234,1.0,0.0,0.10540000000000001
M01854,gold,Australia,Category Loyalist,True,Category-specific reward,retail,Premium Retail,Crazy Horse Club X,Premium Retail reward (retail),0.11868769918518937,0.11198163664091705,0.09581611812326965,4463.7,47.665716991952394,4463.7,0.6025538035103951,1.0,0.0,0.04
M01855,gold,Singapore,Threshold Chaser,True,"Spend X, get Y back",dining,Fine Dining,I Fratellini,Spend & get-back at I Fratellini,0.17830109021437468,0.17830109021437468,0.15525864163802508,738.44,1368.1170473491268,738.44,0.43839543957587845,1.0,0.375,0.19340000000000002
M01856,gold,Singapore,Points Optimiser,True,2x / 3x points,dining,Fine Dining,SP Chicken,3x points on dining,0.16141986935960337,0.16141986935960337,0.1329050239478985,445.1,1596.2945378212546,698.16,0.32044807660474633,1.0,0.15384615384615385,0.6663
M01859,platinum,Japan,Already Loyal,False,No incentive,retail,Apparel,Viva - Street wear,—,0.14001225760375796,0.12655104820908766,0.09228087812835405,7335.86,1398.5469904757083,7335.86,0.3146584510422862,1.0,0.125,0.0783
M01860,core,Australia,Immediate Value Seeker,True,Cashback / statement credit,retail,Premium Retail,Kyoto Craft Center,Cashback at Kyoto Craft Center,0.1687717493217706,0.1687717493217706,0.22131873392360701,334.02,563.4709531433567,346.37,0.36058659447397257,1.0,0.0,0.45855
M01862,core,Singapore,Low Responsiveness,False,No incentive,lodging,Budget & Hostel,Causeway Inn on the Mall,—,0.11007134640445652,0.11007134640445652,0.15437949854979272,1266.68,14.241218974536878,1266.68,0.29701941662203024,1.0,0.375,0.09000000000000001
M01863,centurion,Singapore,Low Responsiveness,False,No incentive,dining,Fine Dining,Jumbo Seafood,—,0.11377843749379073,0.11377843749379073,0.12150380463245836,1500.76,342.7267099210902,1500.76,0.279431152787649,1.0,0.375,0.0648
M01866,core,Japan,Threshold Chaser,True,"Spend X, get Y back",lodging,Hotel,Imperial Hotel Tokyo,Spend & get-back at Imperial Hotel Tokyo,0.12731729430592892,0.12731729430592892,0.15674043040996744,2506.71,396.18896110131965,2677.15,0.3632344808500493,1.0,0.4,0.20456666666666667
M01868,gold,Singapore,Points Optimiser,True,2x / 3x points,transport,Rail & Metro,Namba Station,3x points on transport,0.14686665652767691,0.14686665652767691,0.1175712304150488,589.01,468.29340003933703,626.72,0.40931830964983196,1.0,0.3333333333333333,0.2163
M01869,core,Hong Kong,Merchant Explorer,True,Merchant-specific voucher,dining,Fine Dining,Mak's Noodle,Mak's Noodle voucher,0.15429958995610152,0.1212489926393137,0.13139165557855506,11274.78,2487.446203310863,11581.66,0.3739400613748556,0.8888888888888888,0.3333333333333333,0.231825
M01870,gold,Singapore,Points Optimiser,True,2x / 3x points,retail,Apparel,Uniqlo Ginza,3x points on retail,0.14542641618554228,0.12113773359314983,0.11641166026625957,4470.77,39.37191406903443,4470.7699999999995,0.4128457075428132,1.0,0.0,0.1166
M01872,gold,Hong Kong,Threshold Chaser,True,"Spend X, get Y back",dining,Fine Dining,Muan Fish Restaurant,Spend & get-back at Muan Fish Restaurant,0.13973348992214604,0.13973348992214604,0.12938182277911894,1574.74,495.34241930919995,1948.3000000000002,0.3443906264732694,1.0,0.5,0.20456666666666667
M01873,core,Singapore,Category Loyalist,True,Category-specific reward,retail,General Retail,Granny Bike,General Retail reward (retail),0.2582761436444615,0.2582761436444615,0.3496043772966332,21.91,89.9746205949473,21.91,1.0,1.0,0.0,0.4571
M01874,gold,Singapore,Points Optimiser,True,2x / 3x points,lodging,Hotel,Hotel Gaotama,3x points on lodging,0.356333670031201,0.356333670031201,0.2975255797553693,29.659999999999997,129.40150074927772,31.95,0.4667554203677989,1.0,0.0,0.8005
M01876,gold,United States,Points Optimiser,True,2x / 3x points,retail,General Retail,Cửa Hàng Làm Tóc Cao Minh,3x points on retail,0.21633213244700167,0.21633213244700167,0.166196176851479,159.8,475.2629286465577,165.8,0.3581586954212569,1.0,0.2857142857142857,0.3683
M01877,core,Australia,Low Responsiveness,False,No incentive,lodging,Hotel,Syainbil Resort Hotel,—,0.1059974409553332,0.1059974409553332,0.15465711037052698,1504.3500000000001,73.22372529555987,1642.05,0.280766992607978,1.0,0.2,0.43779999999999997
M01879,gold,Singapore,Merchant Explorer,True,Merchant-specific voucher,dining,Fine Dining,Jumbo Seafood,Jumbo Seafood voucher,0.18741865454022463,0.13893088709683338,0.1425587622212,15281.51,3795.9357984181224,15281.51,0.3596855774007378,1.0,0.3333333333333333,0.14100000000000001
M01881,core,United States,Threshold Chaser,True,"Spend X, get Y back",retail,Premium Retail,Central Catholic Bookshop,Spend & get-back at Central Catholic Bookshop,0.15362714051211224,0.12228441862379442,0.16141785096482902,2854.6,392.67002417972765,2973.1600000000003,0.3181464915837126,1.0,0.36363636363636365,0.282275
M01882,core,Australia,Immediate Value Seeker,True,Cashback / statement credit,dining,Cafe & Coffee,Mido Cafe,Cashback at Mido Cafe,0.16925218623475288,0.1256590615213195,0.18127744664955653,3067.34,746.8986511337008,3664.42,0.3582095300439312,1.0,0.0,0.45754
M01884,platinum,Japan,Already Loyal,False,No incentive,dining,Fine Dining,Basket Brothers,—,0.13327353445252915,0.13158419579593433,0.11114418345446812,6889.68,1369.923611823447,7879.68,0.43712661546589304,1.0,0.14285714285714285,0.34463333333333335
M01885,gold,Singapore,Points Optimiser,True,2x / 3x points,dining,Fine Dining,명동주물럭,3x points on dining,0.12056042354163977,0.12056042354163977,0.11903029567435278,808.72,400.6094776660509,816.35,0.2716337142674699,1.0,0.1111111111111111,0.3037666666666667
M01886,gold,Japan,Points Optimiser,True,2x / 3x points,lodging,Upscale Hotel,Four Seasons Hong Kong,3x points on lodging,0.1676390018345733,0.13415941419041544,0.1243138582372462,3232.63,394.15834627972885,3936.4,0.3708923116501671,1.0,0.07692307692307693,0.34650000000000003
M01887,gold,Japan,Merchant Explorer,True,Merchant-specific voucher,dining,Fine Dining,Dongbaekseom Fish Restaurant,Dongbaekseom Fish Restaurant voucher,0.13628379852670763,0.13628379852670763,0.10327168049272405,2386.5,2092.0118287933906,3079.72,0.3881653914271975,1.0,0.3181818181818182,0.16841666666666666
M01888,core,Japan,Immediate Value Seeker,True,Cashback / statement credit,retail,Premium Retail,Gosumi Stationery,Cashback at Gosumi Stationery,0.15921214673048836,0.11888351353221248,0.158906276703123,3228.1299999999997,449.29097432542324,3228.13,0.38331567590137333,1.0,0.0,0.24855
M01889,platinum,Hong Kong,Low Responsiveness,False,No incentive,lodging,Upscale Hotel,Swissotel Nankai Osaka,—,0.08644661233706785,0.09523988038457942,0.050159363887177476,55578.24,25297.397079474267,55578.24,0.31054782649024437,0.9655172413793104,0.2413793103448276,0.1313875
M01890,gold,Singapore,Low Responsiveness,False,No incentive,lodging,Upscale Hotel,The Hoxton Paris,—,0.10967101998167283,0.10967101998167283,0.11315323944301653,1123.49,131.59476365393175,1123.49,0.3179163615266694,1.0,0.0,0.04
M01891,core,Singapore,Low Responsiveness,False,No incentive,dining,Fine Dining,Yat Lok,—,0.1050386464078989,0.1050386464078989,0.10773300549321785,25733.18,8786.382058476325,26861.74,0.5317127964250647,1.0,0.1875,0.20794
M01892,gold,Australia,Fee-Sensitive Traveller,False,No incentive (FX-offset out of scope),dining,Fine Dining,명동주물럭,—,0.15166684193554433,0.11962763268779547,0.10933021014529373,5654.71,313.28609120784023,5883.82,0.3382705010253216,1.0,0.0,0.42025
M01893,core,United States,Immediate Value Seeker,True,Cashback / statement credit,transport,Rail & Metro,Toei Subway,Cashback at Toei Subway,0.13440691192695595,0.13440691192695595,0.17322100839821564,834.4,255.75218477114998,881.85,0.3089174568575359,1.0,0.3076923076923077,0.27165
M01894,core,Singapore,Immediate Value Seeker,True,Cashback / statement credit,lodging,Hotel,Hotel Nikko Osaka,Cashback at Hotel Nikko Osaka,0.1601456356518835,0.1140338661701078,0.17780423651509572,1917.46,656.2182202831655,1917.4599999999998,0.2625284925608232,1.0,0.14285714285714285,0.28685
M01896,gold,Singapore,Already Loyal,False,No incentive,dining,Fine Dining,Bird Land,—,0.11721385247810667,0.11721385247810667,0.09920657809008748,17269.55,1969.9376568353205,17837.84,0.4481043879004654,0.9487179487179487,0.15384615384615385,0.30146666666666666
M01898,core,Australia,Category Loyalist,True,Category-specific reward,dining,Cafe & Coffee,Starbucks,Cafe & Coffee reward (dining),0.14051851168640947,0.14051851168640947,0.146502923838928,3246.19,323.793315705646,3254.74,0.5249721077677016,1.0,0.16666666666666666,0.055400000000000005
M01900,gold,Singapore,Category Loyalist,True,Category-specific reward,dining,Fine Dining,Nhà Hàng Chả Cá Thủy Hồng,Fine Dining reward (dining),0.24973847697451124,0.24973847697451124,0.2126377166282715,704.77,1284.909832505664,704.77,0.7055166412653933,1.0,0.0,0.316
M01901,core,Singapore,Category Loyalist,True,Category-specific reward,lodging,Upscale Hotel,The Ritz-Carlton Jakarta Pacific Place,Upscale Hotel reward (lodging),0.17083168480828298,0.17083168480828298,0.1507491288300758,139.54000000000002,424.254218739514,361.52,0.696899953497223,1.0,0.2,0.55825
M01902,core,Japan,Low Responsiveness,False,No incentive,lodging,Upscale Hotel,Hôtel Particulier Montmartre,—,0.09749107999282892,0.09749107999282892,0.1579654376381523,1859.3400000000001,875.1886763316552,1859.34,0.3398787326318597,1.0,0.0,0.0648
M01904,core,Singapore,Immediate Value Seeker,True,Cashback / statement credit,dining,Fine Dining,Nerovivo,Cashback at Nerovivo,0.15453891446088477,0.15453891446088477,0.1601463975309805,272.91999999999996,248.90505653335893,579.17,0.45753442404281697,1.0,0.0,0.4729
M01905,gold,Japan,Points Optimiser,True,2x / 3x points,retail,Premium Retail,MSY Ultimo,3x points on retail,0.14665311425469327,0.11988205781045143,0.10171710195911352,5984.56,1265.8745126770716,5984.56,0.33667914863066667,1.0,0.09090909090909091,0.132
M01906,core,Singapore,Category Loyalist,True,Category-specific reward,retail,Premium Retail,Pavilion nearby,Premium Retail reward (retail),0.18841210594350286,0.18841210594350286,0.17220255797735107,321.55,336.627180579633,1694.77,0.5383618509257055,1.0,0.18181818181818182,0.46763333333333335
M01907,centurion,Australia,Already Loyal,False,No incentive,dining,Fine Dining,Breizh Café,—,0.1482713573737709,0.1417657519201535,0.1099627634306237,17610.67,3362.5240516793447,18067.74,0.27291767099449055,0.9230769230769231,0.23076923076923078,0.22274285714285713
M01908,gold,Singapore,Points Optimiser,True,2x / 3x points,retail,Premium Retail,Place du Tertre,3x points on retail,0.15873554856311356,0.12937457157824686,0.12403849709626233,1691.37,2206.77073706581,1691.37,0.4455834146649423,1.0,0.25,0.04
M01909,core,Hong Kong,Category Loyalist,True,Category-specific reward,retail,Convenience,7-Eleven,Convenience reward (retail),0.14933678023072572,0.13288375944549746,0.14295963512233434,4185.06,12.412097010635435,4185.06,0.7211385291803974,1.0,0.5,0.04
M01910,core,United States,Already Loyal,False,No incentive,dining,Fine Dining,Daniel's Donuts,—,0.13472121332250075,0.10569542248305068,0.10812985788729396,25145.170000000002,3231.4753685720084,25548.77,0.46172665635178406,0.9795918367346939,0.1836734693877551,0.2501
M01912,platinum,Hong Kong,Already Loyal,False,No incentive,dining,Fine Dining,Singapore Famous BBQ Pork,—,0.12584965860009686,0.12383600001812733,0.09261077028356435,30855.54,2702.426316952829,30855.54,0.33834291199233324,0.9565217391304348,0.21739130434782608,0.16922857142857145
M01913,gold,Japan,Points Optimiser,True,2x / 3x points,retail,Premium Retail,Ricordi Mediastore,3x points on retail,0.21635765494283715,0.17630043402985587,0.14163448859836483,1545.57,2024.7319516046155,1545.57,0.32445821791741064,1.0,0.14285714285714285,0.27185
M01914,gold,Hong Kong,Merchant Explorer,True,Merchant-specific voucher,lodging,Hotel,Hotel The Designers,Hotel The Designers voucher,0.17138963397768403,0.14718295107845625,0.11025156591618034,10885.939999999999,3264.2972958935025,12330.66,0.32942133510419697,0.9333333333333333,0.26666666666666666,0.217225
M01915,gold,Japan,Fee-Sensitive Traveller,False,No incentive (FX-offset out of scope),retail,Premium Retail,Cotton On,—,0.13408284968185258,0.12340911421206718,0.08485540466154963,5779.1900000000005,85.28449972060889,6679.8,0.42698995825165953,1.0,0.3333333333333333,0.3855
M01916,core,Australia,Category Loyalist,True,Category-specific reward,dining,Fine Dining,Buca di San Giovanni,Fine Dining reward (dining),0.307830670096227,0.307830670096227,0.2532237799141836,95.65,208.02218133952607,94.65,0.6638955151866259,1.0,0.0,0.0708
M01917,gold,Australia,Points Optimiser,True,2x / 3x points,retail,Premium Retail,Patong Whiskey,3x points on retail,0.33970449451712825,0.33970449451712825,0.2576727447901498,44.379999999999995,199.62777383855885,527.1600000000001,0.3093470785887738,1.0,0.16666666666666666,0.6288
M01918,gold,Singapore,Merchant Explorer,True,Merchant-specific voucher,dining,Fine Dining,Yung Kee,Yung Kee voucher,0.15809741589467288,0.12950807294772926,0.11243421765992885,3017.35,969.3789730028269,3104.96,0.34912779454316945,1.0,0.17391304347826086,0.2627333333333333
M01919,core,Australia,Low Responsiveness,False,No incentive,lodging,Hotel,Hotel Seiyo Ginza,—,0.1116798362472857,0.1116798362472857,0.1476525538690213,979.7799999999999,152.6099567520614,992.53,0.35506325325453414,1.0,0.0,0.29475
M01920,core,Australia,Category Loyalist,True,Category-specific reward,dining,Cafe & Coffee,MienThao Coffee,Cafe & Coffee reward (dining),0.3032080104469917,0.3032080104469917,0.2857203249800139,160.65,730.7286008946402,173.36,0.8641190797418763,1.0,0.5,0.316
M01921,platinum,Hong Kong,Already Loyal,False,No incentive,lodging,Upscale Hotel,Hôtel Caron de Beaumarchais,—,0.1483165629167984,0.14786961589845252,0.0922016268330252,20184.840000000004,3129.36026086031,21118.36,0.3539366126624533,1.0,0.41935483870967744,0.24407777777777775
M01922,platinum,United States,Already Loyal,False,No incentive,dining,Fine Dining,L'As du Fallafel,—,0.14680051432166205,0.12092317324906973,0.10507079485447152,7382.98,864.3024230187564,7386.42,0.35925235562851576,0.8,0.1,0.2935
M01926,core,Singapore,Points Optimiser,True,2x / 3x points,dining,Casual Dining,Lucifer Bar,3x points on dining,0.4,0.4,0.239582996296395,18.57,183.51014492755476,30.53,0.44984711091065166,1.0,0.0,0.8005
M01927,core,United States,Category Loyalist,True,Category-specific reward,dining,Fine Dining,La Spada Osteria,Fine Dining reward (dining),0.21415051393407183,0.21415051393407183,0.21921811894011434,2212.93,3006.2710852030054,2211.9300000000003,0.7475943806968978,1.0,0.2,0.26395
M01929,core,United States,Merchant Explorer,True,Merchant-specific voucher,dining,Fine Dining,Breizh Café,Breizh Café voucher,0.19076484149425016,0.11301575823956306,0.1672370202355142,11759.57,738.767560512033,12321.62,0.41467778440540576,1.0,0.11428571428571428,0.24893
M01930,gold,Hong Kong,Points Optimiser,True,2x / 3x points,dining,Fine Dining,Yat Lok,3x points on dining,0.16353004655361114,0.1204853484828371,0.11613487879627608,2800.14,401.0489455325919,2934.75,0.29788424421356746,0.9473684210526315,0.21052631578947367,0.23998333333333333
M01931,platinum,Singapore,Points Optimiser,True,2x / 3x points,retail,Premium Retail,Lane Crawford,3x points on retail,0.14129289561578387,0.11755215960120448,0.08871581296644607,6372.51,0.0,6372.51,0.3294271481308179,1.0,0.25,0.14
M01932,gold,Japan,Points Optimiser,True,2x / 3x points,dining,Fine Dining,Yung Kee,3x points on dining,0.14796642982527677,0.11491595185457718,0.11010642771464617,5201.77,4.433786671143025e-12,5201.7699999999995,0.3709764206625892,1.0,0.0,0.14
M01934,core,Singapore,Immediate Value Seeker,True,Cashback / statement credit,dining,Fine Dining,Caffé Pascucci,Cashback at Caffé Pascucci,0.1292167197117354,0.1292167197117354,0.1587205420046405,1961.8,1022.0587955634564,1961.8,0.34680986987042267,1.0,0.25,0.055400000000000005
M01935,core,Hong Kong,Merchant Explorer,True,Merchant-specific voucher,dining,Fine Dining,Malibu,Malibu voucher,0.1536174073782569,0.12015039635462853,0.1550650657715051,4413.6900000000005,471.28550258176773,4869.96,0.33240172404402957,1.0,0.23076923076923078,0.3940111111111111
M01936,gold,Singapore,Points Optimiser,True,2x / 3x points,dining,Fine Dining,Caffè Cibreo,3x points on dining,0.12012877666402948,0.12012877666402948,0.10888486239317399,1534.36,2385.6540752214746,2307.1,0.27911641888479144,1.0,0.15384615384615385,0.22492499999999999
M01937,core,Australia,Threshold Chaser,True,"Spend X, get Y back",lodging,Mid-scale Hotel,Berchielli,Spend & get-back at Berchielli,0.17329782221016546,0.17329782221016546,0.21809220097855211,428.29,1719.2409065019885,427.29,0.36489512850284195,1.0,1.0,0.0708
M01938,core,Australia,Points Optimiser,True,2x / 3x points,retail,Premium Retail,OH,3x points on retail,0.20506508005579355,0.20506508005579355,0.19444732802160164,445.64000000000004,1019.1320652080423,454.13,0.3404752626965368,1.0,0.1,0.3630333333333333
M01939,gold,Singapore,Low Responsiveness,False,No incentive,dining,Fast Food,Rocket Burgers and Fries,—,0.1087800608218521,0.1087800608218521,0.10021093025153704,2113.0299999999997,78.65112461779724,2128.86,0.4361421967320881,1.0,0.0,0.0783
M01940,gold,Japan,Low Responsiveness,False,No incentive,retail,Premium Retail,The Face Shop,—,0.11174251662562182,0.11174251662562182,0.1257201300287557,1024.47,54.95328025531245,1098.04,0.2831824899361582,1.0,0.2857142857142857,0.42025
M01941,core,Australia,Threshold Chaser,True,"Spend X, get Y back",dining,Fine Dining,오다리집,Spend & get-back at 오다리집,0.1219916386877483,0.1219916386877483,0.15356002175158762,1930.35,122.41277079114144,1930.35,0.29879378997758355,1.0,0.5,0.04
M01942,core,Singapore,Low Responsiveness,False,No incentive,retail,Premium Retail,Takashimaya,—,0.09387163537406071,0.09387163537406071,0.17801126468352368,361.68,468.5418872426104,429.71999999999997,0.4832249154938754,1.0,0.1111111111111111,0.4020333333333333
M01943,core,Australia,Points Optimiser,True,2x / 3x points,dining,Fine Dining,Changumi,3x points on dining,0.16726349945886806,0.16726349945886806,0.15847581233965038,252.06,0.6013729838132419,285.05,0.3854116381013852,1.0,0.25,0.1166
M01944,core,United States,Category Loyalist,True,Category-specific reward,dining,Fine Dining,Breizh Café,Fine Dining reward (dining),0.11899105251170952,0.11899105251170952,0.1704298587280581,3516.23,320.56444574684764,3516.23,0.5090303791798377,1.0,0.2,0.299125
M01946,core,United States,Category Loyalist,True,Category-specific reward,retail,Premium Retail,Abbesses shops,Premium Retail reward (retail),0.1771801094552192,0.14596797880564313,0.1597576228563506,1409.0,2060.321550586319,1418.2,0.5298504967386026,1.0,0.2857142857142857,0.4325333333333334
M01948,platinum,Singapore,Points Optimiser,True,2x / 3x points,transport,Premium Transport,Sydney Ferries,3x points on transport,0.1794719316585428,0.1437581956027728,0.11687941540895362,2840.39,1106.3075262877765,2840.39,0.3244147503473451,1.0,0.3,0.19456666666666667
M01949,core,Singapore,Category Loyalist,True,Category-specific reward,dining,Fine Dining,Ginza Kagari,Fine Dining reward (dining),0.1695084179505267,0.12110493552018818,0.17163474721336341,4411.43,32.387450774719866,4411.43,0.6213102193381517,1.0,0.25,0.1166
M01950,core,Japan,Threshold Chaser,True,"Spend X, get Y back",dining,Fine Dining,Jaisalmer Palace,Spend & get-back at Jaisalmer Palace,0.16129641296211988,0.12153513564614064,0.15675787709015002,4130.65,178.63313312762406,4130.650000000001,0.40145183022765624,1.0,0.375,0.0648
M01951,gold,Australia,Fee-Sensitive Traveller,False,No incentive (FX-offset out of scope),dining,Fine Dining,Malibu,—,0.13211026603381085,0.13211026603381085,0.1180583427947636,5728.84,1315.4320150947212,6422.6900000000005,0.6028579086950032,0.9473684210526315,0.10526315789473684,0.3700428571428572
M01952,core,United States,Immediate Value Seeker,True,Cashback / statement credit,dining,Fine Dining,Flora,Cashback at Flora,0.1748527649812861,0.12439783334612578,0.17340021249795315,4105.68,1697.5190664318743,4194.18,0.32602895000708276,1.0,0.21052631578947367,0.15874000000000002
M01954,core,United States,Immediate Value Seeker,True,Cashback / statement credit,dining,Fine Dining,Mak's Noodle,Cashback at Mak's Noodle,0.16309190717216276,0.1307895057560008,0.15285291968654904,4778.35,2231.087156969067,4778.35,0.3688286965749744,1.0,0.25,0.32683333333333336
M01955,gold,Australia,Already Loyal,False,No incentive,dining,Fine Dining,Kukuru Takoyaki,—,0.14146938329244932,0.11501523202263013,0.09696620451717597,9941.05,526.8170953299309,9941.05,0.3292313958091231,1.0,0.3333333333333333,0.10759999999999999
M01956,core,Hong Kong,Immediate Value Seeker,True,Cashback / statement credit,dining,Fine Dining,Kikunoi,Cashback at Kikunoi,0.11987765852034345,0.11987765852034345,0.15815858535960237,1728.07,1172.0740279092383,1985.65,0.48245702068283836,1.0,0.1,0.34886666666666666
M01959,core,Australia,Immediate Value Seeker,True,Cashback / statement credit,lodging,Hotel,Hotel Harry,Cashback at Hotel Harry,0.17192017471032947,0.12417741934721245,0.1446736442022145,5567.45,819.9924868733556,6873.23,0.3030844702140403,1.0,0.2631578947368421,0.24379999999999996
M01961,platinum,Singapore,Category Loyalist,True,Category-specific reward,lodging,Upscale Hotel,Hôtel Particulier Montmartre,Upscale Hotel reward (lodging),0.18540240723003176,0.15019078945374856,0.11061172329750438,9974.630000000001,3961.316041104405,10950.05,0.5315481718139571,1.0,0.125,0.27254
M01962,core,Singapore,Points Optimiser,True,2x / 3x points,retail,General Retail,Velo Thailand,3x points on retail,0.2985453698668208,0.2985453698668208,0.24360548716087183,69.43,475.2252075939532,69.43,0.38010427038765005,1.0,0.0,0.4571
M01963,core,Hong Kong,Immediate Value Seeker,True,Cashback / statement credit,dining,Fine Dining,Gion Karyo,Cashback at Gion Karyo,0.13489283791314982,0.13489283791314982,0.15653592686037757,2094.27,2168.9587408922607,2828.23,0.38967315825231497,1.0,0.125,0.35355
M01964,gold,Singapore,Category Loyalist,True,Category-specific reward,retail,General Retail,Threads of Life,General Retail reward (retail),0.4,0.4,0.3512116621478807,38.54,311.8374094739186,38.54,0.5609869203617562,1.0,0.0,0.8005
M01965,core,Singapore,Threshold Chaser,True,"Spend X, get Y back",dining,Fine Dining,Maxwell Food Centre,Spend & get-back at Maxwell Food Centre,0.12557747605922423,0.12557747605922423,0.1535290256800797,495.34000000000003,45.070623458406885,495.34000000000003,0.335922266432017,1.0,0.5,0.0896
M01966,gold,Singapore,Points Optimiser,True,2x / 3x points,retail,Premium Retail,Langham Place,3x points on retail,0.15234218096818966,0.14754515879941407,0.09682825243388041,10801.01,1043.5910438590563,10801.01,0.3533018874581615,1.0,0.125,0.11480000000000001
M01967,gold,Singapore,Threshold Chaser,True,"Spend X, get Y back",lodging,Hotel,Giant Hotel,Spend & get-back at Giant Hotel,0.16124425958050426,0.1238852988741012,0.11010314190374808,2838.67,296.120687918666,3696.85,0.28718366575374693,1.0,0.42857142857142855,0.438675
M01968,centurion,Hong Kong,Merchant Explorer,True,Merchant-specific voucher,lodging,Hotel,Hotel 1888,Hotel 1888 voucher,0.18178255121768866,0.1548537927446927,0.11140371563824236,10779.08,3245.920877683744,10909.24,0.32875582389611746,1.0,0.25,0.2906571428571429
M01969,core,Singapore,Threshold Chaser,True,"Spend X, get Y back",dining,Fine Dining,Jumbo Seafood,Spend & get-back at Jumbo Seafood,0.16090723894945388,0.1177261916194282,0.17042595804625046,2375.39,7.784519610380805,2375.39,0.3953128907599382,1.0,0.375,0.1031
M01970,gold,Hong Kong,Merchant Explorer,True,Merchant-specific voucher,dining,Fine Dining,Yak Bar and Food,Yak Bar and Food voucher,0.1552081228234804,0.1552081228234804,0.10897216373165405,20673.73,2215.832398451404,22736.45,0.28396063585371245,0.9583333333333334,0.3125,0.3197285714285715
M01972,centurion,Singapore,Low Responsiveness,False,No incentive,dining,Fine Dining,Bird Land,—,0.10492018870843725,0.10818643311174445,0.09015817417765087,39526.979999999996,11131.326852534476,40692.52,0.4820176441097285,1.0,0.2727272727272727,0.16719
M01973,centurion,Australia,Already Loyal,False,No incentive,retail,Premium Retail,Chinatown Complex,—,0.11805565517762548,0.11805565517762548,0.06764548745931374,18085.32,1100.728696825553,18085.32,0.4249877336362794,1.0,0.25,0.0648
M01974,core,Singapore,Merchant Explorer,True,Merchant-specific voucher,dining,Fine Dining,Jonathan's,Jonathan's voucher,0.1789884410197694,0.13446065514797728,0.17852718391307254,3812.85,894.5113547015505,4647.66,0.37823464752631897,1.0,0.21739130434782608,0.3932285714285714
M01975,gold,Singapore,Threshold Chaser,True,"Spend X, get Y back",dining,Fine Dining,Seonchang Fish Restaurant,Spend & get-back at Seonchang Fish Restaurant,0.13170018066503225,0.13170018066503225,0.1122263067274577,2452.72,867.5204275017591,2452.72,0.29294709011963915,1.0,0.4444444444444444,0.132
M01977,core,United States,Already Loyal,False,No incentive,retail,Premium Retail,Ladies' Market,—,0.14225583274670975,0.14225583274670975,0.13126887008227742,7424.67,1504.9539094146921,7445.0199999999995,0.5417114373156409,1.0,0.07142857142857142,0.255125
M01979,core,Japan,Category Loyalist,True,Category-specific reward,dining,Casual Dining,Bali Bohemia,Casual Dining reward (dining),0.4,0.4,0.2404848082309799,19.27,423.9125518441665,28.84,0.5161167068392066,1.0,0.0,0.8005
M01981,core,Singapore,Immediate Value Seeker,True,Cashback / statement credit,dining,Fine Dining,Le Consulat,Cashback at Le Consulat,0.13115265450114272,0.13115265450114272,0.1737308366651278,375.12,371.277737795486,375.12,0.3162387751566047,1.0,0.0,0.04
M01982,core,United States,Immediate Value Seeker,True,Cashback / statement credit,dining,Fine Dining,Pepper Lunch,Cashback at Pepper Lunch,0.17057494852929952,0.1231823877495353,0.1500078632143051,6393.87,75.98208263014435,6884.08,0.36279359140364065,1.0,0.3333333333333333,0.148225
M01983,gold,Singapore,Threshold Chaser,True,"Spend X, get Y back",lodging,Hotel,Royal Plaza Hotel,Spend & get-back at Royal Plaza Hotel,0.11711290264016841,0.11711290264016841,0.11126554617188326,2047.0700000000002,265.11153709196486,2047.0700000000002,0.284618597570593,1.0,0.375,0.1283
M01985,platinum,Australia,Category Loyalist,True,Category-specific reward,lodging,Hotel,Imperial Hotel Tokyo,Hotel reward (lodging),0.13480514012190964,0.13480514012190964,0.11069631503774922,2359.3100000000004,17.969297626931905,2359.3100000000004,0.5865820815770523,1.0,0.25,0.1166
M01987,core,Singapore,Merchant Explorer,True,Merchant-specific voucher,dining,Fine Dining,Myung-Hwa-Dang,Myung-Hwa-Dang voucher,0.12881353504990894,0.12881353504990894,0.163434418471993,4064.72,1418.5639613397534,4537.79,0.4467702991455333,1.0,0.07407407407407407,0.3323875
M01989,core,Singapore,Low Responsiveness,False,No incentive,lodging,Hotel,GS Hotel,—,0.10489881073108165,0.10489881073108165,0.16079342232340066,1256.4099999999999,450.4917193412987,1318.77,0.3341834595061712,1.0,0.07142857142857142,0.3421
M01990,core,Japan,Low Responsiveness,False,No incentive,retail,Premium Retail,Shinsegae Myeongdong,—,0.1137564305241472,0.1137564305241472,0.16829549373133856,722.82,46.48941819241445,722.82,0.2628877588737496,1.0,0.0,0.04
M01991,core,Hong Kong,Fee-Sensitive Traveller,False,No incentive (FX-offset out of scope),lodging,Budget & Hostel,Page 63 Hostel,—,0.12966478378922752,0.12966478378922752,0.175797571397564,281.01,321.9622465381858,288.44,0.6966193014412851,1.0,0.3333333333333333,0.4729
M01992,gold,Hong Kong,Already Loyal,False,No incentive,lodging,Hotel,Cerulean Tower Tokyu Hotel,—,0.1326638531023575,0.11111100242763544,0.09331711087144506,8286.22,341.16627417337867,9898.35,0.34068258248302624,1.0,0.2222222222222222,0.294
M01993,core,Singapore,Merchant Explorer,True,Merchant-specific voucher,transport,Premium Transport,Vélib',Vélib' voucher,0.1551523429853544,0.11891313678756403,0.1571397285756347,3453.29,1401.8410562409285,3992.98,0.2843200291269379,1.0,0.4,0.17564
M01994,core,Australia,Already Loyal,False,No incentive,dining,Fine Dining,Flower Drum,—,0.140417919258398,0.11083160098024486,0.13300280466500788,11899.15,2115.021772732271,12056.83,0.49494428274940344,1.0,0.12,0.34595
M01995,gold,Singapore,Points Optimiser,True,2x / 3x points,retail,Premium Retail,Via del Corso shops,3x points on retail,0.15511109986060512,0.12224401683236248,0.10615292977123347,3593.2599999999998,1308.1544518613132,4179.11,0.32923621563441774,1.0,0.3333333333333333,0.22263333333333335
M01996,centurion,Singapore,Points Optimiser,True,2x / 3x points,dining,Cafe & Coffee,Mido Cafe,3x points on dining,0.17495983257419728,0.1443954056622467,0.12619550736423668,7670.26,966.4414474428592,7977.44,0.42838967288843105,1.0,0.3333333333333333,0.45765
M01998,core,Australia,Immediate Value Seeker,True,Cashback / statement credit,retail,Premium Retail,Coles,Cashback at Coles,0.15514239995063855,0.11687085218239318,0.17235046617497177,1849.63,199.50579143893492,1859.87,0.3260648740208637,1.0,0.25,0.24855
M01999,core,Singapore,Category Loyalist,True,Category-specific reward,dining,Fine Dining,L'As du Fallafel,Fine Dining reward (dining),0.13425285606785403,0.13425285606785403,0.16716928391916866,3858.06,2658.6117744574676,3858.06,0.5178184266390142,1.0,0.16666666666666666,0.055400000000000005
M02000,core,Singapore,Fee-Sensitive Traveller,False,No incentive (FX-offset out of scope),retail,Premium Retail,Suria KLCC,—,0.12410822965120133,0.12410822965120133,0.15715115639453842,510.16999999999996,346.0743669303372,1649.81,0.42001109263275677,1.0,0.42857142857142855,0.50598
M02001,platinum,Japan,Already Loyal,False,No incentive,retail,Premium Retail,People's Park Centre,—,0.12952252131097922,0.1295920832312517,0.0766350909020563,6082.25,2109.4845202451024,7028.36,0.3613407873500655,1.0,0.28,0.3963285714285715
M02002,core,Singapore,Category Loyalist,True,Category-specific reward,dining,Fine Dining,Maxwell Food Centre,Fine Dining reward (dining),0.12325959123816442,0.12325959123816442,0.16517761119916577,4775.15,1524.6864741180812,4775.15,0.5068396726960323,0.9166666666666666,0.25,0.238075
M02003,platinum,Singapore,Points Optimiser,True,2x / 3x points,lodging,Upscale Hotel,Parkroyal Collection Pickering,3x points on lodging,0.17071099493901878,0.13870367176271126,0.1241363959087737,9122.69,1576.2073698276993,9122.69,0.3499792906919615,1.0,0.13333333333333333,0.250675
M02004,gold,Singapore,Already Loyal,False,No incentive,retail,Premium Retail,Kagui,—,0.1463839114007284,0.1477014296436299,0.09579925054409119,16024.75,1771.9901152964612,16143.210000000001,0.2971117961864189,1.0,0.058823529411764705,0.33072
M02005,core,Hong Kong,Merchant Explorer,True,Merchant-specific voucher,lodging,Upscale Hotel,The Ritz-Carlton Kuala Lumpur,The Ritz-Carlton Kuala Lumpur voucher,0.18784320725928355,0.14082966008567746,0.1752980927595726,2196.33,2671.8568814156824,3348.88,0.30308696661217793,0.9230769230769231,0.34615384615384615,0.25745
M02006,platinum,Singapore,Immediate Value Seeker,True,Cashback / statement credit,lodging,Upscale Hotel,Hôtel Particulier Montmartre,Cashback at Hôtel Particulier Montmartre,0.16231991286769232,0.16231991286769232,0.18655721542612,3203.52,5218.970190614033,4421.06,0.3197074099559031,1.0,0.14285714285714285,0.25645
M02007,core,Singapore,Low Responsiveness,False,No incentive,lodging,Upscale Hotel,Gion Hatanaka,—,0.10817830375567584,0.10817830375567584,0.166403372040832,976.9399999999999,495.41722371056005,1428.42,0.27975515938846135,1.0,0.4,0.3575
M02008,gold,Hong Kong,Threshold Chaser,True,"Spend X, get Y back",lodging,Mid-scale Hotel,Khách Sạn Apt Ez,Spend & get-back at Khách Sạn Apt Ez,0.1493353592676273,0.1493353592676273,0.12931197456812651,414.49,945.1400315341883,414.49,0.28237707807153245,1.0,0.75,0.316
M02009,gold,Singapore,Category Loyalist,True,Category-specific reward,dining,Fine Dining,콩불,Fine Dining reward (dining),0.15641872749735755,0.11807960743209638,0.12257515000368968,6669.040000000001,223.89502142789112,6675.95,0.5194316903892502,1.0,0.4444444444444444,0.15753333333333333
M02010,core,Hong Kong,Merchant Explorer,True,Merchant-specific voucher,dining,Fine Dining,Breizh Café,Breizh Café voucher,0.18166376427000158,0.13110607889284845,0.17039563460962123,6514.389999999999,1928.7743905998013,6624.21,0.3472656509396418,1.0,0.22727272727272727,0.3171375
M02011,core,Singapore,Points Optimiser,True,2x / 3x points,retail,Premium Retail,Lot 10,3x points on retail,0.2544416018419216,0.2544416018419216,0.23952711292195594,56.58,18.293673356281033,296.69,0.33754655743588613,1.0,0.125,0.46499999999999997
M02012,core,Hong Kong,Immediate Value Seeker,True,Cashback / statement credit,lodging,Hotel,Hotel Eden,Cashback at Hotel Eden,0.12198854806796437,0.12198854806796437,0.15674085688842865,1179.1,873.7197506021737,1179.1,0.35565434929465606,1.0,0.3333333333333333,0.055400000000000005
M02015,centurion,Hong Kong,Merchant Explorer,True,Merchant-specific voucher,dining,Fine Dining,아리양,아리양 voucher,0.16563601767501224,0.1650341842907458,0.10226600160138805,20273.54,10499.822280475259,20273.54,0.2807140085975203,0.9333333333333333,0.23333333333333334,0.33289
M02016,platinum,Japan,Merchant Explorer,True,Merchant-specific voucher,lodging,Upscale Hotel,The Hoxton Paris,The Hoxton Paris voucher,0.1711731774753268,0.14428549795547907,0.11779397692003554,11816.919999999998,1047.3371206486036,15730.36,0.33342363597830627,1.0,0.1,0.29342
M02017,core,Japan,Merchant Explorer,True,Merchant-specific voucher,retail,Premium Retail,Wako,Wako voucher,0.161659032316651,0.1418194383655068,0.15589311741041806,5405.24,3316.232380292798,5713.639999999999,0.38024185889392675,1.0,0.13043478260869565,0.3248428571428571
M02020,gold,Hong Kong,Low Responsiveness,False,No incentive,lodging,Upscale Hotel,Swissotel Nankai Osaka,—,0.10680728142431452,0.10680728142431452,0.1091938485717812,2289.84,692.1857946222974,2289.84,0.2897853090246084,1.0,0.18181818181818182,0.15753333333333333
M02021,gold,Japan,Already Loyal,False,No incentive,dining,Fine Dining,Yung Kee,—,0.14236461587827143,0.1166367122264017,0.09833616560979273,9976.05,2170.4521703427718,9976.050000000001,0.30926167376966446,0.9,0.2,0.08
M02022,gold,Japan,Points Optimiser,True,2x / 3x points,retail,Premium Retail,Abbesses shops,3x points on retail,0.19892129047713358,0.19892129047713358,0.19367190743760646,1045.47,1031.8635930149085,1061.52,0.36811714295185555,1.0,0.2,0.42025
M02024,core,Hong Kong,Merchant Explorer,True,Merchant-specific voucher,dining,Fine Dining,Myeongdong Kyoja,Myeongdong Kyoja voucher,0.1802963598865291,0.13564637913782154,0.17435921680334565,4838.009999999999,1474.291679573212,5113.01,0.4372363678792134,0.9428571428571428,0.17142857142857143,0.27157
M02025,gold,United States,Already Loyal,False,No incentive,dining,Fine Dining,Walker's Doughnuts,—,0.15120660685339435,0.12575623814364556,0.1318528836297417,8635.36,1655.3305696343741,8806.17,0.3023738222308562,0.967741935483871,0.22580645161290322,0.21703333333333333
M02026,core,Japan,Fee-Sensitive Traveller,False,No incentive (FX-offset out of scope),lodging,Hotel,Hotel 1888,—,0.13453427850449778,0.1193961277556782,0.15547108962603384,5733.200000000001,1609.1332172431444,5864.0199999999995,0.3303607697348898,0.96875,0.3125,0.36219
M02027,core,United States,Immediate Value Seeker,True,Cashback / statement credit,retail,Premium Retail,Campo de' Fiori market,Cashback at Campo de' Fiori market,0.14366216757000036,0.11332575136198884,0.16326065311842392,1847.98,1201.197465956305,1865.54,0.46792605960899497,1.0,0.125,0.26395
M02029,gold,Hong Kong,Fee-Sensitive Traveller,False,No incentive (FX-offset out of scope),dining,Fine Dining,Armando al Pantheon,—,0.11869187612877935,0.11869187612877935,0.09431553751480377,2538.68,1276.974109954344,3095.4,0.421355783523174,1.0,0.18181818181818182,0.44806666666666667
M02030,core,Hong Kong,Category Loyalist,True,Category-specific reward,retail,Local Shops,Srigading,Local Shops reward (retail),0.4,0.4,0.4,11.26,69.40060650148278,11.26,1.0,1.0,0.0,0.8005
M02033,core,Singapore,Already Loyal,False,No incentive,dining,Fine Dining,L'As du Fallafel,—,0.14397981815909827,0.11720034281996415,0.12989236216875966,8191.23,2108.8544843018326,8191.2300000000005,0.3688773492304946,0.9523809523809523,0.2857142857142857,0.11080000000000001
M02034,core,Japan,Immediate Value Seeker,True,Cashback / statement credit,lodging,Hotel,Royal Plaza Hotel,Cashback at Royal Plaza Hotel,0.15660917229131105,0.11713264496652853,0.15587321104563173,3019.43,340.0737619262302,3019.43,0.2660750934809919,1.0,0.125,0.09000000000000001
M02035,core,Hong Kong,Immediate Value Seeker,True,Cashback / statement credit,retail,Premium Retail,Youngpoong Bookstore,Cashback at Youngpoong Bookstore,0.14721901418234118,0.11278611708398105,0.14776035090368167,3002.3599999999997,17.72603078004184,3002.36,0.28872483043546865,1.0,0.125,0.0783
M02036,core,Singapore,Immediate Value Seeker,True,Cashback / statement credit,retail,Premium Retail,Merci,Cashback at Merci,0.16762912903362207,0.11934825841146596,0.18520201185872445,1374.63,187.42208426687196,1374.6299999999999,0.3700625034767502,1.0,0.0,0.04
M02037,gold,Japan,Threshold Chaser,True,"Spend X, get Y back",retail,Premium Retail,Campo de' Fiori market,Spend & get-back at Campo de' Fiori market,0.1482726094753532,0.11808878114449944,0.10270574091939966,3094.3,962.5915652633817,3094.3,0.31563371631583326,1.0,0.375,0.055400000000000005
M02038,platinum,Singapore,Already Loyal,False,No incentive,retail,Luxury,Rolex,—,0.13567312900272943,0.1375518934584476,0.08079227250018783,7421.59,3960.1387322634964,7553.639999999999,0.36469627721484793,1.0,0.058823529411764705,0.30932
M02041,core,Japan,Merchant Explorer,True,Merchant-specific voucher,lodging,Hotel,Hotel Nikko Osaka,Hotel Nikko Osaka voucher,0.19431676649525412,0.13593029222523262,0.178991537756398,6165.41,2320.177795152938,6189.57,0.28756181059325797,0.8928571428571429,0.35714285714285715,0.27465
M02042,platinum,Singapore,Threshold Chaser,True,"Spend X, get Y back",dining,Fine Dining,Asahi,Spend & get-back at Asahi,0.2561439549852505,0.2561439549852505,0.1521776772348449,136.24,823.9256578132373,136.24,0.33702571090566225,1.0,0.6666666666666666,0.4571
M02045,core,Singapore,Immediate Value Seeker,True,Cashback / statement credit,dining,Fine Dining,Maxwell Food Centre,Cashback at Maxwell Food Centre,0.16461785507520452,0.12440219844542083,0.17088328264051084,2506.04,188.19927180314602,2506.04,0.4047672326110198,1.0,0.0,0.0896
M02048,core,Australia,Low Responsiveness,False,No incentive,lodging,Hotel,Hotel Seiyo Ginza,—,0.1113314713694033,0.1113314713694033,0.15900068909213882,1119.03,87.45929927400331,1165.21,0.27667469665646577,1.0,0.2222222222222222,0.4110333333333333
M02049,core,Japan,Immediate Value Seeker,True,Cashback / statement credit,retail,Premium Retail,알렉산더왕어그,Cashback at 알렉산더왕어그,0.15256324418275086,0.10348783996901258,0.17059080093192874,1975.4499999999998,104.86958036110913,1975.45,0.32220231184610815,1.0,0.25,0.0783
M02050,gold,Singapore,Category Loyalist,True,Category-specific reward,dining,Fine Dining,Bird Land,Fine Dining reward (dining),0.16209554581284843,0.12570640413852624,0.13609613376313517,6327.71,47.99669302200809,6580.06,0.5959085665886898,1.0,0.5,0.45855
M02051,gold,Hong Kong,Points Optimiser,True,2x / 3x points,dining,Fine Dining,Bird Land,3x points on dining,0.16627961510010966,0.12418869685291362,0.12158286346007643,3619.74,887.0680475358835,5253.57,0.30775027946042244,1.0,0.0,0.30183333333333334
M02053,core,Hong Kong,Points Optimiser,True,2x / 3x points,dining,Casual Dining,Sri Malaya,3x points on dining,0.4,0.4,0.1359852287110552,37.73,87.06739306632977,70.21,0.3636899949834101,1.0,0.0,0.4729
M02054,core,Singapore,Merchant Explorer,True,Merchant-specific voucher,dining,Fine Dining,The Wall,The Wall voucher,0.16608334490266163,0.11932150384152745,0.16650401072625648,9010.039999999999,2230.966486361624,9421.0,0.2814388326544006,0.927536231884058,0.2318840579710145,0.3048952380952381
M02057,core,Japan,Category Loyalist,True,Category-specific reward,dining,Fine Dining,Uobei Shibuya,Fine Dining reward (dining),0.15544018940157184,0.12668879401978614,0.15189345664014467,8515.74,38.795656971783,8683.71,0.5461058421448977,0.9333333333333333,0.13333333333333333,0.45855
M02058,platinum,Singapore,Points Optimiser,True,2x / 3x points,retail,Premium Retail,BHV Marais,3x points on retail,0.15522129178906677,0.13179992685402805,0.10614306024053732,2621.08,796.1869831305099,3612.51,0.3116878975160344,1.0,0.11764705882352941,0.24914
M02059,gold,Australia,Low Responsiveness,False,No incentive,transport,Premium Transport,ComfortDelGro,—,0.11025298982440677,0.11025298982440677,0.1091942121746126,2247.0699999999997,232.19683750320115,2277.43,0.3113041674681627,1.0,0.125,0.36404000000000003
M02060,core,Hong Kong,Low Responsiveness,False,No incentive,dining,Fine Dining,Kyubey,—,0.10972865641390808,0.10972865641390808,0.1607295829116107,852.0799999999999,8.542102014002225,852.08,0.298472895127606,1.0,0.25,0.1166
M02062,gold,Hong Kong,Already Loyal,False,No incentive,lodging,Hotel,Royal Plaza Hotel,—,0.12821113802247142,0.12821113802247142,0.093806386779142,9010.82,1712.8203552220327,9019.310000000001,0.4468190422229909,1.0,0.0,0.47025
M02063,gold,Hong Kong,Points Optimiser,True,2x / 3x points,retail,Premium Retail,People's Park Centre,3x points on retail,0.15837551853330784,0.134211463737591,0.10114258108567489,2646.22,1658.805353629094,2646.22,0.3393587359805299,1.0,0.2857142857142857,0.0802
M02065,gold,Singapore,Merchant Explorer,True,Merchant-specific voucher,dining,Fine Dining,Kings Lane Sandwiches,Kings Lane Sandwiches voucher,0.17382895469267945,0.13339360309939138,0.1258974478333471,3715.9,2782.486002772978,3816.9900000000002,0.3649861238444393,1.0,0.35,0.5384
M02066,core,Singapore,Already Loyal,False,No incentive,dining,Fine Dining,Gaucho Grill,—,0.1327192992742879,0.09870174823014483,0.1234965391563958,12462.640000000001,1254.2977554393356,13003.64,0.5537932312382059,1.0,0.2413793103448276,0.2695875
M02067,core,Japan,Points Optimiser,True,2x / 3x points,transport,Local Transit,Kura-Kura Bus,3x points on transport,0.4,0.4,0.4,18.77,134.1948701056163,20.939999999999998,0.41308682924515316,1.0,0.0,0.8005
M02068,core,Hong Kong,Fee-Sensitive Traveller,False,No incentive (FX-offset out of scope),dining,Fine Dining,Myung-Hwa-Dang,—,0.12147702957338047,0.12147702957338047,0.1538974727419938,3092.4300000000003,476.8316182112855,3307.2799999999997,0.2812906630730568,1.0,0.13333333333333333,0.3594
M02069,platinum,Singapore,Points Optimiser,True,2x / 3x points,retail,Premium Retail,GS25,3x points on retail,0.1649075439890826,0.13786630069977462,0.1041567407516185,2943.91,14.42311183430229,2943.91,0.26512829889142264,1.0,0.0,0.04
M02070,gold,Japan,Points Optimiser,True,2x / 3x points,transport,Rail & Metro,Tokyo Metro,3x points on transport,0.15724814556599498,0.1279356241569212,0.1138105592196408,5787.91,1520.4593425825492,7896.099999999999,0.3271018824190839,1.0,0.10526315789473684,0.25846
M02071,platinum,Japan,Threshold Chaser,True,"Spend X, get Y back",dining,Fine Dining,Punjab 인도식당,Spend & get-back at Punjab 인도식당,0.1320056016686897,0.1320056016686897,0.11348621974515025,5069.22,4385.884126158615,6332.570000000001,0.371222860397457,0.9230769230769231,0.38461538461538464,0.34604999999999997
M02072,core,Hong Kong,Merchant Explorer,True,Merchant-specific voucher,dining,Fine Dining,Bird Land,Bird Land voucher,0.16593262887477161,0.118820341864621,0.14174341201861176,15697.880000000001,4423.950998707706,16141.73,0.3437721715064814,0.9857142857142858,0.22857142857142856,0.2799260869565217
M02073,gold,Singapore,Fee-Sensitive Traveller,False,No incentive (FX-offset out of scope),retail,Premium Retail,beautywave,—,0.1500288749970654,0.11214566879353931,0.11050982247852283,2462.28,136.74808955238495,2558.98,0.26534114100858763,1.0,0.2857142857142857,0.42025
M02074,core,Hong Kong,Immediate Value Seeker,True,Cashback / statement credit,retail,Luxury,Rolex,Cashback at Rolex,0.14666217279375138,0.1090239506320811,0.15375730048154845,3692.8,8.33509140094359,3718.3999999999996,0.3588708328625465,1.0,0.125,0.0783
M02075,core,United States,Category Loyalist,True,Category-specific reward,dining,Fine Dining,Maxwell Food Centre,Fine Dining reward (dining),0.169929822473784,0.1422929665285381,0.15924577850557337,6034.31,2149.298745338566,6049.26,0.5147466948167501,1.0,0.09090909090909091,0.2875666666666667
M02076,gold,Singapore,Points Optimiser,True,2x / 3x points,dining,Cafe & Coffee,Starbucks,3x points on dining,0.16176867636093917,0.12449473227129425,0.10878829162431469,2377.69,129.0082195653439,3087.06,0.36571737048555875,1.0,0.125,0.25645
M02077,core,Japan,Immediate Value Seeker,True,Cashback / statement credit,dining,Cafe & Coffee,Myung-Poom Fortune Reading Cafe,Cashback at Myung-Poom Fortune Reading Cafe,0.16687371997924538,0.1232928766385116,0.16469659115426266,2406.64,106.77276834460275,2553.55,0.27493274324393263,1.0,0.3333333333333333,0.12512
M02078,gold,Hong Kong,Already Loyal,False,No incentive,dining,Fine Dining,Taco Bill,—,0.1421441656540269,0.11200999366696525,0.1048460122799868,7706.83,127.01459167795035,7871.88,0.2869617325107227,1.0,0.36363636363636365,0.15753333333333333
M02079,core,Australia,Merchant Explorer,True,Merchant-specific voucher,retail,Premium Retail,Langham Place,Langham Place voucher,0.17114556442117954,0.13448428658721137,0.17257990515708976,1649.98,633.7827188325616,2078.14,0.34541298264232123,1.0,0.12,0.3829125
M02081,core,Japan,Low Responsiveness,False,No incentive,dining,Fine Dining,Busan Fish Restaurant,—,0.11467589082578852,0.11467589082578852,0.1714364415918948,1282.0700000000002,199.1951921846476,1282.07,0.3285945530089689,1.0,0.16666666666666666,0.25645
M02082,core,Hong Kong,Points Optimiser,True,2x / 3x points,dining,Fine Dining,Quán Bar No.5,3x points on dining,0.27765183188490883,0.27765183188490883,0.19364375589988594,130.78,589.5954391962775,398.42,0.3775355730281442,1.0,0.0,0.3630333333333333
M02085,core,Australia,Immediate Value Seeker,True,Cashback / statement credit,lodging,Hotel,Tobu Hotel,Cashback at Tobu Hotel,0.1753202540376409,0.131226208586422,0.17320877071719298,2860.76,2545.655235643798,2860.76,0.32027277199569987,1.0,0.0,0.0937
M02086,gold,Japan,Points Optimiser,True,2x / 3x points,retail,Premium Retail,Tokyu Hands Namba,3x points on retail,0.16068047732629184,0.13302057282557214,0.1007677143046657,2809.32,469.7471566968727,2809.32,0.35376133368797014,1.0,0.16666666666666666,0.45855
M02088,core,Australia,Merchant Explorer,True,Merchant-specific voucher,dining,Fine Dining,Ginza Kagari,Ginza Kagari voucher,0.17618266884159745,0.13214180633948114,0.1610244089916354,4513.53,581.7056340294527,4871.74,0.35712456806074955,0.9696969696969697,0.15151515151515152,0.3274111111111111
M02090,centurion,Singapore,Threshold Chaser,True,"Spend X, get Y back",retail,Premium Retail,르알레스카,Spend & get-back at 르알레스카,0.15241563055149335,0.13666173232591092,0.09718644161736606,5433.12,6009.146535874577,5445.68,0.26629495187917435,0.9375,0.375,0.29084
M02091,gold,United States,Immediate Value Seeker,True,Cashback / statement credit,retail,Premium Retail,Ricordi Mediastore,Cashback at Ricordi Mediastore,0.17455525857319454,0.1321193443520067,0.13908998483498744,1217.91,1489.263507338172,1217.91,0.41716434923391527,1.0,0.0,0.0708
M02092,core,Australia,Immediate Value Seeker,True,Cashback / statement credit,retail,Premium Retail,Via dei Calzaiuoli shops,Cashback at Via dei Calzaiuoli shops,0.16282301000460186,0.11923161701587673,0.1740324745915258,1340.27,550.0139772632222,1340.27,0.34565202589442534,1.0,0.25,0.055400000000000005
M02093,core,Hong Kong,Immediate Value Seeker,True,Cashback / statement credit,retail,Premium Retail,Wako,Cashback at Wako,0.14913228200571008,0.12376916978256035,0.15217133718296094,3560.9100000000003,550.7572025234554,3634.0200000000004,0.430211351885907,1.0,0.14285714285714285,0.33782
M02094,platinum,Hong Kong,Points Optimiser,True,2x / 3x points,lodging,Hotel,Hotel Nikko Osaka,3x points on lodging,0.14873690351789068,0.12295572440857845,0.11814900646757008,4992.5199999999995,615.9337654538849,4992.52,0.3015214063099477,1.0,0.0,0.1166
M02095,core,Australia,Immediate Value Seeker,True,Cashback / statement credit,retail,Premium Retail,Mitsukoshi Ginza,Cashback at Mitsukoshi Ginza,0.16043941913795,0.13034988542165005,0.1518464377781254,2937.3599999999997,731.7834494926196,3059.86,0.38094178491764474,1.0,0.3,0.16779999999999998
M02096,core,Singapore,Immediate Value Seeker,True,Cashback / statement credit,retail,Premium Retail,MCM,Cashback at MCM,0.15568109706090025,0.10597322122796952,0.18266120686318105,1671.54,6.6050731178597175,2400.42,0.27289297406700697,0.9047619047619048,0.14285714285714285,0.49670000000000003
M02097,gold,Japan,Points Optimiser,True,2x / 3x points,retail,Premium Retail,CU,3x points on retail,0.1682511637905632,0.14407686363954164,0.11764422350284665,3425.79,1885.4435127845743,4010.7000000000003,0.39383524721505864,1.0,0.29411764705882354,0.42762
M02098,core,Australia,Immediate Value Seeker,True,Cashback / statement credit,dining,Fine Dining,봉피앙,Cashback at 봉피앙,0.17670296143832126,0.1325225060840647,0.17006703045594304,2174.56,9.556095657419746,3115.02,0.45120085571476465,1.0,0.14285714285714285,0.25645
M02099,platinum,Japan,Already Loyal,False,No incentive,lodging,Upscale Hotel,Novotel Melbourne on Collins,—,0.14632443203444304,0.12089355721067349,0.10128342664814065,18425.3,254.95551416201374,18425.300000000003,0.4861424694297286,1.0,0.0,0.04
M02101,core,United States,Merchant Explorer,True,Merchant-specific voucher,dining,Fine Dining,Churrasco,Churrasco voucher,0.16058685255379565,0.13000316355806207,0.15349550992278516,10215.599999999999,2913.097131149989,10703.17,0.4002574265180629,1.0,0.125,0.15704285714285712
M02102,core,Hong Kong,Merchant Explorer,True,Merchant-specific voucher,lodging,Upscale Hotel,Parkroyal Collection Pickering,Parkroyal Collection Pickering voucher,0.17317500292447519,0.12421650466427817,0.1620515622603172,5107.08,1372.4323228483374,5673.81,0.3843397377478124,0.8888888888888888,0.18518518518518517,0.29955
M02103,platinum,Hong Kong,Points Optimiser,True,2x / 3x points,lodging,Hotel,Langham Place Hotel Mongkok,3x points on lodging,0.20820937131517453,0.20820937131517453,0.16217205677405888,4478.69,1215.951191830695,4477.6900000000005,0.4132627630467259,1.0,0.0,0.1283
M02104,core,United States,Category Loyalist,True,Category-specific reward,retail,General Retail,Home Massage,General Retail reward (retail),0.29624357941092855,0.29624357941092855,0.33547011910479585,40.32,105.98876110624589,40.32,0.6064032383786848,1.0,0.0,0.4571
M02105,platinum,Singapore,Already Loyal,False,No incentive,dining,Fine Dining,L'As du Fallafel,—,0.1388699611544971,0.1291703123949437,0.09793076577474272,12043.300000000001,1076.4142419735101,12348.57,0.32098629675557916,0.8695652173913043,0.21739130434782608,0.3784166666666667
M02106,core,Hong Kong,Category Loyalist,True,Category-specific reward,lodging,Upscale Hotel,Flinders Landing Apartments,Upscale Hotel reward (lodging),0.1177609109765017,0.11457902298035738,0.1544628451452846,4367.46,513.2274194902345,4367.46,0.7124552181445488,1.0,0.2,0.25645
M02107,gold,Singapore,Points Optimiser,True,2x / 3x points,dining,Fine Dining,Bird Land,3x points on dining,0.14163572432710486,0.10417365451890083,0.1038590215659864,4931.6,66.88403712436616,4931.6,0.2695964497053079,1.0,0.125,0.0783
M02108,core,Australia,Low Responsiveness,False,No incentive,dining,Fine Dining,Breizh Café,—,0.10989992379268487,0.10989992379268487,0.15664827236956214,1391.44,272.7323048476743,1799.37,0.27589737334539505,1.0,0.1111111111111111,0.29958
M02109,gold,Singapore,Merchant Explorer,True,Merchant-specific voucher,retail,Premium Retail,Central Catholic Bookshop,Central Catholic Bookshop voucher,0.1500559404925771,0.12529592852232177,0.1037631025928018,4925.14,339.1893369443469,4992.06,0.33986901356443483,1.0,0.22727272727272727,0.32771666666666666
M02111,centurion,Hong Kong,Already Loyal,False,No incentive,retail,Premium Retail,SKIN1004,—,0.14720708479089553,0.14720708479089553,0.08901156165882951,22371.29,4080.8055440178323,22593.6,0.3397125371131462,0.96,0.24,0.32352857142857144
M02112,core,Singapore,Low Responsiveness,False,No incentive,dining,Fine Dining,渋谷三丁目らあめん,—,0.10974847190270033,0.10974847190270033,0.15834136572976967,2765.62,5.371647034375314,2765.62,0.34453670475547377,1.0,0.0,0.1166
M02115,gold,Japan,Low Responsiveness,False,No incentive,lodging,Budget & Hostel,The Inn at the Roman Forum,—,0.11316956387554714,0.11316956387554714,0.09773413585193827,4784.84,1330.9490457715588,4784.84,0.27849659523598813,1.0,0.36363636363636365,0.07579999999999999
M02116,platinum,Singapore,Threshold Chaser,True,"Spend X, get Y back",retail,Premium Retail,Suria KLCC,Spend & get-back at Suria KLCC,0.2541701763183981,0.2541701763183981,0.13093653818410989,118.39000000000001,12.565493120796283,692.99,0.4226263114726201,1.0,0.75,0.4729
M02117,core,Singapore,Merchant Explorer,True,Merchant-specific voucher,dining,Fine Dining,Breizh Café,Breizh Café voucher,0.13055614439994684,0.12126019004356073,0.1566584673555129,6033.66,2041.0418245724352,6366.599999999999,0.3484709156060865,0.9642857142857143,0.2857142857142857,0.305475
M02119,core,Singapore,Threshold Chaser,True,"Spend X, get Y back",retail,Premium Retail,Nishiki Market stalls,Spend & get-back at Nishiki Market stalls,0.157947992740301,0.12750273756895492,0.16628251653089204,1979.15,1386.331146627298,2227.65,0.3656438025148825,1.0,0.45454545454545453,0.4580666666666667
M02120,core,Singapore,Points Optimiser,True,2x / 3x points,transport,Ride-hail & Taxi,Mai Linh Taxi,3x points on transport,0.37455158304054026,0.37455158304054026,0.32573591752824876,26.82,211.6665387835369,34.379999999999995,0.3720810528463829,1.0,0.0,0.316
M02121,core,Singapore,Immediate Value Seeker,True,Cashback / statement credit,lodging,Upscale Hotel,Mandarin Oriental Kuala Lumpur,Cashback at Mandarin Oriental Kuala Lumpur,0.16886328646445664,0.16886328646445664,0.221205821168949,694.16,1694.3274514996315,1989.6,0.4758054895104726,1.0,0.13333333333333333,0.5203599999999999
M02123,platinum,Australia,Points Optimiser,True,2x / 3x points,transport,Ride-hail & Taxi,Grab,3x points on transport,0.4,0.4,0.4,8.71,49.57726827023512,244.94,0.3068990941862947,1.0,0.2857142857142857,0.6288
M02126,core,Australia,Points Optimiser,True,2x / 3x points,dining,Casual Dining,Bun Cha Huong Lien,3x points on dining,0.3230107270920761,0.3230107270920761,0.26266222997503924,92.44,625.2933627009729,120.05,0.314932008927975,1.0,0.0,0.39444999999999997
M02127,platinum,United States,Merchant Explorer,True,Merchant-specific voucher,retail,Premium Retail,Kuromon Market,Kuromon Market voucher,0.15410721347470602,0.15410721347470602,0.08950725423850073,12784.330000000002,5950.747443622984,13468.52,0.2864525275523375,1.0,0.2692307692307692,0.3696375
M02128,core,Japan,Threshold Chaser,True,"Spend X, get Y back",transport,Rail & Metro,SMRT,Spend & get-back at SMRT,0.11923610087916622,0.11923610087916622,0.1546148165315662,2172.3599999999997,204.8300333471038,2172.36,0.32557542096528713,1.0,0.375,0.1031
M02129,core,Australia,Threshold Chaser,True,"Spend X, get Y back",retail,Premium Retail,Namba Parks,Spend & get-back at Namba Parks,0.16217094416945577,0.13137722325259654,0.1570416628530028,2361.59,288.19574040579784,2361.59,0.39563156900043017,1.0,0.75,0.1166
M02130,core,Japan,Fee-Sensitive Traveller,False,No incentive (FX-offset out of scope),dining,Fine Dining,Ichiran Dotonbori,—,0.1272769653428923,0.1272769653428923,0.16362352784715387,1536.6799999999998,409.1487388268846,2133.3,0.2643750789515944,1.0,0.14814814814814814,0.48548888888888886
M02131,platinum,Australia,Already Loyal,False,No incentive,lodging,Upscale Hotel,Sofitel Wentworth Sydney,—,0.14570163554936955,0.14570163554936955,0.12276149639453907,8753.09,48.74669343630103,8818.77,0.48704377284412925,1.0,0.2857142857142857,0.178
M02132,core,Hong Kong,Threshold Chaser,True,"Spend X, get Y back",retail,Apparel,Uniqlo Ginza,Spend & get-back at Uniqlo Ginza,0.18968685247700312,0.15266228671048676,0.16969898875279713,2134.4700000000003,24.62696234255965,2375.05,0.39619823303785623,1.0,0.4166666666666667,0.20983333333333332
M02133,core,Australia,Points Optimiser,True,2x / 3x points,transport,Rail & Metro,Chinatown MRT,3x points on transport,0.22984191451358607,0.22984191451358607,0.22016020063620265,159.29,13.212655965538296,175.66,0.3483732709555085,1.0,0.25,0.0896
M02134,core,Japan,Category Loyalist,True,Category-specific reward,retail,Apparel,Uniqlo Ginza,Apparel reward (retail),0.17775863444316597,0.14800546384393753,0.15445299312920635,1904.07,19.310428090643413,1904.07,0.7261064797790886,1.0,0.25,0.1166
M02137,core,United States,Merchant Explorer,True,Merchant-specific voucher,lodging,Upscale Hotel,Parkroyal Collection Pickering,Parkroyal Collection Pickering voucher,0.17620196688764525,0.1490929784208065,0.13483900966905957,11412.02,1766.5071736548932,11540.98,0.3758422754725297,1.0,0.25,0.2612
M02138,gold,Hong Kong,Points Optimiser,True,2x / 3x points,dining,Fast Food,Saizeriya,3x points on dining,0.15351653856212766,0.12989985515370656,0.10592523260132918,6031.3099999999995,214.08824561533245,6196.8099999999995,0.3554939506521854,0.8333333333333334,0.16666666666666666,0.16584000000000002
M02139,platinum,Japan,Category Loyalist,True,Category-specific reward,transport,Rail & Metro,Hanoi Metro,Rail & Metro reward (transport),0.4,0.4,0.4,9.58,40.311313643105066,13.22,0.6009438777261793,1.0,0.0,0.55825
M02141,core,Singapore,Fee-Sensitive Traveller,False,No incentive (FX-offset out of scope),retail,Premium Retail,Dobi,—,0.14347098392604268,0.14347098392604268,0.1817688202882658,1757.91,3242.950664276556,2228.26,0.2858574470167955,1.0,0.14285714285714285,0.44551999999999997
M02142,gold,United States,Merchant Explorer,True,Merchant-specific voucher,dining,Fine Dining,대한극장 시당,대한극장 시당 voucher,0.16190975172003802,0.1331948668728987,0.13050409702595442,13165.539999999999,568.4891529946694,15178.02,0.36488882709365156,0.9166666666666666,0.20833333333333334,0.12041666666666667
M02143,core,Japan,Immediate Value Seeker,True,Cashback / statement credit,dining,Fine Dining,Breizh Café,Cashback at Breizh Café,0.14477688753689053,0.11036082479776343,0.15908805257024874,3773.59,184.92170012668566,3791.51,0.33922424021179143,1.0,0.0,0.31903333333333334
M02145,gold,Singapore,Already Loyal,False,No incentive,lodging,Hotel,Imperial Hotel Tokyo,—,0.1317376676054567,0.10521296168572185,0.0994226319369262,30389.82,6012.170177470294,31636.47,0.3590994812899551,1.0,0.23809523809523808,0.2572
M02146,core,United States,Category Loyalist,True,Category-specific reward,retail,Premium Retail,EmQuartier,Premium Retail reward (retail),0.4,0.4,0.4,8.85,67.38343809839688,500.48,0.5656458426828406,1.0,0.0,0.38655
M02147,core,Singapore,Already Loyal,False,No incentive,dining,Fine Dining,Jumbo Seafood,—,0.1352568108219501,0.09422175674543605,0.13050323049310128,18789.6,1262.4238390741557,21656.39,0.5734987150230244,0.9259259259259259,0.2222222222222222,0.2457
M02148,gold,Hong Kong,Threshold Chaser,True,"Spend X, get Y back",retail,Premium Retail,Kodak Express,Spend & get-back at Kodak Express,0.23523452027834205,0.23523452027834205,0.14986160766017007,161.94,282.96891793404336,161.94,0.43429320593155657,1.0,0.6666666666666666,0.4571
M02149,core,Singapore,Immediate Value Seeker,True,Cashback / statement credit,dining,Fine Dining,Kyubey,Cashback at Kyubey,0.16735717267069408,0.1332504197777278,0.15409752281277062,2768.98,2283.005154696878,2842.73,0.3706965701794908,1.0,0.09090909090909091,0.32398
M02153,core,Singapore,Merchant Explorer,True,Merchant-specific voucher,lodging,Upscale Hotel,The Hoxton Paris,The Hoxton Paris voucher,0.15674630132436787,0.12011257379167664,0.14438558989773134,5406.8,2512.1537240614534,5477.92,0.30046765399299674,1.0,0.10344827586206896,0.2079125
M02154,gold,Hong Kong,Points Optimiser,True,2x / 3x points,dining,Fine Dining,Thapae Chill Garden,3x points on dining,0.24282131764620943,0.24282131764620943,0.19932737843862566,370.67,991.6529990798583,370.67,0.4743981602251733,1.0,0.25,0.6288
M02156,core,Australia,Low Responsiveness,False,No incentive,lodging,Upscale Hotel,The Mandarin Oriental Hong Kong,—,0.11158290648346231,0.11158290648346231,0.16550162744662866,1430.64,894.7939651913781,1430.6399999999999,0.31280174393090837,1.0,0.2222222222222222,0.22263333333333335
M02157,centurion,Singapore,Points Optimiser,True,2x / 3x points,lodging,Upscale Hotel,Khách Sạn Apt Ez,3x points on lodging,0.1437913233232551,0.1437913233232551,0.12901496468084772,362.25,1402.7802756803762,362.25,0.39821734281894505,1.0,0.3333333333333333,0.316
M02158,gold,Singapore,Immediate Value Seeker,True,Cashback / statement credit,retail,Premium Retail,Mitsukoshi Ginza,Cashback at Mitsukoshi Ginza,0.1523025649698106,0.11473364883992615,0.11920819685986334,2240.7799999999997,17.442021426312238,2613.11,0.30773410845428883,1.0,0.25,0.45855
M02159,core,Singapore,Points Optimiser,True,2x / 3x points,lodging,Hotel,New Seoul Hotel,3x points on lodging,0.1603797741386022,0.1603797741386022,0.15066790423283102,3995.59,4333.611364674679,4035.34,0.4394016851103992,1.0,0.07142857142857142,0.35652
M02160,core,United States,Immediate Value Seeker,True,Cashback / statement credit,transport,Premium Transport,Trenitalia,Cashback at Trenitalia,0.22551226686508452,0.22551226686508452,0.22745999256360067,318.94,595.8696576651969,414.14,0.3793776873595569,1.0,0.2222222222222222,0.32525
M02161,gold,Australia,Merchant Explorer,True,Merchant-specific voucher,dining,Fine Dining,Yung Kee,Yung Kee voucher,0.16662382056407976,0.16662382056407976,0.0922844612419284,34317.03,11977.150956849735,34331.37,0.2977065742512617,0.9111111111111111,0.15555555555555556,0.27654
M02162,core,Australia,Points Optimiser,True,2x / 3x points,dining,Casual Dining,BarCa Phe Quynh Anh,3x points on dining,0.4,0.4,0.30279365272799996,32.41,148.08963566219106,37.56,0.4257530159767091,1.0,0.0,0.316
M02163,gold,Australia,Points Optimiser,True,2x / 3x points,dining,Fine Dining,Le Consulat,3x points on dining,0.12814444860169527,0.12814444860169527,0.10569824439802522,4809.36,3108.1843949328404,4814.15,0.41448082556286653,1.0,0.14285714285714285,0.256975
M02164,core,Singapore,Merchant Explorer,True,Merchant-specific voucher,dining,Fine Dining,Turkey Kebab House,Turkey Kebab House voucher,0.1477960189275825,0.1167480539906412,0.14111471250994878,5431.25,1360.8188357373242,5910.68,0.26706825679286417,0.9629629629629629,0.18518518518518517,0.18557142857142855
M02165,core,Australia,Already Loyal,False,No incentive,dining,Fine Dining,Taco Bill,—,0.144695495008193,0.11362602563146473,0.13594182816468428,7401.530000000001,371.0947725894252,8074.28,0.28349684826097155,1.0,0.2857142857142857,0.19715
M02166,gold,Singapore,Points Optimiser,True,2x / 3x points,dining,Fine Dining,Osulloc,3x points on dining,0.1858708177324936,0.1858708177324936,0.12280367330271388,1366.5600000000002,1504.7459301019057,1372.26,0.41215287677225315,1.0,0.0,0.178
M02167,core,Australia,Category Loyalist,True,Category-specific reward,dining,Cafe & Coffee,Mido Cafe,Cafe & Coffee reward (dining),0.25165027865060724,0.25165027865060724,0.217792231699836,905.09,2178.023541582486,986.21,0.5414824585833259,0.9333333333333333,0.06666666666666667,0.2877
M02168,core,Japan,Merchant Explorer,True,Merchant-specific voucher,retail,Premium Retail,Via del Corso shops,Via del Corso shops voucher,0.17403401171988522,0.16168580835504998,0.13445198014700424,9462.689999999999,4165.246454361061,11093.83,0.4636076235784415,1.0,0.20588235294117646,0.1814
M02169,gold,Australia,Merchant Explorer,True,Merchant-specific voucher,dining,Fine Dining,Yung Kee,Yung Kee voucher,0.1714400351243213,0.15322471537227472,0.12809026529738926,17303.39,4831.354014013677,17457.86,0.2606596577282634,0.8909090909090909,0.3090909090909091,0.29284375
M02171,gold,Singapore,Category Loyalist,True,Category-specific reward,retail,Local Shops,Elfon laundry,Local Shops reward (retail),0.3860754864820095,0.3860754864820095,0.33697543668753205,30.65,187.17904714274357,30.65,0.5000064401267801,1.0,0.0,0.8005
M02174,platinum,Australia,Merchant Explorer,True,Merchant-specific voucher,dining,Fine Dining,Mak's Noodle,Mak's Noodle voucher,0.12815502705830337,0.12815502705830337,0.09406493276723124,4655.69,1338.7976362696836,5496.59,0.3377822395351836,1.0,0.09523809523809523,0.24683333333333335
M02175,core,United States,Threshold Chaser,True,"Spend X, get Y back",retail,Premium Retail,Tomod's,Spend & get-back at Tomod's,0.16381146443633993,0.11972935474689235,0.1822259168200729,1176.4,1.7919906117122935,1482.12,0.3157549394061536,1.0,0.375,0.2163
M02176,core,Japan,Low Responsiveness,False,No incentive,dining,Fine Dining,Ondergronds Bar,—,0.10717821291692613,0.10717821291692613,0.16317151583083958,2467.37,51.15363202868937,3149.91,0.396651714649466,1.0,0.0,0.3233333333333333
M02177,core,Singapore,Category Loyalist,True,Category-specific reward,retail,Premium Retail,Han Market,Premium Retail reward (retail),0.24961361081593691,0.24961361081593691,0.1985095429353139,117.1,470.68656206956143,117.1,0.7269918271113538,1.0,0.5,0.316
M02178,core,Singapore,Immediate Value Seeker,True,Cashback / statement credit,dining,Fine Dining,Fiaschetteria Nuvoli,Cashback at Fiaschetteria Nuvoli,0.14636147026427085,0.14636147026427085,0.17372374746531363,1525.29,2144.3010178037084,1525.29,0.3655869937148909,1.0,0.3333333333333333,0.19956666666666667
M02179,platinum,Australia,Threshold Chaser,True,"Spend X, get Y back",retail,Premium Retail,Tokyu Hands Namba,Spend & get-back at Tokyu Hands Namba,0.16315087660030667,0.16315087660030667,0.0969528959371562,13531.77,1313.8204527251783,22688.84,0.3047856905905814,0.75,0.4375,0.38382499999999997
M02180,gold,Singapore,Points Optimiser,True,2x / 3x points,retail,Premium Retail,Mitsukoshi Ginza,3x points on retail,0.14838698994007812,0.1204908010359137,0.09564334287369078,5080.950000000001,1370.8554687655435,5080.95,0.3602811633144467,1.0,0.09090909090909091,0.14825
M02181,core,Australia,Merchant Explorer,True,Merchant-specific voucher,lodging,Hotel,Hotel Nikko Osaka,Hotel Nikko Osaka voucher,0.12830476430650503,0.12830476430650503,0.1570281577708706,2955.7499999999995,2024.964587153481,3028.64,0.3113491901026793,1.0,0.09090909090909091,0.3046857142857143
M02182,platinum,Singapore,Already Loyal,False,No incentive,dining,Fine Dining,Mak's Noodle,—,0.1445211445854804,0.1272960474861171,0.10243197066846114,22695.24,6854.856168108201,25043.2,0.3621316631829277,0.9782608695652174,0.2391304347826087,0.34445000000000003
M02183,platinum,Japan,Points Optimiser,True,2x / 3x points,retail,Premium Retail,Merci,3x points on retail,0.1586108456792891,0.12889995353087888,0.1178321764907463,2712.7799999999997,614.5072756124512,2725.8999999999996,0.33757668429612503,1.0,0.125,0.4325333333333334
M02184,core,Australia,Immediate Value Seeker,True,Cashback / statement credit,lodging,Upscale Hotel,Hôtel Caron de Beaumarchais,Cashback at Hôtel Caron de Beaumarchais,0.15936670749449644,0.12015200761326225,0.1477051475720975,7038.37,1764.6399600152754,7432.63,0.33189543651997316,1.0,0.18181818181818182,0.1893
M02185,core,Singapore,Immediate Value Seeker,True,Cashback / statement credit,lodging,Upscale Hotel,Hyatt Regency Kyoto,Cashback at Hyatt Regency Kyoto,0.13582673198912054,0.13582673198912054,0.15928510110140592,1857.66,2177.500751022719,1881.4,0.27357546580468856,1.0,0.15789473684210525,0.2976666666666667
M02188,gold,Singapore,Points Optimiser,True,2x / 3x points,retail,Premium Retail,Chinatown Complex,3x points on retail,0.14781950616983208,0.12241918247872087,0.11199719143770995,1927.3600000000001,132.20711790091866,1927.3600000000001,0.36315649781734566,1.0,0.0,0.0896
M02189,core,Singapore,Low Responsiveness,False,No incentive,transport,Rail & Metro,Busan Metro,—,0.11451767326621512,0.11451767326621512,0.16401817989942002,632.23,230.92125774744505,943.54,0.2627709682115137,1.0,0.2727272727272727,0.3233333333333333
M02190,core,Singapore,Points Optimiser,True,2x / 3x points,dining,Fine Dining,Grillhütte,3x points on dining,0.26393377344283675,0.26393377344283675,0.21386205729729565,149.65,464.92934777255044,511.11,0.49678631121885414,1.0,0.3333333333333333,0.38655
M02193,core,Hong Kong,Immediate Value Seeker,True,Cashback / statement credit,dining,Fine Dining,Tsukiji Sushi Sen,Cashback at Tsukiji Sushi Sen,0.17166169421652713,0.13479000933568214,0.16799656116536962,4143.3,1459.285919029804,4227.4800000000005,0.3658268545473685,1.0,0.2857142857142857,0.36125
M02195,core,Singapore,Threshold Chaser,True,"Spend X, get Y back",retail,Convenience,7-Eleven,Spend & get-back at 7-Eleven,0.13729305874232037,0.12300997385531634,0.13074792274561273,5678.900000000001,333.814346279783,5933.969999999999,0.44148758696359663,1.0,0.4166666666666667,0.33440000000000003
M02196,core,Australia,Already Loyal,False,No incentive,retail,Premium Retail,Adidas,—,0.14891163834178886,0.12609913403430456,0.11353032660272212,18877.559999999998,2124.2209226376526,19686.0,0.35304994519410393,0.9722222222222222,0.19444444444444445,0.15038
M02197,gold,Japan,Merchant Explorer,True,Merchant-specific voucher,dining,Fine Dining,Mak's Noodle,Mak's Noodle voucher,0.16883664241710636,0.13490394946191672,0.11165783460121817,4349.11,578.5299340572999,4540.92,0.32368210474709624,1.0,0.22727272727272727,0.4433714285714286
M02198,platinum,Hong Kong,Category Loyalist,True,Category-specific reward,lodging,Upscale Hotel,Gion Hatanaka,Upscale Hotel reward (lodging),0.20093297560890544,0.20093297560890544,0.20808665693695394,3204.1299999999997,2248.8543192372,3203.13,0.5261896689086772,1.0,0.3333333333333333,0.1166
M02199,core,Hong Kong,Immediate Value Seeker,True,Cashback / statement credit,dining,Fine Dining,Spicy Fish Restaurant,Cashback at Spicy Fish Restaurant,0.16530897007180673,0.11755310158549978,0.16350574312105906,4470.34,759.2596114053797,4590.48,0.32431648128375856,1.0,0.08333333333333333,0.42025
M02200,platinum,Singapore,Points Optimiser,True,2x / 3x points,transport,Premium Transport,Citybus,3x points on transport,0.1594341101058839,0.1292336300930054,0.11348461945245937,6868.09,631.8158648516188,6874.02,0.25584648823143563,1.0,0.3125,0.1464
M02201,core,Singapore,Immediate Value Seeker,True,Cashback / statement credit,lodging,Upscale Hotel,Four Seasons Hong Kong,Cashback at Four Seasons Hong Kong,0.18306875954352356,0.1187801267886022,0.18024445946684403,3352.29,0.0,3352.29,0.3500797034490539,1.0,0.0,0.14
M02202,gold,Singapore,Threshold Chaser,True,"Spend X, get Y back",dining,Fine Dining,Single O,Spend & get-back at Single O,0.12898851400008993,0.12898851400008993,0.10788257324969566,1127.42,8.00083284435874,1127.42,0.3204816875003306,1.0,0.5,0.04
M02203,core,Japan,Immediate Value Seeker,True,Cashback / statement credit,lodging,Hotel,Royal Plaza Hotel,Cashback at Royal Plaza Hotel,0.1223910543318311,0.1223910543318311,0.15768273282369732,2151.12,607.6983451904189,2515.9700000000003,0.3514566275481092,1.0,0.2,0.3043666666666667
M02205,platinum,Australia,Already Loyal,False,No incentive,retail,Premium Retail,크로바원색,—,0.1351585551062079,0.1351585551062079,0.0687987317945359,19197.52,3085.7003141008167,20057.309999999998,0.5694411487933505,1.0,0.3,0.17182
M02206,gold,Singapore,Merchant Explorer,True,Merchant-specific voucher,dining,Fine Dining,Zuboraya,Zuboraya voucher,0.1573046848240706,0.12394022377914263,0.11551989163966297,5620.13,1969.6044110949724,6273.17,0.4759849420001455,1.0,0.10714285714285714,0.3432
M02207,core,Hong Kong,Already Loyal,False,No incentive,retail,Premium Retail,Juno Hair,—,0.14179866328969526,0.12503047146150353,0.11411506603117624,21185.66,3535.3654849577674,21880.71,0.3941275608027273,0.8863636363636364,0.18181818181818182,0.18057692307692308
M02209,core,Singapore,Low Responsiveness,False,No incentive,retail,Premium Retail,Lotte Duty Free,—,0.10946659341391682,0.10946659341391682,0.16940430822985456,993.37,203.57942251220925,993.37,0.27548437851989566,1.0,0.0,0.055400000000000005
M02211,core,Singapore,Immediate Value Seeker,True,Cashback / statement credit,retail,Premium Retail,MSY Ultimo,Cashback at MSY Ultimo,0.15421030394878643,0.12385898029804898,0.1556698379250761,3255.86,364.4407307047835,4028.12,0.29641612924592053,1.0,0.17647058823529413,0.38
M02212,gold,Singapore,Already Loyal,False,No incentive,retail,Convenience,FamilyMart,—,0.12722640152681666,0.12722640152681666,0.08192196896403223,19382.49,3020.6996406811472,19413.84,0.4080567382886601,0.7777777777777778,0.0,0.2598
M02214,core,Japan,Immediate Value Seeker,True,Cashback / statement credit,lodging,Hotel,Four Seasons Hotel Firenze,Cashback at Four Seasons Hotel Firenze,0.16293533672365484,0.16293533672365484,0.2367484850115629,1011.65,2230.4043428334144,1604.79,0.33174263455521724,1.0,0.3333333333333333,0.27185
M02215,core,Singapore,Immediate Value Seeker,True,Cashback / statement credit,lodging,Upscale Hotel,Hôtel Caron de Beaumarchais,Cashback at Hôtel Caron de Beaumarchais,0.1622040580257364,0.1140886156930247,0.1669775111601146,2725.53,235.49836521647438,2936.12,0.2710257920425856,1.0,0.08333333333333333,0.17903333333333335
M02216,core,Singapore,Immediate Value Seeker,True,Cashback / statement credit,retail,Premium Retail,Ricordi Mediastore,Cashback at Ricordi Mediastore,0.18070339408331798,0.13636072256888546,0.1759172361276646,1907.71,1830.9717390839692,1907.7099999999998,0.3452409721218568,1.0,0.3,0.14226666666666668
M02219,core,United States,Immediate Value Seeker,True,Cashback / statement credit,lodging,Upscale Hotel,Swissotel Nankai Osaka,Cashback at Swissotel Nankai Osaka,0.18549927965783025,0.12814062691653705,0.17434226943588485,3908.34,1582.0772724629503,3949.63,0.31136988647022046,1.0,0.25,0.32774000000000003
M02221,core,Hong Kong,Low Responsiveness,False,No incentive,transport,Rail & Metro,Vietnam Airlines,—,0.10870428537811616,0.10870428537811616,0.1698958972440568,666.76,206.61721575163315,876.14,0.25907267281878327,1.0,0.29411764705882354,0.35219999999999996
M02222,core,Singapore,Immediate Value Seeker,True,Cashback / statement credit,dining,Fast Food,KFC,Cashback at KFC,0.16608103844447353,0.12520772451207451,0.1666990606680505,2513.49,14.179325492520547,2513.49,0.28206027766622044,1.0,0.25,0.04
M02225,core,Hong Kong,Low Responsiveness,False,No incentive,retail,Premium Retail,Sneaker Street,—,0.1113859406855287,0.1113859406855287,0.16632004422432378,1009.8399999999999,217.36501883575326,1088.9,0.31123031622727915,1.0,0.25,0.47025
M02227,core,Japan,Points Optimiser,True,2x / 3x points,lodging,Budget & Hostel,JW Marriott KL,3x points on lodging,0.4,0.4,0.3150482806278663,13.67,120.89373940832364,64.65,0.3771089135442255,1.0,0.0,0.39444999999999997
M02228,core,Hong Kong,Fee-Sensitive Traveller,False,No incentive (FX-offset out of scope),transport,Premium Transport,ANM Napoli,—,0.11830852690925919,0.11830852690925919,0.14422565572055152,3050.57,1191.5778745262548,3690.13,0.3295949427913817,1.0,0.08695652173913043,0.43908571428571425
M02230,core,Singapore,Immediate Value Seeker,True,Cashback / statement credit,dining,Fine Dining,Maxwell Food Centre,Cashback at Maxwell Food Centre,0.16247855723537372,0.11635149890765273,0.1689172279355167,2878.2999999999997,252.2173320021002,2878.2999999999997,0.2820440568211165,1.0,0.25,0.11480000000000001
M02231,platinum,Australia,Threshold Chaser,True,"Spend X, get Y back",lodging,Hotel,Adelphi Hotel,Spend & get-back at Adelphi Hotel,0.13061011795579794,0.13061011795579794,0.10725950025916961,2419.47,39.443472731477755,2419.4700000000003,0.2932694334183493,1.0,0.5,0.04
M02232,platinum,Singapore,Points Optimiser,True,2x / 3x points,dining,Fine Dining,프랑스에 다녀온 붕어빵,3x points on dining,0.16305539121049112,0.12959049288803873,0.11037420717901872,4998.3,223.82171952614272,4998.3,0.3098571158432908,1.0,0.125,0.04
M02233,gold,Singapore,Category Loyalist,True,Category-specific reward,retail,Premium Retail,Abbesses shops,Premium Retail reward (retail),0.27441604230843564,0.2418916005978652,0.2699926418845988,1286.15,2668.042314066679,1284.15,0.6109481385629825,1.0,0.5,0.04
M02235,gold,United States,Points Optimiser,True,2x / 3x points,dining,Fine Dining,Maxwell Food Centre,3x points on dining,0.12166786600158302,0.12166786600158302,0.10146915565554934,2359.67,196.98278125412338,2359.67,0.3990801530965661,0.8571428571428571,0.2857142857142857,0.0896
M02236,gold,Hong Kong,Already Loyal,False,No incentive,retail,Apparel,ALAND,—,0.13519253024656674,0.12959246724544593,0.09405115270019282,7484.22,1799.2023488150944,7492.32,0.4285426457763499,0.9285714285714286,0.21428571428571427,0.19394
M02237,core,Singapore,Low Responsiveness,False,No incentive,lodging,Upscale Hotel,St. Regis Singapore,—,0.1164570726985408,0.1164570726985408,0.16287378863500354,1625.22,98.50627554512019,1631.13,0.3778258380939504,1.0,0.2222222222222222,0.18186666666666665
M02239,platinum,Singapore,Already Loyal,False,No incentive,retail,Premium Retail,Ladies' Market,—,0.1328875575865586,0.12931713254214902,0.08138159649958016,37142.72,6456.461073035194,37765.77,0.32273582679935087,0.8484848484848485,0.3333333333333333,0.2302777777777778
M02241,core,United States,Merchant Explorer,True,Merchant-specific voucher,transport,Rail & Metro,Flinders Street Station,Flinders Street Station voucher,0.16261626307859417,0.1143141776057864,0.14073685463279476,6137.719999999999,496.16254636318723,6495.35,0.3050850707342946,1.0,0.18518518518518517,0.3109875
M02243,core,Singapore,Immediate Value Seeker,True,Cashback / statement credit,retail,Premium Retail,Nishiki Market stalls,Cashback at Nishiki Market stalls,0.13239729986432913,0.13239729986432913,0.170738139351976,820.46,930.3758939184274,820.46,0.4147720291722651,1.0,0.3333333333333333,0.15753333333333333
M02244,core,Singapore,Immediate Value Seeker,True,Cashback / statement credit,retail,Premium Retail,Chinatown Complex,Cashback at Chinatown Complex,0.1770093508842806,0.14175476119853253,0.16774077361027495,2029.97,119.22021895412365,2932.29,0.3604277819896605,1.0,0.0,0.28125
M02245,platinum,Hong Kong,Low Responsiveness,False,No incentive,transport,Premium Transport,Kakao T,—,0.1116122674585112,0.1116122674585112,0.11259701111505017,2091.0699999999997,546.456240413524,2091.07,0.5182118565622549,1.0,0.25,0.04
M02246,core,Singapore,Merchant Explorer,True,Merchant-specific voucher,dining,Fine Dining,Curry Bowl,Curry Bowl voucher,0.1803396530469685,0.1198471466618406,0.1590047942289317,9398.01,2148.355569515643,9642.56,0.36919798933713194,1.0,0.2,0.22532000000000002
M02247,core,Singapore,Low Responsiveness,False,No incentive,transport,Premium Transport,KMB,—,0.11483184067500282,0.11483184067500282,0.1658821184924627,631.31,0.0,631.31,0.2852216492237819,1.0,0.5,0.14
M02248,platinum,Australia,Points Optimiser,True,2x / 3x points,retail,Premium Retail,Dover flower,3x points on retail,0.14857752959198675,0.12073773505115688,0.11631549641221359,2321.82,10.626166818102519,2321.82,0.3460784332447852,1.0,0.25,0.04
M02249,core,Singapore,Low Responsiveness,False,No incentive,retail,Convenience,Haepi D.C Mart,—,0.10703739558006108,0.10703739558006108,0.1690282855686484,1711.13,770.3167477331959,1711.13,0.2519207187212694,1.0,0.3333333333333333,0.25645
M02250,core,Singapore,Merchant Explorer,True,Merchant-specific voucher,dining,Fine Dining,L'As du Fallafel,L'As du Fallafel voucher,0.18015871961003815,0.13505430077199532,0.17181862432523262,2013.65,443.741292118231,3364.35,0.3148185665045364,0.9259259259259259,0.2222222222222222,0.3555875
M02251,core,Singapore,Fee-Sensitive Traveller,False,No incentive (FX-offset out of scope),transport,Rail & Metro,Hôtel de Ville Metro,—,0.1292110047768999,0.1292110047768999,0.15300157011471052,672.12,185.5516118639659,743.51,0.3273505592099917,1.0,0.15384615384615385,0.48925
M02252,gold,Australia,Already Loyal,False,No incentive,dining,Cafe & Coffee,Espresso Bar International,—,0.13098907536336019,0.13282521650817852,0.09304305993477502,12750.99,1432.5583101037955,13754.19,0.38296270705849966,1.0,0.14285714285714285,0.2523
M02253,core,Australia,Immediate Value Seeker,True,Cashback / statement credit,retail,Premium Retail,Campo de' Fiori market,Cashback at Campo de' Fiori market,0.16061640501757712,0.1386530469516895,0.14935841816814674,3843.7900000000004,2904.8308898478385,3843.79,0.4566896005874762,1.0,0.14285714285714285,0.055400000000000005
M02254,gold,Singapore,Merchant Explorer,True,Merchant-specific voucher,dining,Fine Dining,Yat Lok,Yat Lok voucher,0.17410711070918655,0.1345739230544556,0.1260469139960853,5822.84,2008.0419817183947,6324.33,0.3062562605573071,1.0,0.19047619047619047,0.23608333333333334
M02255,core,Australia,Immediate Value Seeker,True,Cashback / statement credit,retail,Premium Retail,Place du Tertre,Cashback at Place du Tertre,0.24108504855463248,0.1950234380329361,0.23968638178711088,996.94,1104.2336782808109,1099.74,0.4091023582591775,1.0,0.1111111111111111,0.31806666666666666
M02256,centurion,Japan,Already Loyal,False,No incentive,dining,Fine Dining,La Maison Rose,—,0.13780744424703228,0.13780744424703228,0.07923772281001237,27032.54,14150.637546494447,31301.81,0.3607392035597829,0.9393939393939394,0.30303030303030304,0.32693
M02258,platinum,Singapore,Points Optimiser,True,2x / 3x points,retail,Premium Retail,People's Park Centre,3x points on retail,0.13340136052104132,0.13340136052104132,0.11710186454338561,1953.2200000000003,139.37458995548923,2313.59,0.2758962054754109,1.0,0.2727272727272727,0.17406666666666668
M02260,centurion,Japan,Already Loyal,False,No incentive,retail,Premium Retail,Langham Place,—,0.14703815741226006,0.14703815741226006,0.08229357160825362,11874.86,1802.3220010686848,13192.6,0.39569400973219293,0.9666666666666667,0.13333333333333333,0.36903
M02261,gold,Singapore,Points Optimiser,True,2x / 3x points,retail,Premium Retail,Pavilion KL,3x points on retail,0.28559032786863403,0.28559032786863403,0.2085194381788178,102.02,231.3734574402479,1203.55,0.31208055498357345,1.0,0.2727272727272727,0.3683
M02262,core,Hong Kong,Merchant Explorer,True,Merchant-specific voucher,retail,Premium Retail,Via del Corso shops,Via del Corso shops voucher,0.22367472476379216,0.20888083578550534,0.17130069993774827,5137.7300000000005,2984.1900977112446,5613.92,0.458247390690516,0.975,0.2,0.23280909090909094
M02263,core,Japan,Already Loyal,False,No incentive,retail,Premium Retail,"Web Marketing Team srl - SEO, SEM, SOCIAL e WEB 2.0",—,0.1342344300467602,0.1342344300467602,0.12369915052756718,18872.260000000002,9651.918627657073,19173.47,0.6947399888569034,1.0,0.10714285714285714,0.291475
M02265,core,Singapore,Merchant Explorer,True,Merchant-specific voucher,lodging,Upscale Hotel,Park Hyatt Seoul,Park Hyatt Seoul voucher,0.167036661900481,0.12808132391135074,0.17072405255860795,2300.3,835.5944420002601,2483.8199999999997,0.3481965510348727,1.0,0.35,0.16806000000000001
M02266,core,United States,Low Responsiveness,False,No incentive,dining,Fine Dining,Flora,—,0.11644187657238002,0.10297806892295516,0.10374605440323142,16534.76,4165.293970482953,16678.57,0.4262231506826012,1.0,0.058823529411764705,0.297
M02268,centurion,Singapore,Points Optimiser,True,2x / 3x points,lodging,Budget & Hostel,Lai Thai,3x points on lodging,0.26299819552273473,0.26299819552273473,0.2606540933722715,93.78999999999999,236.05009543265652,100.69,0.49596413212435353,1.0,0.0,0.4571
M02270,gold,Singapore,Fee-Sensitive Traveller,False,No incentive (FX-offset out of scope),transport,Premium Transport,Optile,—,0.1461303222208422,0.1313269116079746,0.09167312632293037,6544.33,4678.104051203012,6550.58,0.2826363752961162,0.9230769230769231,0.07692307692307693,0.3994
M02271,gold,Hong Kong,Merchant Explorer,True,Merchant-specific voucher,lodging,Upscale Hotel,Swissotel Nankai Osaka,Swissotel Nankai Osaka voucher,0.1604829630869101,0.13112541752807239,0.1060209271614533,7170.900000000001,943.812138158479,8255.95,0.28667868833103155,0.9375,0.25,0.36543333333333333
M02272,core,Japan,Merchant Explorer,True,Merchant-specific voucher,dining,Fine Dining,Madang,Madang voucher,0.16254152741142486,0.11945053989650713,0.1418602398126888,12720.69,2486.2468948864307,12847.23,0.45820255611757976,1.0,0.13043478260869565,0.3512625
M02273,platinum,Singapore,Points Optimiser,True,2x / 3x points,transport,Ride-hail & Taxi,Grab,3x points on transport,0.36812516489954783,0.36812516489954783,0.26556148788838363,59.94,305.6420285664333,59.94,0.3567873846485792,1.0,0.0,0.8005
M02274,core,United States,Low Responsiveness,False,No incentive,dining,Fine Dining,K's BAR,—,0.11236281341095788,0.11236281341095788,0.16527840933355833,1973.42,3.960188372898614,1973.42,0.3909695182045979,1.0,0.0,0.1166
M02275,gold,United States,Points Optimiser,True,2x / 3x points,dining,Fine Dining,K's BAR,3x points on dining,0.17202250043616388,0.13526033915554225,0.12036374775918822,8399.289999999999,2642.6797557752207,10095.359999999999,0.47911534734157285,1.0,0.2222222222222222,0.28052
M02276,core,Singapore,Threshold Chaser,True,"Spend X, get Y back",dining,Fine Dining,Bar Tonarelli,Spend & get-back at Bar Tonarelli,0.2561022602148967,0.20940645759179596,0.23891325680722525,2559.71,3434.8038149590466,4116.39,0.4347270539123657,1.0,0.35714285714285715,0.27752
M02277,platinum,Singapore,Merchant Explorer,True,Merchant-specific voucher,retail,Premium Retail,Crazy Horse Club X,Crazy Horse Club X voucher,0.18379668013704795,0.18239702540388544,0.1248513496159614,15975.929999999998,4384.7995484699895,15978.45,0.27137646332696197,1.0,0.28125,0.18505555555555556
M02278,core,Singapore,Already Loyal,False,No incentive,retail,Apparel,Uniqlo Ginza,—,0.11990913497197075,0.11990913497197075,0.10126989055891783,17090.74,3776.548019812007,17090.74,0.7156400748851839,0.9473684210526315,0.15789473684210525,0.07532
M02279,core,Japan,Merchant Explorer,True,Merchant-specific voucher,dining,Fine Dining,Pellegrini's,Pellegrini's voucher,0.1722858230942455,0.12682032317239222,0.15797756040179461,7085.110000000001,2637.5034356018546,7094.79,0.3483510707307777,0.84,0.28,0.2209
M02280,gold,Singapore,Points Optimiser,True,2x / 3x points,retail,Premium Retail,Landmark,3x points on retail,0.13578497843797763,0.1056235573391974,0.0949123856358241,4788.83,0.0,4788.83,0.2971289878501814,1.0,0.0,0.14
M02281,core,Hong Kong,Merchant Explorer,True,Merchant-specific voucher,retail,Premium Retail,Langham Place,Langham Place voucher,0.1531399812965928,0.12593461751325613,0.11736466949575619,21818.25,5590.9217401108035,21818.25,0.39931066547129024,0.9032258064516129,0.1935483870967742,0.3079181818181818
M02283,core,Hong Kong,Immediate Value Seeker,True,Cashback / statement credit,retail,Apparel,Uniqlo Ginza,Cashback at Uniqlo Ginza,0.15901721403891053,0.12419619028913781,0.16189756005820252,2276.64,246.51924299484142,2302.43,0.4299665828218416,1.0,0.1,0.4633333333333333
M02285,core,United States,Immediate Value Seeker,True,Cashback / statement credit,dining,Fine Dining,Breizh Café,Cashback at Breizh Café,0.160872051360995,0.1230891746460822,0.16942365928905706,4016.1000000000004,432.876010474077,4031.34,0.4257349475228037,1.0,0.16666666666666666,0.178
M02287,platinum,Singapore,Points Optimiser,True,2x / 3x points,lodging,Hotel,Langham Place Hotel Mongkok,3x points on lodging,0.16081729985352866,0.13307395065151661,0.10792634774508197,6597.42,1764.3997084979633,6597.42,0.3373000197168876,1.0,0.0,0.41883333333333334
M02288,core,Singapore,Low Responsiveness,False,No incentive,transport,Rail & Metro,Spagna Metro,—,0.11478190927131154,0.11478190927131154,0.1756126269139902,1532.78,558.8462436386515,1797.78,0.2716068909521878,1.0,0.3333333333333333,0.2602
M02289,core,Japan,Threshold Chaser,True,"Spend X, get Y back",transport,Premium Transport,KLIA Ekspres,Spend & get-back at KLIA Ekspres,0.19720911313298073,0.19720911313298073,0.17230959895420836,235.59,648.3187419879146,235.59,0.29949208315341624,1.0,0.5,0.4729
M02290,gold,United States,Already Loyal,False,No incentive,dining,Fine Dining,Chin Chin,—,0.1222541651141923,0.1222541651141923,0.08147466927921557,17159.989999999998,895.259107485987,17196.15,0.4413128395031241,1.0,0.21739130434782608,0.14721666666666666
M02291,core,Australia,Low Responsiveness,False,No incentive,dining,Fine Dining,Jumbo Seafood,—,0.10396184006499555,0.10396184006499555,0.16400306163297443,1113.6599999999999,328.52592887600997,1929.02,0.31832908968219065,1.0,0.2631578947368421,0.35853999999999997
M02293,gold,Singapore,Low Responsiveness,False,No incentive,dining,Fine Dining,The Bond Store,—,0.11465625163702076,0.08809425498547051,0.0953731905887565,21003.73,1239.4073621658513,23454.67,0.4931731701650504,1.0,0.1875,0.179775
M02295,platinum,Japan,Already Loyal,False,No incentive,dining,Fine Dining,Spice Room at the Malaya,—,0.11964545819721052,0.11964545819721052,0.09295660666386818,7332.38,42.90622405786439,7332.38,0.4216918302414196,1.0,0.0,0.04
M02296,core,Hong Kong,Immediate Value Seeker,True,Cashback / statement credit,lodging,Upscale Hotel,Parkroyal Collection Pickering,Cashback at Parkroyal Collection Pickering,0.15510789462065622,0.11046074534728657,0.17068924640250466,1846.92,638.5488939275042,2203.65,0.2958147487279832,1.0,0.07692307692307693,0.369175
M02297,gold,Singapore,Category Loyalist,True,Category-specific reward,dining,Fine Dining,Lau Pa Sat nearby,Fine Dining reward (dining),0.17590789550890387,0.13154433905667878,0.12636939246864806,6709.63,961.6683113105045,6709.63,0.5103198743593176,1.0,0.1,0.17406666666666668
M02298,core,Singapore,Immediate Value Seeker,True,Cashback / statement credit,retail,Premium Retail,Coles,Cashback at Coles,0.1501679714895329,0.1501679714895329,0.18953378234243293,585.08,5.670678419810891,606.35,0.41803087277659673,1.0,0.25,0.04
M02299,core,United States,Threshold Chaser,True,"Spend X, get Y back",dining,Fine Dining,가온(미쉐린가이드/한식),Spend & get-back at 가온(미쉐린가이드/한식),0.15972751674596744,0.11816314729392763,0.1630143179894919,2492.17,10.491849875029061,2492.17,0.3122444429887486,1.0,0.75,0.04
M02301,core,Australia,Points Optimiser,True,2x / 3x points,dining,Fine Dining,Jalan Alor stalls,3x points on dining,0.23712335266506926,0.23712335266506926,0.22238317750530057,171.57999999999998,713.0181262490202,1105.85,0.3317658565857148,0.9166666666666666,0.08333333333333333,0.43835999999999997
M02302,gold,Singapore,Already Loyal,False,No incentive,dining,Fine Dining,L'As du Fallafel,—,0.1209697755325935,0.1209697755325935,0.08605959323614719,20516.68,5034.309309705483,22762.92,0.4444425863276425,0.8666666666666667,0.2222222222222222,0.22796923076923076
M02303,core,Australia,Immediate Value Seeker,True,Cashback / statement credit,dining,Fine Dining,Breizh Café,Cashback at Breizh Café,0.15429189029063356,0.12670643530534992,0.1515886593771257,3310.22,1919.3511614035956,3797.25,0.370593019695424,1.0,0.17647058823529413,0.18794
M02304,gold,Singapore,Fee-Sensitive Traveller,False,No incentive (FX-offset out of scope),lodging,Mid-scale Hotel,Thai Green,—,0.1344121767618893,0.1344121767618893,0.1390652085725574,272.32,833.6729655567187,272.32,0.38541411446459617,1.0,0.0,0.38655
M02305,core,Japan,Category Loyalist,True,Category-specific reward,retail,Premium Retail,TK Maxx,Premium Retail reward (retail),0.17237022923464246,0.1501676276699742,0.15247231317830337,4648.42,69.51962149609842,4648.42,0.5600863070225891,1.0,0.0,0.04
M02308,core,Japan,Merchant Explorer,True,Merchant-specific voucher,lodging,Hotel,Hotel Harry,Hotel Harry voucher,0.16560223920822814,0.12137513732718125,0.15360127201411108,4596.0,849.3070426787306,4611.13,0.3352678124968944,1.0,0.32,0.12105714285714286
M02309,core,Singapore,Immediate Value Seeker,True,Cashback / statement credit,dining,Fine Dining,Galmegi Brewing,Cashback at Galmegi Brewing,0.17436348334040583,0.12874528276399294,0.17333533172933027,2049.71,404.59147517335197,3186.44,0.3027064051314919,1.0,0.2727272727272727,0.20456666666666667
M02310,core,Australia,Merchant Explorer,True,Merchant-specific voucher,retail,Apparel,Forever 21,Forever 21 voucher,0.16159058778651322,0.16159058778651322,0.14194093387103743,10804.990000000002,4412.2769075876595,14064.03,0.4118930889003247,0.8,0.2,0.28156
M02311,gold,Singapore,Threshold Chaser,True,"Spend X, get Y back",lodging,Upscale Hotel,The Mandarin Oriental Hong Kong,Spend & get-back at The Mandarin Oriental Hong Kong,0.14353420405978765,0.10477904626024398,0.10324850560891084,4650.02,10.297725597197257,4650.02,0.28117329127785184,1.0,0.5,0.09000000000000001
M02312,core,United States,Already Loyal,False,No incentive,dining,Fine Dining,Pellegrini's,—,0.1513218164076109,0.12133979415464574,0.14159008896315647,10706.28,5928.948272666832,11475.720000000001,0.641898789971448,1.0,0.17391304347826086,0.3831142857142857
M02313,core,Singapore,Immediate Value Seeker,True,Cashback / statement credit,dining,Fine Dining,Ginza Kagari,Cashback at Ginza Kagari,0.12383097115936045,0.12383097115936045,0.15789767314072647,575.4300000000001,8.584195659970604,575.4300000000001,0.33619249647939004,1.0,0.25,0.1166
M02314,gold,Singapore,Category Loyalist,True,Category-specific reward,dining,Fine Dining,Bennelong,Fine Dining reward (dining),0.15487670309159995,0.1242097842234001,0.11556312079638906,5787.0,765.9082321594435,6363.400000000001,0.5263298796920036,1.0,0.2727272727272727,0.2602
M02315,centurion,Singapore,Threshold Chaser,True,"Spend X, get Y back",dining,Fine Dining,Cà Phê Bạch Thảo,Spend & get-back at Cà Phê Bạch Thảo,0.1501454277274484,0.1501454277274484,0.1352788268569568,247.52,868.917272223958,247.52,0.33387815729319914,1.0,0.6666666666666666,0.316
M02316,gold,Singapore,Already Loyal,False,No incentive,dining,Fine Dining,Lau Pa Sat nearby,—,0.1399674634497317,0.10608521725593155,0.11259410875717035,14694.43,6653.6756242091815,16726.16,0.8141427591989366,1.0,0.17391304347826086,0.33301428571428576
M02317,core,Singapore,Category Loyalist,True,Category-specific reward,lodging,Upscale Hotel,The Hoxton Paris,Upscale Hotel reward (lodging),0.1992546561509573,0.18871252757860688,0.2073822669580847,3330.4900000000002,477.29467163881105,3329.49,0.6466109457073905,1.0,0.3333333333333333,0.04
M02319,core,Hong Kong,Immediate Value Seeker,True,Cashback / statement credit,dining,Fine Dining,L'As du Fallafel,Cashback at L'As du Fallafel,0.12033466673947704,0.12033466673947704,0.16721010144619847,1533.18,156.16105336109456,1533.18,0.3222413991878583,1.0,0.0,0.04
M02320,core,Hong Kong,Low Responsiveness,False,No incentive,dining,Fine Dining,Daniel's Donuts,—,0.10682626057840783,0.10682626057840783,0.13689880079701117,3113.08,512.148797441613,3261.36,0.3063246690425456,1.0,0.3125,0.249275
M02323,core,Singapore,Threshold Chaser,True,"Spend X, get Y back",lodging,Hotel,Hotel The Designers,Spend & get-back at Hotel The Designers,0.14999040231773836,0.1207162238927072,0.14664542862972696,4184.820000000001,1202.2954367008424,4593.2300000000005,0.2918759889448216,1.0,0.5,0.2525
M02324,core,Hong Kong,Immediate Value Seeker,True,Cashback / statement credit,dining,Fine Dining,Changumi,Cashback at Changumi,0.15309222795357277,0.15309222795357277,0.15676250665459288,296.37,0.7976401206212457,325.21000000000004,0.3503875063034371,1.0,0.0,0.1166
M02325,core,Japan,Merchant Explorer,True,Merchant-specific voucher,dining,Fine Dining,Bird Land,Bird Land voucher,0.14553098942776077,0.14553098942776077,0.1691651854863183,1880.0,1860.8505606958145,2397.94,0.36389385416841286,1.0,0.21739130434782608,0.28906666666666664
M02326,core,United States,Immediate Value Seeker,True,Cashback / statement credit,retail,Premium Retail,Backpackers World Travel,Cashback at Backpackers World Travel,0.17863321929909334,0.12942945777734044,0.17520122361884785,1745.25,292.01351142058627,1745.25,0.3493208855739382,1.0,0.25,0.055400000000000005
M02327,core,Hong Kong,Merchant Explorer,True,Merchant-specific voucher,retail,Premium Retail,W cosmetics,W cosmetics voucher,0.15507295349609254,0.11241310470650878,0.13640315797706545,7052.29,1056.2650757865513,7128.71,0.26826867705339946,1.0,0.1724137931034483,0.2798666666666667
M02328,core,United States,Threshold Chaser,True,"Spend X, get Y back",transport,Rail & Metro,JR East,Spend & get-back at JR East,0.11965996378967725,0.11965996378967725,0.153244477699262,711.8299999999999,5.454296364963341,1210.67,0.31379366013079013,1.0,0.375,0.2163
M02329,core,Singapore,Category Loyalist,True,Category-specific reward,dining,Cafe & Coffee,YoungCafe,Cafe & Coffee reward (dining),0.34111595278674745,0.34111595278674745,0.26529260594730897,71.34,484.7444732332929,74.50999999999999,0.6856854664360099,1.0,0.0,0.316
M02330,core,Singapore,Immediate Value Seeker,True,Cashback / statement credit,dining,Fine Dining,Zoe Bar,Cashback at Zoe Bar,0.118397890503984,0.118397890503984,0.15755569088807292,649.77,800.3429145723874,649.77,0.349514844850355,1.0,0.0,0.26395
M02331,centurion,Australia,Threshold Chaser,True,"Spend X, get Y back",retail,Premium Retail,Giant,Spend & get-back at Giant,0.1422396455629006,0.11693845143411495,0.1086100092345542,6268.139999999999,45.502873227388505,6268.14,0.34915306671498003,1.0,0.5714285714285714,0.04
M02332,core,Japan,Fee-Sensitive Traveller,False,No incentive (FX-offset out of scope),retail,Premium Retail,Mitsukoshi Ginza,—,0.1437296901442047,0.1127506093988795,0.14014019730707444,5681.61,581.2974527714867,6048.82,0.35620907917893574,1.0,0.25,0.37504444444444446
M02333,gold,Hong Kong,Already Loyal,False,No incentive,lodging,Upscale Hotel,Swissotel Nankai Osaka,—,0.14945284175012355,0.12485991535911675,0.09902739288612672,5921.530000000001,1223.8494723787774,8061.66,0.3242397966239401,1.0,0.18518518518518517,0.36248571428571424
M02335,core,Hong Kong,Immediate Value Seeker,True,Cashback / statement credit,dining,Fast Food,KFC,Cashback at KFC,0.16904858133787062,0.1189257073814939,0.1675912155782996,4958.21,224.53957829134498,5152.5199999999995,0.3628054738113628,1.0,0.2,0.175825
M02336,core,Singapore,Threshold Chaser,True,"Spend X, get Y back",dining,Fast Food,McDonald's,Spend & get-back at McDonald's,0.13768381348687753,0.13768381348687753,0.15905503255827963,1223.5,1108.574994753786,1223.5,0.4737342774961592,1.0,0.42857142857142855,0.0937
M02337,platinum,Singapore,Merchant Explorer,True,Merchant-specific voucher,lodging,Upscale Hotel,Ibis Sydney Darling Harbour,Ibis Sydney Darling Harbour voucher,0.15370234045920456,0.14171166291459392,0.09067130824564296,15141.24,2453.7589648723697,19723.11,0.45923301737461886,1.0,0.2,0.3822857142857143
M02339,centurion,Japan,Fee-Sensitive Traveller,False,No incentive (FX-offset out of scope),lodging,Upscale Hotel,Dusankyubekseuradena Condominium,—,0.1170618017155086,0.1170618017155086,0.1018340615977474,4840.389999999999,626.7994018663535,5729.490000000001,0.3882118553748228,1.0,0.15384615384615385,0.48925
M02341,core,Hong Kong,Threshold Chaser,True,"Spend X, get Y back",dining,Cafe & Coffee,The Coffee Bean,Spend & get-back at The Coffee Bean,0.11877425068936785,0.11877425068936785,0.15802427096856456,1263.15,51.34659299582079,1263.15,0.3383544579808759,1.0,0.375,0.04
M02346,core,Japan,Threshold Chaser,True,"Spend X, get Y back",retail,Luxury,Gucci,Spend & get-back at Gucci,0.2380205442015337,0.19811596154867067,0.23503813319416483,1360.38,1806.224059173479,1359.38,0.4644459756489518,1.0,0.6666666666666666,0.0708
M02347,core,Japan,Immediate Value Seeker,True,Cashback / statement credit,retail,Apparel,Uniqlo Ginza,Cashback at Uniqlo Ginza,0.14812869652907723,0.1118471355473216,0.16867458144781003,2425.56,24.534588756740803,2541.99,0.489434727469558,0.8181818181818182,0.2727272727272727,0.18306666666666668
M02349,gold,Singapore,Low Responsiveness,False,No incentive,dining,Fine Dining,Din Tai Fung ION,—,0.10279578811321402,0.10279578811321402,0.10999778352399366,3026.7799999999997,60.70203804383229,3516.77,0.33779747309149544,1.0,0.2857142857142857,0.3468
M02350,core,Hong Kong,Fee-Sensitive Traveller,False,No incentive (FX-offset out of scope),lodging,Upscale Hotel,Marriott Singapore Orchard,—,0.1167620085846722,0.1167620085846722,0.1565369939074429,2407.0,729.9925669423213,3304.1800000000003,0.31263678448802484,0.9545454545454546,0.4090909090909091,0.4160142857142857
M02352,core,Australia,Points Optimiser,True,2x / 3x points,retail,Premium Retail,Fahrenheit88,3x points on retail,0.332600550866907,0.332600550866907,0.2501825422984561,35.86,155.21679170121132,383.07,0.26873291878807054,1.0,0.2222222222222222,0.5297999999999999
M02354,gold,Australia,Points Optimiser,True,2x / 3x points,lodging,Hotel,Hotel Seiyo Ginza,3x points on lodging,0.15565769760218504,0.12674490834698734,0.10595503214047491,6998.360000000001,2398.2843236102085,7319.150000000001,0.27660498587030574,0.9166666666666666,0.25,0.251575
M02355,core,Japan,Immediate Value Seeker,True,Cashback / statement credit,retail,Premium Retail,Nail Art,Cashback at Nail Art,0.1411035219569493,0.1411035219569493,0.17740695785026334,899.18,1122.3303988553748,1181.44,0.26874109795401635,1.0,0.16666666666666666,0.35178333333333334
M02356,core,United States,Merchant Explorer,True,Merchant-specific voucher,dining,Fine Dining,Basket Brothers,Basket Brothers voucher,0.1615398254593371,0.11960658852006814,0.1747839753529817,8117.77,2439.6523847329217,8447.33,0.3613131891147625,1.0,0.21621621621621623,0.2212727272727273
M02357,gold,Singapore,Points Optimiser,True,2x / 3x points,transport,Premium Transport,Citybus,3x points on transport,0.1426756650799548,0.10406808703412335,0.1029587927857563,3001.17,346.68422549808236,3940.83,0.30139835662185466,1.0,0.3333333333333333,0.22263333333333335
M02362,core,Japan,Category Loyalist,True,Category-specific reward,transport,Rail & Metro,Abbesses Metro,Rail & Metro reward (transport),0.17725227637241373,0.17725227637241373,0.22020783122266124,731.45,838.6807509524176,730.45,0.5326386268771246,1.0,0.3333333333333333,0.04
M02364,core,Singapore,Low Responsiveness,False,No incentive,dining,Fine Dining,Jumbo Seafood,—,0.114306067994058,0.114306067994058,0.16777933452077204,1363.18,0.0,1363.1799999999998,0.289807591052201,1.0,0.5,0.0896
M02365,core,Australia,Merchant Explorer,True,Merchant-specific voucher,dining,Cafe & Coffee,Met Cafe,Met Cafe voucher,0.15407790499737692,0.12637206538878404,0.15525285164938052,6513.0599999999995,3046.9858817981603,6578.74,0.37665024707751704,1.0,0.2222222222222222,0.2980375
M02366,gold,Singapore,Points Optimiser,True,2x / 3x points,lodging,Upscale Hotel,Parkroyal Collection Pickering,3x points on lodging,0.12368138807063672,0.12368138807063672,0.09990295153310945,2148.2,107.39927420784443,2148.2,0.34172773210354346,1.0,0.25,0.0896
M02368,core,Australia,Category Loyalist,True,Category-specific reward,transport,City Transport,KAI Commuter,City Transport reward (transport),0.2907529909705348,0.2907529909705348,0.2145580642507374,20.71,73.88474697151874,28.740000000000002,0.5973273690791483,1.0,0.0,0.8005
M02369,core,Singapore,Threshold Chaser,True,"Spend X, get Y back",dining,Fine Dining,Tek Sen,Spend & get-back at Tek Sen,0.2324888420295649,0.2324888420295649,0.22808243740805875,230.65,379.7490541739178,430.26,0.45873802145868897,1.0,0.42857142857142855,0.4729
M02370,core,Hong Kong,Category Loyalist,True,Category-specific reward,retail,Premium Retail,Pitt Street Mall,Premium Retail reward (retail),0.13530999556152953,0.13618417731034144,0.132813764074926,5920.679999999999,1885.2134852080944,5920.68,0.5915697814449918,1.0,0.07142857142857142,0.134
M02371,gold,Japan,Points Optimiser,True,2x / 3x points,lodging,Hotel,Giant Hotel,3x points on lodging,0.12399401344512284,0.12399401344512284,0.1132298436586896,3809.27,1096.4900060492723,5067.02,0.3811002660207041,1.0,0.26666666666666666,0.299125
M02372,gold,Singapore,Already Loyal,False,No incentive,dining,Fine Dining,바랗,—,0.1397650268082155,0.11114348528160878,0.10095052119590855,6728.85,459.30378543158906,7572.07,0.3574117092768712,1.0,0.2916666666666667,0.18943333333333334
M02373,platinum,Hong Kong,Threshold Chaser,True,"Spend X, get Y back",dining,Fine Dining,Roscioli,Spend & get-back at Roscioli,0.1940046984939307,0.1940046984939307,0.197490815579566,797.21,537.254214155227,796.21,0.41578315026950863,1.0,1.0,0.0708
M02374,gold,Japan,Threshold Chaser,True,"Spend X, get Y back",dining,Fine Dining,Jonathan's,Spend & get-back at Jonathan's,0.16804820090561687,0.12473034740567925,0.12045647039761144,4344.59,33.04769821664483,4344.59,0.35279651132858386,1.0,0.375,0.0783
M02375,core,Hong Kong,Threshold Chaser,True,"Spend X, get Y back",retail,Convenience,Crystal Mart,Spend & get-back at Crystal Mart,0.14366048757574582,0.11360102355910545,0.1535576497083764,3544.9,182.37491697849703,3544.9,0.3811150766850722,1.0,0.375,0.0783
M02376,gold,United States,Merchant Explorer,True,Merchant-specific voucher,dining,Fast Food,McDonald's,McDonald's voucher,0.1552859534619082,0.11241136033592762,0.12358477174187181,4116.83,692.4053800583634,4126.45,0.28271862489528193,1.0,0.22727272727272727,0.21075714285714287
M02378,gold,Japan,Points Optimiser,True,2x / 3x points,retail,Premium Retail,Langham Place,3x points on retail,0.15514214883629768,0.1400461064469053,0.09870570552100284,3440.54,5597.710519842144,3440.54,0.26576533063027924,1.0,0.3076923076923077,0.16670000000000001
M02380,core,Australia,Threshold Chaser,True,"Spend X, get Y back",lodging,Hotel,Hotel Nikko Osaka,Spend & get-back at Hotel Nikko Osaka,0.15045792137578565,0.10897432783243839,0.16983925185019275,2155.15,479.1005393443688,2155.15,0.2582210029471465,1.0,0.375,0.0783
M02381,core,United States,Low Responsiveness,False,No incentive,lodging,Upscale Hotel,The Mandarin Oriental Hong Kong,—,0.11023133159576783,0.11023133159576783,0.16539995662071316,1232.25,203.74807622767628,1580.17,0.38057228155416206,1.0,0.26666666666666666,0.5534749999999999
M02382,core,Singapore,Immediate Value Seeker,True,Cashback / statement credit,retail,Premium Retail,IFC Mall,Cashback at IFC Mall,0.15068866126954464,0.12138890556290942,0.1573656690630719,4808.05,0.0,4808.05,0.3496684790818117,0.875,0.25,0.14
M02384,core,Japan,Fee-Sensitive Traveller,False,No incentive (FX-offset out of scope),retail,Premium Retail,Daiso,—,0.12490849763398018,0.12490849763398018,0.1712741482561077,707.2700000000001,694.1469938574295,707.27,0.3270181516226905,1.0,0.1111111111111111,0.4325333333333334
M02387,core,Hong Kong,Threshold Chaser,True,"Spend X, get Y back",transport,Premium Transport,Tram 19,Spend & get-back at Tram 19,0.16458867337753427,0.11673855839515503,0.1459986553108276,3204.83,707.5839720973797,3476.99,0.27241409310063225,1.0,0.35714285714285715,0.167375
M02388,platinum,Singapore,Points Optimiser,True,2x / 3x points,dining,Fine Dining,명동주물럭,3x points on dining,0.12312037826401605,0.12312037826401605,0.08919017566362544,3051.88,193.69154603465716,3051.88,0.31260907640164537,1.0,0.25,0.04
M02389,core,Australia,Immediate Value Seeker,True,Cashback / statement credit,dining,Fine Dining,Armando al Pantheon,Cashback at Armando al Pantheon,0.14191208681194578,0.14191208681194578,0.15585362395642957,338.86,179.67093215344684,338.86,0.3261919574946531,1.0,0.25,0.0708
M02391,core,Hong Kong,Immediate Value Seeker,True,Cashback / statement credit,dining,Cafe & Coffee,Mido Cafe,Cashback at Mido Cafe,0.12461774055476943,0.12461774055476943,0.1422602027622143,3578.0699999999997,438.23093254670965,3589.8799999999997,0.4007673881185398,0.9166666666666666,0.16666666666666666,0.10666666666666667
M02392,core,Hong Kong,Immediate Value Seeker,True,Cashback / statement credit,dining,Fine Dining,Yat Lok,Cashback at Yat Lok,0.12238141672349678,0.12238141672349678,0.16732414085427702,3350.31,1112.9523953728483,3350.31,0.4886358655245622,1.0,0.2222222222222222,0.22263333333333335
M02393,core,Hong Kong,Immediate Value Seeker,True,Cashback / statement credit,retail,Premium Retail,Landmark,Cashback at Landmark,0.15876297534452216,0.11721359827726163,0.1556351896751424,2393.61,0.0,2732.9700000000003,0.4216877407576826,1.0,0.25,0.18186666666666665
M02394,core,Australia,Category Loyalist,True,Category-specific reward,dining,Casual Dining,Pho Gia Truyen Bat Dan,Casual Dining reward (dining),0.3619312605064371,0.3619312605064371,0.1159617087660509,45.77,406.0681640380367,45.77,1.0,1.0,1.0,0.316
M02395,core,Singapore,Merchant Explorer,True,Merchant-specific voucher,retail,Premium Retail,Kinko's,Kinko's voucher,0.16509820559789415,0.12210904131140295,0.14532287556790352,8322.03,1484.7378054532605,8486.68,0.26841085089521605,1.0,0.3333333333333333,0.21311666666666665
M02396,gold,United States,Merchant Explorer,True,Merchant-specific voucher,transport,Premium Transport,Sydney Ferries,Sydney Ferries voucher,0.16598427531539875,0.13887927616318096,0.11791227544474654,7640.62,2347.157687884116,7786.96,0.31971010708424324,1.0,0.26666666666666666,0.42434444444444447
M02397,platinum,Australia,Points Optimiser,True,2x / 3x points,retail,Premium Retail,A-LAND,3x points on retail,0.1432531207438911,0.1317590630842757,0.0896693261716502,6039.03,690.999111767991,6039.03,0.4381833837449735,1.0,0.26666666666666666,0.15315
M02399,gold,Hong Kong,Category Loyalist,True,Category-specific reward,transport,Premium Transport,Phra Pin Klao Pier (Phra Nakhon),Premium Transport reward (transport),0.21407522433773268,0.21407522433773268,0.18485386383583585,83.73,333.20814327709775,83.73,0.5374332901294532,1.0,0.0,0.4571
M02400,core,Australia,Threshold Chaser,True,"Spend X, get Y back",dining,Fine Dining,Yung Kee,Spend & get-back at Yung Kee,0.16896289839946194,0.12139926962647755,0.16929242550872664,2614.6099999999997,0.0,3651.36,0.3185068318906177,1.0,0.375,0.29855
M02402,core,Singapore,Immediate Value Seeker,True,Cashback / statement credit,dining,Fine Dining,Nerovivo,Cashback at Nerovivo,0.12939633286888794,0.12939633286888794,0.17570233014715986,625.36,6.78754581671744,1927.38,0.49018625617100364,1.0,0.125,0.29475
M02403,gold,Hong Kong,Already Loyal,False,No incentive,retail,Premium Retail,People's Park Centre,—,0.13959509815531745,0.13959509815531745,0.08275630489830771,7983.55,316.30943696630675,8166.2,0.568084080246664,1.0,0.3,0.32656666666666667
M02404,gold,Singapore,Already Loyal,False,No incentive,dining,Fine Dining,Hydeaway,—,0.14408372946729206,0.10961661660904748,0.10391266737737934,8279.150000000001,334.295564908678,8279.15,0.27440191685958737,1.0,0.125,0.0783
M02406,gold,Hong Kong,Fee-Sensitive Traveller,False,No incentive (FX-offset out of scope),transport,Premium Transport,Prasarana,—,0.11744676649843454,0.11744676649843454,0.1259904537770881,317.81,20.217522662221953,331.03,0.32670366344968194,1.0,0.0,0.4729
M02408,core,Japan,Merchant Explorer,True,Merchant-specific voucher,dining,Fine Dining,Roscioli,Roscioli voucher,0.15959200497941828,0.1223711675351574,0.13884339850411015,8408.029999999999,2512.7946977558636,8956.79,0.3233238076818748,1.0,0.16129032258064516,0.3371222222222222
M02410,gold,Singapore,Immediate Value Seeker,True,Cashback / statement credit,retail,Premium Retail,Via del Corso shops,Cashback at Via del Corso shops,0.1677145005035145,0.1677145005035145,0.20596545246053977,782.78,547.9174657366916,782.78,0.42590698391293874,1.0,0.3333333333333333,0.27185
M02411,core,Singapore,Immediate Value Seeker,True,Cashback / statement credit,retail,Premium Retail,People's Park Centre,Cashback at People's Park Centre,0.16212213143040904,0.12620200155604577,0.16093350640742454,2853.82,478.31583359532397,2853.82,0.31893380676906474,1.0,0.2727272727272727,0.05653333333333333
M02412,centurion,Singapore,Category Loyalist,True,Category-specific reward,lodging,Budget & Hostel,Pego Homestay,Budget & Hostel reward (lodging),0.3053048297226543,0.3053048297226543,0.25530163904212905,93.81,430.7757718425763,104.01,0.5610970563991295,1.0,0.0,0.8005
M02413,core,United States,Low Responsiveness,False,No incentive,dining,Fine Dining,Yung Kee,—,0.11269361235441322,0.11269361235441322,0.1649002225803424,1043.74,0.0,1043.74,0.2617601599182242,1.0,0.25,0.14
M02414,centurion,Hong Kong,Category Loyalist,True,Category-specific reward,lodging,Upscale Hotel,Hilton Da Nang,Upscale Hotel reward (lodging),0.27803846640530633,0.27803846640530633,0.15975100354111726,243.13,825.8957067873029,243.13,0.6495139601214854,1.0,0.3333333333333333,0.316
M02415,gold,Hong Kong,Fee-Sensitive Traveller,False,No incentive (FX-offset out of scope),lodging,Upscale Hotel,Hôtel Particulier Montmartre,—,0.14878602313451497,0.12125484399206463,0.11498189151310607,5744.3099999999995,3501.6976451637065,6017.51,0.3162415145605706,0.9069767441860465,0.13953488372093023,0.35946923076923076
M02416,core,Singapore,Category Loyalist,True,Category-specific reward,lodging,Mid-scale Hotel,Mojito Bar & Lounge,Mid-scale Hotel reward (lodging),0.16463497631779994,0.16463497631779994,0.1470628181727623,109.45,252.39503941386397,109.45,0.6265810300724939,1.0,0.5,0.316
M02417,core,Hong Kong,Threshold Chaser,True,"Spend X, get Y back",dining,Fine Dining,L'As du Fallafel,Spend & get-back at L'As du Fallafel,0.17368802871204805,0.1229398608716939,0.16089771443450196,4906.66,1233.834906232577,4922.91,0.3155284379696872,1.0,0.47368421052631576,0.31903333333333334
M02418,gold,Hong Kong,Fee-Sensitive Traveller,False,No incentive (FX-offset out of scope),retail,Apparel,Zara,—,0.1222713438258468,0.11972532301683737,0.09871698057273297,5488.24,227.3037467258997,5537.59,0.5907013713141476,1.0,0.14285714285714285,0.42025
M02419,core,Singapore,Threshold Chaser,True,"Spend X, get Y back",retail,Premium Retail,IGA,Spend & get-back at IGA,0.15226467535955945,0.12119421857572155,0.15195965113967835,3967.88,75.25700332927693,3967.88,0.3501096035506885,1.0,0.5,0.04
M02420,core,Hong Kong,Immediate Value Seeker,True,Cashback / statement credit,dining,Fine Dining,Kyubey,Cashback at Kyubey,0.15696519163887435,0.123239619036443,0.15090925025641427,3494.7,876.8343045232301,3649.72,0.3128260157515959,1.0,0.05555555555555555,0.22705
M02421,platinum,Japan,Already Loyal,False,No incentive,retail,Premium Retail,Kuromon Market,—,0.14942711563381408,0.14942711563381408,0.06787765144534838,9935.31,1029.7171995061087,9935.31,0.4877224914941484,1.0,0.2,0.20983333333333332
M02424,core,Singapore,Immediate Value Seeker,True,Cashback / statement credit,retail,Premium Retail,THE CLIGE (Bags),Cashback at THE CLIGE (Bags),0.14533844555120173,0.1117115329580696,0.15302435998574143,3637.46,776.0707553742976,3637.46,0.3220922272508096,1.0,0.25,0.04
M02426,core,Australia,Low Responsiveness,False,No incentive,dining,Fine Dining,Yat Lok,—,0.10985981202684948,0.10985981202684948,0.16261607375770987,763.26,127.1350389304126,763.26,0.2796722057509162,1.0,0.0,0.14
M02427,gold,Hong Kong,Points Optimiser,True,2x / 3x points,dining,Fine Dining,Ray Quan,3x points on dining,0.16682454486764473,0.16682454486764473,0.13107644960746354,340.72999999999996,901.5083706216012,340.72999999999996,0.43025513639559726,1.0,0.3333333333333333,0.316
M02428,core,Australia,Low Responsiveness,False,No incentive,transport,Rail & Metro,Busan Metro,—,0.10784484254001742,0.10784484254001742,0.15901368939991187,1312.72,249.76711521740526,1479.33,0.2713919717999532,1.0,0.1,0.4325333333333334
M02429,platinum,Singapore,Low Responsiveness,False,No incentive,transport,Premium Transport,ATM Milano,—,0.10918208666827002,0.10918208666827002,0.10624152282872129,1631.8,1628.8709516281365,1631.8,0.2656977852141741,1.0,0.42857142857142855,0.19340000000000002
M02430,core,Japan,Immediate Value Seeker,True,Cashback / statement credit,dining,Fine Dining,Ichiran Dotonbori,Cashback at Ichiran Dotonbori,0.16986997590588096,0.1272800514256945,0.17169656311548584,2792.67,575.3001390731672,2839.75,0.3892520812000408,0.9473684210526315,0.05263157894736842,0.3865142857142857
M02432,core,Australia,Merchant Explorer,True,Merchant-specific voucher,dining,Fine Dining,Singapore Famous BBQ Pork,Singapore Famous BBQ Pork voucher,0.16357662575317017,0.12698509623370652,0.15831702075157547,5383.8,2443.7349314037165,6428.7,0.2874124239695083,1.0,0.23684210526315788,0.3791363636363636
M02433,core,Australia,Fee-Sensitive Traveller,False,No incentive (FX-offset out of scope),lodging,Hotel,Hotel Seiyo Ginza,—,0.11682385959211508,0.10818923736943002,0.13789148051187,3589.8199999999997,397.3057079315869,3779.88,0.33014623197191695,1.0,0.1111111111111111,0.36568
M02434,gold,United States,Category Loyalist,True,Category-specific reward,retail,Premium Retail,Place du Tertre,Premium Retail reward (retail),0.2066104733793114,0.19159920257088525,0.13957933783693907,2243.9500000000003,5872.33900574702,2243.95,0.6127194421430048,0.8888888888888888,0.0,0.286225
M02435,core,Singapore,Already Loyal,False,No incentive,dining,Fine Dining,Spicy Fish Restaurant,—,0.14438129680351583,0.11681965224024357,0.13256368329704526,7391.83,395.30090006102796,7397.69,0.2810723995556168,1.0,0.3157894736842105,0.20742
M02437,core,Singapore,Immediate Value Seeker,True,Cashback / statement credit,lodging,Upscale Hotel,Hôtel Caron de Beaumarchais,Cashback at Hôtel Caron de Beaumarchais,0.18023722230394396,0.13393411061042532,0.1547923214765425,4348.79,1458.7295631791908,4348.79,0.33538277521155924,1.0,0.2727272727272727,0.0668
M02438,core,Japan,Points Optimiser,True,2x / 3x points,retail,General Retail,Han Market,3x points on retail,0.2512859085046673,0.2512859085046673,0.23881970049823953,50.5,278.55686737676,69.09,0.36725025773405895,1.0,0.0,0.38655
M02439,gold,Australia,Points Optimiser,True,2x / 3x points,lodging,Hotel,DoubleTree by Hilton Hotel Melbourne - Flinders Street,3x points on lodging,0.15532388394754354,0.12076550714661319,0.11068586301260888,6829.05,81.50422790739137,8910.24,0.32362089862460747,0.9047619047619048,0.09523809523809523,0.5051666666666667
M02440,platinum,Hong Kong,Threshold Chaser,True,"Spend X, get Y back",dining,Fine Dining,Din Tai Fung ION,Spend & get-back at Din Tai Fung ION,0.12831452824717995,0.12831452824717995,0.11889941036492882,2219.3,0.0,2219.3,0.36946365351796584,1.0,0.5,0.0896
M02442,core,Japan,Threshold Chaser,True,"Spend X, get Y back",retail,Premium Retail,Via del Corso shops,Spend & get-back at Via del Corso shops,0.1602572009066542,0.11089597589880477,0.18334214696121767,1423.2199999999998,933.0025587405083,1690.57,0.29193250190573106,1.0,0.4444444444444444,0.21542
M02444,core,Japan,Immediate Value Seeker,True,Cashback / statement credit,dining,Fine Dining,Armando al Pantheon,Cashback at Armando al Pantheon,0.1974938152338232,0.1516281229977267,0.17670578014799931,2070.61,1730.235442397352,2651.87,0.4087427802452632,0.8235294117647058,0.11764705882352941,0.2408
M02445,core,United States,Points Optimiser,True,2x / 3x points,retail,Premium Retail,Kagui,3x points on retail,0.1955259017161173,0.17591200584574873,0.1645244173782655,3509.06,2408.8196829444696,5703.09,0.3688817234407661,0.9473684210526315,0.21052631578947367,0.27616666666666667
M02446,platinum,Japan,Points Optimiser,True,2x / 3x points,lodging,Hotel,Royal Plaza Hotel,3x points on lodging,0.16493339963312909,0.13199741859743966,0.1236149324547218,2410.86,1717.3949984246642,3850.96,0.2767619288890442,0.9444444444444444,0.16666666666666666,0.32866
M02449,core,Singapore,Immediate Value Seeker,True,Cashback / statement credit,dining,Fine Dining,Dragon Boat Restaurant,Cashback at Dragon Boat Restaurant,0.13596990091402616,0.13596990091402616,0.16590953953176282,927.19,158.33305817987608,954.4100000000001,0.3635684618749545,1.0,0.1111111111111111,0.16533333333333333
M02450,core,Singapore,Immediate Value Seeker,True,Cashback / statement credit,retail,Premium Retail,Westfield Sydney,Cashback at Westfield Sydney,0.1478537293889929,0.11243253948459,0.14295414320448854,4515.07,79.10934586811756,4724.93,0.3051451155566184,1.0,0.16666666666666666,0.2935
M02451,platinum,Singapore,Fee-Sensitive Traveller,False,No incentive (FX-offset out of scope),transport,Rail & Metro,Chinatown MRT,—,0.12410732052358897,0.12410732052358897,0.12336076930660067,943.73,661.6425680057763,1339.9,0.3212167644690967,1.0,0.07692307692307693,0.41975
M02453,gold,Australia,Already Loyal,False,No incentive,retail,Premium Retail,Abbesses shops,—,0.14846089125291856,0.1257389012980982,0.09357007390391857,7775.68,3275.6430171267775,7955.94,0.2822717315656451,1.0,0.18181818181818182,0.2384
M02454,core,Hong Kong,Low Responsiveness,False,No incentive,dining,Cafe & Coffee,Mido Cafe,—,0.110974118253708,0.110974118253708,0.15481641822889863,2784.98,450.504869266198,2784.98,0.39262858863270755,1.0,0.25,0.14
M02455,gold,Hong Kong,Low Responsiveness,False,No incentive,dining,Fine Dining,Gwangjang Market stalls,—,0.10363323745701637,0.10901923440202155,0.0855774272793588,19870.95,700.7955006318977,19877.52,0.47429666798368936,1.0,0.1,0.29350000000000004
M02456,gold,Japan,Fee-Sensitive Traveller,False,No incentive (FX-offset out of scope),dining,Fine Dining,Armando al Pantheon,—,0.13715486605024274,0.13715486605024274,0.1241591446276524,1293.82,593.3358491573586,1450.32,0.4621515575886983,1.0,0.07142857142857142,0.3671
M02457,gold,Singapore,Merchant Explorer,True,Merchant-specific voucher,dining,Cafe & Coffee,Met Cafe,Met Cafe voucher,0.15965987962743677,0.1319899917883663,0.10006880091965675,5091.09,1739.7949144357622,5587.02,0.31434017241540424,1.0,0.22727272727272727,0.14476666666666668
M02459,core,Australia,Immediate Value Seeker,True,Cashback / statement credit,dining,Fine Dining,Flower Drum,Cashback at Flower Drum,0.15995583615858935,0.12201641486941822,0.1562166605974792,4055.09,59.24141446852883,4261.3,0.3901381639975571,1.0,0.0,0.34064
M02461,core,Japan,Low Responsiveness,False,No incentive,dining,Fine Dining,Din Tai Fung Suria KLCC,—,0.100752893706405,0.100752893706405,0.1474178498947959,88.2,7.700390029773104,1155.62,0.3693181270310363,1.0,0.375,0.6367
M02462,core,United States,Threshold Chaser,True,"Spend X, get Y back",dining,Fine Dining,Maxwell Food Centre,Spend & get-back at Maxwell Food Centre,0.123974347103357,0.123974347103357,0.16346896501566874,2014.91,131.13564470124913,2014.91,0.35174282128999373,1.0,1.0,0.0896
M02463,core,Singapore,Points Optimiser,True,2x / 3x points,dining,Fine Dining,La Lucciola,3x points on dining,0.4,0.4,0.3195940875322985,13.64,224.75108746073528,207.67000000000002,0.37310139675027204,1.0,0.2,0.8005
M02468,core,Singapore,Merchant Explorer,True,Merchant-specific voucher,retail,Premium Retail,CU,CU voucher,0.1561014907594934,0.1262769593493289,0.1508942345577719,7817.56,1486.2021399303644,7841.58,0.3196197592724567,1.0,0.23809523809523808,0.11543333333333333
M02469,core,United States,Low Responsiveness,False,No incentive,dining,Fine Dining,Jumbo Seafood,—,0.10928728893761594,0.10928728893761594,0.15134750827093285,2628.0499999999997,787.4886065233786,2729.93,0.3942706937470278,1.0,0.21052631578947367,0.2828333333333333
M02470,gold,Hong Kong,Category Loyalist,True,Category-specific reward,retail,Premium Retail,Vincom Da Nang,Premium Retail reward (retail),0.3028380619699915,0.3028380619699915,0.3320799020766347,93.44999999999999,508.5859742725471,93.44999999999999,0.5419870770342392,1.0,0.0,0.316
M02471,core,Japan,Already Loyal,False,No incentive,retail,Premium Retail,IGA,—,0.13045594752013648,0.11425917043968828,0.11753618457171355,14427.46,2443.0266419170994,14427.46,0.548531168025773,1.0,0.25,0.06553333333333333
M02472,gold,Singapore,Low Responsiveness,False,No incentive,retail,Premium Retail,Gosumi Stationery,—,0.11592595000742176,0.10922826512992528,0.07119050942767705,6923.41,365.47293475143897,6930.24,0.37076091913409015,1.0,0.5,0.134
M02473,core,Singapore,Merchant Explorer,True,Merchant-specific voucher,dining,Cafe & Coffee,Mido Cafe,Mido Cafe voucher,0.16541053231228928,0.12922888656816653,0.14791485488189157,7180.7,900.8322444722019,7853.08,0.29884374397606395,0.9310344827586207,0.3103448275862069,0.36465
M02474,core,Singapore,Immediate Value Seeker,True,Cashback / statement credit,retail,Premium Retail,Namdaemun Shopping Mall,Cashback at Namdaemun Shopping Mall,0.15940000616330532,0.11677215921340683,0.18514378684266508,1285.1200000000001,883.0144536462353,1305.1,0.31250326373548987,1.0,0.15384615384615385,0.48924999999999996
M02475,core,United States,Merchant Explorer,True,Merchant-specific voucher,lodging,Hotel,Langham Place Hotel Mongkok,Langham Place Hotel Mongkok voucher,0.18122481836410997,0.13284572791322513,0.13692936138142403,20742.760000000002,6946.206743953983,21841.72,0.3349714189856061,0.9814814814814815,0.18518518518518517,0.21412666666666666
M02476,gold,United States,Threshold Chaser,True,"Spend X, get Y back",dining,Fine Dining,Kao Soy Nimman nearby,Spend & get-back at Kao Soy Nimman nearby,0.20723266674961646,0.20723266674961646,0.20192856078024998,242.79,500.59918695978746,241.79000000000002,0.3657791743121286,1.0,0.8,0.26395
M02477,gold,Singapore,Low Responsiveness,False,No incentive,lodging,Upscale Hotel,Parkroyal Collection Pickering,—,0.09909665880296688,0.09909665880296688,0.10862055587724935,1295.65,123.62076940195271,1295.65,0.293040756444779,1.0,0.5,0.0896
M02479,gold,Australia,Points Optimiser,True,2x / 3x points,dining,Fine Dining,Daniel's Donuts,3x points on dining,0.1633579548543215,0.13458051468099172,0.11615043347398545,9105.38,2792.995991234976,9105.38,0.4057753952092422,1.0,0.125,0.27736
M02480,core,Hong Kong,Immediate Value Seeker,True,Cashback / statement credit,dining,Fine Dining,Pepper Lunch,Cashback at Pepper Lunch,0.14587471103067082,0.1095242551772373,0.13908984294868706,3758.25,24.83786693825516,3758.25,0.2617952898771154,1.0,0.0,0.04
M02482,platinum,Japan,Points Optimiser,True,2x / 3x points,dining,Fine Dining,Breizh Café,3x points on dining,0.12059346072917682,0.12059346072917682,0.11957488322275843,1810.06,211.4516021619019,1810.06,0.2613928099693723,1.0,0.25,0.04
M02483,core,Singapore,Immediate Value Seeker,True,Cashback / statement credit,dining,Fine Dining,Din Tai Fung ION,Cashback at Din Tai Fung ION,0.13086925383645645,0.13086925383645645,0.1606259285726661,965.83,120.1147290935928,1355.6200000000001,0.3290438851212537,1.0,0.2727272727272727,0.3398666666666667
M02484,core,Singapore,Immediate Value Seeker,True,Cashback / statement credit,lodging,Upscale Hotel,The Hoxton Paris,Cashback at The Hoxton Paris,0.1627560416287335,0.12325913053093457,0.15040602173881856,6765.2699999999995,1057.5419148254248,7459.87,0.27943456831189495,1.0,0.16666666666666666,0.29868
M02486,gold,Singapore,Already Loyal,False,No incentive,dining,Fine Dining,Breizh Café,—,0.15091894884164286,0.1156839581295851,0.10908232637868001,7979.639999999999,1254.6271952230697,9089.37,0.29746153221665034,1.0,0.13636363636363635,0.19271666666666668
M02489,core,Hong Kong,Category Loyalist,True,Category-specific reward,retail,Local Shops,Dong Xuan Market,Local Shops reward (retail),0.3725528880893486,0.3725528880893486,0.4,17.13,99.318957676595,17.13,1.0,1.0,0.0,0.316
M02490,gold,Hong Kong,Points Optimiser,True,2x / 3x points,retail,Premium Retail,Nishiki Market stalls,3x points on retail,0.16570433807187684,0.1284488254658498,0.12319917686587399,1219.77,827.9226346460657,1228.48,0.30338259399850226,1.0,0.2,0.45855
M02491,platinum,Japan,Merchant Explorer,True,Merchant-specific voucher,lodging,Budget & Hostel,The Inn at the Roman Forum,The Inn at the Roman Forum voucher,0.18196707757183228,0.16135060961061834,0.11928505918093787,15452.31,8578.294768802725,15460.2,0.3090786055829086,1.0,0.20689655172413793,0.27952
M02492,gold,Japan,Points Optimiser,True,2x / 3x points,dining,Fine Dining,Gion Duck Noodles,3x points on dining,0.12077641317689268,0.12077641317689268,0.1134488690128205,1962.84,1086.665786987121,1962.84,0.25743839983007455,0.9090909090909091,0.18181818181818182,0.10759999999999999
M02493,core,Australia,Already Loyal,False,No incentive,retail,Convenience,EzyMart,—,0.13655721648316982,0.11853458799242861,0.1203583442971714,10979.43,805.9607493630149,11496.1,0.31825312898631364,0.9629629629629629,0.37037037037037035,0.19599999999999998
M02494,core,Singapore,Immediate Value Seeker,True,Cashback / statement credit,retail,Premium Retail,Times Square,Cashback at Times Square,0.30545003946266464,0.30545003946266464,0.3184397874109756,129.92000000000002,741.0537006971635,961.16,0.44590572932822353,1.0,0.23076923076923078,0.56624
M02500,gold,Singapore,Already Loyal,False,No incentive,lodging,Upscale Hotel,Quest on William,—,0.14492483046467639,0.14591791909431026,0.09150124829626129,20194.09,2915.200635050336,22832.06,0.3021959898556484,1.0,0.13043478260869565,0.17654999999999998
M02501,gold,Singapore,Points Optimiser,True,2x / 3x points,retail,Premium Retail,Kuromon Market,3x points on retail,0.1610999065839831,0.1460546390956855,0.099180016241275,3944.51,2808.7468430164076,4276.87,0.3196956623731547,1.0,0.2222222222222222,0.38258333333333333
M02502,gold,Singapore,Points Optimiser,True,2x / 3x points,retail,Premium Retail,People's Park Centre,3x points on retail,0.15421935191837732,0.1286070826917569,0.11986299111826315,4267.7,1484.3147189544175,4938.73,0.39500482240761053,0.8823529411764706,0.17647058823529413,0.25366
M02503,core,Australia,Low Responsiveness,False,No incentive,dining,Fine Dining,Flora,—,0.11623180022394561,0.11623180022394561,0.15584011156000444,2698.1,39.121469260102714,2698.1,0.5451761952369089,1.0,0.25,0.04
M02504,platinum,Singapore,Threshold Chaser,True,"Spend X, get Y back",transport,Premium Transport,ETS,Spend & get-back at ETS,0.2414294582827219,0.2414294582827219,0.2019705907787327,42.25,9.544556577788867,1658.08,0.43839222867373573,1.0,0.75,0.4729
M02505,core,Hong Kong,Category Loyalist,True,Category-specific reward,dining,Fine Dining,Le Consulat,Fine Dining reward (dining),0.1393661492006799,0.1393661492006799,0.16911503114952048,2431.61,1622.4876864283044,2439.61,0.574513603199088,0.95,0.35,0.15311666666666668
M02506,gold,Australia,Already Loyal,False,No incentive,retail,Premium Retail,W cosmetics,—,0.14860352545002434,0.14064359358827155,0.09634068852285017,15543.849999999999,616.1770164613333,16631.7,0.2908419124767872,0.9655172413793104,0.3103448275862069,0.2600125
M02507,platinum,United States,Points Optimiser,True,2x / 3x points,dining,Fine Dining,Karlsson's,3x points on dining,0.15262342787758743,0.15262342787758743,0.11610141927421734,1687.36,5541.203327948872,5578.34,0.40392840084009396,1.0,0.17647058823529413,0.46658
M02510,core,Australia,Category Loyalist,True,Category-specific reward,dining,Fine Dining,Maxwell Food Centre,Fine Dining reward (dining),0.1456668041422595,0.1456668041422595,0.1592991983285717,930.23,53.021898882339016,1307.19,0.5083875392825928,1.0,0.2727272727272727,0.3398666666666667
M02511,platinum,Singapore,Already Loyal,False,No incentive,dining,Fine Dining,南国酒家,—,0.1250493383708849,0.10112739997225255,0.09673340959403685,21784.08,11608.2266869958,22776.61,0.6877810867885737,1.0,0.14285714285714285,0.13333333333333333
M02513,core,Hong Kong,Already Loyal,False,No incentive,retail,Convenience,Kmart,—,0.14460711135932586,0.14460711135932586,0.1143824989988972,8404.55,3709.0646289692563,8404.55,0.38843508095712,1.0,0.21428571428571427,0.151975
M02514,core,Hong Kong,Immediate Value Seeker,True,Cashback / statement credit,retail,Premium Retail,Olive Young,Cashback at Olive Young,0.20356276728056696,0.1544344747477276,0.18058009210347184,1790.29,50.815188801832484,2434.48,0.33110504173427124,0.95,0.1,0.5073166666666666
M02516,core,Singapore,Immediate Value Seeker,True,Cashback / statement credit,dining,Fine Dining,Le Consulat,Cashback at Le Consulat,0.2216473009078242,0.2216473009078242,0.25392506788721564,263.45,478.36875681551965,262.45,0.4205742399617363,1.0,0.0,0.04
M02517,core,Hong Kong,Immediate Value Seeker,True,Cashback / statement credit,dining,Fine Dining,La Maison Rose,Cashback at La Maison Rose,0.12182748034056312,0.12182748034056312,0.1616123549532899,1238.51,1346.4532645471543,1238.51,0.2936807261437736,1.0,0.16666666666666666,0.04
M02518,platinum,Singapore,Category Loyalist,True,Category-specific reward,retail,Premium Retail,Tokyu Hands Namba,Premium Retail reward (retail),0.14494208356159272,0.13627790188646877,0.09272261849652315,4477.92,314.4350306391094,4583.09,0.5993541089493758,1.0,0.16666666666666666,0.28685
M02520,gold,Hong Kong,Points Optimiser,True,2x / 3x points,lodging,Upscale Hotel,Swissotel Nankai Osaka,3x points on lodging,0.16721855708038258,0.13619877455194054,0.11109633262337128,11849.22,1918.2946073869246,12398.81,0.36862605946771376,1.0,0.25,0.314
M02521,core,Singapore,Threshold Chaser,True,"Spend X, get Y back",retail,Premium Retail,Chinatown Complex,Spend & get-back at Chinatown Complex,0.1761858647014803,0.1369056203416333,0.16769062241375277,1954.43,112.20120793063668,1954.43,0.34297827270693965,1.0,0.75,0.0896
M02522,platinum,Hong Kong,Threshold Chaser,True,"Spend X, get Y back",lodging,Upscale Hotel,Gion Hatanaka,Spend & get-back at Gion Hatanaka,0.13014147597877218,0.13014147597877218,0.11737225180656263,2562.48,1763.1318963020938,3457.56,0.28506050421542306,1.0,0.36363636363636365,0.34886666666666666
M02524,core,Singapore,Immediate Value Seeker,True,Cashback / statement credit,dining,Fine Dining,Jumbo Seafood,Cashback at Jumbo Seafood,0.16017664136414567,0.12583420056291997,0.15738057609594389,4503.28,2.2763566879549444,4503.28,0.42839210264278454,1.0,0.125,0.1031
M02525,core,Singapore,Low Responsiveness,False,No incentive,transport,Premium Transport,Star Ferry,—,0.10347175629175005,0.10347175629175005,0.16015231610278202,547.39,100.14365465745513,680.92,0.25534776071679605,1.0,0.125,0.47025
M02527,core,Australia,Merchant Explorer,True,Merchant-specific voucher,lodging,Hotel,Crown Towers Hotel,Crown Towers Hotel voucher,0.17005707111809978,0.13863001411101084,0.13582051354575764,9266.699999999999,2563.356922583752,9266.7,0.3593312131461385,1.0,0.45,0.2417
M02528,core,United States,Immediate Value Seeker,True,Cashback / statement credit,retail,Premium Retail,People's Park Centre,Cashback at People's Park Centre,0.16820287137835982,0.12635193958132895,0.17362098484727367,1261.47,334.4736989652614,1658.29,0.4685909068768509,1.0,0.21428571428571427,0.35145
M02530,gold,Singapore,Category Loyalist,True,Category-specific reward,retail,Premium Retail,OH,Premium Retail reward (retail),0.1869641849953906,0.1869641849953906,0.1360017114971896,173.77,345.9733598433843,173.77,0.5298665407577701,1.0,0.0,0.316
M02531,core,Singapore,Low Responsiveness,False,No incentive,retail,Premium Retail,Terminal 21 Asok,—,0.1092823708408397,0.1092823708408397,0.1494148035024782,78.45,7.171336773995428,673.0699999999999,0.31586568421869887,1.0,0.25,0.4571
M02533,core,Singapore,Immediate Value Seeker,True,Cashback / statement credit,dining,Fine Dining,Yat Lok,Cashback at Yat Lok,0.18955705545394794,0.14902000454277287,0.17418456069158786,1609.69,270.7199371339812,1609.69,0.36963395671222826,1.0,0.0,0.14
M02534,platinum,Singapore,Category Loyalist,True,Category-specific reward,dining,Fine Dining,Lau Pa Sat nearby,Fine Dining reward (dining),0.18154780001011553,0.15362979429472,0.1284014149127956,6632.460000000001,5180.4215025604835,7905.830000000001,0.551677672047745,0.95,0.3,0.30178333333333335
M02535,core,Singapore,Threshold Chaser,True,"Spend X, get Y back",retail,Premium Retail,Campo de' Fiori market,Spend & get-back at Campo de' Fiori market,0.16540650582654612,0.1240654821797753,0.17922019434945025,1854.21,813.6946023048615,2185.99,0.2830118915580221,1.0,0.35714285714285715,0.27655
M02537,core,Singapore,Category Loyalist,True,Category-specific reward,lodging,Upscale Hotel,MVC,Upscale Hotel reward (lodging),0.19246734205989002,0.19246734205989002,0.1803280990254489,475.49,1331.0649553410958,1397.92,0.6783895295078537,1.0,0.3333333333333333,0.4571
M02539,core,Singapore,Immediate Value Seeker,True,Cashback / statement credit,dining,Fine Dining,Yung Kee,Cashback at Yung Kee,0.1260135959745365,0.1260135959745365,0.16010871504026764,1418.3200000000002,1025.5619963026566,1426.2,0.3419037298873078,1.0,0.125,0.228
M02540,core,Australia,Threshold Chaser,True,"Spend X, get Y back",dining,Fine Dining,Roscioli,Spend & get-back at Roscioli,0.12075255257194202,0.12075255257194202,0.14536980005407274,2854.12,2024.9300974706985,2854.12,0.3044484418052342,1.0,0.36363636363636365,0.060533333333333335
M02541,core,Singapore,Already Loyal,False,No incentive,retail,Apparel,ALAND,—,0.11712844463116245,0.10535569161746927,0.10767300293001125,27371.54,5658.04341902803,29788.12,0.42958209170471673,0.8924731182795699,0.23655913978494625,0.25656153846153845
M02543,gold,Singapore,Threshold Chaser,True,"Spend X, get Y back",dining,Fine Dining,Roscioli,Spend & get-back at Roscioli,0.11995395970165626,0.11995395970165626,0.10713564172715533,3246.11,1328.733089871386,3246.1099999999997,0.4349638216724204,1.0,0.375,0.0802
M02544,platinum,Singapore,Points Optimiser,True,2x / 3x points,retail,Premium Retail,SSG,3x points on retail,0.18394776712653152,0.15933298943584412,0.12545667095122545,2248.61,1407.2777960041303,3231.43,0.37802824673220053,1.0,0.1875,0.33388
M02547,platinum,Singapore,Category Loyalist,True,Category-specific reward,dining,Cafe & Coffee,CAFE de CRIE,Cafe & Coffee reward (dining),0.1602522055275764,0.13574625834255089,0.11033875853178438,7033.150000000001,12.438048343152673,7033.15,0.5043353614727395,1.0,0.0,0.1166
M02549,platinum,Hong Kong,Already Loyal,False,No incentive,retail,Premium Retail,People's Park Centre,—,0.14469553139309854,0.13182113302176562,0.10163177754285105,11148.96,1315.783221654769,11933.0,0.2701731634801754,1.0,0.3870967741935484,0.208075
M02550,core,Australia,Immediate Value Seeker,True,Cashback / statement credit,retail,Premium Retail,Kyoto Craft Center,Cashback at Kyoto Craft Center,0.13807926210999502,0.10997724397685085,0.15563461039656276,3735.0,1327.606510593442,3735.0,0.40825027329666713,0.9473684210526315,0.2631578947368421,0.13256666666666667
M02553,gold,Hong Kong,Points Optimiser,True,2x / 3x points,dining,Fine Dining,Bird Land,3x points on dining,0.12065882823650242,0.12065882823650242,0.09276486740258345,1840.55,104.36366674333095,1840.55,0.28710948412497406,1.0,0.2222222222222222,0.35236666666666666
M02554,gold,Singapore,Points Optimiser,True,2x / 3x points,retail,Premium Retail,Cửa Hàng Xe Ô Tô Audi,3x points on retail,0.31990991525855317,0.31990991525855317,0.2574109429782996,38.69,179.87052276917615,761.24,0.3441601208856524,1.0,0.06666666666666667,0.6067
M02555,platinum,United States,Points Optimiser,True,2x / 3x points,retail,Premium Retail,Liquorland Express,3x points on retail,0.14547429921388516,0.12140211935361797,0.1078096696504274,2709.7,957.8973331336613,2709.7000000000003,0.2919426334672977,1.0,0.16666666666666666,0.178
M02556,core,Japan,Category Loyalist,True,Category-specific reward,transport,Ride-hail & Taxi,Grab,Ride-hail & Taxi reward (transport),0.3013386945762937,0.3013386945762937,0.1978739060802509,49.3,287.13543365697785,49.3,0.5324530444478275,1.0,0.0,0.316
M02557,gold,Hong Kong,Points Optimiser,True,2x / 3x points,dining,Fine Dining,Din Tai Fung ION,3x points on dining,0.15756267340046404,0.13337221487279063,0.10046767103827048,6189.34,2146.700693800763,6189.34,0.30685813645945126,1.0,0.18181818181818182,0.08986666666666666
M02558,core,United States,Low Responsiveness,False,No incentive,dining,Fine Dining,Din Tai Fung ION,—,0.11403851560333197,0.11403851560333197,0.16580181563203392,2185.94,0.0,2377.26,0.5120126812385035,1.0,0.125,0.28125
M02559,centurion,Singapore,Low Responsiveness,False,No incentive,dining,Fine Dining,Cheongdam Carb Snack,—,0.0784878853680426,0.0895783076646974,0.06687305094439847,29388.9,7417.177264870401,29865.600000000002,0.6681953265735049,1.0,0.17647058823529413,0.22216
M02561,platinum,Singapore,Threshold Chaser,True,"Spend X, get Y back",dining,Fine Dining,Mak's Noodle,Spend & get-back at Mak's Noodle,0.15374390939426116,0.12956571290329572,0.10518557293090434,5611.26,876.938332402104,5611.26,0.32760937561911513,1.0,0.36363636363636365,0.24316666666666667
M02562,platinum,Hong Kong,Points Optimiser,True,2x / 3x points,dining,Fine Dining,Maxwell Food Centre,3x points on dining,0.1760070993150471,0.14817870092946583,0.1104916905904692,14203.22,2088.39743585627,14203.22,0.3603981195804838,1.0,0.2,0.14853333333333332
M02563,core,Singapore,Points Optimiser,True,2x / 3x points,retail,Premium Retail,Lot 10,3x points on retail,0.1864364396014994,0.1864364396014994,0.1589732792442235,33.04,9.14669360176758,748.48,0.45427231060878503,1.0,0.25,0.4729
M02564,centurion,United States,Points Optimiser,True,2x / 3x points,dining,Fine Dining,Jalan Alor stalls,3x points on dining,0.12869344050038997,0.12869344050038997,0.1040435678152538,1674.63,470.23102329469737,3454.93,0.3331525954396482,1.0,0.07692307692307693,0.3339
M02566,gold,Australia,Points Optimiser,True,2x / 3x points,dining,Fine Dining,L'As du Fallafel,3x points on dining,0.1627783693503681,0.12200495193131995,0.12161522577932268,8631.87,1909.2741859488572,8642.0,0.3669244099860314,0.9444444444444444,0.2222222222222222,0.27793999999999996
M02567,core,United States,Merchant Explorer,True,Merchant-specific voucher,dining,Fine Dining,Ichiran Dotonbori,Ichiran Dotonbori voucher,0.20930668408652855,0.12774168661316093,0.18483137605027244,8630.92,2335.132244512109,9217.27,0.29599142102933196,0.9696969696969697,0.18181818181818182,0.17623333333333335
M02568,core,Japan,Immediate Value Seeker,True,Cashback / statement credit,lodging,Hotel,Amora Hotel,Cashback at Amora Hotel,0.12219372307224925,0.11233662861811294,0.15859849514264945,3027.0299999999997,71.20273075971235,3202.1800000000003,0.45335662670041427,1.0,0.0,0.27103333333333335
M02571,gold,Hong Kong,Low Responsiveness,False,No incentive,retail,Premium Retail,Suria KLCC,—,0.11184938617767184,0.11184938617767184,0.1409514533167771,139.95,18.208103995855893,4105.3099999999995,0.7011559905114058,1.0,0.25,0.4729
M02573,gold,Singapore,Low Responsiveness,False,No incentive,lodging,Hotel,Tobu Hotel,—,0.10107837857763274,0.10107837857763274,0.10429672790885275,1899.72,4.182677220678386,1899.72,0.3139888623082463,1.0,0.5,0.1166
M02574,core,Australia,Immediate Value Seeker,True,Cashback / statement credit,dining,Fine Dining,Ginza Kagari,Cashback at Ginza Kagari,0.15250445972321908,0.1220423963318232,0.14421319288744208,6830.280000000001,2889.9730503089654,6836.04,0.34852340908593754,0.9285714285714286,0.14285714285714285,0.19394
M02575,core,Australia,Low Responsiveness,False,No incentive,lodging,Hotel,Hotel Eden,—,0.10392547895743898,0.10392547895743898,0.15831750587756976,800.8199999999999,313.9302838060432,800.8199999999999,0.28563864255865595,1.0,0.0,0.43565
M02576,core,Japan,Immediate Value Seeker,True,Cashback / statement credit,lodging,Mid-scale Hotel,Hyatt Regency Kyoto,Cashback at Hyatt Regency Kyoto,0.19829950889724118,0.19829950889724118,0.20953624340500393,317.14,177.54389885612684,317.14,0.36383267900258964,1.0,0.25,0.1166
M02577,core,Japan,Low Responsiveness,False,No incentive,dining,Fine Dining,Kukuru Takoyaki,—,0.11090643298656172,0.11090643298656172,0.14613861777609743,2360.52,481.86757480587136,2360.52,0.3167729896076721,1.0,0.0,0.0937
M02578,core,Australia,Already Loyal,False,No incentive,dining,Fine Dining,Maxwell Food Centre,—,0.14945354844987815,0.11723096685254583,0.14725433526520662,8027.33,639.0300696702145,8254.01,0.46408699065121534,0.8421052631578947,0.10526315789473684,0.242
M02579,gold,Hong Kong,Threshold Chaser,True,"Spend X, get Y back",dining,Cafe & Coffee,Mido Cafe,Spend & get-back at Mido Cafe,0.13105366547605393,0.13105366547605393,0.11527873306230965,5986.530000000001,1985.3922579255927,5986.53,0.3000682831480191,1.0,0.5,0.28145
M02580,core,Hong Kong,Points Optimiser,True,2x / 3x points,retail,Premium Retail,Travel Store,3x points on retail,0.3152114605634093,0.3152114605634093,0.2656918180248048,102.08,404.6365795456336,108.50000000000001,0.45781622034870145,1.0,0.0,0.4571
M02581,core,Singapore,Low Responsiveness,False,No incentive,lodging,Hotel,Hill House Hotel,—,0.1063867589467682,0.1063867589467682,0.1635576647422863,1744.54,295.04499010122385,1744.54,0.30155146191202514,1.0,0.16666666666666666,0.25645
M02582,platinum,Singapore,Points Optimiser,True,2x / 3x points,lodging,Hotel,Ssikeullaudeu Hotel,3x points on lodging,0.1555381138322817,0.12150317057322617,0.11312743265095428,9339.08,1244.7591102288009,10552.0,0.28318409590095994,0.95,0.2,0.27552
M02583,gold,Hong Kong,Threshold Chaser,True,"Spend X, get Y back",dining,Fine Dining,Kukuru Takoyaki,Spend & get-back at Kukuru Takoyaki,0.15882147008948994,0.12751679920883224,0.12422492432820752,4742.8,1482.0441173050367,4742.8,0.462712699382223,1.0,0.5,0.0783
M02584,gold,Hong Kong,Points Optimiser,True,2x / 3x points,dining,Fine Dining,Breizh Café,3x points on dining,0.21242273862300076,0.21242273862300076,0.16286288554545125,1191.06,140.43753060506697,1190.06,0.43398623388422497,1.0,0.0,0.04
M02585,gold,Singapore,Immediate Value Seeker,True,Cashback / statement credit,retail,Premium Retail,Via dei Calzaiuoli shops,Cashback at Via dei Calzaiuoli shops,0.19714223815665047,0.1639816449745081,0.19968642969502434,1725.97,2530.360964337988,1724.97,0.4367725276079856,1.0,0.3333333333333333,0.0708
M02587,platinum,United States,Points Optimiser,True,2x / 3x points,retail,Premium Retail,Liquorland Express,3x points on retail,0.15152251639881004,0.15152251639881004,0.13957399086706707,593.87,16.09305924969854,593.87,0.3107518523176933,1.0,0.25,0.04
M02588,gold,Singapore,Immediate Value Seeker,True,Cashback / statement credit,retail,Premium Retail,GS25,Cashback at GS25,0.15684408480484816,0.1144036602860687,0.13357393770664772,1447.9700000000003,343.9947720733047,1447.97,0.3789528876683705,1.0,0.0,0.04
M02589,core,Singapore,Category Loyalist,True,Category-specific reward,retail,Premium Retail,RED EYE,Premium Retail reward (retail),0.12574880708438702,0.12220551606243017,0.14169057817077033,4867.42,359.21685585470345,4937.16,0.8160494272304202,1.0,0.125,0.09000000000000001
M02590,gold,Singapore,Points Optimiser,True,2x / 3x points,retail,Premium Retail,Langham Place,3x points on retail,0.18309867605991212,0.18309867605991212,0.09888825727439322,13094.21,5892.286104482355,13103.93,0.32713204320387956,1.0,0.25,0.2852
M02592,platinum,Australia,Points Optimiser,True,2x / 3x points,lodging,Upscale Hotel,Mandarin Oriental Kuala Lumpur,3x points on lodging,0.208822315845912,0.208822315845912,0.1572278807556837,144.23,12.830564541797976,972.3000000000001,0.44904661531075396,1.0,0.25,0.4729
M02593,core,Hong Kong,Immediate Value Seeker,True,Cashback / statement credit,transport,Premium Transport,Vélib',Cashback at Vélib',0.1460267374041981,0.1460267374041981,0.1587547660610431,333.93,183.7395486882395,333.93,0.2902396938390531,1.0,0.0,0.178
M02594,core,Singapore,Fee-Sensitive Traveller,False,No incentive (FX-offset out of scope),lodging,Hotel,Shibuya Excel Hotel Tokyu,—,0.12408501855769793,0.12408501855769793,0.1663035293990736,1355.47,905.8976521794252,1739.85,0.3029104469341441,1.0,0.2916666666666667,0.45407142857142857
M02596,platinum,Singapore,Points Optimiser,True,2x / 3x points,lodging,Upscale Hotel,The Plaza Seoul,3x points on lodging,0.1805001063456248,0.14849802289078773,0.11524507179826178,3226.16,1752.6885455937593,3789.24,0.2600587902248502,1.0,0.2857142857142857,0.213275
M02597,platinum,Hong Kong,Fee-Sensitive Traveller,False,No incentive (FX-offset out of scope),retail,Premium Retail,sakura,—,0.1271539068400075,0.1271539068400075,0.1287283578464949,753.5,3242.5106133242234,753.5,0.25950961868282013,1.0,0.25,0.47750000000000004
M02598,gold,Japan,Immediate Value Seeker,True,Cashback / statement credit,retail,Premium Retail,City Hatters,Cashback at City Hatters,0.1235764000087303,0.1235764000087303,0.14034978550772292,853.9,18.145524087392943,874.87,0.3437153480266275,1.0,0.125,0.0783
M02599,core,Hong Kong,Category Loyalist,True,Category-specific reward,dining,Fine Dining,渋谷三丁目らあめん,Fine Dining reward (dining),0.16160766053488773,0.1258507924853047,0.16102766544608896,6658.98,251.13647660101412,6862.009999999999,0.544504208913346,1.0,0.09090909090909091,0.3355666666666666
M02600,platinum,Singapore,Merchant Explorer,True,Merchant-specific voucher,retail,Premium Retail,Tokyu Hands Namba,Tokyu Hands Namba voucher,0.1571336041143914,0.1571336041143914,0.07834566520017636,37962.42,13565.315745330545,39393.1,0.29470689845140985,0.9583333333333334,0.20833333333333334,0.24118571428571428
M02601,core,Australia,Immediate Value Seeker,True,Cashback / statement credit,lodging,Hotel,CB Hotel,Cashback at CB Hotel,0.156840091863453,0.11650462949686638,0.14846828191711356,7544.26,448.89727165110594,7549.849999999999,0.29169048761179606,0.9166666666666666,0.25,0.132
M02602,platinum,Hong Kong,Immediate Value Seeker,True,Cashback / statement credit,retail,Premium Retail,Ricordi Mediastore,Cashback at Ricordi Mediastore,0.18051504713257238,0.18051504713257238,0.20546599729938944,568.75,1542.2129098301382,1448.8000000000002,0.27539430897856854,1.0,0.0,0.2813
M02603,gold,Singapore,Category Loyalist,True,Category-specific reward,dining,Casual Dining,CP Lounge,Casual Dining reward (dining),0.38720356103197495,0.38720356103197495,0.22050564606875755,48.839999999999996,592.7202502935496,48.839999999999996,0.5602934853549104,1.0,0.0,0.8005
M02606,gold,Singapore,Category Loyalist,True,Category-specific reward,dining,Fine Dining,Rioja II,Fine Dining reward (dining),0.1897016578489167,0.1897016578489167,0.1771325653996209,244.25,722.6644083589647,244.25,1.0,1.0,0.0,0.4571
M02608,platinum,Australia,Points Optimiser,True,2x / 3x points,retail,Premium Retail,COEX Mall,3x points on retail,0.15004397906417621,0.13461467787334092,0.09562195789351968,4143.29,1651.6534723179545,4143.29,0.37080131808462546,1.0,0.2857142857142857,0.04
M02609,gold,Japan,Low Responsiveness,False,No incentive,dining,Fine Dining,Ginza Kagari,—,0.11371507323617547,0.11371507323617547,0.09088733076008282,2140.6499999999996,525.7656008996443,2140.65,0.38689701605758986,1.0,0.2857142857142857,0.2163
M02610,gold,Hong Kong,Already Loyal,False,No incentive,retail,Premium Retail,Chinatown Complex,—,0.1304105899842451,0.1333505785719111,0.08012381124269301,7170.950000000001,2853.7828956625362,9707.19,0.44856252537307517,1.0,0.15384615384615385,0.3699
M02611,gold,United States,Points Optimiser,True,2x / 3x points,lodging,Upscale Hotel,St. Regis Singapore,3x points on lodging,0.16190863868803257,0.11888322500644782,0.11761231348587815,4242.84,16.218543404706303,4306.28,0.30985015936174504,1.0,0.15384615384615385,0.229625
M02612,core,Japan,Already Loyal,False,No incentive,retail,Premium Retail,MSY Ultimo,—,0.1520289788878305,0.123935923691887,0.13497330746842556,8649.08,96.09800005881544,9666.9,0.3247390126567943,1.0,0.05263157894736842,0.26204
M02613,gold,Japan,Points Optimiser,True,2x / 3x points,retail,Premium Retail,Tokyu Hands Namba,3x points on retail,0.1303828497859571,0.11728185736043199,0.11019806966111065,3444.33,3190.405582242735,3444.33,0.4297890248329476,1.0,0.1111111111111111,0.16779999999999998
M02614,core,Singapore,Immediate Value Seeker,True,Cashback / statement credit,retail,Premium Retail,IFC Mall,Cashback at IFC Mall,0.12070621857602555,0.12070621857602555,0.17742591779098799,1261.94,475.29705178872223,1261.94,0.26956959411449266,1.0,0.2222222222222222,0.3043666666666667
M02615,gold,Singapore,Points Optimiser,True,2x / 3x points,dining,Fine Dining,Two Fingers,3x points on dining,0.1725953266264152,0.1364084356584328,0.1260306049805642,4940.21,2815.3023334035747,5301.77,0.39243539295822266,1.0,0.17647058823529413,0.33688
M02616,core,United States,Immediate Value Seeker,True,Cashback / statement credit,retail,Premium Retail,Takashimaya,Cashback at Takashimaya,0.16037473674076905,0.12614292028984442,0.15234939009468357,6552.9,2322.4408755509403,8268.87,0.3080388594760064,1.0,0.2631578947368421,0.28504
M02618,core,Japan,Points Optimiser,True,2x / 3x points,dining,Fine Dining,VR Penang Lily's Vegetarian Kitchen,3x points on dining,0.223557008824968,0.223557008824968,0.19101071773890563,148.76,325.08874336589173,204.45,0.3388753260257629,1.0,0.0,0.46499999999999997
M02620,core,Singapore,Category Loyalist,True,Category-specific reward,dining,Fine Dining,Zoe Bar,Fine Dining reward (dining),0.3453335412311803,0.3453335412311803,0.33690456028109006,342.05,2918.0449607329365,339.05,1.0,1.0,0.0,0.0708
M02621,core,Hong Kong,Merchant Explorer,True,Merchant-specific voucher,dining,Cafe & Coffee,Mido Cafe,Mido Cafe voucher,0.17360542237465726,0.1290313592850552,0.1709876865284058,3669.9900000000002,1615.3971662123463,3950.6600000000003,0.3209947955206424,1.0,0.09523809523809523,0.32152857142857144
M02622,gold,Japan,Already Loyal,False,No incentive,retail,Premium Retail,Mitsukoshi Ginza,—,0.13102445271788815,0.13102445271788815,0.0701028876148443,13318.87,169.7579218268096,13318.869999999999,0.8000293150978728,1.0,0.25,0.4633333333333333
M02623,gold,Hong Kong,Immediate Value Seeker,True,Cashback / statement credit,dining,Fine Dining,Bo.lan,Cashback at Bo.lan,0.2680682389754274,0.2680682389754274,0.3950467605829148,20.01,6.283451484935462,458.71000000000004,0.35932605818221747,1.0,0.25,0.4571
M02624,platinum,Australia,Points Optimiser,True,2x / 3x points,dining,Fine Dining,Bird Land,3x points on dining,0.166226601414106,0.14634199060687872,0.1308929419039751,7367.25,1031.5809753026729,7391.17,0.3282578603070138,1.0,0.18181818181818182,0.3575
M02626,core,Hong Kong,Threshold Chaser,True,"Spend X, get Y back",retail,Premium Retail,MSY Ultimo,Spend & get-back at MSY Ultimo,0.18900360958487186,0.14167429180547841,0.17390476262984553,1480.62,8.360751504178651,1986.0,0.3682419670827718,1.0,0.375,0.25645
M02627,gold,Australia,Already Loyal,False,No incentive,retail,Premium Retail,Landmark,—,0.14704924682684525,0.14704924682684525,0.0809042309910423,10545.39,1918.432000243646,11150.73,0.4058161042746013,0.9565217391304348,0.21739130434782608,0.2806285714285714
M02628,gold,Singapore,Threshold Chaser,True,"Spend X, get Y back",retail,Premium Retail,IFC Mall,Spend & get-back at IFC Mall,0.14254514429473533,0.11834317612468957,0.09786954186526059,5879.259999999999,1199.4517497509873,5879.26,0.28309255369341996,1.0,0.5,0.08360000000000001
M02630,gold,United States,Fee-Sensitive Traveller,False,No incentive (FX-offset out of scope),retail,Premium Retail,Merci,—,0.15186456207755594,0.1161439152544131,0.1033379680873371,3666.44,736.9820197208986,4198.92,0.3659812466093375,1.0,0.07692307692307693,0.44294
M02631,core,Singapore,Immediate Value Seeker,True,Cashback / statement credit,retail,Premium Retail,beautywave,Cashback at beautywave,0.12814890696984196,0.1040974116259606,0.14917081258738196,4603.650000000001,1056.065411274702,4717.73,0.4567764551798767,1.0,0.2,0.261675
M02632,core,Hong Kong,Low Responsiveness,False,No incentive,transport,Premium Transport,Vélib',—,0.10996522595773142,0.10996522595773142,0.16004342449627007,1159.21,519.4974825168545,1159.21,0.28421708620370884,1.0,0.2857142857142857,0.055400000000000005
M02633,core,Singapore,Category Loyalist,True,Category-specific reward,dining,Fine Dining,Fiaschetteria Nuvoli,Fine Dining reward (dining),0.33687030760757075,0.33687030760757075,0.2742978883843792,218.29,571.452761997449,231.8,0.6965467575287673,1.0,0.0,0.19340000000000002
M02634,platinum,Singapore,Category Loyalist,True,Category-specific reward,dining,Cafe & Coffee,Mido Cafe,Cafe & Coffee reward (dining),0.17269713734897585,0.1364144905796379,0.12599921413656226,7991.33,2138.6903271138863,7995.9,0.5445620848355714,1.0,0.08333333333333333,0.45295
M02635,core,Singapore,Fee-Sensitive Traveller,False,No incentive (FX-offset out of scope),lodging,Upscale Hotel,Base Backpackers Sydney,—,0.11751892574806075,0.1022866256069726,0.16308185305793219,2190.28,103.27844285038525,2203.45,0.35518298034976603,1.0,0.42857142857142855,0.42025
M02636,core,Australia,Immediate Value Seeker,True,Cashback / statement credit,dining,Fine Dining,Ginza Kagari,Cashback at Ginza Kagari,0.1566020505066688,0.1239692815438559,0.15168581853105384,4989.22,878.0080894826127,5285.05,0.3617000372209267,1.0,0.25,0.42178333333333334
M02637,core,Japan,Points Optimiser,True,2x / 3x points,lodging,Hotel,Hotel Nikko Osaka,3x points on lodging,0.16611219482871034,0.16611219482871034,0.16076078105403555,416.53000000000003,71.34185368882909,416.53000000000003,0.3012074222559006,1.0,0.25,0.1166
M02638,core,Hong Kong,Low Responsiveness,False,No incentive,dining,Fast Food,KFC,—,0.11092829499693765,0.11092829499693765,0.16831626835678248,2145.38,37.061032819252716,2192.53,0.38019222668143465,1.0,0.0,0.42025
M02642,core,Singapore,Merchant Explorer,True,Merchant-specific voucher,retail,Premium Retail,beautywave,beautywave voucher,0.17570392012767844,0.14336168064560198,0.14796418899299996,3547.82,1248.1741487370405,6088.43,0.32271632273396716,0.8888888888888888,0.2222222222222222,0.36586363636363634
M02643,gold,Singapore,Points Optimiser,True,2x / 3x points,retail,Premium Retail,Tom N Toms Coffee,3x points on retail,0.171581050148416,0.14203341341133327,0.1124171762823543,3079.61,975.8986501029219,3079.61,0.4564914231808383,1.0,0.25,0.04
M02644,core,Japan,Merchant Explorer,True,Merchant-specific voucher,dining,Fine Dining,Yung Kee,Yung Kee voucher,0.16540617358900925,0.1358684403710613,0.16069764142545312,6374.3,334.4707631404356,6725.47,0.5874937152068537,0.9523809523809523,0.3333333333333333,0.37767142857142855
M02645,centurion,Singapore,Points Optimiser,True,2x / 3x points,transport,Rail & Metro,Hôtel de Ville Metro,3x points on transport,0.16229343400258922,0.13220508725988558,0.1267913355387388,5128.96,541.8783663110955,5128.96,0.4141106088839871,1.0,0.0,0.04
M02646,core,Hong Kong,Points Optimiser,True,2x / 3x points,lodging,Mid-scale Hotel,The Ritz-Carlton Jakarta Pacific Place,3x points on lodging,0.1993828402223523,0.1993828402223523,0.1711615280293437,29.78,3.171206288915883,237.62,0.32107537161808164,1.0,0.0,0.6367
M02647,core,Hong Kong,Immediate Value Seeker,True,Cashback / statement credit,dining,Fine Dining,La Maison Rose,Cashback at La Maison Rose,0.19771897705137512,0.19771897705137512,0.21972814657347978,523.51,737.416718552716,684.03,0.3875411820327245,1.0,0.1111111111111111,0.224
M02648,core,Australia,Threshold Chaser,True,"Spend X, get Y back",dining,Fine Dining,Kukuru Takoyaki,Spend & get-back at Kukuru Takoyaki,0.12195438418932741,0.12195438418932741,0.16835206662863722,1019.51,181.2709639920309,1019.51,0.3970519581941905,1.0,0.5,0.1166
M02649,core,Singapore,Already Loyal,False,No incentive,retail,Premium Retail,Campo de' Fiori market,—,0.14014143228052497,0.1276109419320523,0.15186557231341702,8231.97,1882.1090424899462,8394.45,0.35812455999634774,0.9655172413793104,0.13793103448275862,0.205525
M02650,gold,United States,Points Optimiser,True,2x / 3x points,lodging,Upscale Hotel,The Mandarin Oriental Hong Kong,3x points on lodging,0.13236061339347852,0.13236061339347852,0.12640794819545478,1061.17,1.0800249583553523e-12,1061.17,0.40647493169800836,1.0,0.25,0.14
M02651,core,United States,Merchant Explorer,True,Merchant-specific voucher,lodging,Upscale Hotel,United Backpackers,United Backpackers voucher,0.1744948984920024,0.12145950455374932,0.16126587487256056,5032.37,41.675729226829134,5496.09,0.40703256087897216,1.0,0.21739130434782608,0.31843333333333335
M02653,core,Singapore,Merchant Explorer,True,Merchant-specific voucher,dining,Fine Dining,Din Tai Fung ION,Din Tai Fung ION voucher,0.17165874086468544,0.11587613431481288,0.1449599405973802,14814.470000000001,3158.722370735977,14817.71,0.34039569822797344,0.9111111111111111,0.17777777777777778,0.15891538461538463
M02654,gold,Singapore,Merchant Explorer,True,Merchant-specific voucher,dining,Fine Dining,La Maison Rose,La Maison Rose voucher,0.17636538130177282,0.1470868612120487,0.10845086952601304,4670.530000000001,3977.8614438604855,6593.71,0.29069644491241897,1.0,0.30303030303030304,0.2948
M02655,gold,Hong Kong,Already Loyal,False,No incentive,retail,Premium Retail,Aerim Florist,—,0.13217420351761722,0.10641747401656965,0.0961777775721259,7474.82,612.7557261454065,7952.4,0.2596379245929052,1.0,0.2777777777777778,0.28544
M02656,gold,Hong Kong,Threshold Chaser,True,"Spend X, get Y back",dining,Fine Dining,Fiaschetteria Nuvoli,Spend & get-back at Fiaschetteria Nuvoli,0.24240203610368818,0.24240203610368818,0.16901908759493936,865.55,3837.299031846565,865.5500000000001,0.3813525604992288,1.0,0.6,0.26395
M02658,gold,Singapore,Already Loyal,False,No incentive,retail,Convenience,TNT Convenience & Tobacconist,—,0.12243817792817116,0.10658067612780306,0.07661829176233435,7472.98,925.3652193456646,7758.77,0.3251096530661264,1.0,0.21428571428571427,0.213275
M02660,platinum,Singapore,Threshold Chaser,True,"Spend X, get Y back",dining,Fine Dining,Bird Land,Spend & get-back at Bird Land,0.15677700271361603,0.1300496799958774,0.10286188990479993,6992.0599999999995,297.8693051540698,7205.43,0.3387152732728836,1.0,0.6,0.14055
M02661,gold,Singapore,Category Loyalist,True,Category-specific reward,lodging,Upscale Hotel,Felix by STX,Upscale Hotel reward (lodging),0.14042523204874222,0.10718089328915302,0.10524533213312007,5567.38,1121.959006958444,5574.23,0.519263382869629,1.0,0.0,0.14853333333333332
M02662,gold,Japan,Already Loyal,False,No incentive,dining,Fine Dining,Chin Chin,—,0.13472612138682452,0.12672113546792824,0.09514344645684825,12854.97,3275.0535344174054,13560.67,0.3123386135831732,0.9714285714285714,0.2857142857142857,0.39915
M02664,gold,Singapore,Already Loyal,False,No incentive,retail,Apparel,Forever 21,—,0.12133049827382225,0.11774067746257315,0.0805919196917556,9881.519999999999,181.39378361519556,10320.119999999999,0.3495027005915204,1.0,0.14285714285714285,0.1473
M02666,core,Japan,Low Responsiveness,False,No incentive,transport,Rail & Metro,Seoul Metro Line 4,—,0.10537897572048216,0.10537897572048216,0.16407287456757114,981.56,60.54245716141176,981.56,0.2775970311925143,1.0,0.0,0.04
M02667,core,United States,Immediate Value Seeker,True,Cashback / statement credit,retail,Premium Retail,Paris Baguette,Cashback at Paris Baguette,0.1525957816045834,0.11329053927031402,0.14139552506361092,4735.52,20.52130044257727,4904.76,0.3322375718218928,1.0,0.0,0.178
M02668,core,Singapore,Merchant Explorer,True,Merchant-specific voucher,dining,Fine Dining,Ichiran Dotonbori,Ichiran Dotonbori voucher,0.15647275201712163,0.11800698130710136,0.1551303686288411,7344.969999999999,770.9913040215552,7549.58,0.3832388592262072,0.8636363636363636,0.22727272727272727,0.20604615384615382
M02669,gold,Singapore,Points Optimiser,True,2x / 3x points,transport,Rail & Metro,Wynyard Station,3x points on transport,0.15498974368312343,0.1251629682286969,0.10955705390330837,7532.63,558.1610140263905,7604.56,0.2515365068090468,1.0,0.21052631578947367,0.1917
M02670,core,Singapore,Already Loyal,False,No incentive,retail,Convenience,City Convenience Store,—,0.13506258365139362,0.12287014290896092,0.12857592755620306,7620.49,147.4421169544047,8139.7699999999995,0.38269187500546903,1.0,0.6666666666666666,0.178
M02671,core,United States,Category Loyalist,True,Category-specific reward,dining,Fine Dining,L'As du Fallafel,Fine Dining reward (dining),0.18457753384101275,0.13201292197018646,0.17695707857291035,3072.6400000000003,234.18356549011958,3072.64,0.5239680809077848,1.0,0.14285714285714285,0.04
M02672,core,Singapore,Already Loyal,False,No incentive,dining,Fine Dining,Curry Bowl,—,0.145827479826759,0.1099037921240499,0.1478453358732659,8132.0,860.2605775817607,8132.0,0.5683649830157297,1.0,0.3333333333333333,0.0668
M02673,core,Hong Kong,Merchant Explorer,True,Merchant-specific voucher,retail,Premium Retail,Lane Crawford,Lane Crawford voucher,0.15877969063198655,0.1159359421281248,0.18414541516803878,1695.6299999999999,326.27053342675197,1854.3999999999999,0.31106371730858995,1.0,0.14285714285714285,0.4346857142857143
M02674,core,Singapore,Points Optimiser,True,2x / 3x points,retail,Premium Retail,23 UHERA,3x points on retail,0.23171562695572775,0.23171562695572775,0.19956836245540818,263.63,523.9506166116885,282.26,0.45993039228385124,1.0,0.2,0.38655
M02676,gold,Hong Kong,Points Optimiser,True,2x / 3x points,retail,Premium Retail,Wako,3x points on retail,0.15845504254071166,0.12210201349137564,0.11227496639436113,2300.87,1199.8261458814268,2366.24,0.27519156056201005,1.0,0.09090909090909091,0.31903333333333334
M02677,platinum,Singapore,Already Loyal,False,No incentive,lodging,Budget & Hostel,The Inn at the Roman Forum,—,0.14697602993924624,0.12558418117642162,0.11212143483089018,46225.48999999999,11022.671725660166,53086.09,0.7044309388226118,0.9534883720930233,0.16279069767441862,0.2744857142857143
M02679,gold,Singapore,Low Responsiveness,False,No incentive,transport,Ride-hail & Taxi,Grab,—,0.0880975287904384,0.0880975287904384,0.11548261576751,139.1,9.386363625638118,894.61,0.2865067735725486,1.0,0.25,0.4571
M02681,core,Singapore,Already Loyal,False,No incentive,dining,Fine Dining,Zuboraya,—,0.14768347840449422,0.11151429581725315,0.11390320134150916,26435.829999999998,4381.608091053189,28207.559999999998,0.3468718444825305,0.9272727272727272,0.16363636363636364,0.20510666666666666
M02682,gold,Hong Kong,Points Optimiser,True,2x / 3x points,lodging,Mid-scale Hotel,The Ritz-Carlton Jakarta Pacific Place,3x points on lodging,0.2352641305349338,0.2352641305349338,0.10686248366258516,124.23,591.7506375295081,328.84,0.310015592105928,1.0,0.2857142857142857,0.6288
M02684,core,Japan,Immediate Value Seeker,True,Cashback / statement credit,dining,Fine Dining,Din Tai Fung Suria KLCC,Cashback at Din Tai Fung Suria KLCC,0.1427928249180393,0.1427928249180393,0.1638570417055911,1163.56,2.114100049962744,2190.69,0.43154083983179375,1.0,0.25,0.21763333333333335
M02686,core,Singapore,Low Responsiveness,False,No incentive,retail,Premium Retail,EmQuartier,—,0.10325200191428915,0.10325200191428915,0.16886917999294468,1623.7,1271.5471822556256,1777.94,0.2612086288143339,0.9473684210526315,0.3157894736842105,0.2563166666666667
M02687,core,Australia,Category Loyalist,True,Category-specific reward,lodging,Upscale Hotel,Four Seasons Hong Kong,Upscale Hotel reward (lodging),0.17811117067688137,0.17811117067688137,0.14043984217636662,7221.65,3217.8000824757623,7381.12,0.6525158021323281,1.0,0.14285714285714285,0.22263333333333335
M02691,gold,Singapore,Merchant Explorer,True,Merchant-specific voucher,lodging,Upscale Hotel,Imperial Palace,Imperial Palace voucher,0.1480174440722324,0.10921109816517824,0.12331151022206945,4620.71,1421.4941718461737,4970.69,0.4380721569351031,1.0,0.2857142857142857,0.2633875
M02693,core,Singapore,Immediate Value Seeker,True,Cashback / statement credit,retail,Premium Retail,Place du Tertre,Cashback at Place du Tertre,0.1531324380184217,0.1112051500130459,0.1724461594733098,1332.73,1491.0638662237873,1648.1499999999999,0.295325398827793,1.0,0.125,0.4034
M02695,core,Japan,Category Loyalist,True,Category-specific reward,transport,Local Transit,TransJakarta,Local Transit reward (transport),0.4,0.4,0.4,9.39,48.05415743276635,9.39,1.0,1.0,0.0,0.8005
M02696,gold,Hong Kong,Points Optimiser,True,2x / 3x points,dining,Fine Dining,La Rotonda,3x points on dining,0.1246377602347083,0.1246377602347083,0.11552614988347482,1243.37,1638.6148967633474,1243.37,0.32315336622397356,1.0,0.0,0.0708
M02697,core,United States,Threshold Chaser,True,"Spend X, get Y back",retail,Premium Retail,Paragon,Spend & get-back at Paragon,0.13605382198332033,0.13605382198332033,0.16621473884288387,320.09,0.0,346.19,0.3121901439223904,1.0,0.5,0.0896
M02699,platinum,Singapore,Points Optimiser,True,2x / 3x points,lodging,Upscale Hotel,W Bali Seminyak,3x points on lodging,0.17691554130343254,0.17691554130343254,0.12144027124607383,298.76,463.9971709519652,664.63,0.4627870347543843,1.0,0.3333333333333333,0.6288
M02701,core,Australia,Immediate Value Seeker,True,Cashback / statement credit,retail,Premium Retail,Wako,Cashback at Wako,0.18740648993101516,0.1421398797255617,0.1860672295105817,1699.0900000000001,521.621182569549,1706.92,0.31737192874098735,1.0,0.3076923076923077,0.37855
M02705,platinum,Singapore,Already Loyal,False,No incentive,lodging,Upscale Hotel,Four Seasons Hong Kong,—,0.1395512729226573,0.1435003346843425,0.08370910028232217,23836.64,2489.3852477871696,27633.18,0.38572484147301894,1.0,0.13043478260869565,0.3526285714285714
M02706,platinum,Singapore,Points Optimiser,True,2x / 3x points,retail,Premium Retail,Kayu Aya shops,3x points on retail,0.3624101828108761,0.3624101828108761,0.1154947912807893,44.32,8.032761595849266,1180.98,0.3500922150936284,0.875,0.125,0.6860333333333334
M02707,core,Japan,Category Loyalist,True,Category-specific reward,transport,Rail & Metro,Vietnam Airlines,Rail & Metro reward (transport),0.4,0.4,0.3655179287319469,21.89,162.61943256645458,21.89,0.5153065046984162,1.0,0.0,0.316
M02708,platinum,Singapore,Already Loyal,False,No incentive,retail,Premium Retail,크로바원색,—,0.1441152120756467,0.1441152120756467,0.06761198219122524,13158.82,2096.634751573498,13314.1,0.4106601062254698,0.9629629629629629,0.18518518518518517,0.3290375
M02709,core,Japan,Immediate Value Seeker,True,Cashback / statement credit,dining,Fine Dining,프랑스에 다녀온 붕어빵,Cashback at 프랑스에 다녀온 붕어빵,0.12333470943944143,0.12333470943944143,0.16710884385942348,855.52,381.09493157827126,923.3900000000001,0.2835474665252387,1.0,0.23076923076923078,0.352825
M02712,core,Australia,Already Loyal,False,No incentive,lodging,Hotel,Imperial Hotel Tokyo,—,0.13212216402809523,0.12029137873688735,0.1556096235987974,6546.55,592.422487855677,7390.5599999999995,0.3558722164106066,1.0,0.21428571428571427,0.255525
M02713,core,Singapore,Immediate Value Seeker,True,Cashback / statement credit,dining,Fine Dining,Breizh Café,Cashback at Breizh Café,0.15852935798118148,0.1282365204426135,0.16074572711242763,4044.11,702.5966098800404,4393.44,0.38178811688504305,0.9090909090909091,0.18181818181818182,0.27103333333333335
M02715,platinum,Singapore,Category Loyalist,True,Category-specific reward,dining,Fine Dining,Breizh Café,Fine Dining reward (dining),0.13926362940020331,0.13926362940020331,0.13082051993947638,3380.06,330.96787153456546,3380.06,0.5974488467838074,1.0,0.25,0.04
M02716,core,Singapore,Fee-Sensitive Traveller,False,No incentive (FX-offset out of scope),dining,Fine Dining,Ginza Kagari,—,0.14537540885378386,0.11401203912959378,0.15554910328923147,4002.69,583.0352455743424,4717.099999999999,0.31517294146982006,0.9259259259259259,0.18518518518518517,0.396225
M02717,core,United States,Immediate Value Seeker,True,Cashback / statement credit,dining,Fine Dining,Din Tai Fung ION,Cashback at Din Tai Fung ION,0.17084270595682155,0.12364428530203195,0.17092351911366002,3063.92,1710.8911164022738,3063.92,0.33844561223179737,1.0,0.3,0.20583333333333334
M02718,platinum,Singapore,Points Optimiser,True,2x / 3x points,lodging,Upscale Hotel,Swissotel Nankai Osaka,3x points on lodging,0.17778697338245095,0.15278655153505447,0.1126465897546174,12109.74,2702.3959711381526,12530.119999999999,0.35896628991046475,1.0,0.17647058823529413,0.30616
M02719,gold,Australia,Threshold Chaser,True,"Spend X, get Y back",retail,Premium Retail,Pavilion nearby,Spend & get-back at Pavilion nearby,0.2717311422518256,0.2717311422518256,0.1463452513381179,61.47,5.791947466699028,1621.1000000000001,0.37193153002204327,1.0,0.5,0.4729
M02721,core,Singapore,Immediate Value Seeker,True,Cashback / statement credit,dining,Fine Dining,둘리와 피카츄,Cashback at 둘리와 피카츄,0.15981674970984946,0.11740669078671787,0.16190244005459517,3146.26,257.6784691379144,3149.54,0.31345990440663685,1.0,0.16666666666666666,0.31903333333333334
M02723,core,Australia,Category Loyalist,True,Category-specific reward,dining,Cafe & Coffee,Legend Cafe,Cafe & Coffee reward (dining),0.4,0.4,0.4,21.2,148.5860481797097,21.2,0.5000360448558206,1.0,0.0,0.8005
M02724,platinum,Australia,Threshold Chaser,True,"Spend X, get Y back",dining,Fine Dining,Myung-Hwa-Dang,Spend & get-back at Myung-Hwa-Dang,0.13339460787929652,0.13339460787929652,0.11664516381587728,2218.73,118.9059418732613,2218.73,0.3175654700249635,1.0,0.5,0.04
M02725,gold,Singapore,Fee-Sensitive Traveller,False,No incentive (FX-offset out of scope),lodging,Upscale Hotel,The Mandarin Oriental Hong Kong,—,0.11904557376473392,0.11904557376473392,0.10286322311265512,3340.93,0.0,4995.8,0.2904336493529299,0.9333333333333333,0.3333333333333333,0.549525
M02726,gold,Japan,Low Responsiveness,False,No incentive,lodging,Upscale Hotel,The Hoxton Paris,—,0.11160644892168232,0.11160644892168232,0.10538090691304998,2814.45,280.7588585841993,2814.45,0.5554835986142898,1.0,0.0,0.04
M02727,gold,Singapore,Threshold Chaser,True,"Spend X, get Y back",retail,Premium Retail,고래사어묵,Spend & get-back at 고래사어묵,0.17472247167286542,0.14559309611944518,0.1106974337726573,2377.32,708.3971995461742,2377.32,0.41314915492144116,1.0,0.5,0.04
M02728,core,Singapore,Category Loyalist,True,Category-specific reward,dining,Cafe & Coffee,MienThao Coffee,Cafe & Coffee reward (dining),0.3560574674668046,0.3560574674668046,0.22434505667917884,66.23,333.9432137272468,66.23,0.6790229209840231,1.0,0.0,0.316
M02729,core,Singapore,Already Loyal,False,No incentive,retail,Convenience,Neil Mart,—,0.14752521813318223,0.12845078459337667,0.1305071591427555,8260.68,1451.8876885718287,8293.18,0.31629050911143625,0.96,0.2,0.2591428571428572
M02731,gold,Japan,Category Loyalist,True,Category-specific reward,transport,Rail & Metro,Tokyo Metro,Rail & Metro reward (transport),0.12912031857958384,0.12912031857958384,0.12783928955316776,983.62,95.29937643370974,1239.2,0.6221526858422165,1.0,0.2857142857142857,0.28685
M02732,gold,Singapore,Fee-Sensitive Traveller,False,No incentive (FX-offset out of scope),lodging,Budget & Hostel,Inata Bisma,—,0.1490211063136813,0.1490211063136813,0.0982150369636351,46.16,125.17971577219647,121.75,0.34449046544868844,1.0,0.5,0.8005
M02733,core,Japan,Points Optimiser,True,2x / 3x points,retail,General Retail,Best lumpia,3x points on retail,0.30951057358534156,0.30951057358534156,0.2564456392951722,66.55000000000001,292.2274380174551,66.55,0.375868536279586,1.0,0.0,0.8005
M02735,core,Japan,Already Loyal,False,No incentive,dining,Cafe & Coffee,Met Cafe,—,0.1193468473333721,0.10882850517011605,0.14140571048813919,8234.07,731.8237899246951,8234.07,0.4307565513984814,0.9333333333333333,0.2,0.17862
M02737,platinum,Singapore,Category Loyalist,True,Category-specific reward,dining,Fine Dining,SP Chicken,Fine Dining reward (dining),0.2741660711002498,0.2741660711002498,0.26085427397432825,852.1199999999999,1696.4618383154748,852.1199999999999,0.586458506248264,1.0,0.0,0.4571
M02738,core,Singapore,Immediate Value Seeker,True,Cashback / statement credit,dining,Cafe & Coffee,Mido Cafe,Cashback at Mido Cafe,0.17374219649445452,0.12669647815103358,0.17372484868639476,2157.33,157.8547392203332,2157.33,0.2858603969462348,1.0,0.25,0.09000000000000001
M02739,platinum,Singapore,Threshold Chaser,True,"Spend X, get Y back",lodging,Upscale Hotel,Marriott Singapore Orchard,Spend & get-back at Marriott Singapore Orchard,0.12528399967019074,0.12528399967019074,0.115767161440941,766.11,482.6306638656112,766.11,0.2963159980342556,1.0,0.375,0.27335
M02740,core,Japan,Points Optimiser,True,2x / 3x points,lodging,Upscale Hotel,The Ritz-Carlton Kuala Lumpur,3x points on lodging,0.2393796778608223,0.2393796778608223,0.16608461605791155,188.93,395.1270487094397,1419.79,0.3133462233530249,1.0,0.09090909090909091,0.5768333333333333
M02743,gold,Singapore,Points Optimiser,True,2x / 3x points,transport,Premium Transport,Funiculaire de Montmartre,3x points on transport,0.13653441532329222,0.13653441532329222,0.1051326953779519,2019.23,3169.6911348968592,2019.23,0.2693354233521202,1.0,0.14285714285714285,0.055400000000000005
M02744,core,Australia,Immediate Value Seeker,True,Cashback / statement credit,retail,Premium Retail,MSY Ultimo,Cashback at MSY Ultimo,0.1471848912117984,0.12318243517308625,0.15379608492680477,4785.55,2921.2969842856996,4793.88,0.44472451317309636,0.8823529411764706,0.23529411764705882,0.22890000000000002
M02745,gold,Singapore,Merchant Explorer,True,Merchant-specific voucher,lodging,Hotel,Hotel Nikko Osaka,Hotel Nikko Osaka voucher,0.16637225028011407,0.15765831337135375,0.10287725551621815,11406.98,4897.649269964228,11406.98,0.33370638333657904,1.0,0.24,0.12147142857142856
M02746,core,United States,Category Loyalist,True,Category-specific reward,dining,Fine Dining,Armando al Pantheon,Fine Dining reward (dining),0.13022330619624856,0.13022330619624856,0.15137609586051712,1476.3500000000001,728.9264788331686,1542.73,0.5066708493687782,1.0,0.25,0.0937
M02748,core,Hong Kong,Fee-Sensitive Traveller,False,No incentive (FX-offset out of scope),dining,Fine Dining,Din Tai Fung Suria KLCC,—,0.12218838939269294,0.12218838939269294,0.1578965114267329,1244.94,782.7571871648065,2200.1600000000003,0.3864438740123413,1.0,0.21428571428571427,0.40735
M02749,core,Japan,Immediate Value Seeker,True,Cashback / statement credit,dining,Fine Dining,Mingles,Cashback at Mingles,0.15774744835397952,0.11305252565289806,0.1612827220019576,2920.18,103.96995493095366,3024.14,0.3047352456363209,1.0,0.16666666666666666,0.33835
M02750,core,Singapore,Low Responsiveness,False,No incentive,lodging,Upscale Hotel,JW Marriott KL,—,0.11182560653192505,0.11182560653192505,0.16208701427705136,1687.19,1025.4152623949908,2747.7,0.41699184538939693,1.0,0.3,0.3233333333333333
M02751,core,Australia,Immediate Value Seeker,True,Cashback / statement credit,dining,Fine Dining,Armando al Pantheon,Cashback at Armando al Pantheon,0.15263947150614726,0.15263947150614726,0.18170888454887982,1515.4699999999998,570.9490736530818,1532.55,0.32995499642468024,1.0,0.25,0.055400000000000005
M02753,core,Singapore,Immediate Value Seeker,True,Cashback / statement credit,dining,Fine Dining,Lucky Chan,Cashback at Lucky Chan,0.16144699984045846,0.1306823211938154,0.15214268310807158,3167.8999999999996,248.9852727566748,3719.76,0.39252900637242083,1.0,0.2631578947368421,0.44530000000000003
M02755,gold,Singapore,Already Loyal,False,No incentive,dining,Fine Dining,Ichiran Shibuya,—,0.1313949092808072,0.13048461185876273,0.08961332862911583,29103.149999999998,7960.328974373459,33463.22,0.32790662259735753,0.9777777777777777,0.2222222222222222,0.29288333333333333
M02757,core,Singapore,Points Optimiser,True,2x / 3x points,dining,Fine Dining,Bo.lan,3x points on dining,0.3623817554228737,0.3623817554228737,0.2876492161906847,80.07,630.4501233903443,485.45,0.353530505874199,1.0,0.14285714285714285,0.38655
M02758,gold,Singapore,Already Loyal,False,No incentive,retail,Premium Retail,JD Sports,—,0.14435167350170708,0.14435167350170708,0.08039065371201222,9538.01,315.44370762429537,9538.01,0.46636995689116034,1.0,0.25,0.09106666666666667
M02759,core,Japan,Immediate Value Seeker,True,Cashback / statement credit,retail,Premium Retail,Chinatown Complex,Cashback at Chinatown Complex,0.15276491772453893,0.10888233393819387,0.13505747789889316,7730.74,834.7864221069356,8167.49,0.2819028327376806,0.8947368421052632,0.2631578947368421,0.29852
M02760,core,Singapore,Merchant Explorer,True,Merchant-specific voucher,dining,Fine Dining,Dae Jang Geum,Dae Jang Geum voucher,0.1612403097114561,0.11962249147463022,0.14306927746655218,6752.02,691.5478008272812,6770.4400000000005,0.32528083122703366,0.9565217391304348,0.13043478260869565,0.34285714285714286
M02761,core,Singapore,Points Optimiser,True,2x / 3x points,retail,Premium Retail,Tattoo Studio,3x points on retail,0.15538184945832353,0.15538184945832353,0.15485967756923127,252.15,634.4452321771802,252.15,0.39905218531299075,1.0,0.0,0.4571
M02762,core,Hong Kong,Low Responsiveness,False,No incentive,lodging,Mid-scale Hotel,Marriott Singapore Orchard,—,0.10702061861403281,0.10702061861403281,0.16637314271904283,582.53,0.0,582.53,0.251702776655082,1.0,0.0,0.0896
M02763,gold,Singapore,Already Loyal,False,No incentive,retail,Premium Retail,Merci,—,0.14189372218557003,0.13019990429447986,0.0917902021264218,6627.51,702.1816684979248,6839.14,0.39787133975993383,1.0,0.29411764705882354,0.314
M02764,core,Japan,Merchant Explorer,True,Merchant-specific voucher,retail,Premium Retail,Central Catholic Bookshop,Central Catholic Bookshop voucher,0.14558132613744595,0.1156048278334387,0.1574387729177232,2885.78,1529.0652478638692,3365.6600000000003,0.345876716106807,1.0,0.2,0.23793333333333333
M02765,core,Hong Kong,Already Loyal,False,No incentive,dining,Fine Dining,L'As du Fallafel,—,0.1422206335544151,0.12280590951325172,0.12030684189961838,14818.08,5876.287267160042,14825.300000000001,0.3462903434205319,1.0,0.3333333333333333,0.20675714285714286
M02767,platinum,Singapore,Points Optimiser,True,2x / 3x points,retail,Premium Retail,Juno Hair,3x points on retail,0.15649590639028185,0.12853760940113812,0.10911630869293582,2755.0699999999997,124.01193395417049,2755.07,0.35184867414037846,1.0,0.125,0.09000000000000001
M02768,core,Japan,Immediate Value Seeker,True,Cashback / statement credit,retail,Premium Retail,Sneaker Street,Cashback at Sneaker Street,0.1581715322441994,0.12314931683899194,0.15416027899814236,2571.02,499.5434199556708,2571.02,0.4299796654996857,1.0,0.2857142857142857,0.3043666666666667
M02769,gold,Singapore,Category Loyalist,True,Category-specific reward,dining,Fine Dining,Malibu,Fine Dining reward (dining),0.1595133911017149,0.12045201580305885,0.1257977056329581,6539.97,89.27163332468709,6539.97,0.576875779658389,1.0,0.16666666666666666,0.06553333333333333
M02770,gold,Singapore,Points Optimiser,True,2x / 3x points,retail,Premium Retail,"Web Marketing Team srl - SEO, SEM, SOCIAL e WEB 2.0",3x points on retail,0.1855328900811647,0.1855328900811647,0.13314270707433765,349.26,425.2796021690107,644.8199999999999,0.3425490684336289,1.0,0.25,0.26395
M02772,core,Singapore,Immediate Value Seeker,True,Cashback / statement credit,dining,Fine Dining,Yung Kee,Cashback at Yung Kee,0.1565630201800489,0.12420352611230785,0.15218513905188297,5065.400000000001,118.87901661010295,5426.8,0.46415200954112085,1.0,0.09090909090909091,0.41883333333333334
M02774,core,Singapore,Points Optimiser,True,2x / 3x points,transport,Rail & Metro,Hanoi Metro,3x points on transport,0.4,0.4,0.4,10.65,39.646046144196,35.17,0.3434332401805794,1.0,0.0,0.316
M02775,platinum,Singapore,Threshold Chaser,True,"Spend X, get Y back",dining,Fine Dining,Din Tai Fung ION,Spend & get-back at Din Tai Fung ION,0.16284000170953866,0.13967985263883906,0.10315698455622968,5953.240000000001,2460.6437531601773,5953.24,0.30381172244151144,1.0,0.42105263157894735,0.20006666666666664
M02777,platinum,Japan,Merchant Explorer,True,Merchant-specific voucher,lodging,Hotel,Pensione Hotel,Pensione Hotel voucher,0.1649279535983973,0.13830222042407006,0.12174217069422687,10344.73,1846.7263888266382,11629.67,0.32326351297693134,1.0,0.35714285714285715,0.246225
M02779,core,Japan,Immediate Value Seeker,True,Cashback / statement credit,dining,Fine Dining,Seonju Fish Restaurant,Cashback at Seonju Fish Restaurant,0.15562487867788166,0.12444621753327373,0.16335683334690845,3955.61,729.633597372547,4146.95,0.374114018934165,1.0,0.2,0.3855
M02782,gold,United States,Already Loyal,False,No incentive,retail,Premium Retail,Mitsukoshi Ginza,—,0.13348875719416892,0.13235780512106327,0.09017490493249578,8231.69,2227.1790551491404,8282.69,0.3445074582803863,1.0,0.19230769230769232,0.3011625
M02784,core,Hong Kong,Immediate Value Seeker,True,Cashback / statement credit,retail,Premium Retail,People's Park Centre,Cashback at People's Park Centre,0.16835602715700873,0.1307617655615385,0.1578483765012861,3808.33,1434.8527007260377,3808.33,0.30963730334542455,1.0,0.125,0.24053333333333335
M02785,core,Japan,Points Optimiser,True,2x / 3x points,dining,Casual Dining,Smiths Bar,3x points on dining,0.4,0.4,0.321218846967088,27.869999999999997,234.05231431479285,34.839999999999996,0.3999426276723772,1.0,0.0,0.4571
M02787,core,Hong Kong,Fee-Sensitive Traveller,False,No incentive (FX-offset out of scope),dining,Fine Dining,Ichiran Dotonbori,—,0.14458178557385748,0.14458178557385748,0.16554747894319605,421.6,267.648126875054,686.5,0.31157624502089776,1.0,0.05555555555555555,0.43262
M02789,core,Australia,Immediate Value Seeker,True,Cashback / statement credit,lodging,Upscale Hotel,Gion Hatanaka,Cashback at Gion Hatanaka,0.1303125124694344,0.1303125124694344,0.16956199934355085,1900.5900000000001,1297.0149790296364,2287.87,0.39881921555128436,1.0,0.3,0.24316666666666667
M02790,core,Singapore,Category Loyalist,True,Category-specific reward,dining,Fast Food,McDonald's,Fast Food reward (dining),0.13227684872870726,0.13227684872870726,0.1662354900551563,2484.62,129.58051792136615,3174.35,0.6774619195481704,1.0,0.1,0.2965666666666667
M02792,gold,Australia,Already Loyal,False,No incentive,retail,Premium Retail,JB Hi-Fi,—,0.13519972581682954,0.13519972581682954,0.08202218032372904,7714.0599999999995,1333.5608155332561,8786.65,0.39317016903468416,1.0,0.21428571428571427,0.220975
M02793,core,Japan,Category Loyalist,True,Category-specific reward,retail,Premium Retail,Merci,Premium Retail reward (retail),0.15556242384294897,0.11989497985238856,0.17273771898420912,2274.74,880.1892875971835,2280.76,0.5870924951800708,1.0,0.2857142857142857,0.178
M02794,core,United States,Already Loyal,False,No incentive,lodging,Hotel,Hotel Ibis Sydney World Square,—,0.12317336172705995,0.12317336172705995,0.13622558554419872,10515.38,1280.1724809222858,10515.38,0.6727138540075979,1.0,0.0,0.24855
M02795,core,Hong Kong,Immediate Value Seeker,True,Cashback / statement credit,dining,Fine Dining,I Dolci di Patrizio Cosi,Cashback at I Dolci di Patrizio Cosi,0.20784365017493345,0.20784365017493345,0.2295613053891072,1119.33,1008.0258888685943,1464.23,0.42392707774522087,1.0,0.2,0.20583333333333334
M02796,gold,Singapore,Points Optimiser,True,2x / 3x points,retail,Premium Retail,IFC Mall,3x points on retail,0.1530813437298173,0.12890100824093495,0.10952989375442185,5240.12,2.273736754432321e-12,7315.400000000001,0.39987048451076174,0.8,0.3333333333333333,0.51425
M02797,core,Japan,Category Loyalist,True,Category-specific reward,dining,Fine Dining,Roscioli,Fine Dining reward (dining),0.1904124134289626,0.1904124134289626,0.21482188123770202,1926.8400000000001,763.605514417935,1925.8400000000001,0.640027031978548,1.0,0.0,0.0708
M02798,centurion,Singapore,Low Responsiveness,False,No incentive,transport,Rail & Metro,Airport Rail Link,—,0.1100577775487672,0.1100577775487672,0.1169487159458356,117.16,488.1585112723777,728.37,0.32450985072722505,1.0,0.2,0.38655
M02799,core,Japan,Immediate Value Seeker,True,Cashback / statement credit,lodging,Upscale Hotel,Pobi Guest House,Cashback at Pobi Guest House,0.1383885394423325,0.1383885394423325,0.1627819857513847,3239.67,2844.438266099694,3660.62,0.3933113967696855,1.0,0.3,0.18930000000000002
M02800,core,Singapore,Threshold Chaser,True,"Spend X, get Y back",dining,Fine Dining,청담 (수요미식회 짬뽕맛집),Spend & get-back at 청담 (수요미식회 짬뽕맛집),0.1528627708657355,0.11646157668175569,0.1579596484045633,4747.59,15.61113929370633,5290.820000000001,0.4687067668788647,1.0,0.36363636363636365,0.27103333333333335
M02802,gold,United States,Already Loyal,False,No incentive,dining,Fine Dining,L'As du Fallafel,—,0.1328091727898693,0.1014894350169303,0.09253141006739372,7186.51,565.908806610668,7186.51,0.3258176811619908,1.0,0.25,0.04
M02803,core,Australia,Low Responsiveness,False,No incentive,dining,Fine Dining,Mak's Noodle,—,0.11618097662640059,0.11618097662640059,0.1504657743907853,5475.38,858.7410689954794,5504.62,0.4836794957876179,1.0,0.14285714285714285,0.10540000000000001
M02804,gold,Australia,Merchant Explorer,True,Merchant-specific voucher,dining,Cafe & Coffee,The BnG Cafe,The BnG Cafe voucher,0.16352006856288445,0.13203816802257562,0.1064767362905332,4868.29,1321.5047771865693,5646.44,0.29420321995829124,1.0,0.2,0.2864333333333333
M02808,gold,Singapore,Low Responsiveness,False,No incentive,transport,Premium Transport,Transport NSW,—,0.11380404910722203,0.11380404910722203,0.11350992251171722,1783.42,34.30774188644967,1888.62,0.2808667650711486,1.0,0.36363636363636365,0.31806666666666666
M02809,core,United States,Low Responsiveness,False,No incentive,dining,Fine Dining,Chin Chin,—,0.11060563498308004,0.11060563498308004,0.14272828041265437,5030.46,89.86805118254989,5030.46,0.6032597293229421,1.0,0.0,0.04
M02811,core,United States,Threshold Chaser,True,"Spend X, get Y back",dining,Fine Dining,Mak's Noodle,Spend & get-back at Mak's Noodle,0.12241721206448306,0.12241721206448306,0.1627019430532319,3871.37,147.7006148873233,3983.3,0.37032420313889636,0.8571428571428571,0.42857142857142855,0.29855
M02813,centurion,Japan,Points Optimiser,True,2x / 3x points,dining,Fine Dining,Tosokchon nearby,3x points on dining,0.15291606956121373,0.13843618447918823,0.08796892683402821,12145.63,10402.606010435045,13290.6,0.26824181413963927,0.9473684210526315,0.15789473684210525,0.24855000000000002
M02814,gold,United States,Already Loyal,False,No incentive,retail,Premium Retail,People's Park Centre,—,0.14316285042393156,0.1382588937641561,0.08567984138903903,22242.09,3898.1592421565397,23203.63,0.4229978903229715,0.96875,0.3125,0.16176666666666667
M02817,gold,Hong Kong,Already Loyal,False,No incentive,dining,Fine Dining,Breizh Café,—,0.11827851648847415,0.11977320006201525,0.12115716226818343,10555.46,695.7700424662697,10701.41,0.40413226041417516,1.0,0.2,0.17903333333333335
M02818,platinum,Australia,Low Responsiveness,False,No incentive,dining,Fine Dining,Roscioli,—,0.11389905881741763,0.11389905881741763,0.11003223785690945,1164.5700000000002,636.5849485128226,1164.5700000000002,0.2979512179145303,1.0,0.5,0.0708
M02819,gold,Japan,Already Loyal,False,No incentive,dining,Cafe & Coffee,Ueshima Coffee House,—,0.1394956492484047,0.11447328973365782,0.09448976146796995,9321.81,835.6537976609161,9321.81,0.3244720034221598,1.0,0.2727272727272727,0.23536666666666664
M02820,core,Singapore,Immediate Value Seeker,True,Cashback / statement credit,lodging,Hotel,Punt Hill Apartment Hotel,Cashback at Punt Hill Apartment Hotel,0.17453514168534512,0.11935396016711165,0.17490968265301599,3457.7,160.54850657610234,3472.1,0.398004519921827,1.0,0.09090909090909091,0.15753333333333333
M02821,core,Hong Kong,Category Loyalist,True,Category-specific reward,dining,Fine Dining,Armando al Pantheon,Fine Dining reward (dining),0.1197123478027987,0.1197123478027987,0.15644154981597444,5853.37,1259.4684075094717,6564.7300000000005,0.6574388904019287,1.0,0.0,0.19456666666666667
M02822,gold,Hong Kong,Merchant Explorer,True,Merchant-specific voucher,transport,Rail & Metro,Korail,Korail voucher,0.1964307963797274,0.18848307629193134,0.12730275602742172,18098.77,5877.091014611066,18098.77,0.26420290113355305,0.9655172413793104,0.1724137931034483,0.19945
M02823,core,Hong Kong,Threshold Chaser,True,"Spend X, get Y back",retail,Premium Retail,Chinatown Complex,Spend & get-back at Chinatown Complex,0.15039110875443518,0.11541509269916789,0.15256242866657713,3194.82,124.6005258378784,3194.82,0.30848771914053436,1.0,0.375,0.1031
M02824,platinum,Singapore,Points Optimiser,True,2x / 3x points,dining,Fine Dining,L'As du Fallafel,3x points on dining,0.13486299244841135,0.13486299244841135,0.09971935897374927,1702.56,241.06576656957003,1702.56,0.4499795799135839,1.0,0.25,0.04
M02826,core,Singapore,Already Loyal,False,No incentive,lodging,Upscale Hotel,Base Backpackers Sydney,—,0.1414537413761643,0.1414537413761643,0.15829931808022463,7887.999999999999,2529.261070405094,7888.0,0.4450224742522341,1.0,0.25,0.04
M02827,core,Hong Kong,Merchant Explorer,True,Merchant-specific voucher,dining,Fine Dining,Mak's Noodle,Mak's Noodle voucher,0.15256292929367438,0.11678354733530398,0.14324969267096407,9089.23,1462.0037740471819,10491.3,0.600047772484508,1.0,0.4,0.15874000000000002
M02828,core,Singapore,Merchant Explorer,True,Merchant-specific voucher,lodging,Upscale Hotel,Marriott Singapore Orchard,Marriott Singapore Orchard voucher,0.20549042495591457,0.17084798544740648,0.22558477803502425,8225.86,3530.4852420011107,10978.93,0.520286471595187,0.9615384615384616,0.23076923076923078,0.29073125
M02829,core,Singapore,Points Optimiser,True,2x / 3x points,lodging,Upscale Hotel,The Mandarin Oriental Hong Kong,3x points on lodging,0.18658849109569384,0.18658849109569384,0.175064821326926,352.15000000000003,0.0,441.81,0.4286300932460189,1.0,0.16666666666666666,0.228
M02830,gold,United States,Threshold Chaser,True,"Spend X, get Y back",lodging,Upscale Hotel,Imperial Palace,Spend & get-back at Imperial Palace,0.12711565526664462,0.12711565526664462,0.10131861897285323,2301.0499999999997,8.823063548085145,2301.05,0.4147067249535558,1.0,0.5,0.04
M02831,core,Hong Kong,Category Loyalist,True,Category-specific reward,lodging,Upscale Hotel,Parkroyal Collection Pickering,Upscale Hotel reward (lodging),0.15549974345239856,0.11128933926824917,0.16061883213699063,5814.96,907.0693237653082,6498.29,0.5424800930722593,1.0,0.13333333333333333,0.160625
M02832,gold,Australia,Points Optimiser,True,2x / 3x points,dining,Fine Dining,La Maison Rose,3x points on dining,0.12396321172936306,0.12396321172936306,0.10915209931360015,2542.21,1948.3561705756226,2542.21,0.349212583402486,1.0,0.25,0.17903333333333335
M02836,core,Hong Kong,Threshold Chaser,True,"Spend X, get Y back",dining,Fine Dining,Reggae Mansion,Spend & get-back at Reggae Mansion,0.15961077096941745,0.15961077096941745,0.15672633117747212,279.99,615.0669114774979,279.99,0.2814135610688856,1.0,0.5,0.4729
M02837,core,Hong Kong,Immediate Value Seeker,True,Cashback / statement credit,retail,Apparel,Capitol Square Computer Centre,Cashback at Capitol Square Computer Centre,0.16386736619869158,0.13232989662915784,0.1639015106759436,2573.25,448.8311276477155,2629.58,0.3218689910794435,1.0,0.2727272727272727,0.132
M02838,core,Japan,Category Loyalist,True,Category-specific reward,transport,Rail & Metro,Airport Rail Link,Rail & Metro reward (transport),0.26247446618753734,0.26247446618753734,0.152686544272814,89.59,306.5427487768094,89.59,0.5797055956105476,1.0,0.0,0.4571
M02840,gold,Hong Kong,Merchant Explorer,True,Merchant-specific voucher,lodging,Upscale Hotel,Dusankyubekseuradena Condominium,Dusankyubekseuradena Condominium voucher,0.15716056698459213,0.13465282478924923,0.10947995982853204,28220.02,631.8567038859921,28396.55,0.4857862726641789,0.9629629629629629,0.1111111111111111,0.10840000000000001
M02841,gold,United States,Already Loyal,False,No incentive,dining,Fine Dining,Mak's Noodle,—,0.149990821490153,0.1265330675033688,0.1312472945196162,13349.990000000002,4513.016203640224,14112.19,0.3585083961616758,0.9761904761904762,0.16666666666666666,0.3001
M02842,centurion,Singapore,Threshold Chaser,True,"Spend X, get Y back",dining,Fine Dining,Din Tai Fung Pavilion,Spend & get-back at Din Tai Fung Pavilion,0.29656504907040343,0.29656504907040343,0.3318236016306762,101.42,760.9636070970794,6394.95,0.28358961916109154,0.7391304347826086,0.43478260869565216,0.5642428571428572
M02843,gold,Japan,Already Loyal,False,No incentive,dining,Fine Dining,Ichiran Dotonbori,—,0.144124276040123,0.12282346066823065,0.11538693029942926,11460.060000000001,610.7195557487194,11460.06,0.37501521441851815,1.0,0.125,0.1283
M02844,gold,Hong Kong,Points Optimiser,True,2x / 3x points,lodging,Mid-scale Hotel,Grand Hyatt Kuala Lumpur,3x points on lodging,0.2610353152352284,0.2610353152352284,0.22130491170272149,208.79,13.069097878001998,244.9,0.4675970175408468,1.0,0.0,0.4729
M02845,core,Hong Kong,Threshold Chaser,True,"Spend X, get Y back",lodging,Upscale Hotel,Swissotel Nankai Osaka,Spend & get-back at Swissotel Nankai Osaka,0.16247945779132256,0.118315520403283,0.15280643958783227,5882.22,447.6244103688255,6986.77,0.31713286567746146,1.0,0.375,0.182575
M02846,gold,Singapore,Points Optimiser,True,2x / 3x points,dining,Fine Dining,Between BREAD,3x points on dining,0.12997097353078685,0.12997097353078685,0.10534442561107064,2450.95,1046.0041647789867,2880.83,0.39695616413573004,1.0,0.2727272727272727,0.18930000000000002
M02847,platinum,Hong Kong,Already Loyal,False,No incentive,dining,Fine Dining,Chungmu Fish Restaurant,—,0.13418834966699206,0.13418834966699206,0.11182422525803397,5882.139999999999,2445.004248799295,7105.99,0.3984903895590133,1.0,0.125,0.3489285714285714
M02849,core,Hong Kong,Category Loyalist,True,Category-specific reward,dining,Fine Dining,걸크러시 Bar,Fine Dining reward (dining),0.12245956641691012,0.12245956641691012,0.14151405591381938,1726.14,735.1054930373922,1734.0900000000001,0.6551531213045017,1.0,0.0,0.178
M02850,core,Hong Kong,Category Loyalist,True,Category-specific reward,lodging,Hotel,Hotel Pitti Palace,Hotel reward (lodging),0.32469376205685324,0.32469376205685324,0.3292127880036884,110.52,1658.463248111025,107.52,1.0,1.0,0.0,0.0708
M02853,platinum,United States,Category Loyalist,True,Category-specific reward,retail,Premium Retail,Vincom Da Nang,Premium Retail reward (retail),0.1787233118897564,0.1787233118897564,0.17772768723279664,367.45000000000005,1701.573489744725,367.45,0.5192811260728796,1.0,0.3333333333333333,0.316
M02854,core,Australia,Immediate Value Seeker,True,Cashback / statement credit,dining,Fine Dining,Breizh Café,Cashback at Breizh Café,0.15617825993884246,0.11914715502574945,0.15515854077774688,5797.21,397.9245665209468,6290.96,0.4688432624273614,0.875,0.125,0.167375
M02857,gold,Australia,Points Optimiser,True,2x / 3x points,retail,Premium Retail,Get & Go,3x points on retail,0.12841303720896394,0.10537969727005023,0.08871798394822665,5620.49,33.827807089069324,5620.49,0.3116238287281068,1.0,0.25,0.04
M02858,core,Japan,Fee-Sensitive Traveller,False,No incentive (FX-offset out of scope),retail,Luxury,Gucci,—,0.1430407088737542,0.1430407088737542,0.17120550791592698,799.39,1790.9158152702653,849.26,0.3154895968868933,0.9333333333333333,0.06666666666666667,0.43994
M02859,gold,Singapore,Category Loyalist,True,Category-specific reward,transport,City Transport,BTS Skytrain,City Transport reward (transport),0.3795838108101436,0.3795838108101436,0.2433974829701525,15.05,71.94624993961119,15.05,1.0,1.0,0.0,0.4571
M02861,core,Australia,Threshold Chaser,True,"Spend X, get Y back",dining,Fine Dining,Jaisalmer Palace,Spend & get-back at Jaisalmer Palace,0.1577008904860748,0.12185232493004372,0.13676394680387435,5981.12,701.5652514134471,5985.9400000000005,0.2905313016595102,1.0,0.5263157894736842,0.15406
M02862,platinum,Singapore,Threshold Chaser,True,"Spend X, get Y back",retail,Premium Retail,Coles,Spend & get-back at Coles,0.1479489311992328,0.1192180251186243,0.09461658029083149,3799.96,1155.273616159237,3799.96,0.2626847958557925,1.0,0.36363636363636365,0.05026666666666666
M02863,core,Australia,Immediate Value Seeker,True,Cashback / statement credit,dining,Fine Dining,Roscioli,Cashback at Roscioli,0.11769628439328242,0.11769628439328242,0.16014494201712792,2929.46,988.4372892599055,2951.25,0.4372858543941047,1.0,0.1,0.3037666666666667
M02864,core,Japan,Threshold Chaser,True,"Spend X, get Y back",dining,Fine Dining,Lau Pa Sat nearby,Spend & get-back at Lau Pa Sat nearby,0.17153373875566505,0.11801064203092412,0.15663718632144988,6069.81,939.4690857163068,6728.51,0.3685759975511772,1.0,0.35714285714285715,0.2028
M02865,core,United States,Immediate Value Seeker,True,Cashback / statement credit,retail,Premium Retail,Nishiki Market stalls,Cashback at Nishiki Market stalls,0.19425800096178536,0.19425800096178536,0.22749078104262208,551.74,534.0082903273542,858.03,0.3016856964600675,1.0,0.125,0.34886666666666666
M02866,gold,Japan,Merchant Explorer,True,Merchant-specific voucher,retail,Premium Retail,Ricordi Mediastore,Ricordi Mediastore voucher,0.17059976448945025,0.13191269296823246,0.1237368036015851,1878.79,1106.4351794307597,2219.7799999999997,0.2729899023869694,1.0,0.19230769230769232,0.3391285714285714
M02867,gold,Japan,Low Responsiveness,False,No incentive,retail,Apparel,Capitol Square Computer Centre,—,0.09681301462297003,0.1029371508675393,0.056386324926871276,25856.77,359.38212596592,26684.57,0.6042862513311839,1.0,0.125,0.15871666666666664
M02868,core,Singapore,Immediate Value Seeker,True,Cashback / statement credit,retail,Premium Retail,Abbesses shops,Cashback at Abbesses shops,0.1523101132631574,0.11491352858681514,0.13467931093689392,5117.78,1819.5273318082138,5563.83,0.2615292816837225,1.0,0.2631578947368421,0.13874
M02869,core,Hong Kong,Low Responsiveness,False,No incentive,lodging,Upscale Hotel,The Mandarin Oriental Hong Kong,—,0.10140630334210197,0.10140630334210197,0.15645311072562593,1721.18,303.385874716475,1721.18,0.27849391661666445,1.0,0.2,0.16533333333333333
M02870,core,United States,Already Loyal,False,No incentive,retail,Premium Retail,Merci,—,0.13373563933314495,0.13373563933314495,0.1101479734603897,13089.640000000001,3403.1964676273387,13089.64,0.6776473532531252,1.0,0.21052631578947367,0.24433333333333332
M02871,gold,Australia,Points Optimiser,True,2x / 3x points,dining,Fine Dining,Maxwell Food Centre,3x points on dining,0.14132136921983574,0.11130795863183582,0.09145189838791487,4786.7,1823.205954420916,4786.7,0.26167354493855866,1.0,0.125,0.14853333333333332
M02872,core,Hong Kong,Immediate Value Seeker,True,Cashback / statement credit,dining,Fine Dining,Din Tai Fung ION,Cashback at Din Tai Fung ION,0.1620663978590427,0.12445934302760445,0.16127237385291252,3830.28,1.9420810074090937,4761.92,0.42812061189991973,1.0,0.07142857142857142,0.3699
M02873,gold,United States,Fee-Sensitive Traveller,False,No incentive (FX-offset out of scope),transport,Rail & Metro,Toei Subway,—,0.15045755949768402,0.12518615437053854,0.1034768207837405,2758.8,1085.4940840918575,2761.4900000000002,0.3065454043920007,1.0,0.125,0.4633333333333333
M02874,core,Japan,Points Optimiser,True,2x / 3x points,lodging,Budget & Hostel,Holiday Inn Resort Phuket,3x points on lodging,0.4,0.4,0.310444761978877,14.1,52.06681339485543,368.73,0.3013086294320807,1.0,0.09090909090909091,0.71465
M02875,core,Singapore,Immediate Value Seeker,True,Cashback / statement credit,dining,Fine Dining,Ichiran Dotonbori,Cashback at Ichiran Dotonbori,0.15769471928708662,0.12769792398815202,0.15361175825689183,4250.45,617.0398691382192,4263.0,0.3677288519905362,1.0,0.1111111111111111,0.4633333333333333
M02877,core,Australia,Points Optimiser,True,2x / 3x points,transport,Ride-hail & Taxi,Grab,3x points on transport,0.3027615122315825,0.3027615122315825,0.28885939410298983,63.97,204.93219100488994,63.97,0.36497501845540825,1.0,0.0,0.4571
M02878,gold,Singapore,Category Loyalist,True,Category-specific reward,dining,Casual Dining,Mi casa es tu casa,Casual Dining reward (dining),0.4,0.4,0.33561866931175277,36.36,278.79872272919033,36.36,0.5256789155263161,1.0,0.0,0.8005
M02879,gold,Australia,Points Optimiser,True,2x / 3x points,lodging,Hotel,Pensione Hotel,3x points on lodging,0.15965529089160496,0.1191896108662111,0.1097939810829219,4909.63,583.8060875851834,5128.03,0.3084566299718805,1.0,0.0,0.4325333333333334
M02881,core,Australia,Low Responsiveness,False,No incentive,dining,Fine Dining,Thongsmith,—,0.1064320629218102,0.1064320629218102,0.1467023762921225,81.7,6.926198118442983,547.95,0.2708881769636007,1.0,0.5,0.4571
M02882,core,Singapore,Fee-Sensitive Traveller,False,No incentive (FX-offset out of scope),dining,Fine Dining,La Spada Osteria,—,0.12745525793182633,0.12745525793182633,0.14249710864192677,1851.01,2026.686318727629,1853.01,0.4975511202952132,1.0,0.3333333333333333,0.43565
M02883,core,Singapore,Immediate Value Seeker,True,Cashback / statement credit,retail,Premium Retail,Shop&Go!,Cashback at Shop&Go!,0.24863282079710833,0.24863282079710833,0.2648601811181763,162.47,597.4991119580118,824.6899999999999,0.2997150171219758,1.0,0.06666666666666667,0.44112
M02884,platinum,United States,Already Loyal,False,No incentive,dining,Cafe & Coffee,Cafe Creamà,—,0.12888687567086962,0.12888687567086962,0.07468137821319508,20764.37,6212.373901318331,20764.37,0.3133113098319314,0.9545454545454546,0.22727272727272727,0.12291666666666667
M02885,core,Singapore,Points Optimiser,True,2x / 3x points,dining,Cafe & Coffee,Clear Cafe,3x points on dining,0.4000000000000001,0.4000000000000001,0.3765825353994088,32.86,313.6134181408006,32.86,0.3411598070569216,1.0,0.0,0.8005
M02886,platinum,Hong Kong,Points Optimiser,True,2x / 3x points,lodging,Hotel,Hotel Riviera Haeundae,3x points on lodging,0.12626312906019285,0.12626312906019285,0.11754863714844405,1875.41,1290.24669412706,1875.41,0.25859883415382023,1.0,0.2222222222222222,0.1843
M02888,core,Singapore,Category Loyalist,True,Category-specific reward,retail,Local Shops,Hang Ngang silk shops,Local Shops reward (retail),0.4,0.4,0.4,11.18,63.56105565784566,16.06,0.5415727758142335,1.0,0.0,0.316
M02889,core,Singapore,Threshold Chaser,True,"Spend X, get Y back",retail,Premium Retail,Kinko's,Spend & get-back at Kinko's,0.14618411410239035,0.11902131117025218,0.14448216754148704,4451.15,650.1586186546966,4766.8,0.3496982384625178,1.0,0.3684210526315789,0.26333333333333336
M02890,gold,Singapore,Fee-Sensitive Traveller,False,No incentive (FX-offset out of scope),lodging,Upscale Hotel,Mandarin Oriental Kuala Lumpur,—,0.1418584865787786,0.1418584865787786,0.13618453384006696,1762.63,3291.8402983809465,2946.92,0.34927507494384463,1.0,0.4,0.40818333333333334
M02891,platinum,Singapore,Points Optimiser,True,2x / 3x points,dining,Fine Dining,La Maison Rose,3x points on dining,0.21083744083093592,0.21083744083093592,0.1981905749426944,1281.1000000000001,1662.1796815499683,1340.97,0.3907486307107471,1.0,0.1111111111111111,0.3855
M02892,gold,United States,Already Loyal,False,No incentive,dining,Fine Dining,Namhae Fish Restaurant,—,0.1393850208106202,0.11626639327306029,0.10120249184654524,7012.43,564.5579880989935,7065.41,0.32556480639696717,1.0,0.2222222222222222,0.2935
M02893,gold,Hong Kong,Immediate Value Seeker,True,Cashback / statement credit,retail,Premium Retail,Aerim Florist,Cashback at Aerim Florist,0.13192188064511645,0.1021544310618681,0.10504106906606207,2794.38,112.51956689188496,2794.38,0.36865874023053835,1.0,0.25,0.04
M02894,gold,Singapore,Threshold Chaser,True,"Spend X, get Y back",dining,Fine Dining,Lau Pa Sat nearby,Spend & get-back at Lau Pa Sat nearby,0.12498283567019053,0.12498283567019053,0.10656777389473693,2550.6200000000003,1153.3946910231298,2550.62,0.39159335250917043,1.0,0.75,0.0802
M02896,core,Singapore,Immediate Value Seeker,True,Cashback / statement credit,dining,Cafe & Coffee,Culcom Cafe 24 Hour Coffee Shop,Cashback at Culcom Cafe 24 Hour Coffee Shop,0.14394492057584476,0.10502107289770135,0.14935763056872778,3399.5099999999998,97.84053269264277,3404.48,0.3127878229226439,1.0,0.1875,0.249275
M02897,gold,Hong Kong,Merchant Explorer,True,Merchant-specific voucher,dining,Fine Dining,I Fratellini,I Fratellini voucher,0.16640712633246615,0.13443701212829948,0.11191853203819743,2979.2400000000002,2130.4726725005617,5590.7,0.3448787795379794,1.0,0.3181818181818182,0.2437
M02898,gold,Singapore,Already Loyal,False,No incentive,lodging,Hotel,Royal Plaza Hotel,—,0.13602515803744009,0.10361691044032711,0.10870243713373019,64452.06,3941.253240655563,64452.06,0.7494405749937397,0.9565217391304348,0.21739130434782608,0.0777
M02900,core,Singapore,Immediate Value Seeker,True,Cashback / statement credit,dining,Fine Dining,Armando al Pantheon,Cashback at Armando al Pantheon,0.1369249701257331,0.1369249701257331,0.16905845836333777,2173.33,1482.7225384724325,2173.33,0.28019083829738833,1.0,0.23529411764705882,0.1941
M02903,core,Singapore,Threshold Chaser,True,"Spend X, get Y back",dining,Fine Dining,서브웨이,Spend & get-back at 서브웨이,0.12700428290796797,0.12700428290796797,0.16126444897344375,1168.73,494.6118352804623,1383.17,0.3019681495056749,1.0,0.5,0.25645
M02904,gold,Singapore,Already Loyal,False,No incentive,transport,Rail & Metro,Toei Subway,—,0.14637110667516268,0.11495429501613258,0.10332996970469462,7484.91,264.1668232288914,8825.0,0.2649779013406736,1.0,0.2631578947368421,0.22532000000000002
M02906,platinum,Singapore,Immediate Value Seeker,True,Cashback / statement credit,transport,Rail & Metro,Gion-Shijo Station,Cashback at Gion-Shijo Station,0.19156656962806856,0.19156656962806856,0.19846932450307533,1432.3200000000002,912.9151510899766,1431.3200000000002,0.3665265554852861,1.0,0.0,0.1166
M02907,platinum,Singapore,Already Loyal,False,No incentive,retail,Premium Retail,Via del Corso shops,—,0.12956264547682295,0.12956264547682295,0.06939732291823619,23769.48,4508.691229229623,23769.48,0.5988136168776695,1.0,0.125,0.0937
M02908,gold,Singapore,Points Optimiser,True,2x / 3x points,retail,Premium Retail,BHV Marais,3x points on retail,0.1708448548382502,0.14410167186081071,0.12007339277134615,4779.88,2651.8349857964754,4779.88,0.35725498489059165,1.0,0.2,0.04
M02911,gold,Singapore,Already Loyal,False,No incentive,retail,Premium Retail,Vintage Cellars,—,0.12484590421666787,0.12484590421666787,0.06696568939560563,13790.420000000002,1009.7834081398414,15938.17,0.3731510087812329,1.0,0.16666666666666666,0.3422909090909091
M02912,core,Australia,Merchant Explorer,True,Merchant-specific voucher,dining,Fine Dining,Malibu,Malibu voucher,0.17742361608229812,0.13073979179347844,0.16739465873095172,5527.34,2980.367001669121,6382.83,0.5474309068648352,1.0,0.2,0.28981428571428575
M02914,gold,Singapore,Already Loyal,False,No incentive,lodging,Upscale Hotel,Four Seasons Hong Kong,—,0.15092134531286808,0.12648639157163577,0.0902313879301521,9997.01,2578.414812724567,11319.52,0.27518194728876355,0.9565217391304348,0.391304347826087,0.2136
M02915,core,United States,Immediate Value Seeker,True,Cashback / statement credit,lodging,Hotel,Hotel Stellar,Cashback at Hotel Stellar,0.17697506719439104,0.1262003998373701,0.160561540245574,4007.9,111.88286199736466,4030.9100000000003,0.34694792956721704,1.0,0.125,0.0648
M02917,core,Singapore,Immediate Value Seeker,True,Cashback / statement credit,lodging,Hotel,Imperial Hotel Tokyo,Cashback at Imperial Hotel Tokyo,0.1750273773477505,0.1326041664205428,0.16537645853895575,2168.95,17.893971916599497,2168.95,0.2856422879410319,1.0,0.0,0.1166
M02918,gold,Singapore,Low Responsiveness,False,No incentive,lodging,Hotel,Hotel Nikko Osaka,—,0.11598572760200207,0.11785117646504657,0.1080954854813304,6406.75,1243.7090347851167,6416.6,0.4141146587177805,1.0,0.2,0.17932857142857145
M02919,platinum,Hong Kong,Already Loyal,False,No incentive,retail,Premium Retail,QVB,—,0.12752170102161503,0.11336523608152625,0.08038740397888974,8038.23,44.97866891754873,8696.58,0.2968617219518624,1.0,0.3,0.25722
M02920,core,United States,Merchant Explorer,True,Merchant-specific voucher,dining,Fine Dining,Mak's Noodle,Mak's Noodle voucher,0.20373560708082553,0.13237270451146332,0.17831570890353918,7792.95,2558.8157959614023,8764.21,0.3543063227494523,0.96,0.24,0.334
M02921,gold,Singapore,Category Loyalist,True,Category-specific reward,dining,Fine Dining,Maxwell Food Centre,Fine Dining reward (dining),0.16157138073833444,0.12969206265043612,0.10846407665892617,10002.88,4540.805429980794,10024.03,0.5235980235407237,1.0,0.05263157894736842,0.27978333333333333
M02922,core,Singapore,Low Responsiveness,False,No incentive,transport,Rail & Metro,Abbesses Metro,—,0.10722620271319938,0.10722620271319938,0.17130203562873825,1252.98,1362.0122083924034,1492.55,0.27961590380818296,0.9,0.3,0.29350000000000004
M02924,core,Singapore,Immediate Value Seeker,True,Cashback / statement credit,retail,Premium Retail,Merci,Cashback at Merci,0.1588563194183534,0.10912735442433458,0.18110174556248962,1702.9499999999998,116.02876658784886,2056.83,0.2761250994900244,0.9375,0.25,0.24855
M02925,centurion,Singapore,Points Optimiser,True,2x / 3x points,lodging,Budget & Hostel,Khách Sạn Moon View,3x points on lodging,0.24802622089647786,0.24802622089647786,0.1192609910061464,74.49000000000001,127.81502223982756,79.06,0.45587656609482186,1.0,0.3333333333333333,0.316
M02926,gold,Japan,Threshold Chaser,True,"Spend X, get Y back",dining,Fine Dining,La Maison Rose,Spend & get-back at La Maison Rose,0.1932716001163166,0.1932716001163166,0.13884063834495025,886.28,1616.280519238147,886.28,0.41180979312907756,1.0,0.5,0.24855
M02927,core,Singapore,Threshold Chaser,True,"Spend X, get Y back",dining,Fine Dining,Roscioli,Spend & get-back at Roscioli,0.13582870585512108,0.13582870585512108,0.1576157477798334,1245.23,1547.596409442293,1245.23,0.34621811188360585,0.8571428571428571,0.8571428571428571,0.0708
M02928,core,United States,Fee-Sensitive Traveller,False,No incentive (FX-offset out of scope),dining,Cafe & Coffee,Mido Cafe,—,0.12835922711380351,0.12835922711380351,0.15651753022992257,1926.1499999999999,764.8642617644244,2169.18,0.4606729403690247,1.0,0.06666666666666667,0.5388142857142857
M02929,core,Singapore,Merchant Explorer,True,Merchant-specific voucher,retail,Premium Retail,Tokyu Hands Shibuya,Tokyu Hands Shibuya voucher,0.16257317543866542,0.1493092920770025,0.13198152387590423,10332.62,4335.894281816635,12021.73,0.3303163392667739,1.0,0.1702127659574468,0.2779615384615385
M02930,core,Singapore,Immediate Value Seeker,True,Cashback / statement credit,dining,Fine Dining,L'As du Fallafel,Cashback at L'As du Fallafel,0.13362582539034754,0.13362582539034754,0.16850819651699597,1576.28,113.52929745128014,1576.28,0.3869231813747571,1.0,0.25,0.0783
M02932,core,Hong Kong,Threshold Chaser,True,"Spend X, get Y back",dining,Fine Dining,Gion Karyo,Spend & get-back at Gion Karyo,0.1332231856845992,0.1332231856845992,0.15092446363094555,589.73,334.87656831126543,653.75,0.3325789023906057,1.0,0.5,0.1166
M02935,gold,Hong Kong,Threshold Chaser,True,"Spend X, get Y back",dining,Fine Dining,Armando al Pantheon,Spend & get-back at Armando al Pantheon,0.16701504671888304,0.12744254996340093,0.12854927362416166,1962.04,1081.0092362780872,3184.5,0.4579734845446452,1.0,0.45454545454545453,0.3283333333333333
M02937,core,Singapore,Merchant Explorer,True,Merchant-specific voucher,transport,Premium Transport,Gangnam-gu Office,Gangnam-gu Office voucher,0.1634411028027991,0.12279237670566231,0.1602129379812215,6625.0,1465.7681371107215,6817.64,0.38731235148787124,1.0,0.16216216216216217,0.28830999999999996
M02938,gold,Japan,Points Optimiser,True,2x / 3x points,dining,Fast Food,Subway,3x points on dining,0.1421048076811998,0.10612571824226175,0.10376107175480312,6072.89,25.23214191384102,6072.889999999999,0.3966468003803412,1.0,0.25,0.04
M02939,platinum,Hong Kong,Merchant Explorer,True,Merchant-specific voucher,retail,Premium Retail,Central Catholic Bookshop,Central Catholic Bookshop voucher,0.15393151087918228,0.1299049564416585,0.09903287871676483,4140.12,1493.6810055952753,4211.97,0.2779562351896041,1.0,0.30434782608695654,0.2893428571428571
M02941,core,Singapore,Merchant Explorer,True,Merchant-specific voucher,retail,Premium Retail,Juno Hair,Juno Hair voucher,0.16980615835807863,0.1395624516488493,0.12849911269234726,18003.28,2037.005837477644,19589.1,0.29601275774482894,1.0,0.2926829268292683,0.19668181818181818
M02944,platinum,Hong Kong,Immediate Value Seeker,True,Cashback / statement credit,transport,Rail & Metro,Osaka Metro,Cashback at Osaka Metro,0.15519601982131567,0.1143325232490222,0.12816267920647334,7866.2699999999995,545.0572585506926,7866.27,0.40594232585105483,1.0,0.125,0.0783
M02945,core,United States,Points Optimiser,True,2x / 3x points,dining,Casual Dining,SP Chicken,3x points on dining,0.29913488119778486,0.29913488119778486,0.2121395058433627,97.78,256.16504771733406,97.78,0.38242585312112576,1.0,0.3333333333333333,0.4571
M02947,gold,Singapore,Points Optimiser,True,2x / 3x points,lodging,Upscale Hotel,Sebel Melbourne,3x points on lodging,0.12465659152052942,0.12465659152052942,0.10992039255653308,5473.01,474.83364373795155,6326.05,0.416282161874332,1.0,0.16666666666666666,0.16533333333333333
M02948,gold,Singapore,Immediate Value Seeker,True,Cashback / statement credit,retail,Premium Retail,Wako,Cashback at Wako,0.16581275704895085,0.13306466226872304,0.13822349662629893,1491.67,483.6013383335997,1885.4,0.46567800160842454,0.9230769230769231,0.3076923076923077,0.39274
M02949,core,Japan,Threshold Chaser,True,"Spend X, get Y back",dining,Fine Dining,Gion Duck Noodles,Spend & get-back at Gion Duck Noodles,0.11668609360072674,0.11668609360072674,0.15360507564198148,965.56,526.9006756448609,965.56,0.38014880931270983,1.0,0.5,0.1166
M02950,core,Australia,Immediate Value Seeker,True,Cashback / statement credit,lodging,Hotel,Hotel Eden,Cashback at Hotel Eden,0.12775630819940204,0.12775630819940204,0.1476772674284627,2500.75,841.3553117163677,3031.85,0.44123810976200883,1.0,0.2222222222222222,0.25148000000000004
M02952,core,Singapore,Merchant Explorer,True,Merchant-specific voucher,dining,Fine Dining,Kukuru Takoyaki,Kukuru Takoyaki voucher,0.16985344071361325,0.13357355939552246,0.15741897887516473,9376.43,4449.9173944192025,9580.85,0.41279168535560673,1.0,0.11428571428571428,0.20822727272727273
M02953,gold,United States,Points Optimiser,True,2x / 3x points,retail,General Retail,Delta Dewata,3x points on retail,0.3899381073020213,0.3899381073020213,0.3234094748690868,56.03999999999999,624.1651006918567,63.24999999999999,0.47196030558202745,1.0,0.0,0.8005
M02954,gold,Japan,Fee-Sensitive Traveller,False,No incentive (FX-offset out of scope),dining,Fine Dining,L'As du Fallafel,—,0.1424144558364019,0.11107377304201313,0.0989898547044783,4769.28,510.06673503654577,6486.63,0.2725266190329118,1.0,0.5,0.43779999999999997
M02956,platinum,United States,Category Loyalist,True,Category-specific reward,lodging,Upscale Hotel,Khách Sạn Saigon Sports 3,Upscale Hotel reward (lodging),0.2745925555505351,0.2745925555505351,0.1287073031734386,60.76,150.10867308562524,362.55999999999995,0.6108696988839394,1.0,0.0,0.39444999999999997
M02957,core,United States,Low Responsiveness,False,No incentive,lodging,Hotel,Adelphi Hotel,—,0.10604438233090875,0.10604438233090875,0.17063180796112548,1154.29,19.145979133014308,1154.29,0.3479291779041488,1.0,0.5,0.04
M02958,gold,Japan,Category Loyalist,True,Category-specific reward,dining,Fine Dining,Yung Kee,Fine Dining reward (dining),0.17108450541840664,0.13219417470184647,0.1335498764547683,3097.77,1005.9821002297658,3097.77,0.5002613867308107,1.0,0.14285714285714285,0.30645
M02959,gold,Singapore,Points Optimiser,True,2x / 3x points,lodging,Hotel,Hotel Pitti Palace,3x points on lodging,0.12176297695999988,0.12176297695999988,0.10281090026112485,4483.93,2139.7779030349334,6072.41,0.39789500472995276,0.9333333333333333,0.06666666666666667,0.17677500000000002
M02960,core,Singapore,Threshold Chaser,True,"Spend X, get Y back",lodging,Hotel,Terrass'' Hotel,Spend & get-back at Terrass'' Hotel,0.19831579884686001,0.19831579884686001,0.21687863548398695,449.20000000000005,613.3192288623882,448.20000000000005,0.35538263221959177,1.0,1.0,0.04
M02961,core,Hong Kong,Threshold Chaser,True,"Spend X, get Y back",retail,Premium Retail,Place du Tertre,Spend & get-back at Place du Tertre,0.20621745552198423,0.20621745552198423,0.22497844761294933,601.3199999999999,889.3784835978164,600.3199999999999,0.3420428109317178,1.0,0.6666666666666666,0.04
M02963,core,Hong Kong,Immediate Value Seeker,True,Cashback / statement credit,lodging,Hotel,Hotel Eden,Cashback at Hotel Eden,0.13286854644647006,0.12221084789865892,0.1713240019452003,3049.32,1490.5332325855384,3049.3199999999997,0.4558399150107055,1.0,0.25,0.0708
M02965,core,Hong Kong,Merchant Explorer,True,Merchant-specific voucher,lodging,Upscale Hotel,The Hoxton Paris,The Hoxton Paris voucher,0.19251929187102626,0.14643525200614976,0.16129280542468255,7594.86,1462.32593915152,7670.37,0.509097294254726,1.0,0.23809523809523808,0.34209999999999996
M02966,gold,Singapore,Low Responsiveness,False,No incentive,lodging,Upscale Hotel,Best Western,—,0.09980149193035115,0.09980149193035115,0.0961214426962769,1708.46,714.5749889952878,1708.46,0.30187122425570756,1.0,0.25,0.04
M02967,core,Australia,Immediate Value Seeker,True,Cashback / statement credit,dining,Fine Dining,Armando al Pantheon,Cashback at Armando al Pantheon,0.17406486168768334,0.13161982783790763,0.17648586994119922,1817.33,681.8222126790722,1843.96,0.3521846263170989,1.0,0.0,0.055400000000000005
M02968,gold,Australia,Points Optimiser,True,2x / 3x points,dining,Fine Dining,Jumbo Seafood,3x points on dining,0.1427258840652901,0.1427258840652901,0.13781743187441123,476.16,376.15736496156643,476.16,0.30020864669512237,1.0,0.0,0.2028
M02969,core,Hong Kong,Category Loyalist,True,Category-specific reward,dining,Street & Local,Madame Masur,Street & Local reward (dining),0.4,0.4,0.3254090889767589,27.64,144.91389171751717,27.64,0.5414686657688996,1.0,0.0,0.4571
M02970,core,Singapore,Merchant Explorer,True,Merchant-specific voucher,lodging,Upscale Hotel,Grand InterContinental Seoul Parnas,Grand InterContinental Seoul Parnas voucher,0.17696841267788216,0.12469133868013617,0.16162664454622352,9036.8,1940.3757426459183,10153.69,0.34888827526382266,1.0,0.2,0.3340571428571429
M02973,platinum,Japan,Merchant Explorer,True,Merchant-specific voucher,retail,Premium Retail,Terminal 21 Asok,Terminal 21 Asok voucher,0.20672949665594248,0.20672949665594248,0.14149547813046837,1304.52,5094.068955612479,5886.53,0.3445464633046835,1.0,0.5416666666666666,0.4863375
M02974,core,Japan,Threshold Chaser,True,"Spend X, get Y back",dining,Fine Dining,소호,Spend & get-back at 소호,0.11670482261589957,0.11670482261589957,0.15486182034424578,2010.41,92.44804802267328,2010.4099999999999,0.2936123442187133,1.0,0.375,0.04
M02975,gold,Australia,Points Optimiser,True,2x / 3x points,retail,Premium Retail,Chinatown Complex,3x points on retail,0.16700406473895196,0.13749949770332537,0.12293657659546348,2428.07,220.41417025022542,2451.87,0.419224600632719,0.8,0.1,0.16506666666666667
M02976,core,Singapore,Merchant Explorer,True,Merchant-specific voucher,transport,Rail & Metro,JR Yamanote Line,JR Yamanote Line voucher,0.12635652744911102,0.12635652744911102,0.15938880216386483,2316.7,1511.0964836572593,2415.08,0.2749726104914474,1.0,0.20833333333333334,0.3101625
M02977,core,United States,Threshold Chaser,True,"Spend X, get Y back",dining,Fine Dining,Din Tai Fung ION,Spend & get-back at Din Tai Fung ION,0.13252263418566315,0.13252263418566315,0.1492771010870056,4081.63,1350.6771547980848,4081.63,0.4222426041795195,1.0,0.36363636363636365,0.2263666666666667
M02978,core,Japan,Immediate Value Seeker,True,Cashback / statement credit,dining,Fine Dining,Yat Lok,Cashback at Yat Lok,0.12586271001364077,0.12586271001364077,0.1519008873923482,4869.73,594.4155286032554,6191.58,0.3482490626724939,1.0,0.125,0.30645
M02980,core,Australia,Low Responsiveness,False,No incentive,dining,Fine Dining,Breizh Café,—,0.09693742547841923,0.08304545639942582,0.09693742547841923,44378.46,14525.616082603732,44576.84,0.39733179573662675,0.8137254901960784,0.20588235294117646,0.17366785714285715
M02981,platinum,Australia,Low Responsiveness,False,No incentive,dining,Fine Dining,Churrasco,—,0.10885377599492738,0.09470127210805253,0.07756551549413589,16528.23,514.3296691263014,16773.05,0.4690741703546518,1.0,0.10526315789473684,0.21734
M02982,core,Hong Kong,Threshold Chaser,True,"Spend X, get Y back",retail,Premium Retail,BHV Marais,Spend & get-back at BHV Marais,0.1470177667921404,0.11424082816348205,0.1544510419010211,2409.9199999999996,197.31138082826845,2412.02,0.42194896911838675,1.0,0.4,0.24855
M02984,platinum,Singapore,Already Loyal,False,No incentive,lodging,Upscale Hotel,St. Regis Singapore,—,0.12739268993946232,0.12793735773213488,0.12547587763396456,6344.95,1751.4866785329898,7375.42,0.44588086237295893,1.0,0.2,0.2649
M02985,gold,Hong Kong,Points Optimiser,True,2x / 3x points,dining,Fine Dining,渋谷三丁目らあめん,3x points on dining,0.15216780500148597,0.1241185269914555,0.10455291954820208,4130.29,1157.8360948868,4130.29,0.37209885301631435,1.0,0.0,0.0937
M02986,gold,United States,Category Loyalist,True,Category-specific reward,dining,Fine Dining,본뽀스또,Fine Dining reward (dining),0.12398699546682404,0.12398699546682404,0.1222218190375164,1647.87,9.341672046415361,2530.7,0.5266650227973241,1.0,0.375,0.25645
M02987,core,Singapore,Low Responsiveness,False,No incentive,lodging,Hotel,Hotel Eden,—,0.1062472940681066,0.1062472940681066,0.16152972985805036,1165.11,481.22771633370667,1463.81,0.34030123519956723,1.0,0.14285714285714285,0.26395
M02988,gold,Hong Kong,Low Responsiveness,False,No incentive,lodging,Upscale Hotel,Best Western,—,0.11458339232425042,0.11458339232425042,0.12419527262311944,967.6800000000001,602.2492684235369,967.6800000000001,0.5266733325204196,1.0,0.2,0.178
M02989,core,Singapore,Already Loyal,False,No incentive,retail,Premium Retail,MLB,—,0.15164941189039857,0.12295150161575698,0.13599505523627653,6814.530000000001,2335.655720734264,7127.37,0.34836174333341113,1.0,0.32142857142857145,0.21344444444444444
M02992,gold,Singapore,Points Optimiser,True,2x / 3x points,transport,Premium Transport,Air France,3x points on transport,0.1551856321833214,0.11784006958280638,0.10590579288099812,2996.58,607.1712480551773,3013.74,0.2905056574592446,1.0,0.3333333333333333,0.2935
M02997,gold,Japan,Low Responsiveness,False,No incentive,dining,Fine Dining,The Wall,—,0.11444187073745282,0.11444187073745282,0.0774701417284346,19003.81,1857.424859110984,20369.34,0.3880046796248124,0.9285714285714286,0.21428571428571427,0.2275875
M03000,core,Singapore,Threshold Chaser,True,"Spend X, get Y back",dining,Fine Dining,Lau Pa Sat nearby,Spend & get-back at Lau Pa Sat nearby,0.1492105487781623,0.11665183103631263,0.15306829490282683,5705.14,1065.009727618518,6142.820000000001,0.38769956450516707,1.0,0.4444444444444444,0.3355666666666666
M03001,core,Singapore,Immediate Value Seeker,True,Cashback / statement credit,dining,Fine Dining,Kukuru Takoyaki,Cashback at Kukuru Takoyaki,0.1375546375676595,0.1375546375676595,0.1657057751735711,376.34000000000003,48.193485787535536,383.06,0.4142944033823987,1.0,0.25,0.1166
M03002,core,Hong Kong,Immediate Value Seeker,True,Cashback / statement credit,retail,Premium Retail,Trek,Cashback at Trek,0.16239643182942248,0.11954281135497521,0.18092436160116276,1172.56,141.11840205048748,1172.56,0.454532789067342,1.0,0.0,0.178
M03003,platinum,Hong Kong,Already Loyal,False,No incentive,dining,Fine Dining,Crocodile Senior Thai,—,0.13448787724940042,0.12057180414941915,0.09619196824004189,15446.7,3019.9632236068487,16825.920000000002,0.3221625985685001,1.0,0.12121212121212122,0.20356000000000002
M03004,core,Japan,Immediate Value Seeker,True,Cashback / statement credit,lodging,Budget & Hostel,JR-EAST Hotel Mets Shibuya,Cashback at JR-EAST Hotel Mets Shibuya,0.1531955430829666,0.1044641357967729,0.17686356303256087,2178.44,112.87578535742416,2254.74,0.28351406123325884,1.0,0.15384615384615385,0.337425
M03005,core,Singapore,Category Loyalist,True,Category-specific reward,dining,Fine Dining,Haeundae Market,Fine Dining reward (dining),0.21738841055859842,0.21738841055859842,0.22449960379908823,1132.32,1425.7491228179917,1132.32,0.5436069747044009,1.0,0.3333333333333333,0.27103333333333335
M03006,gold,Hong Kong,Fee-Sensitive Traveller,False,No incentive (FX-offset out of scope),lodging,Budget & Hostel,Red Inn Heritage,—,0.1177943457093623,0.1177943457093623,0.11777963145912303,626.6199999999999,1513.1752722344131,626.62,0.3355651392916044,1.0,0.2,0.4729
M03007,core,Singapore,Immediate Value Seeker,True,Cashback / statement credit,dining,Fine Dining,Trattoria Mario,Cashback at Trattoria Mario,0.12403567014506313,0.12403567014506313,0.16093236558917723,721.86,1267.7940435522564,721.86,0.3118797647739108,1.0,0.25,0.0708
M03008,gold,Japan,Category Loyalist,True,Category-specific reward,retail,Premium Retail,Campo de' Fiori market,Premium Retail reward (retail),0.16222651150508796,0.1205106046529806,0.15504031459109446,803.13,621.4881930899267,809.45,0.511573286919259,1.0,0.14285714285714285,0.49695
M03009,gold,Japan,Threshold Chaser,True,"Spend X, get Y back",lodging,Upscale Hotel,Sofitel Wentworth Sydney,Spend & get-back at Sofitel Wentworth Sydney,0.1354803243727643,0.10224388527223527,0.0961637379728363,5255.6,21.16468026825555,5255.599999999999,0.2619385935855917,1.0,0.375,0.09000000000000001
M03010,gold,Japan,Points Optimiser,True,2x / 3x points,retail,Premium Retail,IFC Mall,3x points on retail,0.16829579735397812,0.137485180220038,0.12161017531379263,2651.02,1885.9165389967839,2651.02,0.3409275441218171,1.0,0.0,0.10540000000000001
M03011,gold,Hong Kong,Low Responsiveness,False,No incentive,dining,Fine Dining,Hydeaway,—,0.10775893381822979,0.10775893381822979,0.09155517763974393,2616.3199999999997,340.9712013386257,2616.3199999999997,0.38856062674585323,1.0,0.14285714285714285,0.42025
M03012,core,Hong Kong,Low Responsiveness,False,No incentive,transport,Rail & Metro,Osaka Metro,—,0.11445800221361375,0.11445800221361375,0.16553843264744336,864.22,556.6311633899496,864.22,0.3223489495210435,1.0,0.14285714285714285,0.1166
M03013,core,Singapore,Already Loyal,False,No incentive,dining,Fine Dining,Breizh Café,—,0.13838474036560797,0.13838474036560797,0.1583507274404212,7293.15,3207.3524969342,7325.31,0.5595060247442852,1.0,0.1,0.3421
M03015,gold,Singapore,Points Optimiser,True,2x / 3x points,lodging,Hotel,Hotel Eden,3x points on lodging,0.15234258402254888,0.12676764642489108,0.09256010009226812,6280.9,4175.006836602847,6280.9,0.28461163446155585,1.0,0.11764705882352941,0.12958
M03016,gold,Japan,Points Optimiser,True,2x / 3x points,retail,Premium Retail,Jumjim 2,3x points on retail,0.27159899953723027,0.27159899953723027,0.2583730606732219,96.66,208.07335540242696,273.21,0.3340033536733342,1.0,0.0,0.5245333333333333
M03017,core,Australia,Merchant Explorer,True,Merchant-specific voucher,dining,Fine Dining,Zuboraya,Zuboraya voucher,0.14331350937140208,0.11105166372250093,0.13648676964829654,4225.97,444.6581363184636,4544.5,0.2678515709511452,1.0,0.23809523809523808,0.22386666666666666
M03018,gold,Japan,Low Responsiveness,False,No incentive,retail,Premium Retail,IFC Mall,—,0.1146327504589357,0.1216412991361189,0.0750297823093371,31437.749999999996,10058.040532059505,33528.26,0.6169716432047586,0.95,0.2,0.23341818181818183
M03019,core,Hong Kong,Threshold Chaser,True,"Spend X, get Y back",dining,Fine Dining,Breizh Café,Spend & get-back at Breizh Café,0.12355451008511058,0.12355451008511058,0.15520423200657998,1636.38,161.03488633300012,1636.38,0.3316029125092068,1.0,0.5,0.04
M03020,core,United States,Low Responsiveness,False,No incentive,lodging,Budget & Hostel,The Inn at the Roman Forum,—,0.11654683293208105,0.11654683293208105,0.15012108053382825,2157.99,714.8023222936761,2157.99,0.3033617704503786,1.0,0.25,0.055400000000000005
M03022,core,Australia,Fee-Sensitive Traveller,False,No incentive (FX-offset out of scope),dining,Fine Dining,Jungsik Seoul,—,0.14234866604646038,0.14234866604646038,0.1665354762274954,1824.08,2123.831440895048,2606.88,0.38966237032614043,1.0,0.34782608695652173,0.3757428571428571
M03023,core,Hong Kong,Fee-Sensitive Traveller,False,No incentive (FX-offset out of scope),transport,Premium Transport,MTR,—,0.13154531591325758,0.12380754037498783,0.16656930203437367,3351.93,535.820180881281,3451.7999999999997,0.427718330479148,1.0,0.14285714285714285,0.47025
M03024,core,United States,Threshold Chaser,True,"Spend X, get Y back",lodging,Upscale Hotel,JW Marriott Bangkok,Spend & get-back at JW Marriott Bangkok,0.215526987581749,0.17198620273255977,0.2404482056541526,1493.28,2335.9832603207815,2781.97,0.3255418446989413,1.0,0.42857142857142855,0.24855
M03025,gold,Australia,Merchant Explorer,True,Merchant-specific voucher,dining,Fine Dining,Jumbo Seafood,Jumbo Seafood voucher,0.16799257213219454,0.1388120339933371,0.11195014328058066,6737.08,1027.295988216529,6812.11,0.3004503381042938,0.96,0.12,0.43047142857142856
M03026,centurion,Australia,Merchant Explorer,True,Merchant-specific voucher,lodging,Upscale Hotel,The Mandarin Oriental Hong Kong,The Mandarin Oriental Hong Kong voucher,0.18222003059128133,0.1669362126026116,0.11102072181246492,21853.36,5537.783992628249,22194.98,0.2735229518464478,1.0,0.2727272727272727,0.29893333333333333
M03027,gold,Australia,Already Loyal,False,No incentive,retail,Premium Retail,BOTANIST,—,0.13581676045171331,0.12416914067388014,0.09750675199423756,7353.28,21.801415502789318,7470.53,0.3992191001700759,0.9333333333333333,0.2,0.249275
M03034,core,Japan,Immediate Value Seeker,True,Cashback / statement credit,dining,Fast Food,KFC,Cashback at KFC,0.12907985619273646,0.11795822019229593,0.15911780558961539,5545.67,74.09772329565016,5545.67,0.420180936772461,1.0,0.25,0.04
M03035,core,Hong Kong,Fee-Sensitive Traveller,False,No incentive (FX-offset out of scope),lodging,Mid-scale Hotel,Imperial Palace,—,0.15100003029507564,0.15100003029507564,0.15637594983451056,374.51,104.24012234236791,501.13,0.3848442961506719,1.0,0.18181818181818182,0.3855
M03036,core,Australia,Low Responsiveness,False,No incentive,lodging,Upscale Hotel,Imperial Palace,—,0.11572846324731208,0.11572846324731208,0.1521364397087702,1402.11,210.1457074628931,2216.34,0.33038425501224006,1.0,0.1875,0.48597999999999997
M03037,core,Australia,Threshold Chaser,True,"Spend X, get Y back",lodging,Hotel,Hotel The Designers,Spend & get-back at Hotel The Designers,0.13486902691300756,0.12844370850122785,0.16096125749932894,4155.459999999999,401.4673860032281,4155.46,0.40666653123284235,1.0,0.375,0.09000000000000001
M03039,core,Hong Kong,Category Loyalist,True,Category-specific reward,dining,Fine Dining,La Maison Rose,Fine Dining reward (dining),0.21353609571570217,0.21353609571570217,0.2148612348429631,1402.06,1796.8093121074703,1401.06,0.7055660197344126,1.0,0.3333333333333333,0.04
M03040,gold,Singapore,Category Loyalist,True,Category-specific reward,retail,Premium Retail,Bánh Mì Biết Nói Bread Talk,Premium Retail reward (retail),0.16221572932276593,0.12803417830340286,0.15285674597543136,910.7,403.6033614797426,2135.0,0.6781011668796516,1.0,0.125,0.19340000000000002
M03043,platinum,Hong Kong,Category Loyalist,True,Category-specific reward,retail,Convenience,FamilyMart,Convenience reward (retail),0.4,0.4,0.1983542319732933,24.85,7.858548179966277,1764.99,0.6442877956471066,1.0,0.2857142857142857,0.4571
M03044,core,United States,Category Loyalist,True,Category-specific reward,dining,Casual Dining,Nhà Hàng Âu Lạc Brazil II,Casual Dining reward (dining),0.4,0.4,0.219120140468057,20.0,65.91421418758424,30.689999999999998,0.5460124744645288,1.0,0.0,0.316
M03045,gold,Singapore,Already Loyal,False,No incentive,retail,Premium Retail,A-LAND,—,0.13010789444892315,0.11699313344480163,0.08394793021398488,8376.19,789.8690873905141,9276.84,0.35056182977297823,1.0,0.05263157894736842,0.24531999999999998
M03046,core,Japan,Immediate Value Seeker,True,Cashback / statement credit,dining,Fine Dining,Gion Karyo,Cashback at Gion Karyo,0.11907115769615881,0.11907115769615881,0.15604781372362608,606.99,407.2759191945718,1009.41,0.3706671861810048,1.0,0.25,0.28685
M03047,gold,Singapore,Points Optimiser,True,2x / 3x points,dining,Cafe & Coffee,The Coffee Bean & Tea Leaf,3x points on dining,0.11750177015886545,0.11750177015886545,0.11105236425096032,3498.27,198.98133334575192,4207.62,0.35536957449854734,0.9,0.2,0.27103333333333335
M03048,gold,Australia,Already Loyal,False,No incentive,retail,Premium Retail,Chinatown Complex,—,0.14405047830488651,0.14104232156987462,0.0846201080845345,10096.69,523.87227371793,10602.06,0.39805949315067524,1.0,0.1875,0.27254
M03050,gold,Singapore,Threshold Chaser,True,"Spend X, get Y back",retail,Premium Retail,Via del Corso shops,Spend & get-back at Via del Corso shops,0.18475046997084899,0.14617391335581148,0.1377902135242642,1366.3899999999999,1083.4250634834389,1366.3899999999999,0.35902350930238053,1.0,0.375,0.3037666666666667
M03051,core,Hong Kong,Low Responsiveness,False,No incentive,retail,Premium Retail,Times Square,—,0.1069471568680626,0.1069471568680626,0.3539161690583648,110.76,352.4262673714878,415.56,0.5266678439430941,1.0,0.16666666666666666,0.4571
M03052,core,Singapore,Immediate Value Seeker,True,Cashback / statement credit,dining,Fine Dining,Korean Beef Village,Cashback at Korean Beef Village,0.12329951481332425,0.12329951481332425,0.15018711939020316,1511.72,87.32431715441305,1511.72,0.3077688151236608,1.0,0.25,0.04
M03053,core,Singapore,Points Optimiser,True,2x / 3x points,retail,Local Shops,Jaens Spa Ubud,3x points on retail,0.4,0.4,0.38009182052771884,23.91,197.82318903166671,31.87,0.34413189604103345,1.0,0.0,0.8005
M03054,platinum,United States,Threshold Chaser,True,"Spend X, get Y back",transport,Premium Transport,Keihan,Spend & get-back at Keihan,0.14699616876415778,0.12001621390737997,0.10205011612624337,3508.17,8.756112923243151,3977.28,0.31173494500779886,1.0,0.4166666666666667,0.3445666666666667
M03055,core,Singapore,Points Optimiser,True,2x / 3x points,transport,Rail & Metro,MRT Blue Line,3x points on transport,0.4,0.4,0.4,8.98,62.51814961515256,472.5,0.31082527185689096,1.0,0.15384615384615385,0.593525
M03056,core,United States,Low Responsiveness,False,No incentive,dining,Fine Dining,Kukuru Takoyaki,—,0.11349674646761296,0.11349674646761296,0.15551404261672105,4341.64,1029.2646668949276,4372.45,0.36727947097136526,1.0,0.2631578947368421,0.21358000000000002
M03057,core,Singapore,Category Loyalist,True,Category-specific reward,retail,Convenience,Kun's Mart,Convenience reward (retail),0.3039210885561009,0.3039210885561009,0.3015390542437094,45.17,147.94182246926093,45.17,0.62153748839219,1.0,0.0,0.316
M03059,gold,Australia,Low Responsiveness,False,No incentive,lodging,Upscale Hotel,The Mandarin Oriental Hong Kong,—,0.10709430476730658,0.10709430476730658,0.10919982234120165,1204.28,1.1368683772161605e-12,1204.28,0.3330331733392891,1.0,0.0,0.14
M03061,platinum,Japan,Merchant Explorer,True,Merchant-specific voucher,lodging,Upscale Hotel,Imperial Palace,Imperial Palace voucher,0.1641375754341143,0.1278927617572729,0.12616066712053478,7477.370000000001,1002.8037723965181,8080.099999999999,0.36746593016588736,0.972972972972973,0.2972972972972973,0.2598833333333333
M03063,core,Singapore,Immediate Value Seeker,True,Cashback / statement credit,dining,Fine Dining,Gindaco,Cashback at Gindaco,0.16036107378220926,0.12214381176706327,0.16934386268155618,3440.18,447.4867822620212,3472.73,0.48561058535662477,1.0,0.3333333333333333,0.2301
M03065,gold,Singapore,Threshold Chaser,True,"Spend X, get Y back",dining,Cafe & Coffee,Ueshima Coffee House,Spend & get-back at Ueshima Coffee House,0.15345267887710856,0.12289381856045006,0.10525160304086567,3055.05,174.07363046916782,3055.0499999999997,0.29928866178603425,1.0,0.4,0.20983333333333332
M03066,core,Singapore,Immediate Value Seeker,True,Cashback / statement credit,dining,Fine Dining,프랑스에 다녀온 붕어빵,Cashback at 프랑스에 다녀온 붕어빵,0.1557204427932211,0.10949602657668592,0.15954295303606833,3079.73,115.8551339612186,3079.73,0.2732101540638407,1.0,0.125,0.04
M03067,core,Singapore,Threshold Chaser,True,"Spend X, get Y back",transport,Premium Transport,BMTA,Spend & get-back at BMTA,0.2609343709095989,0.2609343709095989,0.24695264062157612,83.83,262.87634335261737,432.17999999999995,0.31551789177539546,1.0,0.5,0.41533333333333333
M03068,gold,Australia,Threshold Chaser,True,"Spend X, get Y back",dining,Fine Dining,La Maison Rose,Spend & get-back at La Maison Rose,0.1684280366843259,0.12673502397433314,0.12002471618047837,2891.09,1433.4454557543195,2891.09,0.37098818962137414,1.0,0.5,0.249275
M03069,core,Australia,Merchant Explorer,True,Merchant-specific voucher,lodging,Upscale Hotel,The Plaza Seoul,The Plaza Seoul voucher,0.11883984753494597,0.11883984753494597,0.14954462452590384,2263.64,1123.0033616108103,2272.26,0.3049822859023471,1.0,0.19047619047619047,0.20846666666666666
M03072,gold,Hong Kong,Already Loyal,False,No incentive,retail,Premium Retail,JB Hi-Fi,—,0.1297488268658114,0.1297488268658114,0.07368589945303805,12151.24,159.31002529529053,12417.59,0.4275162548194295,1.0,0.1,0.15753333333333333
M03073,gold,Singapore,Category Loyalist,True,Category-specific reward,lodging,Upscale Hotel,La Siesta Classic Ma May,Upscale Hotel reward (lodging),0.20969406699843865,0.20969406699843865,0.20091873086082587,278.13,957.8235892106632,278.13,0.5472108205324394,1.0,0.6666666666666666,0.316
M03074,gold,Singapore,Points Optimiser,True,2x / 3x points,dining,Fine Dining,Jalan Alor stalls,3x points on dining,0.141696892501958,0.141696892501958,0.12097951043306153,338.21000000000004,3.62245718189287,1781.36,0.3183736055068039,1.0,0.3333333333333333,0.30183333333333334
M03075,core,Singapore,Threshold Chaser,True,"Spend X, get Y back",lodging,Upscale Hotel,Parkroyal Collection Pickering,Spend & get-back at Parkroyal Collection Pickering,0.1349646211378051,0.11811967492636287,0.15149552714926479,3425.9300000000003,203.3482238690973,4090.39,0.4543966206136496,1.0,0.42857142857142855,0.27335
M03076,core,Singapore,Merchant Explorer,True,Merchant-specific voucher,lodging,Hotel,Hotel Sophia,Hotel Sophia voucher,0.18577074703689703,0.12696490536983052,0.1634304182237042,10169.279999999999,1615.653474246783,10225.14,0.30913305924084516,0.9375,0.3125,0.21951
M03078,core,Singapore,Category Loyalist,True,Category-specific reward,retail,Premium Retail,Hang Ngang silk shops,Premium Retail reward (retail),0.2592462939591271,0.2592462939591271,0.2748372136588278,90.61,574.6255930716314,93.24,0.7385354880528626,1.0,0.0,0.316
M03079,core,Singapore,Low Responsiveness,False,No incentive,lodging,Hotel,Dulloseu Hotel,—,0.09560368047787045,0.09560368047787045,0.1656932996272915,1096.3999999999999,316.11349512253577,1096.4,0.3312967844017654,1.0,0.375,0.25645
M03080,core,Hong Kong,Low Responsiveness,False,No incentive,lodging,Upscale Hotel,Parkroyal Collection Pickering,—,0.11489912568649249,0.10432370994292178,0.16045000716764923,3576.63,219.07183282527285,3576.63,0.6831840612572818,1.0,0.0,0.0896
M03081,platinum,Australia,Category Loyalist,True,Category-specific reward,dining,Casual Dining,Bun Cha Huong Lien,Casual Dining reward (dining),0.4,0.4,0.4,28.7,317.1843094306493,41.06,0.5636524691866225,1.0,0.0,0.55825
M03082,gold,Singapore,Merchant Explorer,True,Merchant-specific voucher,dining,Cafe & Coffee,The BnG Cafe,The BnG Cafe voucher,0.15491802006760674,0.13060371279685173,0.12465683113667013,12660.81,2190.228789486923,12660.81,0.31087199033610036,1.0,0.25,0.2749
M03083,gold,Japan,Points Optimiser,True,2x / 3x points,retail,Premium Retail,BHV Marais,3x points on retail,0.15499156670646083,0.12761180609052566,0.10121583151033298,3764.0,1176.9674787666092,3936.07,0.2741103890892527,1.0,0.2631578947368421,0.3933333333333333
M03084,core,Japan,Threshold Chaser,True,"Spend X, get Y back",dining,Fine Dining,Jumbo Seafood,Spend & get-back at Jumbo Seafood,0.181931397403134,0.13336007672530584,0.17708681388104983,3682.9,899.4234083542652,3682.9,0.4892770015255683,1.0,0.375,0.0802
M03085,gold,United States,Threshold Chaser,True,"Spend X, get Y back",retail,Premium Retail,Merci,Spend & get-back at Merci,0.1449563473647263,0.11402309171743134,0.10035769819156948,5073.0199999999995,840.7850475498742,5162.0599999999995,0.27582898083884266,1.0,0.5,0.21358000000000002
M03086,platinum,Australia,Already Loyal,False,No incentive,dining,Cafe & Coffee,Starbucks,—,0.14612697903035782,0.12045617453021662,0.1003806052683256,14609.58,3278.9338558864806,14993.93,0.257196592782502,1.0,0.2631578947368421,0.1449
M03087,gold,Japan,Category Loyalist,True,Category-specific reward,lodging,Budget & Hostel,La Siesta Classic Ma May,Budget & Hostel reward (lodging),0.4,0.4,0.4,8.16,57.45439434028563,8.16,1.0,1.0,0.0,0.316
M03088,gold,Hong Kong,Immediate Value Seeker,True,Cashback / statement credit,dining,Fine Dining,L'As du Fallafel,Cashback at L'As du Fallafel,0.12011492562664638,0.12011492562664638,0.12266167625284109,724.38,70.45534869522149,724.38,0.3370691241345553,1.0,0.25,0.04
M03089,core,Singapore,Category Loyalist,True,Category-specific reward,transport,Rail & Metro,Tugu Station,Rail & Metro reward (transport),0.3443789545540707,0.3443789545540707,0.2469777455136213,17.08,70.35700635010495,24.65,0.5744212895342091,1.0,0.0,0.8005
M03090,gold,Australia,Points Optimiser,True,2x / 3x points,retail,Premium Retail,Lane Crawford,3x points on retail,0.15371875886236702,0.1185890028425594,0.10869501501604757,2684.33,470.9599510266147,2684.33,0.28441592463557985,1.0,0.125,0.10540000000000001
M03091,gold,Singapore,Threshold Chaser,True,"Spend X, get Y back",transport,Premium Transport,Italo,Spend & get-back at Italo,0.14524928972740503,0.11121155675158723,0.09604355718568786,4751.01,1278.2689343652216,4751.01,0.26411386479976473,1.0,0.4444444444444444,0.14226666666666668
M03092,gold,Australia,Immediate Value Seeker,True,Cashback / statement credit,dining,Fine Dining,Caffé Pascucci,Cashback at Caffé Pascucci,0.17452930603145836,0.13717494526080362,0.1380407976876853,1352.12,505.5602016754268,1363.96,0.39569996148697856,1.0,0.0,0.4325333333333334
M03093,gold,Japan,Already Loyal,False,No incentive,lodging,Hotel,Shibuya Excel Hotel Tokyu,—,0.14947080483161743,0.13032770741042493,0.09281809683487703,8202.77,3854.3615912611112,8593.9,0.34087276357867957,1.0,0.3125,0.35952
M03094,core,Japan,Merchant Explorer,True,Merchant-specific voucher,lodging,Upscale Hotel,Regency Hyde Park,Regency Hyde Park voucher,0.1732416699531477,0.12097090193930173,0.17023482131650167,3519.5299999999997,313.5328399481131,4347.58,0.4471455603733566,1.0,0.17391304347826086,0.3737166666666667
M03095,core,United States,Merchant Explorer,True,Merchant-specific voucher,dining,Fine Dining,Ginza Kagari,Ginza Kagari voucher,0.18204652810346164,0.136530701477238,0.1707745630923214,1642.6699999999998,239.9096021774055,1847.0,0.3140439267762968,1.0,0.19047619047619047,0.25833333333333336
M03096,gold,Singapore,Fee-Sensitive Traveller,False,No incentive (FX-offset out of scope),lodging,Mid-scale Hotel,Kristi House,—,0.1335858445023535,0.1335858445023535,0.14563945226993627,312.39,906.8119126273277,312.39,0.42302845119872673,1.0,0.0,0.4571
M03097,platinum,Australia,Threshold Chaser,True,"Spend X, get Y back",transport,Rail & Metro,Spagna Metro,Spend & get-back at Spagna Metro,0.13446862514717428,0.13446862514717428,0.1292684911152639,523.98,251.1231707857124,523.98,0.2882535949247137,1.0,0.5,0.0708
M03098,gold,Singapore,Points Optimiser,True,2x / 3x points,retail,General Retail,Vincom Da Nang,3x points on retail,0.3311871439484599,0.3311871439484599,0.24834618039553089,77.38,382.94391201799306,77.38,0.407874095281626,1.0,0.0,0.316
M03099,core,Singapore,Immediate Value Seeker,True,Cashback / statement credit,retail,Premium Retail,Chinatown Complex,Cashback at Chinatown Complex,0.15117080279960526,0.1177738585394561,0.15489982053668722,3659.44,224.66733858240588,3659.44,0.41149020142362785,1.0,0.0,0.0896
M03100,core,Singapore,Low Responsiveness,False,No incentive,dining,Fine Dining,Il giardino di Barbano,—,0.1153101261645207,0.1153101261645207,0.1622031317099682,970.51,1333.122865113078,970.51,0.3889730460159236,1.0,0.0,0.0708
M03101,core,United States,Immediate Value Seeker,True,Cashback / statement credit,lodging,Hotel,Hotel Nunu,Cashback at Hotel Nunu,0.16010617519057244,0.11108697528523385,0.15707213062376424,3560.9800000000005,233.6479472655523,3638.7,0.2858130503475149,1.0,0.35294117647058826,0.15874000000000002
M03102,core,Singapore,Already Loyal,False,No incentive,dining,Fine Dining,Yung Kee,—,0.150511707656113,0.11700363456114737,0.1367716475515278,8554.029999999999,52.07378364733282,8554.03,0.2864029670857669,0.875,0.375,0.10915000000000001
M03103,core,Japan,Already Loyal,False,No incentive,dining,Fine Dining,Breizh Café,—,0.14069292611303247,0.10786460276025718,0.1366140426541937,8074.78,459.7627823897207,8801.0,0.34953217091502753,1.0,0.0,0.20083333333333334
M03104,core,Hong Kong,Immediate Value Seeker,True,Cashback / statement credit,dining,Fine Dining,Chin Chin,Cashback at Chin Chin,0.12795355106691417,0.12795355106691417,0.15172008949588262,3462.17,42.5687081828631,3496.21,0.4341015400064032,1.0,0.0,0.04
M03105,gold,Singapore,Already Loyal,False,No incentive,retail,Electronics,Samsung Digital Plaza,—,0.13747245429851404,0.14283361365474787,0.1002199979176942,12611.86,831.3684833121076,12611.86,0.34118022596769,1.0,0.3333333333333333,0.08986666666666666
M03106,core,Japan,Immediate Value Seeker,True,Cashback / statement credit,dining,Fast Food,Saizeriya,Cashback at Saizeriya,0.1609295569303512,0.11122188955528513,0.15472481528575646,3600.38,68.23901520256398,3826.93,0.27912640838825364,1.0,0.2222222222222222,0.294
M03108,gold,Hong Kong,Low Responsiveness,False,No incentive,dining,Fine Dining,Jumbo Seafood,—,0.1071514444004299,0.1071514444004299,0.1113938806936368,1608.57,12.958993320283987,2251.68,0.2830507428546376,1.0,0.375,0.28125
M03109,core,Singapore,Fee-Sensitive Traveller,False,No incentive (FX-offset out of scope),dining,Cafe & Coffee,CAFE de CRIE,—,0.11906968502442214,0.11906968502442214,0.16819193990071774,2374.52,285.8276553176719,3062.39,0.3303599578388193,1.0,0.26666666666666666,0.461775
M03110,gold,Singapore,Threshold Chaser,True,"Spend X, get Y back",dining,Fine Dining,Mingles,Spend & get-back at Mingles,0.13049546011596916,0.13049546011596916,0.10430874507895598,1776.72,6.920563659316741,1776.72,0.3732723280859676,1.0,0.5,0.04
M03111,core,Singapore,Already Loyal,False,No incentive,dining,Fine Dining,Brunetti Oro,—,0.13527579916388577,0.12437071461769073,0.15490263633033852,7951.57,2595.2326386947498,7951.57,0.4770622462044582,1.0,0.3333333333333333,0.19456666666666667
M03112,platinum,Australia,Already Loyal,False,No incentive,retail,Premium Retail,IFC Mall,—,0.13695022717239427,0.13695022717239427,0.07344445994523413,18904.44,866.9911505013894,20145.38,0.3242354548484017,1.0,0.125,0.192375
M03113,centurion,Singapore,Immediate Value Seeker,True,Cashback / statement credit,dining,Fine Dining,Din Tai Fung ION,Cashback at Din Tai Fung ION,0.1607848987927212,0.12652293257224126,0.12712325871057606,8196.24,0.0,10280.539999999999,0.435138612257423,1.0,0.1111111111111111,0.24053333333333335
M03116,gold,Singapore,Category Loyalist,True,Category-specific reward,dining,Casual Dining,Nattaporn Ice Cream,Casual Dining reward (dining),0.4,0.4,0.1971089429128001,20.1,53.24873257378078,25.950000000000003,0.6370657964590271,1.0,0.0,0.4571
M03117,gold,Singapore,Category Loyalist,True,Category-specific reward,transport,Rail & Metro,Vietnam Airlines,Rail & Metro reward (transport),0.3172178452173897,0.3172178452173897,0.1981161987256761,19.83,136.73971916776856,27.57,0.596149952460509,1.0,0.0,0.316
M03118,gold,Hong Kong,Fee-Sensitive Traveller,False,No incentive (FX-offset out of scope),dining,Fine Dining,Yung Kee,—,0.12203924562960998,0.12203924562960998,0.10954484157995868,5010.73,1547.2225346441853,5742.129999999999,0.552633610022304,1.0,0.2222222222222222,0.36004
M03119,core,Singapore,Threshold Chaser,True,"Spend X, get Y back",lodging,Hotel,Royal Plaza Hotel,Spend & get-back at Royal Plaza Hotel,0.11804491864109119,0.11804491864109119,0.16494665921635485,1593.1100000000001,1061.325349758522,1859.07,0.2953386425104744,1.0,0.42857142857142855,0.23827500000000001
M03120,core,Singapore,Fee-Sensitive Traveller,False,No incentive (FX-offset out of scope),dining,Fine Dining,Zuboraya,—,0.14103451119232388,0.14103451119232388,0.1532753960211625,505.96000000000004,44.810347494933794,522.0,0.3410377614832431,1.0,0.2857142857142857,0.45855
M03121,platinum,Singapore,Points Optimiser,True,2x / 3x points,lodging,Hotel,Hotel 1888,3x points on lodging,0.15221934920227922,0.129580516195812,0.09563397453941605,5552.8,1004.0257645585316,5552.8,0.26966125879173714,1.0,0.16666666666666666,0.2211
M03122,gold,Australia,Low Responsiveness,False,No incentive,dining,Fine Dining,Jumbo Seafood,—,0.11407290687773468,0.11407290687773468,0.1278048000154849,1721.87,3.1989291895833105,1721.87,0.40164368067980527,1.0,0.125,0.0648
M03123,gold,Singapore,Merchant Explorer,True,Merchant-specific voucher,dining,Fine Dining,Le Consulat,Le Consulat voucher,0.13304118437056345,0.13304118437056345,0.10562234592819,3320.41,2142.7582948979007,3887.08,0.34220768592105977,1.0,0.15,0.33873333333333333
M03125,core,Japan,Immediate Value Seeker,True,Cashback / statement credit,dining,Fine Dining,Maxwell Food Centre,Cashback at Maxwell Food Centre,0.14931143891169785,0.1153552199166008,0.1529044435739788,5520.11,351.3569777521233,5609.54,0.4533836347583967,0.8666666666666667,0.26666666666666666,0.1338
M03127,core,Japan,Merchant Explorer,True,Merchant-specific voucher,dining,Fine Dining,Breizh Café,Breizh Café voucher,0.17088617460101727,0.14368631930333103,0.1625906963988069,5405.28,866.0278736283578,6923.37,0.4201656484710385,1.0,0.20833333333333334,0.3108142857142857
M03128,core,Singapore,Fee-Sensitive Traveller,False,No incentive (FX-offset out of scope),retail,Premium Retail,Fahrenheit88,—,0.12132178344528755,0.12132178344528755,0.1539162012676643,734.24,1256.920624854407,1622.48,0.28646418887372904,1.0,0.08333333333333333,0.55085
M03129,gold,Singapore,Fee-Sensitive Traveller,False,No incentive (FX-offset out of scope),dining,Fine Dining,Mister Munro,—,0.14341155280645168,0.14341155280645168,0.1221238292797852,1285.05,861.0860548998841,1285.05,0.27982110505136987,1.0,0.08333333333333333,0.442625
M03130,gold,Australia,Points Optimiser,True,2x / 3x points,lodging,Hotel,Hotel Nikko Osaka,3x points on lodging,0.17090037943887476,0.12672937593635814,0.12601590664903894,5379.89,688.3192842048562,5395.16,0.32523370558517345,0.8823529411764706,0.23529411764705882,0.32464
M03131,core,Hong Kong,Merchant Explorer,True,Merchant-specific voucher,retail,Premium Retail,Landmark,Landmark voucher,0.15410393441212117,0.1371650950536986,0.1717946669245747,15520.0,861.679187383915,15542.27,0.4498172210734558,0.9411764705882353,0.23529411764705882,0.20528
M03133,core,Singapore,Low Responsiveness,False,No incentive,dining,Fine Dining,L'As du Fallafel,—,0.11531090102003436,0.11531090102003436,0.14882647931252646,2203.05,217.430499849735,2203.05,0.4076679619255667,1.0,0.5,0.04
M03134,gold,Japan,Immediate Value Seeker,True,Cashback / statement credit,dining,Fine Dining,명동주물럭,Cashback at 명동주물럭,0.15940148761485443,0.119929223999934,0.1340196722647788,1745.91,407.17035634781956,1768.62,0.3054675231292541,1.0,0.3,0.43779999999999997
M03136,core,Japan,Merchant Explorer,True,Merchant-specific voucher,dining,Fine Dining,Kukuru Takoyaki,Kukuru Takoyaki voucher,0.1595239905852831,0.1274090295357567,0.1584747731287436,4253.64,1091.8346744570078,4277.82,0.38169865276633697,0.9090909090909091,0.3181818181818182,0.10703333333333333
M03137,gold,Singapore,Points Optimiser,True,2x / 3x points,dining,Fine Dining,Spicy Fish Restaurant,3x points on dining,0.12811125484355393,0.12811125484355393,0.12320143881441688,1761.08,30.987043190559945,1761.08,0.31302546857752755,1.0,0.25,0.04
M03138,core,Singapore,Category Loyalist,True,Category-specific reward,lodging,Hotel,Hotel 1888,Hotel reward (lodging),0.12340092499777029,0.12340092499777029,0.14487446951281013,1761.56,752.5357521080617,1778.9,0.6339450487746158,1.0,0.5,0.3398666666666667
M03139,gold,Singapore,Points Optimiser,True,2x / 3x points,dining,Fine Dining,L'As du Fallafel,3x points on dining,0.13371641523710961,0.1065486124493477,0.09153605123450292,4537.76,660.64085594761,4537.76,0.2858064692637694,1.0,0.14285714285714285,0.25645
M03140,gold,United States,Already Loyal,False,No incentive,dining,Fine Dining,Caffè Gilli,—,0.14301902595763621,0.11729168314277058,0.10033999194701596,12254.82,8446.517348230564,12254.82,0.49033922654081297,1.0,0.26666666666666666,0.1947
M03141,core,United States,Immediate Value Seeker,True,Cashback / statement credit,retail,Convenience,7-Eleven,Cashback at 7-Eleven,0.21864450744065916,0.18143159639366896,0.23209523989967176,1866.1100000000001,614.0195433825045,1865.1100000000001,0.4428561570514278,1.0,0.0,0.04
M03144,core,Singapore,Low Responsiveness,False,No incentive,retail,Premium Retail,Nail Art,—,0.10124838817605358,0.10124838817605358,0.17407670196092748,847.92,4.374039060178447,859.64,0.3225356661490767,1.0,0.125,0.178
M03145,gold,Singapore,Threshold Chaser,True,"Spend X, get Y back",dining,Fine Dining,Salamanca,Spend & get-back at Salamanca,0.13112105337926994,0.13112105337926994,0.09780612918579396,4557.08,3961.9227718821885,5755.65,0.38415238883118524,1.0,0.36363636363636365,0.1588
M03147,gold,Hong Kong,Points Optimiser,True,2x / 3x points,lodging,Hotel,Hotel Eden,3x points on lodging,0.17549814353485588,0.1356792130354161,0.12144878003807885,2878.92,2242.344965059624,2890.07,0.27836770246567694,1.0,0.13333333333333333,0.25346
M03149,core,United States,Already Loyal,False,No incentive,dining,Fine Dining,Yung Kee,—,0.14284681505860403,0.11700953072029265,0.1280348277611068,10569.869999999999,951.2640838467872,10648.49,0.38437636168312533,1.0,0.19230769230769232,0.209025
M03151,gold,Singapore,Points Optimiser,True,2x / 3x points,lodging,Hotel,Hotel 1888,3x points on lodging,0.140319830670278,0.140319830670278,0.11823853506707797,2207.33,1930.3089217598647,2207.33,0.3019353610291875,1.0,0.1,0.29283333333333333
M03152,gold,Australia,Points Optimiser,True,2x / 3x points,dining,Cafe & Coffee,The Daily Dose Cafe Penang,3x points on dining,0.36928313687681874,0.36928313687681874,0.2179665829615098,55.85,111.387819874671,61.44,0.2890211211310493,1.0,0.0,0.4729
M03153,core,Hong Kong,Immediate Value Seeker,True,Cashback / statement credit,dining,Fine Dining,아리양,Cashback at 아리양,0.24311834480881905,0.21267730975141,0.22607762017506672,3185.48,2026.139329347003,3225.83,0.45687958065218537,1.0,0.125,0.3344
M03154,core,Australia,Merchant Explorer,True,Merchant-specific voucher,lodging,Hotel,Melbourne CBD Hotel,Melbourne CBD Hotel voucher,0.17245282666616787,0.12930430821744737,0.14674749563250075,5609.92,999.0374295256062,6292.8,0.28570203197145655,0.9629629629629629,0.1111111111111111,0.16798571428571427
M03155,gold,Hong Kong,Points Optimiser,True,2x / 3x points,transport,Ride-hail & Taxi,Grab,3x points on transport,0.3906061832765877,0.3906061832765877,0.20290937862714375,46.75,105.0192701700223,131.8,0.3852012982377768,0.8,0.0,0.38655
M03156,centurion,Singapore,Points Optimiser,True,2x / 3x points,dining,Fine Dining,Hydeaway,3x points on dining,0.15323889608650565,0.15581824540834266,0.10532926097945108,17927.77,2696.299534864823,17940.32,0.28549415703606335,1.0,0.0,0.48925
M03158,gold,United States,Fee-Sensitive Traveller,False,No incentive (FX-offset out of scope),retail,Convenience,Hyeondaegeim Mart,—,0.1518528800918908,0.11932366001478117,0.12067470362788589,1849.7,611.816558915305,2020.23,0.3910573078528114,1.0,0.125,0.42025
M03159,gold,Australia,Threshold Chaser,True,"Spend X, get Y back",retail,General Retail,Tattoo Studio,Spend & get-back at Tattoo Studio,0.3161119826898422,0.3161119826898422,0.2283096443030619,99.53999999999999,353.40731098487606,99.53999999999999,0.4194346031124326,1.0,0.6666666666666666,0.4571
M03161,core,Singapore,Immediate Value Seeker,True,Cashback / statement credit,retail,Premium Retail,Place du Tertre,Cashback at Place du Tertre,0.14903536977495746,0.12881869737959364,0.1424983707044999,4838.87,3398.41332484065,5366.639999999999,0.43626498626909666,1.0,0.14285714285714285,0.25645
M03162,core,Singapore,Immediate Value Seeker,True,Cashback / statement credit,lodging,Upscale Hotel,Parkroyal Collection Pickering,Cashback at Parkroyal Collection Pickering,0.15608119306213786,0.11673924612562113,0.1515304950511805,7018.34,614.3427759050348,9346.76,0.3068234139711884,0.8125,0.125,0.2773
M03164,core,United States,Merchant Explorer,True,Merchant-specific voucher,dining,Fine Dining,대한극장 시당,대한극장 시당 voucher,0.17996111151155414,0.17996111151155414,0.17624874247661776,1226.49,1063.1626000063038,1463.65,0.38570015498118576,0.9259259259259259,0.1111111111111111,0.3840375
M03165,core,Hong Kong,Low Responsiveness,False,No incentive,transport,Rail & Metro,Tokyo Metro,—,0.1046232475308156,0.1046232475308156,0.15898579993387374,840.63,564.0024715417766,840.63,0.27432347853080263,1.0,0.25,0.1166
M03166,core,Hong Kong,Immediate Value Seeker,True,Cashback / statement credit,retail,Premium Retail,MSY Ultimo,Cashback at MSY Ultimo,0.15026684403755533,0.10535943186583288,0.17497522255954748,1668.4,183.91568450548726,1678.46,0.2696816446020552,1.0,0.14285714285714285,0.178
M03168,gold,United States,Low Responsiveness,False,No incentive,transport,Premium Transport,ANM Napoli,—,0.10175147820920008,0.10175147820920008,0.1013517641691077,2657.12,908.4378344094415,2836.35,0.3069590323717295,1.0,0.07692307692307693,0.4471
M03169,gold,Singapore,Points Optimiser,True,2x / 3x points,dining,Fine Dining,Roscioli,3x points on dining,0.13401741159952804,0.13401741159952804,0.11179564077549757,695.26,323.2956225025346,710.9300000000001,0.32448430881828183,1.0,0.0,0.0708
M03170,core,United States,Fee-Sensitive Traveller,False,No incentive (FX-offset out of scope),retail,Electronics,Samsung,—,0.12556227359308314,0.12556227359308314,0.17634760955165937,1018.4,8.099626638376378,1116.22,0.2802200912466935,1.0,0.18181818181818182,0.547
M03171,core,Japan,Immediate Value Seeker,True,Cashback / statement credit,dining,Fast Food,Lotteria,Cashback at Lotteria,0.1612264397405458,0.12839799426652862,0.16046418928704634,4223.07,240.85017374975178,4244.78,0.4443080490104444,1.0,0.0,0.20983333333333332
M03172,centurion,Japan,Merchant Explorer,True,Merchant-specific voucher,dining,Fine Dining,Yung Kee,Yung Kee voucher,0.1563994806583311,0.11957452244129974,0.11750401470851829,11528.009999999998,2575.578603531495,12674.61,0.26875048848446764,0.9333333333333333,0.16666666666666666,0.387
M03174,gold,United States,Already Loyal,False,No incentive,dining,Fine Dining,M Bar Thai Eatery,—,0.1391112678231854,0.09987756486334855,0.1150733522035088,12814.43,65.58550990552116,14816.82,0.46017302486900813,1.0,0.30434782608695654,0.2084666666666667
M03175,core,Hong Kong,Immediate Value Seeker,True,Cashback / statement credit,retail,Convenience,Haepi D.C Mart,Cashback at Haepi D.C Mart,0.1487478159765687,0.11812279640253864,0.1628159039170202,1839.1299999999999,488.8666044994146,1839.1299999999999,0.39785558630914286,1.0,0.0,0.09000000000000001
M03176,platinum,Japan,Points Optimiser,True,2x / 3x points,lodging,Budget & Hostel,The Inn at the Roman Forum,3x points on lodging,0.13455338958638233,0.13455338958638233,0.1308903408314522,678.7,416.3025389357244,678.7,0.2972809561541188,1.0,0.25,0.0708
M03178,gold,Australia,Points Optimiser,True,2x / 3x points,dining,Fine Dining,Buca di San Giovanni,3x points on dining,0.2417696349241027,0.2417696349241027,0.18406026243993287,172.93,652.3956685172172,226.53,0.31713124085237393,1.0,0.0,0.23426666666666665
M03179,core,Hong Kong,Immediate Value Seeker,True,Cashback / statement credit,dining,Fine Dining,Mak's Noodle,Cashback at Mak's Noodle,0.14699484471592075,0.14699484471592075,0.16840654963105517,1579.6,132.51200905345542,1620.82,0.4954686494204771,0.9,0.1,0.19866666666666669
M03180,gold,Singapore,Points Optimiser,True,2x / 3x points,dining,Fine Dining,Gyeongbuk Fish Restaurant,3x points on dining,0.21094118749585944,0.21094118749585944,0.15985403601540096,1475.98,801.1905641402823,1474.98,0.4505584898917231,1.0,0.3333333333333333,0.04
M03181,core,Hong Kong,Immediate Value Seeker,True,Cashback / statement credit,dining,Fine Dining,Lau Pa Sat nearby,Cashback at Lau Pa Sat nearby,0.13197713580127982,0.13197713580127982,0.14815612102015907,1321.75,109.96209000606994,1321.75,0.41911095372274176,1.0,0.0,0.0896
M03182,gold,Singapore,Points Optimiser,True,2x / 3x points,dining,Fine Dining,Trattoria Mario,3x points on dining,0.34694842732596287,0.34694842732596287,0.3189272363411184,297.86,1352.7209274043528,891.76,0.2885370045448009,0.875,0.25,0.5572666666666667
M03183,gold,Japan,Points Optimiser,True,2x / 3x points,dining,Fine Dining,Roscioli,3x points on dining,0.17817409637985238,0.15195879027126652,0.13048671299821063,3961.58,2207.441636730302,4771.87,0.4499752599158641,1.0,0.3076923076923077,0.232625
M03184,core,Singapore,Merchant Explorer,True,Merchant-specific voucher,retail,Convenience,Crystal Mart,Crystal Mart voucher,0.16864952766086685,0.12546004871388194,0.14437915788798453,9097.07,1750.864817203355,11025.210000000001,0.2862156065220717,0.9722222222222222,0.2777777777777778,0.3117636363636364
M03185,core,Singapore,Points Optimiser,True,2x / 3x points,retail,Premium Retail,Campo de' Fiori market,3x points on retail,0.24348011148408896,0.20228255983277105,0.19763610371068774,1272.96,1172.0532998334654,1340.26,0.42108384490510264,1.0,0.09090909090909091,0.446375
M03186,core,Japan,Points Optimiser,True,2x / 3x points,retail,General Retail,"Kencana Fashion, Metro Bringharjo",3x points on retail,0.3261640386933913,0.3261640386933913,0.26155682083002785,46.38,245.52246124738116,49.31,0.4754877500132532,1.0,0.0,0.8005
M03187,gold,Singapore,Points Optimiser,True,2x / 3x points,dining,Fine Dining,Jalan Alor stalls,3x points on dining,0.19108968490426959,0.19108968490426959,0.16925787039561038,196.56,683.2346027912411,1493.76,0.3474581546974632,1.0,0.14285714285714285,0.46499999999999997
M03188,gold,Australia,Category Loyalist,True,Category-specific reward,lodging,Mid-scale Hotel,Adi House,Mid-scale Hotel reward (lodging),0.273522052391119,0.273522052391119,0.3020998455061931,112.51,599.1429505814662,116.47,0.9343116799176343,1.0,0.0,0.8005
M03189,core,United States,Threshold Chaser,True,"Spend X, get Y back",retail,Apparel,H&M,Spend & get-back at H&M,0.160881585228918,0.12988743971234523,0.157661180973501,2321.21,119.39756323078188,2507.81,0.3737457991690095,1.0,0.3684210526315789,0.294
M03190,core,Hong Kong,Immediate Value Seeker,True,Cashback / statement credit,retail,Premium Retail,Chinatown Complex,Cashback at Chinatown Complex,0.1516751970765619,0.1516751970765619,0.1673451638938624,393.34,31.014665851239485,393.34,0.3650507949270749,1.0,0.25,0.0896
M03191,gold,Singapore,Threshold Chaser,True,"Spend X, get Y back",retail,Premium Retail,Chinatown Complex,Spend & get-back at Chinatown Complex,0.12453320944130696,0.12453320944130696,0.14784155302483398,724.47,77.59050998201211,934.34,0.32924614209036396,1.0,0.5714285714285714,0.2028
M03193,gold,Singapore,Merchant Explorer,True,Merchant-specific voucher,lodging,Upscale Hotel,St. Regis Singapore,St. Regis Singapore voucher,0.16958432473996174,0.129210852070199,0.11481428200346437,3450.89,2977.3916299225534,3526.65,0.2986931214946685,1.0,0.19047619047619047,0.3678166666666667
M03195,platinum,Australia,Category Loyalist,True,Category-specific reward,dining,Fine Dining,Jumbo Seafood,Fine Dining reward (dining),0.1838259891640516,0.1481326777699375,0.1290573738169297,7285.58,2397.3473306998435,7291.79,0.5402603735874684,1.0,0.3,0.5635333333333333
M03197,platinum,United States,Points Optimiser,True,2x / 3x points,lodging,Hotel,Langham Place Hotel Mongkok,3x points on lodging,0.15140507862562405,0.1278950620125011,0.09041528262299688,4865.21,804.6272735343948,4865.21,0.26202250373075864,1.0,0.16666666666666666,0.11480000000000001
M03199,gold,Japan,Low Responsiveness,False,No incentive,lodging,Upscale Hotel,The Ritz-Carlton Kuala Lumpur,—,0.10978093673720447,0.10978093673720447,0.1063042702422858,1191.39,7.171646359330097,3139.5699999999997,0.32281042842440555,1.0,0.45454545454545453,0.2763
M03200,gold,Singapore,Threshold Chaser,True,"Spend X, get Y back",retail,Premium Retail,Paris Baguette,Spend & get-back at Paris Baguette,0.16020085842757836,0.16020085842757836,0.1248044894766767,490.73,2.625330401477228,490.73,0.351880047468404,1.0,0.5,0.04
M03201,core,Japan,Category Loyalist,True,Category-specific reward,retail,Premium Retail,Kyoto Craft Center,Premium Retail reward (retail),0.21739439751392461,0.21739439751392461,0.22474741024205214,365.81,268.1283476300502,364.81,0.5149335619887127,1.0,0.3333333333333333,0.1166
M03202,core,Hong Kong,Fee-Sensitive Traveller,False,No incentive (FX-offset out of scope),dining,Fine Dining,Between BREAD,—,0.1175894608575427,0.1175894608575427,0.17676582823483436,770.48,12.08299112166152,1095.29,0.3817503281094348,1.0,0.09090909090909091,0.4325333333333334
M03203,gold,Singapore,Category Loyalist,True,Category-specific reward,dining,Fine Dining,Breizh Café,Fine Dining reward (dining),0.11794011687684222,0.11794011687684222,0.12014217218110015,2312.05,601.7303878401812,2315.78,0.5811157142606849,1.0,0.125,0.178
M03205,platinum,Hong Kong,Category Loyalist,True,Category-specific reward,dining,Cafe & Coffee,SaoMai Coffee,Cafe & Coffee reward (dining),0.3460095683687882,0.3460095683687882,0.3001798091516672,231.12,1251.1800809076844,231.12,0.642400462281525,1.0,0.25,0.316
M03206,core,Hong Kong,Fee-Sensitive Traveller,False,No incentive (FX-offset out of scope),lodging,Upscale Hotel,Marriott Singapore Orchard,—,0.12210866730065405,0.12210866730065405,0.16164467259564078,2325.93,0.0,3051.95,0.37160757761101876,1.0,0.5,0.4020333333333333
M03208,centurion,Australia,Points Optimiser,True,2x / 3x points,dining,Fine Dining,Tokyo Salon,3x points on dining,0.14488144492621552,0.1135513441503693,0.10062783222581115,4229.75,1987.6404550688362,4229.75,0.28079915092322966,1.0,0.25,0.0783
M03210,core,United States,Threshold Chaser,True,"Spend X, get Y back",retail,Premium Retail,Warorot Market,Spend & get-back at Warorot Market,0.17925691616994055,0.17925691616994055,0.18727663231103436,567.34,1620.4020994706814,614.34,0.3050032223054105,1.0,0.35714285714285715,0.425775
M03216,core,Singapore,Threshold Chaser,True,"Spend X, get Y back",dining,Fine Dining,Din Tai Fung ION,Spend & get-back at Din Tai Fung ION,0.16365994337408998,0.12495171431942523,0.16643525639234685,1992.48,635.5054693720929,2453.05,0.25633546954551223,1.0,0.42857142857142855,0.183525
M03217,platinum,Hong Kong,Merchant Explorer,True,Merchant-specific voucher,transport,Rail & Metro,Yoyogi-Hachiman,Yoyogi-Hachiman voucher,0.13627675912051648,0.13627675912051648,0.11611834328674239,4581.4,2112.1178724061924,4722.2,0.2957039658965216,1.0,0.375,0.34755714285714284
M03218,gold,Australia,Points Optimiser,True,2x / 3x points,lodging,Upscale Hotel,Olimpia,3x points on lodging,0.20532263584703617,0.20532263584703617,0.1669862235251445,910.6900000000002,1881.3937170212175,918.7700000000001,0.4116867937270946,1.0,0.3,0.4111
M03219,centurion,Singapore,Threshold Chaser,True,"Spend X, get Y back",retail,Premium Retail,Takashimaya,Spend & get-back at Takashimaya,0.16881203849860013,0.1393305275434935,0.12653291464529157,2186.1,128.46773457053646,2186.1,0.304963286999213,1.0,0.6,0.27335
M03220,core,Hong Kong,Immediate Value Seeker,True,Cashback / statement credit,dining,Fine Dining,Curry Bowl,Cashback at Curry Bowl,0.1672939207033185,0.1188229142035824,0.1652554495618212,4163.719999999999,291.7514994905541,4254.26,0.30069741405125605,1.0,0.23529411764705882,0.27254
M03221,gold,United States,Points Optimiser,True,2x / 3x points,transport,Rail & Metro,Tokyo Metro,3x points on transport,0.1427237343072524,0.11025664437276232,0.0975191662446259,6179.08,1067.5547002796702,6324.06,0.2817320680600002,1.0,0.17647058823529413,0.11052
M03223,core,Singapore,Threshold Chaser,True,"Spend X, get Y back",lodging,Mid-scale Hotel,Phuket Graceland,Spend & get-back at Phuket Graceland,0.1596596937729079,0.1596596937729079,0.1137115508957449,40.19,78.89476791797573,304.56,0.3357207897276864,1.0,0.5,0.38655
M03224,centurion,Singapore,Merchant Explorer,True,Merchant-specific voucher,dining,Fine Dining,Myeongdong Kyoja,Myeongdong Kyoja voucher,0.15446582496933342,0.13316074654362167,0.11188995646073102,15422.11,4003.645274519751,15422.11,0.2663893707820313,1.0,0.17391304347826086,0.1709166666666667
M03225,core,Singapore,Merchant Explorer,True,Merchant-specific voucher,lodging,Hotel,Hotel Seiyo Ginza,Hotel Seiyo Ginza voucher,0.18354105253814906,0.12001868587454083,0.16476863106375347,8646.050000000001,711.4825230782211,9444.07,0.27814979147918606,0.9591836734693877,0.2653061224489796,0.2644714285714286
M03226,core,Singapore,Threshold Chaser,True,"Spend X, get Y back",dining,Cafe & Coffee,Puzzle Coffee,Spend & get-back at Puzzle Coffee,0.1521688359935879,0.1521688359935879,0.18416957399827796,669.13,12.667487420046449,716.94,0.44400018825105453,1.0,0.5,0.04
M03228,core,Singapore,Points Optimiser,True,2x / 3x points,dining,Cafe & Coffee,Harrys Steakhouse & Pub,3x points on dining,0.2749777098991637,0.2749777098991637,0.2056598351948972,21.18,56.38510761086248,1375.9,0.3770038717589477,1.0,0.2222222222222222,0.5715666666666667
M03230,core,Australia,Immediate Value Seeker,True,Cashback / statement credit,transport,Premium Transport,Optile,Cashback at Optile,0.1708749046240606,0.12567476235987726,0.15794426943692585,3083.2799999999997,192.06513768888436,3083.2799999999997,0.2822958245985571,1.0,0.14285714285714285,0.04
M03231,core,Singapore,Immediate Value Seeker,True,Cashback / statement credit,dining,Fine Dining,Mak's Noodle,Cashback at Mak's Noodle,0.12538488643303392,0.12538488643303392,0.16099435368347312,1670.24,755.01924011828,1685.01,0.2940150123941149,1.0,0.14285714285714285,0.23827500000000001
M03232,core,United States,Immediate Value Seeker,True,Cashback / statement credit,dining,Fine Dining,Kyubey,Cashback at Kyubey,0.16348456161456418,0.12711952962049983,0.16077849176866404,2867.1099999999997,494.3865322566046,2882.41,0.30490652093116777,1.0,0.1875,0.36604000000000003
M03233,core,Australia,Already Loyal,False,No incentive,retail,Convenience,7-Eleven,—,0.13922103949941003,0.13922103949941003,0.11442750162025213,16871.850000000002,4371.1141213299115,17201.37,0.4816759293768348,0.96,0.2,0.35825555555555555
M03234,core,Hong Kong,Merchant Explorer,True,Merchant-specific voucher,retail,Premium Retail,Merci,Merci voucher,0.15431220709978263,0.11900034959525198,0.1466466631222595,4082.58,1597.7509890621272,4189.86,0.31124887890159264,0.9523809523809523,0.2857142857142857,0.2618
M03235,core,Singapore,Threshold Chaser,True,"Spend X, get Y back",retail,Premium Retail,BHV Marais,Spend & get-back at BHV Marais,0.15060524466498904,0.12103400309147012,0.16107296936526924,5432.259999999999,206.87082815193435,5432.26,0.41467137803386006,1.0,0.5,0.0783
M03236,core,Japan,Fee-Sensitive Traveller,False,No incentive (FX-offset out of scope),lodging,Upscale Hotel,Gion Hatanaka,—,0.13911697588333405,0.13461698303041264,0.1594544776723044,3670.21,1875.418146766947,4256.44,0.39509193694597206,1.0,0.1,0.4633333333333333
M03238,core,Hong Kong,Low Responsiveness,False,No incentive,transport,Premium Transport,Kakao T,—,0.10342858661161952,0.10342858661161952,0.16519825367422725,2024.33,10.289020910404133,2024.33,0.27600452367055006,1.0,0.25,0.04
M03239,core,United States,Immediate Value Seeker,True,Cashback / statement credit,dining,Fine Dining,Yat Lok,Cashback at Yat Lok,0.1279446620340517,0.1279446620340517,0.15440857500010424,593.25,96.54773591001523,593.25,0.3742073540137333,1.0,0.25,0.14
M03240,core,Hong Kong,Category Loyalist,True,Category-specific reward,transport,Ride-hail & Taxi,Grab,Ride-hail & Taxi reward (transport),0.2800703768895835,0.2800703768895835,0.258089769003548,50.03,209.80203277741566,50.03,0.722177806648012,1.0,0.5,0.8005
M03241,core,Hong Kong,Category Loyalist,True,Category-specific reward,lodging,Budget & Hostel,Hilton Da Nang,Budget & Hostel reward (lodging),0.24123140191049786,0.24123140191049786,0.2658337435420066,71.95,413.0530592227104,71.95,0.6258004434204318,1.0,0.0,0.316
M03242,core,Singapore,Already Loyal,False,No incentive,retail,Premium Retail,Aerim Florist,—,0.15197599511354642,0.15197599511354642,0.13684791897515836,9452.94,2274.270133118065,10007.98,0.4376710249155754,0.9743589743589743,0.2564102564102564,0.27643
M03246,core,Singapore,Merchant Explorer,True,Merchant-specific voucher,dining,Fast Food,MOS Burger,MOS Burger voucher,0.17180434961107235,0.12589032128548167,0.15258546556224145,6798.72,259.03547868741884,7418.47,0.3057356211671888,0.9642857142857143,0.25,0.1539625
M03247,gold,Singapore,Threshold Chaser,True,"Spend X, get Y back",dining,Fine Dining,Hong-bok,Spend & get-back at Hong-bok,0.1232442770007697,0.1232442770007697,0.11141891193938062,2148.7400000000002,146.1126547266217,2966.27,0.34877492685141265,1.0,0.5,0.282275
M03248,gold,Japan,Low Responsiveness,False,No incentive,retail,Premium Retail,Saigon Centre,—,0.1039685165511115,0.1039685165511115,0.14211963269955746,985.47,1354.3445054202002,1653.23,0.30423103342617513,1.0,0.2,0.232425
M03249,gold,Australia,Merchant Explorer,True,Merchant-specific voucher,dining,Fine Dining,Maxwell Food Centre,Maxwell Food Centre voucher,0.1537363633211228,0.12754956732321912,0.10036579727581932,6158.17,2670.0644830062297,7332.929999999999,0.32816331198257453,0.9615384615384616,0.2692307692307692,0.419175
M03250,gold,United States,Threshold Chaser,True,"Spend X, get Y back",dining,Fine Dining,Din Tai Fung Suria KLCC,Spend & get-back at Din Tai Fung Suria KLCC,0.1216931686546001,0.1216931686546001,0.11158966882046503,605.51,206.79873922413776,1703.44,0.30828148032056923,1.0,0.38461538461538464,0.33785
M03253,core,Australia,Merchant Explorer,True,Merchant-specific voucher,retail,Premium Retail,Abbesses shops,Abbesses shops voucher,0.16122378525019862,0.16122378525019862,0.12770007126159166,7384.4400000000005,4540.509131026972,10324.91,0.6434641616202925,0.75,0.21428571428571427,0.300525
M03255,core,Hong Kong,Immediate Value Seeker,True,Cashback / statement credit,retail,Premium Retail,고래사어묵,Cashback at 고래사어묵,0.2082155107868553,0.16272121445467852,0.23925353717797204,1346.45,898.4851353782735,1345.45,0.35176814313217863,1.0,0.3333333333333333,0.04
M03256,platinum,Singapore,Threshold Chaser,True,"Spend X, get Y back",transport,Premium Transport,Sydney Ferries,Spend & get-back at Sydney Ferries,0.13062877893227826,0.13062877893227826,0.10751996452754077,2625.81,19.080431342351744,2625.81,0.2785587108600015,1.0,0.5,0.04
M03258,gold,Singapore,Points Optimiser,True,2x / 3x points,retail,Premium Retail,IFC Mall,3x points on retail,0.1217735106869357,0.11700067351139662,0.07900352682681318,5713.8099999999995,0.0,5713.8099999999995,0.48830005979082364,1.0,0.25,0.14
M03259,core,Singapore,Merchant Explorer,True,Merchant-specific voucher,lodging,Hotel,Royal Plaza Hotel,Royal Plaza Hotel voucher,0.16380425544527463,0.13046418266943036,0.15296442017861767,6892.08,3016.075147312748,7708.5,0.36111313542837564,0.9629629629629629,0.18518518518518517,0.2863375
M03261,core,Hong Kong,Immediate Value Seeker,True,Cashback / statement credit,dining,Fine Dining,Le Consulat,Cashback at Le Consulat,0.12714575012606844,0.12714575012606844,0.16044184820328883,882.06,1164.9043542713905,896.36,0.3652551947540744,1.0,0.25,0.24855
M03262,core,Australia,Merchant Explorer,True,Merchant-specific voucher,transport,Rail & Metro,Seoul Metro,Seoul Metro voucher,0.1870331813375139,0.1426718960884493,0.15043175893193808,13369.5,3582.290688486398,14032.05,0.29562464112237935,0.9512195121951219,0.3170731707317073,0.2966666666666667
M03263,gold,Singapore,Fee-Sensitive Traveller,False,No incentive (FX-offset out of scope),retail,Premium Retail,Mercedes-Benz Georgetown,—,0.11740273490999045,0.11740273490999045,0.1384130148219639,121.8,159.13963877019285,121.8,0.5301312954829177,1.0,0.5,0.4729
M03265,core,Singapore,Low Responsiveness,False,No incentive,dining,Cafe & Coffee,Mido Cafe,—,0.11335611148947505,0.11335611148947505,0.1600379163781244,2534.2799999999997,320.3195534688905,2534.2799999999997,0.40202492056538847,1.0,0.25,0.14
M03266,core,Australia,Points Optimiser,True,2x / 3x points,lodging,Upscale Hotel,JW Marriott KL,3x points on lodging,0.278132404348611,0.278132404348611,0.19673915253423693,142.11,885.6993406122685,1099.59,0.32748671393839324,1.0,0.125,0.39444999999999997
M03267,core,Australia,Already Loyal,False,No incentive,dining,Fine Dining,Two Fingers,—,0.14997953490055815,0.12323509119216484,0.12547192577457256,8856.04,1556.6292007738266,8968.3,0.34540838698742,0.9714285714285714,0.17142857142857143,0.1869
M03269,gold,Singapore,Already Loyal,False,No incentive,dining,Cafe & Coffee,Mido Cafe,—,0.13280258637356562,0.1082659524794641,0.0992226308162143,13380.46,738.4763557916498,13380.46,0.38841768567227297,1.0,0.3125,0.08415
M03270,platinum,Singapore,Points Optimiser,True,2x / 3x points,retail,Premium Retail,Tokyu Hands Shibuya,3x points on retail,0.17941818086683498,0.14880714831259223,0.14208162324089765,1381.16,2.7002784972050335,1381.16,0.36732059709606263,1.0,0.25,0.1166
M03271,core,Hong Kong,Low Responsiveness,False,No incentive,retail,Premium Retail,Wako,—,0.1148126735759935,0.1148126735759935,0.16683441019426143,951.11,9.575307558106886,951.11,0.2644539473587942,1.0,0.0,0.1166
M03272,gold,United States,Points Optimiser,True,2x / 3x points,dining,Casual Dining,Gou Lou,3x points on dining,0.4,0.4,0.4,54.400000000000006,175.449291953898,138.63,0.4243307213457832,1.0,0.125,0.6367
M03273,core,Singapore,Threshold Chaser,True,"Spend X, get Y back",lodging,Hotel,Cerulean Tower Tokyu Hotel,Spend & get-back at Cerulean Tower Tokyu Hotel,0.11965125078728064,0.11965125078728064,0.15612033806054504,707.27,1.0035095662902191,1336.27,0.3699219972519346,1.0,0.625,0.28685
M03276,platinum,Singapore,Points Optimiser,True,2x / 3x points,lodging,Budget & Hostel,Vipa House,3x points on lodging,0.32117593612761264,0.32117593612761264,0.17480544134847076,55.67,98.47560027330022,62.79,0.4305022434397785,1.0,0.0,0.4571
M03277,platinum,Singapore,Points Optimiser,True,2x / 3x points,lodging,Upscale Hotel,The Hoxton Paris,3x points on lodging,0.18043759781700838,0.16462493268865477,0.11110533112264834,7948.7699999999995,5667.398311369424,7948.77,0.46953162345960364,1.0,0.2,0.3037666666666667
M03278,core,Singapore,Fee-Sensitive Traveller,False,No incentive (FX-offset out of scope),dining,Fine Dining,Kikunoi,—,0.11719051086200102,0.11719051086200102,0.15911432367549835,1974.99,1752.4000995129795,2286.63,0.4300990088041524,1.0,0.14285714285714285,0.3727
M03279,core,Australia,Already Loyal,False,No incentive,retail,Apparel,Toni & Guy,—,0.14190468126466038,0.1355679458177383,0.1331891691768977,10922.599999999999,16.972073154113332,11372.880000000001,0.35480452457654377,1.0,0.2,0.19086666666666666
M03281,core,Australia,Category Loyalist,True,Category-specific reward,retail,Premium Retail,Abbesses shops,Premium Retail reward (retail),0.2784412706995204,0.2784412706995204,0.23753674884487178,304.29,627.3132545586483,554.54,0.500493966121511,1.0,0.1111111111111111,0.224
M03282,gold,Singapore,Points Optimiser,True,2x / 3x points,dining,Fine Dining,Gwangjang Market stalls,3x points on dining,0.13041174081185994,0.13041174081185994,0.11069186740195262,474.3,279.905749881808,497.36,0.42434239288186687,1.0,0.16666666666666666,0.178
M03283,core,Japan,Category Loyalist,True,Category-specific reward,transport,Rail & Metro,Busan Metro Line 2,Rail & Metro reward (transport),0.16754390983386627,0.16754390983386627,0.21616390570867083,1048.23,584.0272863401727,1047.23,0.5996987631534001,1.0,0.3333333333333333,0.04
M03284,gold,Singapore,Low Responsiveness,False,No incentive,transport,Rail & Metro,Seoul Metro,—,0.09830807092592295,0.09830807092592295,0.1115444751175218,1869.65,72.73759632932868,1869.6499999999999,0.6102737461394844,1.0,0.0,0.04
M03286,core,Japan,Immediate Value Seeker,True,Cashback / statement credit,dining,Fine Dining,해운대 소문난 삼계탕 Ginseng chicken soup,Cashback at 해운대 소문난 삼계탕 Ginseng chicken soup,0.13547244691620702,0.13547244691620702,0.1560012566352892,1410.64,552.0165497606845,1481.72,0.35050549164786154,1.0,0.0,0.21236666666666668
M03287,core,Singapore,Immediate Value Seeker,True,Cashback / statement credit,dining,Fast Food,Rocket Burgers and Fries,Cashback at Rocket Burgers and Fries,0.16068149700381787,0.12986325578315855,0.15945959336545493,4884.219999999999,105.31506668789932,4896.58,0.3883032992264124,1.0,0.125,0.25645
M03288,gold,Australia,Fee-Sensitive Traveller,False,No incentive (FX-offset out of scope),retail,Premium Retail,Kuromon Market,—,0.13252219719481143,0.13252219719481143,0.12779114551152562,1341.0900000000001,175.1835545124739,1844.5700000000002,0.3260564626292151,1.0,0.18181818181818182,0.4580666666666667
M03291,core,Singapore,Immediate Value Seeker,True,Cashback / statement credit,retail,Premium Retail,Kuromon Market,Cashback at Kuromon Market,0.15677710958164653,0.12177110030595968,0.15812307366436454,3578.87,305.0907221587503,4266.83,0.38922827254757975,1.0,0.125,0.29475
M03292,core,Singapore,Low Responsiveness,False,No incentive,retail,Premium Retail,Westfield Sydney,—,0.11317340034481382,0.11317340034481382,0.16112826564564964,642.79,3.846345444359258,642.79,0.3062875159917893,1.0,0.75,0.04
M03293,core,Japan,Merchant Explorer,True,Merchant-specific voucher,transport,Rail & Metro,Osaka Metro,Osaka Metro voucher,0.18169726205577694,0.1188821292269284,0.15437133012307092,6703.58,582.7955831485448,7282.19,0.293223526885773,0.9032258064516129,0.3225806451612903,0.2636888888888889
M03295,core,Japan,Fee-Sensitive Traveller,False,No incentive (FX-offset out of scope),lodging,Hotel,Imperial Hotel Tokyo,—,0.12188407565266844,0.12188407565266844,0.16124058088697069,881.0,14.819700570058103,1326.5,0.34405000209564407,1.0,0.45454545454545453,0.4580666666666667
M03297,core,Singapore,Threshold Chaser,True,"Spend X, get Y back",dining,Fine Dining,Maxwell Food Centre,Spend & get-back at Maxwell Food Centre,0.16319191166276126,0.1239235762005753,0.1415836166496523,6162.599999999999,1049.893915524433,6162.6,0.2746043137885701,1.0,0.375,0.18562499999999998
M03299,gold,Singapore,Fee-Sensitive Traveller,False,No incentive (FX-offset out of scope),dining,Fine Dining,La Maison Rose,—,0.12039455785825309,0.12039455785825309,0.11058698846478665,901.49,1556.193793522925,906.48,0.26788208187802937,1.0,0.0,0.42025
M03300,core,Singapore,Immediate Value Seeker,True,Cashback / statement credit,dining,Fine Dining,Gion Duck Noodles,Cashback at Gion Duck Noodles,0.22624691976753245,0.22624691976753245,0.2532821313588815,429.36,790.7978258485074,668.33,0.4045847379823595,0.8666666666666667,0.0,0.66372
M03301,core,Hong Kong,Low Responsiveness,False,No incentive,transport,Premium Transport,Citybus,—,0.10610784967583872,0.10610784967583872,0.1716696380825456,975.86,0.0,1115.64,0.26371426538484954,1.0,0.42857142857142855,0.29855
M03302,gold,Japan,Low Responsiveness,False,No incentive,lodging,Upscale Hotel,St. Regis Singapore,—,0.10812398517193672,0.10812398517193672,0.10839102897377798,1334.32,187.59275383829686,1334.32,0.301538110262043,1.0,0.2727272727272727,0.08986666666666666
M03306,gold,Singapore,Threshold Chaser,True,"Spend X, get Y back",retail,Premium Retail,BHV Marais,Spend & get-back at BHV Marais,0.13781604537959968,0.10912655193870494,0.0992132291746098,3849.44,2310.325139011084,3849.44,0.31154237061240636,1.0,0.42105263157894735,0.17218333333333335
M03307,gold,Singapore,Already Loyal,False,No incentive,retail,Premium Retail,Sneaker Street,—,0.13966803557444427,0.129494422369027,0.09489067888705738,6576.61,2113.191101036826,7062.95,0.433143694428558,1.0,0.21052631578947367,0.30406666666666665
M03308,gold,Australia,Immediate Value Seeker,True,Cashback / statement credit,lodging,Mid-scale Hotel,Pendini,Cashback at Pendini,0.18301218472113728,0.18301218472113728,0.1991557493131937,430.0,1573.8957157651726,824.14,0.30316239488622415,1.0,0.3333333333333333,0.314525
M03309,centurion,United States,Merchant Explorer,True,Merchant-specific voucher,dining,Fine Dining,Yat Lok,Yat Lok voucher,0.15363673336020867,0.13700187832540528,0.0947929685856341,19051.99,10262.495195758476,19469.08,0.35222709854554785,1.0,0.3,0.314
M03310,gold,Japan,Points Optimiser,True,2x / 3x points,retail,Premium Retail,ION Orchard,3x points on retail,0.15382642351486175,0.13251449036946805,0.10150019527108813,3590.26,2291.6966715277517,3967.7400000000002,0.3427365245214138,1.0,0.23076923076923078,0.311525
M03311,core,Australia,Threshold Chaser,True,"Spend X, get Y back",dining,Fast Food,Subway,Spend & get-back at Subway,0.1709317335900548,0.12703360958184423,0.16495038738108986,3921.83,68.9018763366559,3921.83,0.42807013877296635,1.0,0.5,0.04
M03312,core,Hong Kong,Points Optimiser,True,2x / 3x points,dining,Fine Dining,Caffè Cibreo,3x points on dining,0.15261178642142614,0.15261178642142614,0.14987943124108663,784.24,1520.2042369945261,795.65,0.49990203257896576,1.0,0.3333333333333333,0.2813
M03313,core,United States,Immediate Value Seeker,True,Cashback / statement credit,retail,Apparel,Uniqlo Ginza,Cashback at Uniqlo Ginza,0.14360256932354884,0.13109369547054478,0.14266265499740213,6174.87,2745.5955504759695,6592.64,0.4008788391214869,1.0,0.14285714285714285,0.244075
M03315,gold,Hong Kong,Category Loyalist,True,Category-specific reward,retail,Premium Retail,Hang Ngang silk shops,Premium Retail reward (retail),0.2806068990126005,0.2806068990126005,0.241514575703484,319.88,1923.3573566224293,319.88,0.5381192227284056,1.0,0.0,0.316
M03316,platinum,United States,Points Optimiser,True,2x / 3x points,dining,Fine Dining,Maxwell Food Centre,3x points on dining,0.1482664377839446,0.1184998948219026,0.09976043925547147,4177.91,343.3370500424265,4217.37,0.28037011346839935,0.8571428571428571,0.07142857142857142,0.169075
M03318,centurion,Singapore,Already Loyal,False,No incentive,dining,Fine Dining,Ginza Kagari,—,0.13534384340337127,0.12307176680619897,0.10896529272712363,44934.68,8728.811415657068,46815.22,0.5175538762891474,0.9428571428571428,0.2571428571428571,0.32107
M03319,gold,Japan,Merchant Explorer,True,Merchant-specific voucher,dining,Fine Dining,Dae Jang Geum,Dae Jang Geum voucher,0.16763192330537457,0.13651512447162084,0.14895321848691756,8304.51,3787.8384293358095,8312.17,0.29182781438359734,1.0,0.2413793103448276,0.2892375
M03320,core,Japan,Already Loyal,False,No incentive,dining,Fast Food,Rocket Burgers and Fries,—,0.14844668500668276,0.1192850805193396,0.13784826524636676,7194.68,959.0881454478624,7216.87,0.31443816573393857,1.0,0.23809523809523808,0.14408333333333334
M03322,core,Australia,Points Optimiser,True,2x / 3x points,retail,Premium Retail,Fahrenheit88,3x points on retail,0.3390865622040075,0.3390865622040075,0.24362602941258857,54.96,298.3046561161743,561.13,0.30948788535463767,1.0,0.14285714285714285,0.46499999999999997
M03323,platinum,Hong Kong,Points Optimiser,True,2x / 3x points,lodging,Upscale Hotel,Hôtel Caron de Beaumarchais,3x points on lodging,0.14110449806187186,0.14110449806187186,0.10708977406518015,1717.63,2269.598955736774,1720.52,0.4134025759491906,0.8333333333333334,0.0,0.247
M03324,gold,Singapore,Already Loyal,False,No incentive,dining,Fine Dining,Pocket Bar,—,0.13610990449590604,0.11957721346119649,0.0941239798433679,9901.04,1344.3343228022893,9901.039999999999,0.3084244055183117,0.8888888888888888,0.18518518518518517,0.14011428571428572
M03325,gold,United States,Already Loyal,False,No incentive,lodging,Hotel,Giant Hotel,—,0.14590206111780668,0.13280259847983736,0.08981065626196838,10686.99,1493.8470635879144,11137.63,0.33010506357367625,1.0,0.25,0.14476666666666668
M03327,gold,Hong Kong,Points Optimiser,True,2x / 3x points,lodging,Upscale Hotel,JW Marriott Bangkok,3x points on lodging,0.19934074458884019,0.19934074458884019,0.12399667508499894,446.06,924.4098733123833,2358.15,0.3942860408583741,1.0,0.2222222222222222,0.5715666666666667
M03329,core,Hong Kong,Category Loyalist,True,Category-specific reward,transport,City Transport,Chang Phuak Gate,City Transport reward (transport),0.4,0.4,0.2999334152161744,15.1,51.96937355926406,31.43,0.5007657578634055,1.0,0.0,0.4571
M03331,core,Singapore,Immediate Value Seeker,True,Cashback / statement credit,dining,Cafe & Coffee,Mido Cafe,Cashback at Mido Cafe,0.1271074180333441,0.1271074180333441,0.16195021835996234,1977.8400000000001,265.07575822844234,1977.8400000000001,0.2824844711286341,1.0,0.25,0.14
M03332,core,Hong Kong,Merchant Explorer,True,Merchant-specific voucher,retail,Premium Retail,Metro Hobbies,Metro Hobbies voucher,0.17815440213052797,0.1459705129889917,0.18346038521062624,2540.35,544.9366279601044,2674.41,0.55907303218276,1.0,0.08695652173913043,0.5446857142857143
M03335,core,Japan,Immediate Value Seeker,True,Cashback / statement credit,lodging,Upscale Hotel,St. Regis Singapore,Cashback at St. Regis Singapore,0.12735138477169108,0.12735138477169108,0.15853514281832518,2787.88,353.98404012596154,2932.73,0.29795770244485864,1.0,0.3333333333333333,0.27335
M03336,platinum,Singapore,Category Loyalist,True,Category-specific reward,lodging,Budget & Hostel,The Inn at the Roman Forum,Budget & Hostel reward (lodging),0.19786729486247623,0.19786729486247623,0.11919454447304136,616.0,231.92385839643984,1416.53,0.5688041405627063,1.0,0.1,0.44806666666666667
M03337,platinum,Singapore,Threshold Chaser,True,"Spend X, get Y back",dining,Fine Dining,Mongdol Fish Restaurant,Spend & get-back at Mongdol Fish Restaurant,0.17074700125679473,0.1395160499870788,0.11233530257953307,4682.0599999999995,3731.955922147457,4682.0599999999995,0.31536044532899393,1.0,0.42857142857142855,0.04
M03339,gold,Singapore,Merchant Explorer,True,Merchant-specific voucher,dining,Fine Dining,Maxwell Food Centre,Maxwell Food Centre voucher,0.16561838177469532,0.13019604179891622,0.1388855550116426,13526.24,3496.465900731361,13610.54,0.2879286837988803,1.0,0.2,0.2547111111111111
M03340,gold,Singapore,Fee-Sensitive Traveller,False,No incentive (FX-offset out of scope),dining,Cafe & Coffee,The Coffee Bean,—,0.1210939862586201,0.1210939862586201,0.10653536904979341,3860.23,1718.517290524584,4607.96,0.6080399110327797,1.0,0.21428571428571427,0.4546
M03341,centurion,Australia,Immediate Value Seeker,True,Cashback / statement credit,retail,Premium Retail,Abbesses shops,Cashback at Abbesses shops,0.1429248069971621,0.11772057234712491,0.12738843898037555,2156.48,2638.0196621776563,2156.48,0.3481326505561178,1.0,0.2857142857142857,0.25645
M03342,core,Singapore,Immediate Value Seeker,True,Cashback / statement credit,retail,Premium Retail,Westfield Sydney,Cashback at Westfield Sydney,0.17481591974623686,0.1376970017009375,0.15057643210146904,7313.360000000001,939.3005257690718,7326.08,0.31903045874061997,1.0,0.15789473684210525,0.39244999999999997
M03344,gold,United States,Already Loyal,False,No incentive,dining,Fine Dining,Ichiran Dotonbori,—,0.13898560820120462,0.1274411084164193,0.09951604937975214,21870.13,4876.212714205199,23528.99,0.305289909331575,1.0,0.2777777777777778,0.25239
M03345,core,Australia,Immediate Value Seeker,True,Cashback / statement credit,lodging,Hotel,Terrass'' Hotel,Cashback at Terrass'' Hotel,0.25201977752418736,0.25201977752418736,0.2759141045923845,318.32,1500.146075809044,378.63,0.49305063723509807,1.0,0.3333333333333333,0.24855
M03346,core,Japan,Merchant Explorer,True,Merchant-specific voucher,dining,Fine Dining,Bong Ga Andong Jjimdak,Bong Ga Andong Jjimdak voucher,0.17778786932427207,0.13677250006134484,0.17572382072255543,3941.83,1715.5564093819373,4809.99,0.31324985267631555,0.9354838709677419,0.12903225806451613,0.3943909090909091
M03347,core,Singapore,Merchant Explorer,True,Merchant-specific voucher,dining,Fine Dining,Dragon Boat Restaurant,Dragon Boat Restaurant voucher,0.1927525123812214,0.13189742050053932,0.16069821473356102,11206.45,2356.7140541250665,11213.62,0.2968655481948893,0.8888888888888888,0.3055555555555556,0.22557999999999997
M03349,core,Japan,Immediate Value Seeker,True,Cashback / statement credit,dining,Fine Dining,L'As du Fallafel,Cashback at L'As du Fallafel,0.1658582847694852,0.12749265912730162,0.15794446646045457,2977.77,649.508498288156,2977.77,0.27352054700191036,1.0,0.3333333333333333,0.31903333333333334
M03350,core,Singapore,Immediate Value Seeker,True,Cashback / statement credit,lodging,Upscale Hotel,Fullerton Sydney,Cashback at Fullerton Sydney,0.17143828988238669,0.11173254034051275,0.1469266419423793,5299.58,117.69321598978064,6350.54,0.2746884469051267,1.0,0.25,0.2649
M03351,core,Singapore,Points Optimiser,True,2x / 3x points,lodging,Budget & Hostel,The Ritz-Carlton Jakarta Pacific Place,3x points on lodging,0.3889998052033228,0.3889998052033228,0.289965808993174,15.08,57.69398431030648,200.12,0.271650201963571,0.875,0.125,0.639
M03352,gold,Hong Kong,Points Optimiser,True,2x / 3x points,retail,Premium Retail,My Mac Australia,3x points on retail,0.1344278118795415,0.10896828236199801,0.08845320793808763,5599.46,464.10532526152065,6574.84,0.2862533362099507,1.0,0.3,0.2763
M03353,gold,Singapore,Points Optimiser,True,2x / 3x points,lodging,Upscale Hotel,Sunset,3x points on lodging,0.12441294473257196,0.12441294473257196,0.09118596634638748,2398.92,1185.470702701912,3208.12,0.35659607335077814,1.0,0.25,0.25645
M03354,core,Hong Kong,Immediate Value Seeker,True,Cashback / statement credit,dining,Fine Dining,Le Consulat,Cashback at Le Consulat,0.16089032450886206,0.130135584391384,0.1492028291228067,3600.13,3104.81293701435,3997.44,0.29996499664253984,1.0,0.3076923076923077,0.44525
M03356,core,Japan,Immediate Value Seeker,True,Cashback / statement credit,dining,Fine Dining,Thongsmith,Cashback at Thongsmith,0.15718529636329248,0.11076481320206312,0.164919257769306,2947.77,171.24492264788984,6497.7,0.3475868180858343,0.95,0.35,0.26216
M03358,platinum,Singapore,Merchant Explorer,True,Merchant-specific voucher,lodging,Hotel,Hotel Nunu,Hotel Nunu voucher,0.1545967833622101,0.12835640960510536,0.11139173703451985,18676.52,3479.670548406594,18676.52,0.32180858989106803,1.0,0.25,0.11492857142857142
M03359,gold,Singapore,Already Loyal,False,No incentive,dining,Fine Dining,Ichiran Dotonbori,—,0.13884264568805377,0.10968546273205318,0.11386871580652905,14803.35,1397.9587991730223,16164.630000000001,0.3087634379912453,0.9333333333333333,0.3333333333333333,0.1573375
M03361,core,Singapore,Points Optimiser,True,2x / 3x points,lodging,Budget & Hostel,W Bali Seminyak,3x points on lodging,0.4,0.4,0.3755073112851365,22.64,335.8343287537152,60.67,0.4881167765403247,1.0,0.0,0.8005
M03362,core,Singapore,Low Responsiveness,False,No incentive,lodging,Upscale Hotel,Namsan Guest House,—,0.11588894409622791,0.11588894409622791,0.16286352610854626,2332.91,1536.714091735875,2967.95,0.29196186463466545,0.9047619047619048,0.2857142857142857,0.41415
M03363,core,Hong Kong,Fee-Sensitive Traveller,False,No incentive (FX-offset out of scope),dining,Fine Dining,Kikunoi,—,0.13416748669967343,0.13416748669967343,0.1429709592851382,5771.360000000001,2758.4608132147587,5890.41,0.6794008613203787,1.0,0.11764705882352941,0.41472
M03364,platinum,Japan,Threshold Chaser,True,"Spend X, get Y back",retail,Premium Retail,The Face Shop,Spend & get-back at The Face Shop,0.1699715648196749,0.1411463291247969,0.1089742878025558,2947.73,113.05934352864267,2947.73,0.40568455642772605,1.0,0.5,0.04
M03365,gold,Singapore,Points Optimiser,True,2x / 3x points,retail,Premium Retail,Abbesses shops,3x points on retail,0.15841662317322186,0.1365951570261719,0.1037548821181894,3567.64,2584.6228974242053,4326.43,0.3639029117545116,1.0,0.15384615384615385,0.446575
M03366,gold,Singapore,Already Loyal,False,No incentive,retail,Premium Retail,Merci,—,0.14892764767791844,0.14892764767791844,0.09253430149618701,8457.630000000001,876.3790251667912,10210.710000000001,0.5689689201257914,0.9696969696969697,0.21212121212121213,0.3062222222222222
M03368,core,Hong Kong,Immediate Value Seeker,True,Cashback / statement credit,retail,Premium Retail,Pancot,Cashback at Pancot,0.14575386299398105,0.12052101296118302,0.13146092500728027,5907.44,3059.2131164428324,5907.4400000000005,0.36788062798594456,1.0,0.2727272727272727,0.060533333333333335
M03369,gold,United States,Points Optimiser,True,2x / 3x points,transport,Premium Transport,Citybus,3x points on transport,0.1702749544585481,0.13115153956449324,0.12106542889573405,4360.41,1865.0562339275732,5247.08,0.294885460640793,1.0,0.2631578947368421,0.35688
M03370,centurion,Japan,Already Loyal,False,No incentive,dining,Fine Dining,Zuboraya,—,0.12303569879538052,0.09051746069228345,0.10450782939826746,22327.38,3171.6695923420916,22327.379999999997,0.5182783353185568,1.0,0.10526315789473684,0.14567999999999998
M03371,core,Singapore,Merchant Explorer,True,Merchant-specific voucher,dining,Fine Dining,Armando al Pantheon,Armando al Pantheon voucher,0.19308873017027958,0.14976449851874335,0.17377533796875588,3766.96,1924.2015800402546,4798.11,0.3825889729070468,1.0,0.1,0.3676142857142857
M03372,gold,Singapore,Low Responsiveness,False,No incentive,dining,Fine Dining,Kikunoi,—,0.10334342117465875,0.10334342117465875,0.11807955183980579,949.31,703.4056598552951,1758.17,0.31991316192104935,0.9166666666666666,0.16666666666666666,0.35413333333333336
M03373,core,United States,Immediate Value Seeker,True,Cashback / statement credit,lodging,Upscale Hotel,Hôtel Caron de Beaumarchais,Cashback at Hôtel Caron de Beaumarchais,0.16629727505679798,0.13069612713519763,0.1499258815864044,8366.91,1007.0346753928733,8366.91,0.4553017791172713,1.0,0.25,0.0783
M03374,gold,United States,Already Loyal,False,No incentive,dining,Fast Food,Subway,—,0.13438032454794807,0.13438032454794807,0.1290444698897278,12697.49,2449.6088221435843,12697.49,0.4337921866230504,1.0,0.0,0.25346
M03375,core,Singapore,Immediate Value Seeker,True,Cashback / statement credit,retail,Convenience,Hyeondaegeim Mart,Cashback at Hyeondaegeim Mart,0.1656302663959522,0.13094246540026153,0.1671647471335908,2606.58,617.133848322129,2614.4300000000003,0.45466271955271154,1.0,0.3076923076923077,0.261675
M03376,core,United States,Merchant Explorer,True,Merchant-specific voucher,transport,Premium Transport,RATP,RATP voucher,0.12458724677066285,0.1174416450505536,0.13780730760296137,3726.6099999999997,1284.7102285874741,5019.7,0.2951057319766828,1.0,0.25,0.20525714285714286
M03377,gold,Singapore,Points Optimiser,True,2x / 3x points,retail,Apparel,Forever 21,3x points on retail,0.14772915784570279,0.125871897686391,0.10515377478882768,5013.62,770.268956849477,5013.62,0.4046128571834525,1.0,0.18181818181818182,0.15753333333333333
M03378,gold,Australia,Category Loyalist,True,Category-specific reward,retail,Premium Retail,Hang Ngang silk shops,Premium Retail reward (retail),0.29043743064117006,0.29043743064117006,0.2627817188357069,206.5,1315.7226366791247,206.5,0.7065526654902122,1.0,0.3333333333333333,0.316
M03380,core,Singapore,Merchant Explorer,True,Merchant-specific voucher,retail,Premium Retail,Campbell Street shops,Campbell Street shops voucher,0.13885561693952642,0.13885561693952642,0.17206772863599543,1000.32,539.3934669720072,1335.43,0.27224084223467776,1.0,0.15,0.30995
M03381,core,Hong Kong,Category Loyalist,True,Category-specific reward,lodging,Hotel,Hotel Nikko Osaka,Hotel reward (lodging),0.13607869463039102,0.1309535983952303,0.14431540464555992,4556.24,429.86089949863293,4556.24,0.5819736728560541,1.0,0.25,0.1166
M03382,core,Hong Kong,Immediate Value Seeker,True,Cashback / statement credit,lodging,Budget & Hostel,The Inn at the Roman Forum,Cashback at The Inn at the Roman Forum,0.1345365697840677,0.1345365697840677,0.15573351335896948,328.93,889.1782753807286,340.05,0.28392444601232236,1.0,0.1111111111111111,0.289975
M03384,gold,Hong Kong,Points Optimiser,True,2x / 3x points,lodging,Upscale Hotel,The Sukhothai,3x points on lodging,0.12798871457868272,0.12798871457868272,0.127731262784844,440.89,49.760625305930205,1208.46,0.27218859253068595,0.9375,0.3125,0.30434
M03385,gold,Singapore,Merchant Explorer,True,Merchant-specific voucher,lodging,Upscale Hotel,St. Regis Singapore,St. Regis Singapore voucher,0.14867602458679816,0.12287287079684792,0.0963322126249334,4579.78,2169.1000032722422,5154.05,0.2806323933015588,1.0,0.13043478260869565,0.17918333333333333
M03386,gold,Japan,Merchant Explorer,True,Merchant-specific voucher,dining,Fine Dining,Maxwell Food Centre,Maxwell Food Centre voucher,0.18153169469238167,0.13435862552003816,0.16633490736700698,3376.0,1306.340129461885,3526.33,0.25984627912251695,0.9069767441860465,0.27906976744186046,0.29164166666666663
M03387,platinum,Singapore,Already Loyal,False,No incentive,retail,Apparel,THE CAP,—,0.14284559445801573,0.14442915774239565,0.07808848412902263,27748.98,9175.144357267498,28748.18,0.29768570005953227,1.0,0.18604651162790697,0.23155833333333334
M03388,core,Australia,Category Loyalist,True,Category-specific reward,dining,Fine Dining,Caffeteria delle Oblate,Fine Dining reward (dining),0.16163468949360293,0.16163468949360293,0.1475023605039481,1242.72,1028.0814706425622,1242.72,0.6194440233490079,1.0,0.5,0.055400000000000005
M03389,core,Singapore,Immediate Value Seeker,True,Cashback / statement credit,retail,Apparel,Uniqlo Ginza,Cashback at Uniqlo Ginza,0.14228997828016454,0.11835816894622414,0.14586040436190625,6276.6,48.35510419630157,6276.6,0.3732204256163384,1.0,0.0,0.1166
M03390,core,Japan,Immediate Value Seeker,True,Cashback / statement credit,retail,Premium Retail,IFC Mall,Cashback at IFC Mall,0.1634592743135582,0.12676994254929255,0.17044366865320404,1639.63,29.086070903103543,1970.06,0.3800535469538785,1.0,0.2727272727272727,0.16533333333333333
M03391,core,Singapore,Low Responsiveness,False,No incentive,dining,Fine Dining,The Rooftop,—,0.1129827242658032,0.10959583264370283,0.10103363183025987,26139.960000000003,2057.0540467400033,26269.86,0.4174861862217162,0.95,0.05,0.42025
M03392,gold,United States,Points Optimiser,True,2x / 3x points,retail,Premium Retail,Langham Place,3x points on retail,0.13951652193611686,0.114934384193053,0.09144466989073595,3908.64,635.3267189763935,3908.64,0.29023896183180975,1.0,0.0,0.228
M03394,gold,Singapore,Merchant Explorer,True,Merchant-specific voucher,dining,Fine Dining,Armando al Pantheon,Armando al Pantheon voucher,0.15416780658788254,0.12813494438131315,0.1225777038585665,8229.48,3468.710099964126,8863.85,0.31652633737496705,0.9393939393939394,0.36363636363636365,0.16827777777777778
M03395,core,Singapore,Threshold Chaser,True,"Spend X, get Y back",dining,Fine Dining,오다리집,Spend & get-back at 오다리집,0.15586611431318612,0.11552060002563352,0.15536344417930184,7326.030000000001,320.2490689869875,7326.030000000001,0.471768473434443,1.0,0.5,0.04
M03397,core,Singapore,Merchant Explorer,True,Merchant-specific voucher,lodging,Upscale Hotel,St. Regis Singapore,St. Regis Singapore voucher,0.18939895893679903,0.1486925309835823,0.17220549265515678,7195.740000000001,3924.683166779897,8541.8,0.46679983244738615,1.0,0.2222222222222222,0.2031285714285714
M03401,gold,Japan,Already Loyal,False,No incentive,retail,Premium Retail,SSG,—,0.12281913994386326,0.12307035114128226,0.07975813815707768,7046.51,2274.224876561545,8185.98,0.4448328219149294,1.0,0.20833333333333334,0.20525714285714286
M03402,core,Japan,Threshold Chaser,True,"Spend X, get Y back",dining,Fine Dining,Chin Chin,Spend & get-back at Chin Chin,0.1642895172204824,0.14002503212177245,0.15492601351109855,8091.12,4044.2753472435998,8152.38,0.47827129679238667,0.9375,0.375,0.13274
M03403,core,Japan,Points Optimiser,True,2x / 3x points,retail,Premium Retail,Pavilion nearby,3x points on retail,0.19794747966711715,0.19794747966711715,0.1431656536964522,245.51000000000002,32.78478745979679,597.5,0.39314396932826795,0.875,0.0,0.4729
M03404,gold,Singapore,Points Optimiser,True,2x / 3x points,lodging,Budget & Hostel,The Inn at the Roman Forum,3x points on lodging,0.19661217079512247,0.19661217079512247,0.1510680909958478,395.77,537.1297465398922,734.51,0.4339491672802943,0.9230769230769231,0.0,0.49695
M03405,core,Australia,Immediate Value Seeker,True,Cashback / statement credit,dining,Fine Dining,아리양,Cashback at 아리양,0.16611001237279685,0.13116723820703416,0.1563783366962333,5310.87,1132.248918031604,5418.37,0.34174854100669433,1.0,0.21052631578947367,0.3208375
M03406,core,Singapore,Already Loyal,False,No incentive,retail,Convenience,Neil Mart,—,0.11949996908345405,0.11949996908345405,0.11907546409119987,15108.150000000001,1687.3292147379684,15114.460000000001,0.5750153282435141,1.0,0.2,0.17903333333333335
M03408,gold,Singapore,Merchant Explorer,True,Merchant-specific voucher,dining,Fine Dining,Taco Senora,Taco Senora voucher,0.1538032761718131,0.12658293464292542,0.10464869722998041,4964.75,1651.9665876302352,5445.24,0.32128317964436987,1.0,0.19047619047619047,0.4172833333333333
M03409,gold,Singapore,Points Optimiser,True,2x / 3x points,retail,Premium Retail,Via del Corso shops,3x points on retail,0.14960310464585475,0.11865184157426215,0.0980381822200366,3793.79,2302.5229908649853,3793.79,0.29965590127815667,1.0,0.125,0.0937
M03411,core,Singapore,Threshold Chaser,True,"Spend X, get Y back",retail,Premium Retail,Place du Tertre,Spend & get-back at Place du Tertre,0.17950600152435217,0.17950600152435217,0.21315352322768408,319.44,833.2148352640716,424.23,0.3368224125508992,1.0,0.5,0.42025
M03412,gold,Japan,Points Optimiser,True,2x / 3x points,lodging,Upscale Hotel,The Hoxton Paris,3x points on lodging,0.15336880694700342,0.11261302897809977,0.11220608806323917,3279.4,288.187760914613,3279.4,0.3099178871796456,1.0,0.0,0.04
M03416,core,Singapore,Immediate Value Seeker,True,Cashback / statement credit,retail,Premium Retail,Crazy Horse Club X,Cashback at Crazy Horse Club X,0.14179791152836602,0.11543108987204106,0.15101517384875013,5221.54,149.04010082298595,5228.47,0.38090580322859063,1.0,0.18181818181818182,0.29350000000000004
M03417,core,Japan,Immediate Value Seeker,True,Cashback / statement credit,lodging,Hotel,Asia World Hotel,Cashback at Asia World Hotel,0.1245503991234758,0.11828902247474138,0.14842402667145796,5118.3,2749.0767343927982,5118.3,0.4113370294511669,1.0,0.2857142857142857,0.04
M03419,core,Australia,Merchant Explorer,True,Merchant-specific voucher,dining,Fine Dining,Bird Land,Bird Land voucher,0.11998935016087828,0.11998935016087828,0.14393545776013528,3090.41,578.3232856663251,3305.31,0.35701690852519485,1.0,0.2,0.3328857142857143
M03421,core,Australia,Immediate Value Seeker,True,Cashback / statement credit,dining,Fine Dining,Mak's Noodle,Cashback at Mak's Noodle,0.16215239334294998,0.12515082059599428,0.15985508062940906,5011.41,1389.0576676388869,5089.52,0.31636543084790847,1.0,0.1,0.19086666666666666
M03423,core,Hong Kong,Fee-Sensitive Traveller,False,No incentive (FX-offset out of scope),dining,Fine Dining,Din Tai Fung Suria KLCC,—,0.14792510327789657,0.14792510327789657,0.20218366160039394,308.31,64.57094340322871,1023.47,0.28132676505964094,1.0,0.2,0.515575
M03425,core,Singapore,Already Loyal,False,No incentive,retail,Premium Retail,W cosmetics,—,0.13908191787590574,0.12809277638628103,0.12117319209136676,15489.46,3022.375685329254,20605.1,0.6197723282230077,0.8823529411764706,0.23529411764705882,0.2828222222222222
M03427,gold,Hong Kong,Points Optimiser,True,2x / 3x points,retail,Premium Retail,Metro Hobbies,3x points on retail,0.14982280184637767,0.11668217723789157,0.11290038950143708,1938.6,435.7370039901865,1938.6,0.29951700252534613,1.0,0.0,0.24855
M03428,core,Hong Kong,Fee-Sensitive Traveller,False,No incentive (FX-offset out of scope),retail,Premium Retail,Westfield Sydney,—,0.15185700744816782,0.10270121260250828,0.18103795828467112,1896.3200000000002,17.55543021887469,3448.5,0.29804002304124555,1.0,0.2222222222222222,0.56455
M03429,gold,Japan,Immediate Value Seeker,True,Cashback / statement credit,retail,Premium Retail,Salvatore Ferragamo,Cashback at Salvatore Ferragamo,0.15350660578375974,0.10985858587141292,0.1304395264847757,1723.77,1585.6014812815915,2057.66,0.28384393760434334,1.0,0.15384615384615385,0.325975
M03430,gold,Australia,Low Responsiveness,False,No incentive,dining,Fine Dining,Yung Kee,—,0.10497976871628488,0.10497976871628488,0.09256444604160163,2731.1499999999996,1.7053025658242404e-13,2936.16,0.3218167143291729,1.0,0.2222222222222222,0.2289
M03431,centurion,Singapore,Low Responsiveness,False,No incentive,retail,Premium Retail,Lane Crawford,—,0.10819627355760097,0.11590749895626319,0.07075676674189117,20304.41,238.919585818209,23976.73,0.5624385005510778,0.8888888888888888,0.16666666666666666,0.25
M03433,core,Singapore,Fee-Sensitive Traveller,False,No incentive (FX-offset out of scope),dining,Fine Dining,Roscioli,—,0.12424122808927995,0.12424122808927995,0.15749546778421664,858.5999999999999,726.0727033756036,1424.51,0.2910580663621461,1.0,0.5,0.42346000000000006
M03435,core,Singapore,Already Loyal,False,No incentive,dining,Fine Dining,Single O,—,0.14024754426951266,0.0934338560150961,0.14668149255936774,19341.95,2558.8161668809444,21035.42,0.5673476936227484,0.9,0.225,0.17585454545454546
M03436,gold,Australia,Points Optimiser,True,2x / 3x points,dining,Fine Dining,Lau Pa Sat nearby,3x points on dining,0.1511259748091947,0.11841742632468574,0.10309700546871498,4934.030000000001,1925.4631408165815,5018.62,0.2760234315482994,1.0,0.26666666666666666,0.156675
M03437,gold,Hong Kong,Fee-Sensitive Traveller,False,No incentive (FX-offset out of scope),dining,Cafe & Coffee,Toh Soon Cafe,—,0.15020205081037755,0.15020205081037755,0.14850769165378347,248.77,501.75877055487217,248.77,0.453368535165923,1.0,0.0,0.4729
M03439,platinum,Singapore,Merchant Explorer,True,Merchant-specific voucher,dining,Cafe & Coffee,Mido Cafe,Mido Cafe voucher,0.15818283452851148,0.13600000008690197,0.12191094891462663,13137.16,3217.365564416712,13137.16,0.274868424976619,1.0,0.3,0.27368571428571425
M03440,centurion,Japan,Low Responsiveness,False,No incentive,retail,Premium Retail,Merci,—,0.10212137025640557,0.11533315356823134,0.06803412565214068,72513.06,11978.064925174933,72643.55,0.36471850506989545,1.0,0.17142857142857143,0.23557999999999998
M03441,platinum,Singapore,Already Loyal,False,No incentive,dining,Fine Dining,Jungsik Seoul,—,0.14441554359274666,0.11559664015460056,0.11620073677528195,15025.13,7318.630006433019,17291.11,0.426856501913809,1.0,0.24324324324324326,0.23145454545454547
M03442,core,Singapore,Fee-Sensitive Traveller,False,No incentive (FX-offset out of scope),transport,Rail & Metro,Spagna Metro,—,0.1438112972088498,0.1438112972088498,0.17942559227995558,967.1299999999999,497.35650784517424,1142.34,0.3726873448682927,1.0,0.5,0.43565
M03443,core,Singapore,Low Responsiveness,False,No incentive,dining,Fine Dining,Din Tai Fung ION,—,0.11306151763181,0.11306151763181,0.15708150764092166,2705.27,212.65202806700387,2711.5099999999998,0.3965341839427815,1.0,0.0,0.2028
M03444,core,Singapore,Merchant Explorer,True,Merchant-specific voucher,retail,Premium Retail,Nishiki Market stalls,Nishiki Market stalls voucher,0.14708524607138665,0.11435164678867657,0.16459100323110024,2729.2799999999997,1106.2852235018431,3660.82,0.3625600973219882,1.0,0.23333333333333334,0.3151555555555555
M03445,core,Singapore,Fee-Sensitive Traveller,False,No incentive (FX-offset out of scope),retail,Premium Retail,Paragon,—,0.14495878817594177,0.10473415814658613,0.1711626611357474,1733.06,0.0,1849.53,0.3414617474506696,1.0,0.3,0.44906666666666667
M03446,centurion,Singapore,Merchant Explorer,True,Merchant-specific voucher,lodging,Upscale Hotel,Hôtel Particulier Montmartre,Hôtel Particulier Montmartre voucher,0.1675318262188256,0.1481254012106136,0.09869421737935911,11105.03,5892.6070800504285,11262.43,0.2919101610592042,0.9545454545454546,0.09090909090909091,0.28818333333333335
M03447,core,Hong Kong,Low Responsiveness,False,No incentive,dining,Cafe & Coffee,Toast Cafe,—,0.11582174533839477,0.11582174533839477,0.1543958463983705,4372.05,332.9322704230662,4512.54,0.5443186338669475,1.0,0.1111111111111111,0.3037666666666667
M03448,core,Singapore,Immediate Value Seeker,True,Cashback / statement credit,retail,Premium Retail,OTC,Cashback at OTC,0.15368398642605838,0.11751243136436187,0.15446771987436128,2625.1099999999997,65.87972189195521,3110.93,0.3051001438908339,1.0,0.125,0.24855
M03449,gold,United States,Already Loyal,False,No incentive,lodging,Hotel,Adelphi Hotel,—,0.1474354121203332,0.12024960673101598,0.11391733364214852,8328.74,143.11650708620064,9029.66,0.34184208557209084,1.0,0.2,0.4325333333333334
M03450,core,Japan,Threshold Chaser,True,"Spend X, get Y back",retail,Premium Retail,Lotte Duty Free,Spend & get-back at Lotte Duty Free,0.14492456810573767,0.10386071498807145,0.16358506357489316,2473.51,11.215892804698797,2473.51,0.26989207365809575,1.0,0.5,0.04
M03451,platinum,Singapore,Already Loyal,False,No incentive,retail,Premium Retail,Kagui,—,0.15052256749488932,0.13966998223944965,0.09070901151917625,7004.83,914.452970548228,7729.46,0.355295876757333,1.0,0.2,0.50205
M03453,gold,Japan,Immediate Value Seeker,True,Cashback / statement credit,dining,Cafe & Coffee,Pop Coffee and Restaurant,Cashback at Pop Coffee and Restaurant,0.1525432699476759,0.1525432699476759,0.15783141151004654,539.8299999999999,1442.7208076859424,539.8299999999999,0.44040395863899773,1.0,0.0,0.4571
M03454,core,United States,Immediate Value Seeker,True,Cashback / statement credit,retail,Luxury,Gucci,Cashback at Gucci,0.18815772021956348,0.18815772021956348,0.22025772008030398,250.2,551.2458463597349,289.75,0.3656895294432066,1.0,0.1111111111111111,0.2813
M03455,platinum,Japan,Already Loyal,False,No incentive,retail,Premium Retail,Paragon,—,0.14405433724463618,0.13926126643904324,0.0872038284735464,17044.35,10684.986687503377,17071.14,0.4290146082755297,0.96875,0.21875,0.28482222222222225
M03457,gold,Australia,Already Loyal,False,No incentive,dining,Fine Dining,Yat Lok,—,0.14630209914811604,0.14870489200128176,0.0879149603960787,27361.68,5913.498130375976,27467.7,0.31218845845679555,1.0,0.21739130434782608,0.21330000000000002
M03458,core,Japan,Category Loyalist,True,Category-specific reward,retail,Premium Retail,People's Park Centre,Premium Retail reward (retail),0.16697648154496003,0.14161541678972897,0.15592990273799484,3195.3,620.9731812303469,3237.74,0.5525856383907461,1.0,0.0,0.365225
M03459,core,Hong Kong,Threshold Chaser,True,"Spend X, get Y back",dining,Fine Dining,Lau Pa Sat nearby,Spend & get-back at Lau Pa Sat nearby,0.17210947306918023,0.12567615542398045,0.1682371829220523,4647.24,2219.7074325466565,4647.24,0.48507243582356024,1.0,0.45454545454545453,0.05653333333333333
M03460,core,Japan,Immediate Value Seeker,True,Cashback / statement credit,retail,Premium Retail,Hosier Lane shops,Cashback at Hosier Lane shops,0.14264400716336484,0.11605318240186364,0.14433027377878266,4731.79,432.9815317075993,4976.7699999999995,0.3541307822558813,1.0,0.2,0.27103333333333335
M03461,platinum,Singapore,Merchant Explorer,True,Merchant-specific voucher,dining,Fine Dining,Mak's Noodle,Mak's Noodle voucher,0.15610218654307176,0.13070132156207526,0.12398331451964108,9680.21,2775.6178199302644,11608.58,0.25508024345102837,0.9795918367346939,0.14285714285714285,0.28715714285714283
M03463,core,Australia,Immediate Value Seeker,True,Cashback / statement credit,dining,Fine Dining,Chin Chin,Cashback at Chin Chin,0.16159927651237338,0.1229374170474966,0.1568313250421144,5873.9,919.9950451722981,6001.04,0.32453791030164536,1.0,0.16666666666666666,0.39376666666666665
M03464,gold,Japan,Fee-Sensitive Traveller,False,No incentive (FX-offset out of scope),lodging,Hotel,Giant Hotel,—,0.1520470064117695,0.11626649378733875,0.10536575071750424,5294.41,283.926767448128,6692.62,0.38007325434633676,0.9473684210526315,0.2631578947368421,0.42178333333333334
M03466,gold,Australia,Merchant Explorer,True,Merchant-specific voucher,retail,Premium Retail,Kyoto Craft Center,Kyoto Craft Center voucher,0.1601595420158322,0.1601595420158322,0.08170879656168127,6796.84,4626.087959457173,9386.17,0.4511344305249881,0.9714285714285714,0.2,0.40831818181818186
M03467,core,Hong Kong,Low Responsiveness,False,No incentive,lodging,Upscale Hotel,Park Hyatt Busan,—,0.10626904126156865,0.10626904126156865,0.15534623414198215,1071.1299999999999,365.8569956610889,1375.37,0.3519940443884166,1.0,0.125,0.25645
M03468,core,United States,Fee-Sensitive Traveller,False,No incentive (FX-offset out of scope),dining,Fine Dining,Armando al Pantheon,—,0.14963452627140214,0.14963452627140214,0.18197573846847734,807.48,653.5742839676352,807.48,0.4039773978216737,1.0,0.0,0.43565
M03469,core,Singapore,Fee-Sensitive Traveller,False,No incentive (FX-offset out of scope),retail,Electronics,Galaxy,—,0.12123054419450133,0.12123054419450133,0.17003885652952305,755.44,286.5882333941496,866.0,0.2623067947986282,1.0,0.15384615384615385,0.375925
M03470,gold,United States,Points Optimiser,True,2x / 3x points,dining,Fine Dining,Din Tai Fung Pavilion,3x points on dining,0.21870146447118824,0.21870146447118824,0.1504880386486903,160.66,462.40729926678057,491.0,0.3387721985556721,1.0,0.2222222222222222,0.41533333333333333
M03472,platinum,United States,Points Optimiser,True,2x / 3x points,lodging,Hotel,Imperial Hotel Tokyo,3x points on lodging,0.1482954462550028,0.1189876880466308,0.10463620598681152,5100.04,33.053972870812174,5648.69,0.2928616948418447,1.0,0.3333333333333333,0.17406666666666668
M03473,core,Singapore,Low Responsiveness,False,No incentive,dining,Fine Dining,L'As du Fallafel,—,0.10792147073159392,0.10792147073159392,0.1508780348477433,870.26,94.71063750955634,870.26,0.32870675365843355,1.0,0.25,0.04
M03474,core,Australia,Immediate Value Seeker,True,Cashback / statement credit,dining,Fine Dining,Zuboraya,Cashback at Zuboraya,0.16463021056383337,0.1227074588976011,0.17106646681779594,2298.1600000000003,470.2420505854908,2358.16,0.3485890851233972,1.0,0.25,0.31232
M03475,centurion,Singapore,Merchant Explorer,True,Merchant-specific voucher,lodging,Hotel,Hotel 1888,Hotel 1888 voucher,0.1765988470244818,0.16266344765964758,0.08714789996179151,15721.59,8113.935857766801,18792.31,0.3417412953093694,0.96,0.28,0.38515
M03476,gold,Singapore,Already Loyal,False,No incentive,lodging,Hotel,The Sydney Boulvevard Hotel,—,0.14551119102979426,0.11737425749861037,0.10927345189092658,8629.470000000001,613.3994412755839,8974.04,0.31347496089356963,0.9375,0.4375,0.20684
M03477,gold,Singapore,Points Optimiser,True,2x / 3x points,transport,Rail & Metro,Hanoi Metro,3x points on transport,0.3563315081038141,0.3563315081038141,0.3042042459822044,28.11,119.657533770594,32.38,0.44048248085485786,1.0,0.0,0.316
M03478,core,Japan,Immediate Value Seeker,True,Cashback / statement credit,dining,Fine Dining,Breizh Café,Cashback at Breizh Café,0.18467138829637036,0.1388217683677596,0.16112906574917432,5376.23,4060.733567617909,5376.23,0.31276315253602927,1.0,0.1111111111111111,0.19456666666666667
M03479,core,Hong Kong,Immediate Value Seeker,True,Cashback / statement credit,retail,Premium Retail,COS,Cashback at COS,0.18419224057067962,0.14020221609293207,0.1765688130537218,1709.47,128.7306010697813,1823.29,0.362641367128786,1.0,0.1,0.3855
M03480,core,Japan,Low Responsiveness,False,No incentive,retail,Premium Retail,Mitsukoshi Ginza,—,0.10657622734461493,0.10657622734461493,0.17083379378734653,728.92,178.6810396397539,735.86,0.30600587911642885,1.0,0.1111111111111111,0.4110333333333333
M03481,core,Singapore,Immediate Value Seeker,True,Cashback / statement credit,lodging,Hotel,Hill House Hotel,Cashback at Hill House Hotel,0.17967865121620805,0.13138494791758734,0.16701675006594344,3893.57,1062.8820583342217,4372.24,0.3778447944367093,1.0,0.2222222222222222,0.18794
M03482,core,Australia,Merchant Explorer,True,Merchant-specific voucher,dining,Fine Dining,Seonchang Fish Restaurant,Seonchang Fish Restaurant voucher,0.16765906459123775,0.12606897771386286,0.15545116868892736,4600.82,941.39692857091,5338.13,0.292595077479473,0.9090909090909091,0.045454545454545456,0.23398750000000001
M03483,core,Singapore,Already Loyal,False,No incentive,dining,Fine Dining,Zuboraya,—,0.12909868481315492,0.12009777851306307,0.14791660029703063,15905.070000000002,2517.8867827661925,16910.29,0.44673676274998064,0.9230769230769231,0.20512820512820512,0.2787090909090909
M03484,core,Singapore,Threshold Chaser,True,"Spend X, get Y back",dining,Fine Dining,Maxwell Food Centre,Spend & get-back at Maxwell Food Centre,0.137524453670118,0.137524453670118,0.14830560244663543,1748.82,1515.2672121292142,1748.82,0.3416270230608243,1.0,0.4,0.0802
M03485,core,Singapore,Category Loyalist,True,Category-specific reward,retail,Premium Retail,Merci,Premium Retail reward (retail),0.13400855355212923,0.1190773919936318,0.1548562512512171,4374.69,1260.2408538615805,4374.6900000000005,0.6417029381669681,1.0,0.14285714285714285,0.24855
M03486,core,Singapore,Fee-Sensitive Traveller,False,No incentive (FX-offset out of scope),dining,Fine Dining,Gyeongbuk Fish Restaurant,—,0.11912593965165773,0.11912593965165773,0.14875758741130807,3356.08,1644.2976642342537,3524.85,0.32020056261076996,0.9428571428571428,0.11428571428571428,0.3735
M03487,core,Australia,Already Loyal,False,No incentive,dining,Fine Dining,Maxwell Food Centre,—,0.15071458094460607,0.1239703731249811,0.13162345879135842,12556.34,1270.4803287991474,12896.35,0.360874864245602,1.0,0.1111111111111111,0.3195545454545454
M03489,core,Singapore,Merchant Explorer,True,Merchant-specific voucher,lodging,Hotel,Hotel Nikko Osaka,Hotel Nikko Osaka voucher,0.17414226752707834,0.13478218803659198,0.16461446197217197,2926.52,1387.9522308323826,3049.16,0.2870700699684899,0.96875,0.25,0.30113
M03491,core,Singapore,Merchant Explorer,True,Merchant-specific voucher,lodging,Hotel,Punt Hill Apartment Hotel,Punt Hill Apartment Hotel voucher,0.15751746307039333,0.1127808215685964,0.1585876991210832,3388.09,3351.172616261005,3925.0,0.2871765899273804,1.0,0.2608695652173913,0.19860000000000003
M03492,core,Hong Kong,Merchant Explorer,True,Merchant-specific voucher,retail,Premium Retail,Lane Crawford,Lane Crawford voucher,0.15710471689100938,0.12347511051700436,0.15355171584833407,3712.63,890.2273017098971,6162.13,0.33689829747488764,1.0,0.35,0.30670000000000003
M03494,core,Singapore,Points Optimiser,True,2x / 3x points,transport,Premium Transport,Mangkubumi 1,3x points on transport,0.2237589235333386,0.2237589235333386,0.19219110852727783,134.28,288.7820435806776,151.86,0.40729212993959835,1.0,0.1111111111111111,0.5715666666666667
M03495,gold,Singapore,Merchant Explorer,True,Merchant-specific voucher,dining,Fast Food,KFC,KFC voucher,0.1764236271532777,0.12939078508673002,0.16601862391497513,8818.94,1342.9614544282847,8847.93,0.693428233369361,1.0,0.2,0.23249999999999998
M03498,gold,United States,Immediate Value Seeker,True,Cashback / statement credit,retail,Premium Retail,IFC Mall,Cashback at IFC Mall,0.15347599588156116,0.11290398643421147,0.11726106336779851,2485.98,25.244045740419594,2747.96,0.27000099715066195,1.0,0.16666666666666666,0.16533333333333333
M03500,core,Australia,Immediate Value Seeker,True,Cashback / statement credit,retail,Premium Retail,Paris Baguette,Cashback at Paris Baguette,0.15364625986277286,0.15364625986277286,0.17322455108319768,801.38,2.833498154414798,811.09,0.4162427543155208,1.0,0.16666666666666666,0.42025
M03502,core,Singapore,Immediate Value Seeker,True,Cashback / statement credit,dining,Fine Dining,Jumbo Seafood,Cashback at Jumbo Seafood,0.12984137258357584,0.12984137258357584,0.15530680142309944,2005.0,1949.5674261520867,2005.0,0.2910689477304246,0.9090909090909091,0.18181818181818182,0.1588
M03503,core,Japan,Fee-Sensitive Traveller,False,No incentive (FX-offset out of scope),dining,Fine Dining,Busan Fish Restaurant,—,0.14003574240193162,0.14003574240193162,0.15604750067402656,1118.56,481.62746167093417,1324.3200000000002,0.40847540722237746,1.0,0.1111111111111111,0.547
M03504,platinum,Japan,Points Optimiser,True,2x / 3x points,retail,Premium Retail,Merci,3x points on retail,0.15621609547195137,0.1249689169074724,0.10066461246394916,4624.95,615.9373555026525,4624.95,0.27592493885028635,1.0,0.25,0.04
M03505,core,Japan,Low Responsiveness,False,No incentive,lodging,Upscale Hotel,The Sukhothai,—,0.0938471631116575,0.0938471631116575,0.131983573484519,103.31,9.113734860745415,1064.02,0.37471158163724705,1.0,0.5,0.4571
M03507,core,Japan,Already Loyal,False,No incentive,dining,Fine Dining,Armando al Pantheon,—,0.1500605382264306,0.11765215296442699,0.13416853247080598,8860.5,1527.3654127739278,8993.08,0.374816245109756,1.0,0.1875,0.250225
M03508,platinum,Hong Kong,Already Loyal,False,No incentive,dining,Fine Dining,Cumulus Inc.,—,0.14607766253465745,0.11983148891488368,0.096666579347006,7786.299999999999,515.2374151626683,7786.3,0.3696519523286777,1.0,0.18181818181818182,0.05026666666666666
M03510,core,Japan,Immediate Value Seeker,True,Cashback / statement credit,dining,Fine Dining,K's BAR,Cashback at K's BAR,0.13027577488902858,0.13027577488902858,0.16443671118126818,1124.57,110.73178254363745,1132.16,0.3272037045924171,1.0,0.1,0.19086666666666666
M03512,gold,Singapore,Points Optimiser,True,2x / 3x points,retail,Apparel,Capitol Square Computer Centre,3x points on retail,0.1534434838724097,0.12801888448090606,0.1086541715803889,7179.33,951.7325474693693,7179.33,0.30939460972586835,1.0,0.3,0.17903333333333335
M03513,core,Australia,Threshold Chaser,True,"Spend X, get Y back",retail,Premium Retail,Wako,Spend & get-back at Wako,0.14531710374004317,0.1166340258033331,0.16058107077060554,4601.42,1690.8195890204029,4601.42,0.35583034779017747,1.0,0.35714285714285715,0.0783
M03515,centurion,Australia,Merchant Explorer,True,Merchant-specific voucher,transport,Premium Transport,MTR,MTR voucher,0.16206076541755043,0.16206076541755043,0.0962932821687181,17971.64,1924.3201344081713,22941.24,0.2990854327523498,1.0,0.2608695652173913,0.3380714285714285
M03516,gold,Singapore,Category Loyalist,True,Category-specific reward,transport,Rail & Metro,Vietnam Airlines,Rail & Metro reward (transport),0.3923451366563139,0.3923451366563139,0.33214240216969293,25.490000000000002,197.34315924648706,25.490000000000002,0.5190082927004197,1.0,0.0,0.316
M03517,core,Singapore,Low Responsiveness,False,No incentive,dining,Fine Dining,Din Tai Fung ION,—,0.10657019399745174,0.10657019399745174,0.15597844306293515,851.31,52.353286324036596,976.9399999999999,0.32772236023181384,1.0,0.18181818181818182,0.14853333333333332
M03519,platinum,Singapore,Already Loyal,False,No incentive,transport,Ride-hail & Taxi,Grab,—,0.14530916081810483,0.1191751611271962,0.10616823348927003,13475.82,456.6264181013379,13941.380000000001,0.2548035963756519,0.9444444444444444,0.3888888888888889,0.23795
M03520,gold,Singapore,Already Loyal,False,No incentive,retail,Premium Retail,QVB,—,0.12429551693974769,0.12429551693974769,0.07273766070055895,10209.800000000001,456.92779784281555,10356.54,0.6638351066698368,0.9,0.15,0.28226666666666667
M03522,core,Japan,Merchant Explorer,True,Merchant-specific voucher,dining,Fine Dining,Earnings Surprise Cheongdam terrace,Earnings Surprise Cheongdam terrace voucher,0.17717560769156257,0.1283038779436922,0.17420987361184906,4335.76,1917.8924500949963,4737.0,0.32559691294272075,1.0,0.2857142857142857,0.26284444444444444
M03523,platinum,United States,Points Optimiser,True,2x / 3x points,lodging,Upscale Hotel,Parkroyal Collection Pickering,3x points on lodging,0.17725126500034463,0.15124089322944606,0.10861870187503905,9527.8,511.914733794821,9527.8,0.42218486712500686,1.0,0.25,0.0896
M03525,core,United States,Immediate Value Seeker,True,Cashback / statement credit,lodging,Mid-scale Hotel,Grand Hyatt Kuala Lumpur,Cashback at Grand Hyatt Kuala Lumpur,0.22117665984993423,0.22117665984993423,0.2265751476240035,310.76,381.601268062954,340.69,0.30238094978193875,1.0,0.14285714285714285,0.39444999999999997
M03527,gold,Japan,Fee-Sensitive Traveller,False,No incentive (FX-offset out of scope),retail,Premium Retail,MCM,—,0.14396229131207783,0.11783708407450072,0.11091561580088102,2249.68,902.7198351161722,2249.68,0.4344566378014961,1.0,0.42857142857142855,0.42025
M03529,gold,Singapore,Merchant Explorer,True,Merchant-specific voucher,lodging,Upscale Hotel,Parkroyal Collection Pickering,Parkroyal Collection Pickering voucher,0.16486438525340374,0.14359540735423348,0.11669534460608057,17803.38,7554.074443631516,19825.11,0.3516181068115813,1.0,0.20588235294117646,0.348
M03530,core,Japan,Immediate Value Seeker,True,Cashback / statement credit,dining,Fine Dining,Zuboraya,Cashback at Zuboraya,0.1235381784933135,0.1235381784933135,0.1634220841443912,1998.56,193.9241976769539,2035.0,0.4167438234338873,1.0,0.16666666666666666,0.2163
M03532,gold,Singapore,Low Responsiveness,False,No incentive,retail,Premium Retail,Penang Times Square,—,0.1076888670064834,0.1076888670064834,0.1812993108767061,68.74,91.42844202277932,68.74,1.0,1.0,0.0,0.4729
M03534,core,Australia,Category Loyalist,True,Category-specific reward,dining,Fine Dining,La Terrasse,Fine Dining reward (dining),0.24427342589899115,0.24427342589899115,0.24356822402886882,196.41,596.1330613899551,196.41,0.6331079385327611,1.0,0.0,0.4571
M03535,core,Singapore,Immediate Value Seeker,True,Cashback / statement credit,lodging,Upscale Hotel,Gion Hatanaka,Cashback at Gion Hatanaka,0.18573255676899877,0.12828697115125504,0.16874220329612227,5955.49,1406.4619669012445,7788.24,0.36214013140756857,1.0,0.2777777777777778,0.24064000000000002
M03537,core,Singapore,Merchant Explorer,True,Merchant-specific voucher,dining,Cafe & Coffee,Met Cafe,Met Cafe voucher,0.157332668139817,0.12118089511619022,0.1493291632167254,8870.630000000001,980.18737523757,9188.539999999999,0.4481294614437463,1.0,0.25,0.128625
M03538,core,Japan,Threshold Chaser,True,"Spend X, get Y back",transport,Rail & Metro,MRT Sukhumvit,Spend & get-back at MRT Sukhumvit,0.12285285363595701,0.12285285363595701,0.1468889108269102,393.12,60.60745978835792,723.82,0.357482226551968,1.0,0.5,0.24855
M03539,core,Hong Kong,Category Loyalist,True,Category-specific reward,lodging,Mid-scale Hotel,Rama Guest House,Mid-scale Hotel reward (lodging),0.1746852197484642,0.1746852197484642,0.2362782037881446,162.87,326.1085165192394,321.95,0.6101257708470628,1.0,0.0,0.6288
M03540,gold,Hong Kong,Fee-Sensitive Traveller,False,No incentive (FX-offset out of scope),dining,Cafe & Coffee,Puzzle Coffee,—,0.14920674228923722,0.1133408432721755,0.10588492308996915,5156.79,800.9756300381923,5222.08,0.29820204892492197,0.9090909090909091,0.0,0.547
M03541,core,Hong Kong,Merchant Explorer,True,Merchant-specific voucher,lodging,Budget & Hostel,The Inn at the Roman Forum,The Inn at the Roman Forum voucher,0.1695978739989321,0.13342306441105303,0.14337301652831896,9680.34,4852.149517747916,10624.2,0.28537305274957947,0.9761904761904762,0.2857142857142857,0.29205000000000003
M03543,core,Hong Kong,Category Loyalist,True,Category-specific reward,lodging,Hotel,Hotel Golf,Hotel reward (lodging),0.17125360160077474,0.17125360160077474,0.2184278846993073,1178.47,1263.3146921425534,1195.95,0.5515121009332189,1.0,0.2857142857142857,0.4428
M03544,gold,Hong Kong,Category Loyalist,True,Category-specific reward,retail,General Retail,Dong Xuan Market,General Retail reward (retail),0.3617824916739719,0.3617824916739719,0.34141310019380366,32.64,260.69124516675214,32.64,0.5185092572568243,1.0,0.0,0.316
M03545,core,United States,Category Loyalist,True,Category-specific reward,dining,Fine Dining,Gion Karyo,Fine Dining reward (dining),0.12173156346184227,0.12173156346184227,0.1502373367453781,1623.0,1081.6493483018623,1623.0,0.517907501265124,1.0,0.25,0.1166
M03546,core,Japan,Immediate Value Seeker,True,Cashback / statement credit,retail,Electronics,Samsung Digital Plaza,Cashback at Samsung Digital Plaza,0.1570058256282016,0.1253672513720022,0.15968499255535465,4092.58,1020.3543729999262,4224.5,0.4459210554688753,1.0,0.2,0.247
M03547,core,Singapore,Points Optimiser,True,2x / 3x points,dining,Fine Dining,Jalan Alor stalls,3x points on dining,0.17887021252916832,0.17887021252916832,0.16639573489160325,321.7,692.3233939008862,577.47,0.4405550304838567,1.0,0.2222222222222222,0.33886666666666665
M03548,core,Japan,Category Loyalist,True,Category-specific reward,lodging,Budget & Hostel,Khách Sạn Hanoi Street,Budget & Hostel reward (lodging),0.2223370616225441,0.2223370616225441,0.1600508261848811,29.03,52.37380680662132,42.620000000000005,0.506091834224772,1.0,0.0,0.316
M03549,platinum,Hong Kong,Points Optimiser,True,2x / 3x points,dining,Fine Dining,Jumbo Seafood,3x points on dining,0.1464772659983785,0.1464772659983785,0.12614995838009213,3480.07,0.0,3480.07,0.4888402283281676,1.0,0.0,0.0896
M03550,core,United States,Threshold Chaser,True,"Spend X, get Y back",dining,Fine Dining,Lucky Chan,Spend & get-back at Lucky Chan,0.11808248000169283,0.11808248000169283,0.16398723859816336,2454.9,781.6931381914335,2471.21,0.47806639117448085,1.0,0.6363636363636364,0.05026666666666666
M03551,core,Japan,Low Responsiveness,False,No incentive,dining,Fine Dining,Fine Grind,—,0.1121855705276695,0.1121855705276695,0.15107868065719868,699.03,15.644519896625042,699.03,0.3036492781962953,1.0,0.25,0.04
M03552,gold,Australia,Low Responsiveness,False,No incentive,lodging,Budget & Hostel,JR-EAST Hotel Mets Shibuya,—,0.10820530241205142,0.11369988160208014,0.10154921226760219,38550.01000000001,9105.928041903222,38581.01,0.7463118213993387,1.0,0.13333333333333333,0.2300666666666667
M03554,core,Singapore,Immediate Value Seeker,True,Cashback / statement credit,lodging,Upscale Hotel,Hôtel Caron de Beaumarchais,Cashback at Hôtel Caron de Beaumarchais,0.17276361674760665,0.11045427920035843,0.18005457776676917,3123.61,318.62080935074414,3123.61,0.42755731591152546,1.0,0.0,0.04
M03555,core,Singapore,Points Optimiser,True,2x / 3x points,lodging,Budget & Hostel,The Sukhothai,3x points on lodging,0.4,0.4,0.1406943939801589,36.61,5.931483558596213,138.76,0.3126982566255616,1.0,0.0,0.4571
M03556,core,Singapore,Low Responsiveness,False,No incentive,lodging,Budget & Hostel,The Inn at the Roman Forum,—,0.11541261379383169,0.11541261379383169,0.1510574146517403,3700.5499999999997,2578.7401121378,4205.48,0.3309641954403806,0.9047619047619048,0.19047619047619047,0.19443333333333335
M03557,gold,United States,Already Loyal,False,No incentive,retail,Premium Retail,IFC Mall,—,0.151822098563835,0.151822098563835,0.08725823945147337,13037.43,2791.6869309105355,14215.35,0.42719922279887007,1.0,0.21739130434782608,0.47922857142857145
M03558,platinum,Hong Kong,Category Loyalist,True,Category-specific reward,lodging,Mid-scale Hotel,Homey Home,Mid-scale Hotel reward (lodging),0.20733149544892515,0.20733149544892515,0.1470815055734734,154.45,336.6706637240316,160.43,0.6612190196678502,1.0,0.0,0.8005
M03560,platinum,Hong Kong,Points Optimiser,True,2x / 3x points,retail,Premium Retail,Merci,3x points on retail,0.15553508030834606,0.13590065995214623,0.09448551871949296,7370.780000000001,4131.837635340399,8648.63,0.30839044049199205,1.0,0.3333333333333333,0.19862
M03561,gold,Japan,Category Loyalist,True,Category-specific reward,dining,Fine Dining,Caffè Cibreo,Fine Dining reward (dining),0.17257949789825866,0.13103303268704694,0.12919954760426666,4858.429999999999,2854.851982731646,4898.4800000000005,0.5717300315628946,1.0,0.21428571428571427,0.1101
M03562,core,Hong Kong,Immediate Value Seeker,True,Cashback / statement credit,dining,Fine Dining,바랗,Cashback at 바랗,0.1671140272081607,0.1242340688315064,0.16595666232474088,2194.22,9.2284182064152,2194.22,0.2546052726319807,1.0,0.25,0.04
M03563,platinum,Singapore,Already Loyal,False,No incentive,retail,Premium Retail,Sneaker Street,—,0.14159170354860645,0.14159170354860645,0.0804207786122622,12855.789999999999,979.4371034925015,12855.789999999999,0.321525762954977,1.0,0.1875,0.08415
M03564,gold,Singapore,Already Loyal,False,No incentive,lodging,Upscale Hotel,Gion Hatanaka,—,0.1485229011927104,0.12967380946123508,0.09017406422801828,7822.65,4103.763773622086,7827.69,0.3342828741078515,1.0,0.2777777777777778,0.3605333333333333
M03566,platinum,Singapore,Points Optimiser,True,2x / 3x points,dining,Fine Dining,Quán Bar No.5,3x points on dining,0.22972658293431888,0.22972658293431888,0.15013873084460239,90.83,157.82850790520473,304.67,0.4041474589823689,1.0,0.16666666666666666,0.39444999999999997
M03567,centurion,Hong Kong,Points Optimiser,True,2x / 3x points,retail,Premium Retail,Fahrenheit88,3x points on retail,0.4,0.4,0.4,57.55,483.02280098893766,4332.7,0.38607659499796687,1.0,0.0,0.46499999999999997
M03568,gold,Hong Kong,Points Optimiser,True,2x / 3x points,retail,Premium Retail,Abbesses shops,3x points on retail,0.21889682594077736,0.19452554418732737,0.18806501150493968,3615.46,2842.019544206042,4149.91,0.41010120079983614,1.0,0.0,0.25645
M03569,core,Australia,Already Loyal,False,No incentive,retail,Premium Retail,Nishiki Market stalls,—,0.1497420267669328,0.14324715859538173,0.1414761440681922,7482.03,2242.5774524797725,7482.03,0.47445717369478907,1.0,0.0,0.1031
M03570,core,Hong Kong,Immediate Value Seeker,True,Cashback / statement credit,dining,Fine Dining,Songdo Fish Restaurant,Cashback at Songdo Fish Restaurant,0.1625942596560054,0.1269238698651882,0.1655131195038504,3501.33,125.44332222127207,3505.89,0.4238874726901546,1.0,0.0,0.42025
M03571,core,Australia,Low Responsiveness,False,No incentive,retail,Premium Retail,Takashimaya,—,0.103330181552753,0.103330181552753,0.17795090351616222,1171.79,0.0,1171.79,0.25746495918509865,1.0,0.0,0.0896
M03573,gold,Australia,Fee-Sensitive Traveller,False,No incentive (FX-offset out of scope),retail,Premium Retail,Juno Hair,—,0.13942506117315556,0.13942506117315556,0.14251711831641087,321.35,17.795395521057948,465.52,0.2580927181096137,1.0,0.18181818181818182,0.4034
M03574,gold,Singapore,Low Responsiveness,False,No incentive,dining,Fine Dining,Breizh Café,—,0.09965546040978804,0.09965546040978804,0.09325618289651,3843.07,193.79537262708072,4490.07,0.28961009675418725,1.0,0.45454545454545453,0.20083333333333334
M03576,core,Japan,Category Loyalist,True,Category-specific reward,retail,Apparel,H&M,Apparel reward (retail),0.145991111203147,0.11898495621213655,0.15979386949880092,3054.6000000000004,98.70988167865768,3054.6000000000004,0.6947341236995359,1.0,0.25,0.04
M03577,gold,United States,Threshold Chaser,True,"Spend X, get Y back",lodging,Upscale Hotel,Hôtel Particulier Montmartre,Spend & get-back at Hôtel Particulier Montmartre,0.1851701678350198,0.14435018610391598,0.12726072787729326,3083.46,3390.4114228783424,3083.46,0.3742042566760026,0.9090909090909091,0.36363636363636365,0.05026666666666666
M03578,core,Japan,Merchant Explorer,True,Merchant-specific voucher,lodging,Upscale Hotel,Hôtel Particulier Montmartre,Hôtel Particulier Montmartre voucher,0.16515840968027962,0.133458341004881,0.1511792669683624,5432.54,3151.0947445059974,6180.24,0.4171919322384023,1.0,0.14285714285714285,0.20083333333333334
M03579,gold,Australia,Threshold Chaser,True,"Spend X, get Y back",retail,Premium Retail,Nishiki Market stalls,Spend & get-back at Nishiki Market stalls,0.16617466040317433,0.12786356901213985,0.1411224362125595,1406.57,1085.6845209129503,2192.88,0.3675671820415796,1.0,0.45454545454545453,0.4633333333333333
M03580,gold,Hong Kong,Low Responsiveness,False,No incentive,lodging,Budget & Hostel,Causeway Inn on the Mall,—,0.1160971402248092,0.1160971402248092,0.10762591881210712,2913.64,116.45282770183512,2950.7000000000003,0.46325787203586716,1.0,0.23076923076923078,0.163425
M03581,core,Singapore,Points Optimiser,True,2x / 3x points,dining,Fine Dining,Uobei Shibuya,3x points on dining,0.15925787428835753,0.13817783194848463,0.12928716704500315,12430.449999999999,4836.298953029016,12430.449999999999,0.35793640742156435,0.9444444444444444,0.2222222222222222,0.24421999999999996
M03582,core,Hong Kong,Immediate Value Seeker,True,Cashback / statement credit,dining,Fine Dining,Kukuru Takoyaki,Cashback at Kukuru Takoyaki,0.1246790299968036,0.1246790299968036,0.1589188771287089,631.06,264.8848448345495,656.5699999999999,0.28149697339996177,1.0,0.3076923076923077,0.318275
M03584,core,Singapore,Points Optimiser,True,2x / 3x points,dining,Street & Local,Warung Mendez,3x points on dining,0.4,0.4,0.3650974333283545,11.94,140.86458354329656,18.69,0.4788937584039212,1.0,0.0,0.8005
M03587,gold,Singapore,Points Optimiser,True,2x / 3x points,dining,Fine Dining,Breizh Café,3x points on dining,0.18496988679516735,0.14706260804453813,0.13930405783128563,2022.1699999999998,610.2151478241301,2030.6799999999998,0.3974267269097113,1.0,0.2857142857142857,0.25645
M03588,core,Singapore,Immediate Value Seeker,True,Cashback / statement credit,retail,Apparel,Capitol Square Computer Centre,Cashback at Capitol Square Computer Centre,0.12070162893506407,0.12070162893506407,0.1668101312834243,656.25,4.046187291700363,670.08,0.33131125175633697,1.0,0.14285714285714285,0.24855
M03589,gold,Japan,Already Loyal,False,No incentive,dining,Fine Dining,Kyubey,—,0.1489947126707579,0.10920394194022055,0.11886186521038337,8361.71,271.00433202219506,8361.71,0.6195913551429648,1.0,0.0,0.0783
M03590,core,Japan,Fee-Sensitive Traveller,False,No incentive (FX-offset out of scope),retail,Premium Retail,Chinatown Complex,—,0.12226838574450608,0.12226838574450608,0.1772390132295563,1006.6,79.669598542334,1116.42,0.32643679544442183,1.0,0.3333333333333333,0.44906666666666667
M03591,gold,Singapore,Points Optimiser,True,2x / 3x points,lodging,Upscale Hotel,Parkroyal Collection Pickering,3x points on lodging,0.16446034842198792,0.1311782061249055,0.1194274124677638,4210.57,1388.4479471397672,4214.96,0.3799339432275433,1.0,0.21428571428571427,0.27827999999999997
M03592,gold,Hong Kong,Merchant Explorer,True,Merchant-specific voucher,dining,Fine Dining,Bird Land,Bird Land voucher,0.15966705136109638,0.11818767077004069,0.11723603693972443,5874.370000000001,452.0429131595872,6131.9800000000005,0.514548868440212,1.0,0.28,0.2455285714285714
M03593,core,Singapore,Category Loyalist,True,Category-specific reward,retail,Premium Retail,Florist,Premium Retail reward (retail),0.30438336898801216,0.30438336898801216,0.3246656387021021,396.53,923.5163905665829,433.88000000000005,0.7766547631947259,1.0,0.0,0.26395
M03595,platinum,Singapore,Threshold Chaser,True,"Spend X, get Y back",lodging,Upscale Hotel,JW Marriott Bangkok,Spend & get-back at JW Marriott Bangkok,0.2503379483894585,0.2503379483894585,0.20027830041320416,678.16,957.0444777270432,3005.45,0.37178676093568186,1.0,0.625,0.31806666666666666
M03596,core,Australia,Immediate Value Seeker,True,Cashback / statement credit,dining,Fine Dining,Kyubey,Cashback at Kyubey,0.1195306045555902,0.1195306045555902,0.1509294523332695,3615.57,661.2471900014974,4015.2599999999998,0.41942920719455246,1.0,0.25,0.35355
M03597,gold,Singapore,Immediate Value Seeker,True,Cashback / statement credit,transport,Premium Transport,Italo,Cashback at Italo,0.2041606528898461,0.2041606528898461,0.21152849535205934,164.75,210.44965777176435,163.75,0.38323253330225515,1.0,0.3333333333333333,0.0708
M03599,gold,Singapore,Points Optimiser,True,2x / 3x points,transport,Premium Transport,Seonjeongneung,3x points on transport,0.15416892376873326,0.11996573853788076,0.11848123255267083,10211.470000000001,1565.7900854079007,10211.47,0.2813708199028668,1.0,0.058823529411764705,0.12958
M03600,core,Hong Kong,Immediate Value Seeker,True,Cashback / statement credit,dining,Fine Dining,Walker's Doughnuts,Cashback at Walker's Doughnuts,0.1170499253654638,0.1170499253654638,0.1458407780929565,1998.79,33.82200585017529,2180.21,0.32857390433109274,1.0,0.2857142857142857,0.178
M03601,platinum,Australia,Merchant Explorer,True,Merchant-specific voucher,dining,Fine Dining,Tsukiji Sushi Sen,Tsukiji Sushi Sen voucher,0.1529860626696679,0.11292398550004296,0.1272548214195305,14713.24,2504.279730185968,15361.84,0.32875539141513865,0.9333333333333333,0.17777777777777778,0.2683384615384615
M03603,centurion,Australia,Points Optimiser,True,2x / 3x points,lodging,Hotel,Hard Rock Hotel Patong,3x points on lodging,0.16370391639505927,0.16370391639505927,0.16351628655091976,1403.28,780.6518629859443,4471.43,0.465272962852105,1.0,0.09090909090909091,0.34359999999999996
M03604,gold,Singapore,Category Loyalist,True,Category-specific reward,dining,Fine Dining,L'As du Fallafel,Fine Dining reward (dining),0.23646330123582512,0.23646330123582512,0.20532311558267002,317.14,37.195969717159024,336.18,0.6329145279926951,1.0,0.0,0.04
M03606,platinum,Singapore,Points Optimiser,True,2x / 3x points,dining,Fine Dining,Tosokchon nearby,3x points on dining,0.12864513200138317,0.12864513200138317,0.12003797447689687,5908.299999999999,19.432914637035935,5908.299999999999,0.35471820154563966,1.0,0.25,0.04
M03607,gold,Hong Kong,Already Loyal,False,No incentive,retail,Premium Retail,Get & Go,—,0.12676574698322166,0.13532112534883434,0.07198219861667245,20479.96,4169.5088130318945,21714.76,0.7500116647925826,1.0,0.15,0.26394999999999996
M03609,core,Hong Kong,Merchant Explorer,True,Merchant-specific voucher,retail,Premium Retail,Burberry,Burberry voucher,0.17352327747246118,0.14334892090589252,0.158752653923129,6076.87,3231.390568559205,6177.92,0.3545882902133581,1.0,0.15384615384615385,0.2609375
M03610,gold,Singapore,Fee-Sensitive Traveller,False,No incentive (FX-offset out of scope),retail,Premium Retail,Landmark,—,0.151535438581417,0.13029437805620459,0.09696297739329215,4037.98,1150.9721816689453,4415.17,0.3003407992389998,0.9285714285714286,0.14285714285714285,0.549525
M03612,gold,Japan,Fee-Sensitive Traveller,False,No incentive (FX-offset out of scope),lodging,Hotel,Imperial Hotel Tokyo,—,0.1215659681997364,0.1215659681997364,0.11902040206235097,2667.84,33.714226316269475,2680.15,0.3837834696696449,1.0,0.16666666666666666,0.45855
M03613,gold,Japan,Points Optimiser,True,2x / 3x points,dining,Fine Dining,Gion Karyo,3x points on dining,0.11900076406474577,0.11900076406474577,0.09953721774808372,2368.5,863.7114446222486,2383.6,0.31482599248779497,1.0,0.3333333333333333,0.09106666666666667
M03616,core,Japan,Points Optimiser,True,2x / 3x points,dining,Cafe & Coffee,Manzi Art Space and Cafe,3x points on dining,0.3553413614870591,0.3553413614870591,0.29347812947034985,55.94,137.93905065232605,55.94,0.34261100527929145,1.0,0.0,0.316
M03618,gold,Hong Kong,Low Responsiveness,False,No incentive,transport,Premium Transport,Keihan,—,0.10689015268521232,0.10689015268521232,0.11118576330046605,1933.6399999999999,238.1957938097973,1933.64,0.28028636563827375,1.0,0.0,0.1166
M03619,core,Singapore,Merchant Explorer,True,Merchant-specific voucher,dining,Fine Dining,Yung Kee,Yung Kee voucher,0.16579259315055667,0.12277806856251337,0.1661569805315175,2834.46,170.80852605380085,3057.05,0.28863294763856207,1.0,0.17391304347826086,0.20598333333333332
M03623,core,United States,Threshold Chaser,True,"Spend X, get Y back",dining,Fine Dining,Brunetti Oro,Spend & get-back at Brunetti Oro,0.15298507885170956,0.11375957957735013,0.16437403244037574,4770.12,530.986734082052,4774.72,0.4567207236998227,1.0,0.36363636363636365,0.249275
M03624,core,Singapore,Immediate Value Seeker,True,Cashback / statement credit,dining,Fine Dining,Yat Lok,Cashback at Yat Lok,0.15757652260791732,0.12714481661714822,0.14626495475117632,3908.37,2035.3644972344484,3931.67,0.3145581231857953,1.0,0.26666666666666666,0.257425
M03627,core,Singapore,Low Responsiveness,False,No incentive,dining,Fine Dining,고기고,—,0.10361258164321345,0.10361258164321345,0.16490269319347883,992.1700000000001,3.3012322870761466,992.1700000000001,0.29207146770383574,1.0,0.25,0.04
M03629,gold,Australia,Merchant Explorer,True,Merchant-specific voucher,dining,Fine Dining,Armando al Pantheon,Armando al Pantheon voucher,0.15967224659042045,0.13443678060158154,0.10016895851686132,6659.889999999999,1709.7464231110384,6812.75,0.2687551373998237,1.0,0.35,0.2707
M03630,gold,Hong Kong,Points Optimiser,True,2x / 3x points,dining,Fast Food,McDonald's,3x points on dining,0.11801925938494956,0.11801925938494956,0.09746131055019808,3407.55,309.48942724795404,3407.55,0.3664639211443585,1.0,0.3333333333333333,0.27103333333333335
M03631,core,Japan,Immediate Value Seeker,True,Cashback / statement credit,retail,Convenience,Crystal Mart,Cashback at Crystal Mart,0.15922947830761766,0.11489742856301133,0.18479120002917465,1747.6799999999998,770.726139798911,1854.13,0.3281713200796125,1.0,0.125,0.15656
M03632,core,Singapore,Immediate Value Seeker,True,Cashback / statement credit,lodging,Upscale Hotel,Swissotel Nankai Osaka,Cashback at Swissotel Nankai Osaka,0.17441030034953936,0.1293819347719138,0.16138127539076347,3095.25,1617.9647815347194,3470.92,0.2782604634930141,1.0,0.3125,0.190275
M03633,core,Singapore,Immediate Value Seeker,True,Cashback / statement credit,retail,Premium Retail,Sneaker Street,Cashback at Sneaker Street,0.11742942375217783,0.11742942375217783,0.17554801273730392,1438.99,281.2095526928574,1438.99,0.2737432787923575,1.0,0.25,0.14
M03634,platinum,Australia,Fee-Sensitive Traveller,False,No incentive (FX-offset out of scope),dining,Fine Dining,Hong-bok,—,0.1517418151470447,0.12117595422837335,0.11340624270072992,3448.68,149.80038578026677,3589.2,0.35736096477142704,1.0,0.16666666666666666,0.547
M03635,core,United States,Category Loyalist,True,Category-specific reward,retail,Premium Retail,Nishiki Market stalls,Premium Retail reward (retail),0.12711407701297212,0.12043672470149674,0.15253165994818546,4653.93,5326.932772182228,5218.83,0.6239918208999987,1.0,0.11764705882352941,0.29700000000000004
M03636,core,Japan,Immediate Value Seeker,True,Cashback / statement credit,dining,Fine Dining,Ichiran Dotonbori,Cashback at Ichiran Dotonbori,0.1197247648670378,0.1197247648670378,0.16305803177683276,1147.1200000000001,105.81860058663372,1649.8,0.4045811614998506,1.0,0.25,0.29475
M03638,core,Singapore,Immediate Value Seeker,True,Cashback / statement credit,retail,General Retail,tạp hóa,Cashback at tạp hóa,0.235366123635811,0.235366123635811,0.315604200468762,24.28,34.88584047847648,39.64,0.42633257847366973,1.0,0.0,0.316
M03639,gold,Singapore,Points Optimiser,True,2x / 3x points,retail,Premium Retail,BHV Marais,3x points on retail,0.1580852160261967,0.12891605635269365,0.10480114035900227,2824.58,1032.3881181192478,3057.08,0.30152409173971656,1.0,0.26666666666666666,0.171125
M03640,core,Australia,Threshold Chaser,True,"Spend X, get Y back",dining,Fine Dining,Lau Pa Sat nearby,Spend & get-back at Lau Pa Sat nearby,0.11977946182971999,0.11977946182971999,0.16745006988132288,1146.15,459.3992170170448,1505.04,0.34722948400770776,1.0,0.4,0.2875666666666667
M03641,gold,Singapore,Already Loyal,False,No incentive,dining,Fine Dining,Lucky Chan,—,0.14720082349005276,0.10949169538811593,0.10493905198372086,4371.5,1105.204460500977,6949.92,0.27011524068979675,0.8888888888888888,0.3888888888888889,0.3651
M03642,platinum,Singapore,Already Loyal,False,No incentive,retail,Premium Retail,Kagui,—,0.14225152234120036,0.12281993772383767,0.08607852294038774,7749.38,349.4258320518338,7843.56,0.28572388321450787,1.0,0.2,0.26842499999999997
M03643,core,Hong Kong,Points Optimiser,True,2x / 3x points,retail,Convenience,7-Eleven,3x points on retail,0.32544536120332046,0.32544536120332046,0.21170645051636966,64.83,288.2159233234334,493.97999999999996,0.32220941389440405,1.0,0.25,0.4571
M03644,core,Hong Kong,Category Loyalist,True,Category-specific reward,dining,Casual Dining,Highway4,Casual Dining reward (dining),0.3694257725393212,0.3694257725393212,0.2018245451468015,59.3,210.50891560327852,59.3,0.6209026045858228,1.0,0.5,0.316
M03645,gold,Hong Kong,Already Loyal,False,No incentive,retail,Premium Retail,Landmark,—,0.13740433684787887,0.13740433684787887,0.077207905097289,9568.08,3147.0995697003896,9568.08,0.5002660954295608,1.0,0.0,0.30368
M03646,gold,Hong Kong,Points Optimiser,True,2x / 3x points,dining,Fine Dining,Armando al Pantheon,3x points on dining,0.15805240233256157,0.1269829571639589,0.10508769285061628,4487.28,1360.5594759595956,5509.02,0.40557739762210343,0.95,0.15,0.22292
M03647,gold,Hong Kong,Already Loyal,False,No incentive,retail,Premium Retail,Kuromon Market,—,0.13145147013285274,0.13145147013285274,0.0956262348507129,28212.46,6308.407962878115,28459.11,0.35062893476863566,0.8444444444444444,0.24444444444444444,0.23712142857142857
M03650,core,Singapore,Threshold Chaser,True,"Spend X, get Y back",dining,Fine Dining,Seonchang Fish Restaurant,Spend & get-back at Seonchang Fish Restaurant,0.1661987109391214,0.11899778049395085,0.17186546723650709,2293.32,4.545913074584206,2333.14,0.30385548848876615,1.0,0.45454545454545453,0.32683333333333336
M03651,core,Japan,Already Loyal,False,No incentive,retail,Premium Retail,Tokyu Hands Shibuya,—,0.14424171387361934,0.13899748536949239,0.13305696051002483,9467.42,8121.142703797796,14291.09,0.31871147554926804,0.9,0.21428571428571427,0.4875
M03652,core,United States,Threshold Chaser,True,"Spend X, get Y back",retail,Premium Retail,Campo de' Fiori market,Spend & get-back at Campo de' Fiori market,0.1384539955361064,0.11794851535483963,0.13585385706334627,4843.54,2758.7280649276922,4843.54,0.3413582698215234,0.8181818181818182,0.36363636363636365,0.060533333333333335
M03653,core,Australia,Category Loyalist,True,Category-specific reward,dining,Fine Dining,Yung Kee,Fine Dining reward (dining),0.14078964107007116,0.14078964107007116,0.15987304954378656,3101.4800000000005,1198.0831727274535,3150.74,0.5464476238994872,1.0,0.21428571428571427,0.23974
M03654,core,Singapore,Category Loyalist,True,Category-specific reward,lodging,Upscale Hotel,Berchielli,Upscale Hotel reward (lodging),0.1735177474285791,0.1735177474285791,0.2177603152240783,688.89,1934.7726005390236,1079.79,0.5517003138137536,1.0,0.16666666666666666,0.43565
M03655,gold,Singapore,Low Responsiveness,False,No incentive,retail,Premium Retail,Harry Potter,—,0.11222413382637937,0.11222413382637937,0.1136180224746095,1592.15,9.469987241404596,2400.68,0.29807443934034233,1.0,0.375,0.29475
M03659,core,Australia,Immediate Value Seeker,True,Cashback / statement credit,retail,Premium Retail,Lane Crawford,Cashback at Lane Crawford,0.16205753810729787,0.12909024823389698,0.14560723593099528,6167.37,2373.755579179655,6167.37,0.28417591135930054,0.85,0.2,0.1034
M03660,centurion,Hong Kong,Already Loyal,False,No incentive,lodging,Upscale Hotel,LOOKHOME Myeongdong,—,0.13653206709508767,0.13552822680966042,0.0884168979384334,27179.07,3745.6505940850343,27179.07,0.30749299689626564,1.0,0.2727272727272727,0.12
M03661,platinum,Singapore,Points Optimiser,True,2x / 3x points,transport,Premium Transport,ETS,3x points on transport,0.2470635931942597,0.2219170033844681,0.19451789679444195,2619.8,3889.919176861348,9688.73,0.2646693119450334,1.0,0.2857142857142857,0.27185
M03662,gold,Hong Kong,Low Responsiveness,False,No incentive,lodging,Upscale Hotel,The Hoxton Paris,—,0.1135413793805158,0.1135413793805158,0.1033795397602929,1632.65,564.9911936532612,1633.93,0.3543102321433706,1.0,0.2,0.51104
M03663,gold,Singapore,Threshold Chaser,True,"Spend X, get Y back",dining,Fine Dining,Cheongdam Carb Snack,Spend & get-back at Cheongdam Carb Snack,0.12438546168959505,0.12438546168959505,0.11341318846064546,1802.08,753.213074922084,1802.08,0.3518310375398459,1.0,0.42857142857142855,0.24855
M03664,platinum,Japan,Already Loyal,False,No incentive,transport,Rail & Metro,Wynyard Station,—,0.13806605348941794,0.13806605348941794,0.07170910401265378,26885.420000000002,3933.725324368512,28592.78,0.31801223900636294,1.0,0.07142857142857142,0.3025625
M03665,core,United States,Category Loyalist,True,Category-specific reward,retail,Premium Retail,Suria KLCC,Premium Retail reward (retail),0.1832382203831674,0.1832382203831674,0.15805609012212718,382.67,868.0031252920927,1833.67,0.7328076955591806,1.0,0.16666666666666666,0.39444999999999997
M03666,gold,Singapore,Category Loyalist,True,Category-specific reward,retail,Premium Retail,고래사어묵,Premium Retail reward (retail),0.1289019351991108,0.10288950447238836,0.11896776864239328,1939.21,855.4627957544335,1939.21,0.502316897533836,1.0,0.125,0.055400000000000005
M03667,core,Australia,Category Loyalist,True,Category-specific reward,dining,Fine Dining,DIY Box,Fine Dining reward (dining),0.16681757557044669,0.16681757557044669,0.14061380918145883,272.49,516.9061447712027,282.84,0.5914606267148205,1.0,0.0,0.316
M03669,core,Singapore,Low Responsiveness,False,No incentive,lodging,Hotel,Hotel Collins,—,0.11381179373172004,0.11381179373172004,0.16050604905496824,2452.54,1445.4042415253928,2452.54,0.3064612763995602,1.0,0.0,0.04
M03670,core,Australia,Fee-Sensitive Traveller,False,No incentive (FX-offset out of scope),retail,Premium Retail,Lane Crawford,—,0.14615951759095444,0.11939129882135649,0.16524193974036655,4263.9800000000005,554.9880561626164,4266.92,0.4282781289572117,1.0,0.2727272727272727,0.3601666666666667
M03671,core,Hong Kong,Threshold Chaser,True,"Spend X, get Y back",dining,Fine Dining,Bird Land,Spend & get-back at Bird Land,0.1664243930647651,0.1264630381984615,0.1516834339518972,6913.54,1884.6751462846723,6913.54,0.31769608257608406,0.9333333333333333,0.4,0.09745
M03672,gold,Hong Kong,Immediate Value Seeker,True,Cashback / statement credit,dining,Fine Dining,Din Tai Fung ION,Cashback at Din Tai Fung ION,0.15967749950534757,0.11764244055713449,0.12254119208495133,4234.3,748.0390474117686,4963.59,0.40548601542929735,1.0,0.25,0.21109999999999998
M03673,gold,Singapore,Category Loyalist,True,Category-specific reward,dining,Fine Dining,Cà Phê Goethe,Fine Dining reward (dining),0.18191820491044153,0.18191820491044153,0.13943547083968807,618.32,1431.6380788644467,1105.31,0.5199305378048977,1.0,0.2727272727272727,0.56624
M03674,core,Japan,Immediate Value Seeker,True,Cashback / statement credit,transport,Rail & Metro,Toei Subway,Cashback at Toei Subway,0.12263967847963583,0.11518730119186996,0.15492162613917695,3382.37,2192.5162115817966,4008.2000000000003,0.35246247008661435,1.0,0.14285714285714285,0.232425
M03676,core,Singapore,Threshold Chaser,True,"Spend X, get Y back",dining,Fine Dining,Two Fingers,Spend & get-back at Two Fingers,0.1656097922570533,0.11945873336333587,0.15132353204207435,6898.12,826.3481198068416,6898.12,0.2637851281336304,0.9,0.5,0.05026666666666666
M03677,platinum,Singapore,Already Loyal,False,No incentive,dining,Fine Dining,Ginza Kagari,—,0.13776556789281563,0.11451626457306045,0.10738527435250812,11805.119999999999,74.81395322547587,11805.119999999999,0.43270326515518753,1.0,0.125,0.1031
M03678,core,Singapore,Merchant Explorer,True,Merchant-specific voucher,dining,Fine Dining,Breizh Café,Breizh Café voucher,0.16145037381900298,0.12210098716211037,0.15921536892282406,5710.03,680.939893465622,6930.33,0.508427326974635,0.8484848484848485,0.2727272727272727,0.3394888888888889
M03679,core,Hong Kong,Threshold Chaser,True,"Spend X, get Y back",dining,Cafe & Coffee,Espresso Bar International,Spend & get-back at Espresso Bar International,0.16806555056524175,0.1319724752423195,0.1545230038359299,8014.590000000001,1245.498502900777,8014.59,0.4269013629476793,1.0,0.5,0.160625
M03680,core,Singapore,Immediate Value Seeker,True,Cashback / statement credit,dining,Fine Dining,Curry Bowl,Cashback at Curry Bowl,0.1525714062792418,0.11452460467749262,0.16952825817613287,3353.0099999999998,89.41238722987913,3353.0099999999998,0.40599859964829405,1.0,0.0,0.04
M03681,core,Hong Kong,Category Loyalist,True,Category-specific reward,lodging,Upscale Hotel,Hôtel Particulier Montmartre,Upscale Hotel reward (lodging),0.24052155402863867,0.24052155402863867,0.2701025601236003,289.85,702.6228381600777,288.85,0.6397672816244176,1.0,0.3333333333333333,0.04
M03683,core,Japan,Immediate Value Seeker,True,Cashback / statement credit,lodging,Hotel,Hotel Nunu,Cashback at Hotel Nunu,0.13165671687303443,0.13165671687303443,0.16823863000428674,1024.58,696.2242682644394,1030.58,0.3187783105264957,1.0,0.14285714285714285,0.23827500000000001
M03684,gold,Hong Kong,Points Optimiser,True,2x / 3x points,retail,Premium Retail,Merci,3x points on retail,0.1443391546490536,0.11863262383037805,0.10111233082590225,4034.0299999999997,984.0617900259897,4039.65,0.35405953313936295,1.0,0.1,0.20456666666666667
M03685,centurion,Singapore,Fee-Sensitive Traveller,False,No incentive (FX-offset out of scope),dining,Fast Food,KFC,—,0.1387532954824709,0.1387532954824709,0.1073591353659841,50.44,102.85928738010604,412.44,0.6106474599136666,1.0,0.0,0.38655
M03686,core,Singapore,Category Loyalist,True,Category-specific reward,dining,Cafe & Coffee,SaoMai Coffee,Cafe & Coffee reward (dining),0.32537333901220644,0.32537333901220644,0.21475392491405665,84.61,443.60706714935145,84.61,0.71598938326998,1.0,0.0,0.316
M03687,core,Singapore,Immediate Value Seeker,True,Cashback / statement credit,retail,Premium Retail,Nishiki Market stalls,Cashback at Nishiki Market stalls,0.17411771403551254,0.1349381116242131,0.1749159926685593,1334.77,1142.457731069465,1461.24,0.3224685997683617,1.0,0.2727272727272727,0.3445666666666667
M03688,core,Hong Kong,Immediate Value Seeker,True,Cashback / statement credit,retail,Premium Retail,BHV Marais,Cashback at BHV Marais,0.16254607445526292,0.12156029302326189,0.17377772993369867,1371.9299999999998,578.2935425884076,1417.15,0.3195699933141311,1.0,0.2222222222222222,0.17903333333333335
M03689,core,Japan,Category Loyalist,True,Category-specific reward,dining,Fine Dining,Ginza Kagari,Fine Dining reward (dining),0.11959650056698765,0.11959650056698765,0.1532687578530043,2088.03,21.029800792627192,2088.03,0.5855668028131774,0.75,0.75,0.1166
M03690,platinum,United States,Points Optimiser,True,2x / 3x points,lodging,Upscale Hotel,Montebello Splendid,3x points on lodging,0.2106775986676909,0.2106775986676909,0.16694240563020615,1153.21,3058.6053531259013,2041.49,0.48957341064016424,1.0,0.18181818181818182,0.4428
M03691,core,United States,Immediate Value Seeker,True,Cashback / statement credit,dining,Fine Dining,Desso,Cashback at Desso,0.1690094047693403,0.12207528574281995,0.17600490576834799,2088.42,838.3369401613095,2098.12,0.3320213725763092,1.0,0.2727272727272727,0.220975
M03693,gold,Singapore,Already Loyal,False,No incentive,retail,Premium Retail,Mitsukoshi Ginza,—,0.13685809715976233,0.1238344039194679,0.08751704937882418,8829.95,1240.768413461564,9783.720000000001,0.2923496866296762,0.9565217391304348,0.391304347826087,0.20720000000000002
M03694,core,Singapore,Fee-Sensitive Traveller,False,No incentive (FX-offset out of scope),dining,Fine Dining,Yung Kee,—,0.13789113721888,0.13789113721888,0.15688787302772056,553.99,0.0,612.46,0.5360917202806749,1.0,0.4,0.47025
M03695,core,Singapore,Immediate Value Seeker,True,Cashback / statement credit,lodging,Hotel,Langham Place Hotel Mongkok,Cashback at Langham Place Hotel Mongkok,0.11850337185213755,0.11850337185213755,0.15920706595371087,1604.6799999999998,458.01284211425707,1788.13,0.2692914414965203,1.0,0.35294117647058826,0.20854
M03696,core,Singapore,Immediate Value Seeker,True,Cashback / statement credit,retail,Premium Retail,Campo de' Fiori market,Cashback at Campo de' Fiori market,0.20118231047033636,0.20118231047033636,0.24248108737021062,665.1999999999999,1879.973120996477,689.5899999999999,0.39914682982510613,1.0,0.0,0.3037666666666667
M03697,gold,United States,Merchant Explorer,True,Merchant-specific voucher,dining,Fine Dining,Armando al Pantheon,Armando al Pantheon voucher,0.16033686969187572,0.12128637697764423,0.11248332996238196,5826.79,1530.961849553757,6438.05,0.33394120833197555,1.0,0.2962962962962963,0.347825
M03698,core,United States,Immediate Value Seeker,True,Cashback / statement credit,retail,Premium Retail,Merci,Cashback at Merci,0.1436385869887811,0.11618105223636292,0.1372916223307411,5195.12,949.8502882213695,5199.96,0.29344501769444703,0.8823529411764706,0.058823529411764705,0.31552
M03699,gold,Hong Kong,Points Optimiser,True,2x / 3x points,retail,Premium Retail,Ladies' Market,3x points on retail,0.15697540412649014,0.12883329727849088,0.10595573966901235,3010.5,300.66777465468874,3010.5,0.36428468588915164,1.0,0.25,0.09000000000000001
M03701,core,Singapore,Category Loyalist,True,Category-specific reward,retail,Local Shops,Ubud Art Market,Local Shops reward (retail),0.4,0.4,0.4,13.65,103.41350217245414,18.5,0.6131336742147553,1.0,0.0,0.8005
M03703,core,United States,Immediate Value Seeker,True,Cashback / statement credit,dining,Fine Dining,Breizh Café,Cashback at Breizh Café,0.124326663413951,0.124326663413951,0.16542886761569497,494.19,61.36691780531856,494.19,0.2797225707724671,1.0,0.25,0.04
M03704,core,Singapore,Fee-Sensitive Traveller,False,No incentive (FX-offset out of scope),lodging,Budget & Hostel,Hilton Da Nang,—,0.1413789055661529,0.1413789055661529,0.1178430749973365,51.62,182.27981114809705,117.82,0.489820072285287,1.0,0.0,0.55825
M03705,core,Singapore,Immediate Value Seeker,True,Cashback / statement credit,dining,Fine Dining,Gion Duck Noodles,Cashback at Gion Duck Noodles,0.18934812241578325,0.18934812241578325,0.2179208374712548,586.25,622.8350249730449,585.25,0.38837785113573553,1.0,0.3333333333333333,0.1166
M03706,core,Singapore,Threshold Chaser,True,"Spend X, get Y back",dining,Fine Dining,Gion Karyo,Spend & get-back at Gion Karyo,0.18787565590498428,0.18787565590498428,0.22189437301498702,906.6700000000001,976.5062352741292,905.6700000000001,0.38348507311179514,1.0,0.5,0.2163
M03707,core,Japan,Low Responsiveness,False,No incentive,retail,Premium Retail,IFC Mall,—,0.11541808939586472,0.11541808939586472,0.16996958299342435,1285.11,0.0,1302.72,0.297459322572612,1.0,0.5,0.41883333333333334
M03709,core,Australia,Already Loyal,False,No incentive,retail,Premium Retail,BHV Marais,—,0.15065415829389836,0.12707215774306985,0.1461949518834588,6003.7300000000005,692.4269461897206,6941.08,0.39330261297665187,0.9047619047619048,0.23809523809523808,0.35705000000000003
M03710,gold,United States,Already Loyal,False,No incentive,retail,Premium Retail,Woolworths Metro,—,0.1386505837856818,0.1133541750369841,0.09525653553439828,6988.58,1852.3965198613,6988.58,0.27310481844132983,1.0,0.14285714285714285,0.0783
M03711,gold,United States,Category Loyalist,True,Category-specific reward,lodging,Upscale Hotel,Marriott Singapore Orchard,Upscale Hotel reward (lodging),0.16175209769436463,0.12435385618276634,0.11518486646887617,5610.64,0.0,6863.6,0.5979730689985687,1.0,0.42857142857142855,0.27335
M03712,platinum,Singapore,Already Loyal,False,No incentive,dining,Fine Dining,Madame nhu,—,0.1169987556409818,0.1169987556409818,0.1154345598371361,10439.8,83.39052166454479,13677.02,0.5668427773246707,1.0,0.5,0.25645
M03713,core,Japan,Already Loyal,False,No incentive,retail,Luxury,Ralph Lauren,—,0.12243344170375295,0.11559115790138741,0.134645020654531,6882.1900000000005,14.686906460673612,6882.19,0.43216629311967303,1.0,0.25,0.1166
M03714,gold,United States,Already Loyal,False,No incentive,retail,Premium Retail,Lane Crawford,—,0.14641624797123176,0.12366848142870318,0.09819464578417256,8790.78,611.6210554535667,8790.78,0.2840801495587579,1.0,0.3333333333333333,0.24218333333333333
M03715,platinum,Hong Kong,Low Responsiveness,False,No incentive,lodging,Hotel,The Hotel Windsor,—,0.11482629577758717,0.11482629577758717,0.05687884007156618,39243.63,8455.38565561442,39243.63,0.35190472915586857,1.0,0.0,0.26204
M03716,gold,Hong Kong,Merchant Explorer,True,Merchant-specific voucher,dining,Fine Dining,Kukuru Takoyaki,Kukuru Takoyaki voucher,0.18730544032162047,0.12868233544765242,0.1571265313706175,12422.07,2480.3827906483752,12422.07,0.33899245238603065,0.9375,0.0625,0.14152222222222222
M03717,core,Singapore,Category Loyalist,True,Category-specific reward,retail,General Retail,OH,General Retail reward (retail),0.29790643674128564,0.29790643674128564,0.2581080728382085,46.129999999999995,114.53848038689162,46.129999999999995,0.5303755412006589,1.0,0.0,0.316
M03718,core,Hong Kong,Points Optimiser,True,2x / 3x points,retail,Premium Retail,Tower Records Shibuya,3x points on retail,0.2088882143744418,0.17900698014201222,0.16851911119581386,2504.47,641.4276839515022,2560.84,0.492738173246528,1.0,0.25,0.240125
M03719,core,Singapore,Merchant Explorer,True,Merchant-specific voucher,transport,Premium Transport,Kakao T,Kakao T voucher,0.1791390674517081,0.12249266648443397,0.17981500715339283,6579.57,1490.8625457765793,7994.48,0.4157975280931905,0.9152542372881356,0.3220338983050847,0.3568705882352941
M03720,core,Singapore,Threshold Chaser,True,"Spend X, get Y back",retail,Convenience,Ministop,Spend & get-back at Ministop,0.1577045875840749,0.1170207373015026,0.17892002709216254,1865.61,46.76413823527939,1865.61,0.26861928773480154,1.0,0.36363636363636365,0.09860000000000001
M03721,core,Australia,Low Responsiveness,False,No incentive,lodging,Hotel,Useok Hotel,—,0.11378873731511177,0.11378873731511177,0.16254582639892373,909.96,587.6534983113884,909.96,0.2855499255859229,1.0,0.5,0.24855
M03722,platinum,Singapore,Threshold Chaser,True,"Spend X, get Y back",dining,Fine Dining,Kukuru Takoyaki,Spend & get-back at Kukuru Takoyaki,0.15423160635678887,0.15423160635678887,0.1331172257228609,1528.48,93.29622008372644,1528.48,0.3843185853622869,1.0,0.5,0.1031
M03723,gold,Hong Kong,Immediate Value Seeker,True,Cashback / statement credit,lodging,Upscale Hotel,Grand Mercure Danang,Cashback at Grand Mercure Danang,0.2650302613217748,0.2650302613217748,0.2775350009586614,345.46,1185.6527566753095,528.5699999999999,0.382349873159414,1.0,0.0,0.316
M03724,core,United States,Category Loyalist,True,Category-specific reward,dining,Fine Dining,Le Consulat,Fine Dining reward (dining),0.1583703952108985,0.1583703952108985,0.16292064388811142,645.7699999999999,1436.0076908883534,665.8199999999999,0.5865165056819601,1.0,0.25,0.27103333333333335
M03725,core,Singapore,Immediate Value Seeker,True,Cashback / statement credit,dining,Fine Dining,Pocket Bar,Cashback at Pocket Bar,0.14159898561243633,0.10818348096617438,0.1368339630537934,5674.849999999999,442.1257258785173,5748.96,0.27499785507777846,1.0,0.2857142857142857,0.156675
M03726,core,Hong Kong,Merchant Explorer,True,Merchant-specific voucher,retail,Premium Retail,Wako,Wako voucher,0.1705002175942536,0.12562294791732054,0.16206975136177026,7796.89,1960.2017330076658,8085.26,0.27343421242067395,1.0,0.34375,0.2799222222222222
M03727,core,Japan,Immediate Value Seeker,True,Cashback / statement credit,dining,Fine Dining,Ginza Kagari,Cashback at Ginza Kagari,0.16499332729889277,0.122219739783435,0.1714186895281711,3127.95,2271.3960451182547,3127.95,0.35844643912688245,1.0,0.3076923076923077,0.07455
M03729,gold,Hong Kong,Points Optimiser,True,2x / 3x points,dining,Fine Dining,Desso,3x points on dining,0.15051219486891837,0.1170003239726155,0.11045773600408262,4735.26,314.4403490235321,4735.26,0.3408764664369376,1.0,0.25,0.04
M03732,gold,United States,Points Optimiser,True,2x / 3x points,lodging,Hotel,CB Hotel,3x points on lodging,0.11750071915031608,0.11750071915031608,0.1107210854525209,774.11,361.7124013366155,831.8100000000001,0.35423549140894073,1.0,0.0,0.25645
M03734,gold,Singapore,Category Loyalist,True,Category-specific reward,retail,Premium Retail,"Web Marketing Team srl - SEO, SEM, SOCIAL e WEB 2.0",Premium Retail reward (retail),0.26422812537316875,0.26422812537316875,0.27344091326858744,104.78,367.5377635243097,102.78,0.5008915223530359,1.0,0.5,0.0708
M03735,platinum,Singapore,Points Optimiser,True,2x / 3x points,dining,Fine Dining,Breizh Café,3x points on dining,0.16528120573725777,0.16528120573725777,0.1430500565648982,641.06,78.47937956172257,659.18,0.4302146659275911,1.0,0.25,0.04
M03738,core,Singapore,Already Loyal,False,No incentive,dining,Fine Dining,Yat Lok,—,0.1369755521508751,0.08905323713185165,0.12377006624671982,22372.039999999997,4021.644304140555,23613.539999999997,0.47246702662982853,0.9259259259259259,0.14814814814814814,0.21581999999999998
M03739,gold,United States,Points Optimiser,True,2x / 3x points,retail,Premium Retail,Wako,3x points on retail,0.1659188385040103,0.12408543376657308,0.122707715395307,1517.69,14.050191443449819,1795.9299999999998,0.32614618035670484,1.0,0.125,0.45855
M03740,core,Singapore,Low Responsiveness,False,No incentive,retail,Premium Retail,Merci,—,0.11541623171798188,0.09848488182077962,0.12191776221940914,7213.15,683.161279010852,7588.650000000001,0.4235552784954323,1.0,0.14285714285714285,0.25645
M03741,core,Singapore,Immediate Value Seeker,True,Cashback / statement credit,retail,Premium Retail,Via del Corso shops,Cashback at Via del Corso shops,0.12004169171641017,0.12004169171641017,0.16435399274150567,663.25,596.7883306435642,677.15,0.3699934791373313,1.0,0.14285714285714285,0.27185
M03742,gold,Australia,Low Responsiveness,False,No incentive,lodging,Hotel,Hotel Seiyo Ginza,—,0.10381812636314902,0.10381812636314902,0.09692515612153321,2147.41,16.999034336064852,2147.41,0.4011027901864099,1.0,0.25,0.1166
M03743,core,Australia,Low Responsiveness,False,No incentive,lodging,Hotel,Royal Plaza Hotel,—,0.11656565377248443,0.11656565377248443,0.16421181560794063,1141.9,623.6714593519815,1810.26,0.3061397099020164,1.0,0.0,0.463675
M03744,core,United States,Points Optimiser,True,2x / 3x points,retail,Premium Retail,Terminal 21 Asok,3x points on retail,0.1857659667549824,0.1857659667549824,0.1621555054590179,33.85,6.6536471424986985,531.39,0.3630085657188326,1.0,0.25,0.4571
M03745,core,Singapore,Immediate Value Seeker,True,Cashback / statement credit,dining,Fine Dining,Jumbo Seafood,Cashback at Jumbo Seafood,0.15578109567772175,0.11466419516865065,0.14195167656896496,6108.6,2.6147972675971687e-12,7516.9400000000005,0.2837675032724297,1.0,0.25,0.23416666666666666
M03746,gold,Hong Kong,Already Loyal,False,No incentive,dining,Fine Dining,Roscioli,—,0.15091925119349606,0.15091925119349606,0.08157171010312303,14543.96,8067.894906368743,15177.31,0.4016166391205933,1.0,0.2,0.3028
M03748,platinum,Hong Kong,Points Optimiser,True,2x / 3x points,lodging,Upscale Hotel,Swissotel Nankai Osaka,3x points on lodging,0.15801871226267905,0.1314744840519239,0.11351115775864015,8491.82,1199.8345117894069,8491.82,0.29831441280153453,0.8666666666666667,0.2,0.18104
M03749,core,Australia,Immediate Value Seeker,True,Cashback / statement credit,retail,Apparel,Uniqlo Ginza,Cashback at Uniqlo Ginza,0.1706822320780166,0.1216823840126681,0.1753846394847359,1381.74,11.060456379334823,1585.24,0.36766409130626526,1.0,0.3333333333333333,0.4580666666666667
M03750,centurion,Hong Kong,Low Responsiveness,False,No incentive,dining,Fine Dining,Gaucho Grill,—,0.10068617346751497,0.09136529326743567,0.0864586799904406,24685.41,2606.902737889757,24685.41,0.4156149794655196,1.0,0.26666666666666666,0.1167
M03751,core,Australia,Low Responsiveness,False,No incentive,dining,Fine Dining,Yat Lok,—,0.11401624715891963,0.11401624715891963,0.16754568590323077,919.76,144.43982063188793,919.76,0.26942438479380953,1.0,0.25,0.14
M03754,gold,Hong Kong,Threshold Chaser,True,"Spend X, get Y back",retail,Premium Retail,Via del Corso shops,Spend & get-back at Via del Corso shops,0.24554927387563538,0.20532328943178807,0.1990163116747417,2073.2200000000003,1613.457507861236,3161.31,0.2572791766567685,1.0,0.4,0.33886666666666665
M03756,core,Singapore,Already Loyal,False,No incentive,dining,Fine Dining,Haeundae Market,—,0.1284224331995125,0.10920799634924012,0.1203522942967404,14541.01,2342.3501345525774,14929.37,0.5206207556998419,0.9473684210526315,0.10526315789473684,0.15406
M03757,platinum,Japan,Merchant Explorer,True,Merchant-specific voucher,lodging,Hotel,Hotel Eden,Hotel Eden voucher,0.15615697081254426,0.1338762933627664,0.10802068606467317,4845.54,2872.977087472029,5536.29,0.28216548762569377,0.9487179487179487,0.3333333333333333,0.4047642857142857
M03760,gold,Singapore,Already Loyal,False,No incentive,dining,Fast Food,Pizza Lucio,—,0.15098575318079782,0.1251000375534932,0.1098239947593816,11081.67,1296.4819991343718,11081.67,0.3604917850123337,1.0,0.3076923076923077,0.23382
M03761,core,United States,Points Optimiser,True,2x / 3x points,dining,Fine Dining,명동주물럭,3x points on dining,0.1512313804882676,0.1512313804882676,0.15002332428927345,526.48,949.7154397060435,582.61,0.44972101312764934,1.0,0.0,0.2763
M03763,core,Singapore,Fee-Sensitive Traveller,False,No incentive (FX-offset out of scope),transport,Premium Transport,Novella,—,0.11887052127746606,0.11887052127746606,0.15788224815585705,786.14,1570.3112948650614,1542.11,0.3670261050815373,1.0,0.1875,0.35794000000000004
M03765,core,Singapore,Merchant Explorer,True,Merchant-specific voucher,dining,Fine Dining,Kyubey,Kyubey voucher,0.17209275732094828,0.12562196559208288,0.16176074794113116,5072.84,2004.6717473085948,5326.43,0.4526524464841555,1.0,0.23076923076923078,0.29055
M03767,platinum,Hong Kong,Points Optimiser,True,2x / 3x points,lodging,Hotel,GS Hotel,3x points on lodging,0.1728445279869517,0.1728445279869517,0.09875142524162965,17916.78,4664.410114674772,20690.22,0.3012800509725864,0.875,0.0,0.159675
M03768,platinum,United States,Fee-Sensitive Traveller,False,No incentive (FX-offset out of scope),dining,Fine Dining,Jalan Alor stalls,—,0.1462822600138743,0.1462822600138743,0.11504545973400324,1388.4,185.29157971992151,2467.66,0.33579216197807527,1.0,0.3333333333333333,0.47157499999999997
M03769,core,Hong Kong,Immediate Value Seeker,True,Cashback / statement credit,retail,Premium Retail,Giant,Cashback at Giant,0.14825849394366555,0.12095972216513434,0.1584890180306167,3377.05,22.743407313472176,4339.15,0.4608449736751303,1.0,0.125,0.25645
M03771,core,Singapore,Immediate Value Seeker,True,Cashback / statement credit,dining,Fine Dining,La Maison Rose,Cashback at La Maison Rose,0.16375722236905746,0.13661888438474917,0.14493215240910615,4962.15,3705.483825733085,4962.150000000001,0.34278637543715273,0.9166666666666666,0.3333333333333333,0.05026666666666666
M03772,gold,Singapore,Points Optimiser,True,2x / 3x points,dining,Fine Dining,Churrasco,3x points on dining,0.15289385570402966,0.12799025219323507,0.11122115037304844,8445.6,333.1440905028726,9695.13,0.42250380557086,1.0,0.14285714285714285,0.36335
M03774,core,United States,Immediate Value Seeker,True,Cashback / statement credit,dining,Fine Dining,Yung Kee,Cashback at Yung Kee,0.20714987401439147,0.20714987401439147,0.21244011306033983,1145.52,1917.4268741872893,1163.58,0.4238871698975732,1.0,0.25,0.1417
M03776,platinum,United States,Points Optimiser,True,2x / 3x points,lodging,Upscale Hotel,The Mandarin Oriental Hong Kong,3x points on lodging,0.16008268105946794,0.12727211900196325,0.10812650372143928,9157.15,402.63716806947235,9157.15,0.2694772772362021,1.0,0.26666666666666666,0.1157
M03777,core,Singapore,Immediate Value Seeker,True,Cashback / statement credit,retail,Premium Retail,Tokyu Hands Shibuya,Cashback at Tokyu Hands Shibuya,0.15387288736994878,0.11891493130176735,0.14909688144509467,3528.2200000000003,755.269103575076,4572.9400000000005,0.27249931056175836,1.0,0.21052631578947367,0.24064000000000002
M03778,core,Singapore,Low Responsiveness,False,No incentive,lodging,Upscale Hotel,St. Regis Singapore,—,0.10989718610634719,0.10989718610634719,0.1543296986482467,1188.48,0.0,1188.48,0.36390470680170267,1.0,0.25,0.0896
M03779,gold,Singapore,Already Loyal,False,No incentive,retail,Premium Retail,People's Park Centre,—,0.1464159383787282,0.1253427929798941,0.08834527152228869,7277.49,2030.9953779645118,9128.89,0.274980690418167,0.96875,0.25,0.42214
M03780,core,Hong Kong,Merchant Explorer,True,Merchant-specific voucher,dining,Fast Food,McDonald's,McDonald's voucher,0.16230060425180676,0.1319172326028859,0.15545313848594916,6899.57,3189.2310220547834,7135.98,0.5306196605850519,1.0,0.17857142857142858,0.2022375
M03781,platinum,Singapore,Already Loyal,False,No incentive,transport,Rail & Metro,Korail,—,0.13038521460458047,0.13229788752120378,0.0794528731744619,11257.349999999999,2281.4143058209283,11263.619999999999,0.33047989078751067,1.0,0.14285714285714285,0.3561666666666667
M03784,core,Singapore,Immediate Value Seeker,True,Cashback / statement credit,retail,Premium Retail,Lane Crawford,Cashback at Lane Crawford,0.15225063503088104,0.12191834510275149,0.14991777610411858,3605.68,1546.6678592078447,3605.6800000000003,0.33006835161228987,1.0,0.125,0.228
M03785,core,Hong Kong,Immediate Value Seeker,True,Cashback / statement credit,lodging,Hotel,Tobu Hotel,Cashback at Tobu Hotel,0.13688601476178697,0.13688601476178697,0.16507965498323526,378.54999999999995,0.7394150006446694,413.1,0.37240314697294685,1.0,0.25,0.1166
M03787,core,Singapore,Immediate Value Seeker,True,Cashback / statement credit,dining,Fine Dining,Din Tai Fung Pavilion,Cashback at Din Tai Fung Pavilion,0.201449580907065,0.201449580907065,0.2216324626198839,624.64,655.4387253856546,1831.49,0.3546699669442123,1.0,0.14285714285714285,0.27185
M03788,core,Australia,Immediate Value Seeker,True,Cashback / statement credit,dining,Cafe & Coffee,CAFE de CRIE,Cashback at CAFE de CRIE,0.17509774924364224,0.11618320948747067,0.15886184606334408,10903.38,2001.5844990619103,12250.02,0.4889556664611602,1.0,0.1111111111111111,0.45226
M03789,core,Australia,Low Responsiveness,False,No incentive,transport,Rail & Metro,Korail,—,0.11637014345289858,0.11637014345289858,0.14927432638209612,427.38,21.657991833644402,427.38,0.264908607001919,1.0,0.0,0.04
M03790,gold,Australia,Immediate Value Seeker,True,Cashback / statement credit,dining,Fine Dining,Roscioli,Cashback at Roscioli,0.1799261683370506,0.141884279267874,0.1447695952797124,1266.74,496.1138625466249,1271.18,0.4265333937671917,1.0,0.0,0.27185
M03791,core,United States,Merchant Explorer,True,Merchant-specific voucher,dining,Fine Dining,Le Consulat,Le Consulat voucher,0.16940615619095098,0.12995430873805136,0.16938829118907672,6230.66,2352.615109041423,6804.5599999999995,0.3297602733690209,0.9838709677419355,0.14516129032258066,0.33265
M03792,core,Hong Kong,Category Loyalist,True,Category-specific reward,dining,Fine Dining,Cintra Heritage House,Fine Dining reward (dining),0.19577623787083537,0.19577623787083537,0.13630360308748424,113.37,208.7698203461345,113.37,0.5543275233035801,1.0,0.0,0.4729
M03794,gold,Australia,Fee-Sensitive Traveller,False,No incentive (FX-offset out of scope),dining,Fine Dining,Yat Lok,—,0.12058679039426008,0.12058679039426008,0.09334811204057085,2798.44,985.474549004015,2798.44,0.31238637915622663,1.0,0.25,0.47025
M03799,core,Singapore,Immediate Value Seeker,True,Cashback / statement credit,dining,Fine Dining,Ichiran Shibuya,Cashback at Ichiran Shibuya,0.17583795743667208,0.13332499651180119,0.1727968679183833,4339.43,2191.133213599729,4346.03,0.4362264595092289,1.0,0.0,0.40124000000000004
M03801,core,Singapore,Immediate Value Seeker,True,Cashback / statement credit,retail,Apparel,Uniqlo Ginza,Cashback at Uniqlo Ginza,0.1741277788844112,0.1184561889095926,0.18437218720704385,974.8399999999999,6.305481310645774,1012.7199999999999,0.38308586199140576,1.0,0.125,0.0783
M03802,core,Hong Kong,Category Loyalist,True,Category-specific reward,dining,Casual Dining,Pho Gia Truyen Bat Dan,Casual Dining reward (dining),0.3209153378253215,0.3209153378253215,0.2705247042348654,117.50999999999999,961.9303078329502,119.78,0.5513488844313869,0.8,0.0,0.316
M03806,core,Australia,Immediate Value Seeker,True,Cashback / statement credit,retail,Premium Retail,Via del Corso shops,Cashback at Via del Corso shops,0.13984895502844086,0.12278421683172445,0.13752458937306336,5733.42,1335.812877425627,5733.42,0.44155195894953436,1.0,0.14285714285714285,0.187475
M03807,gold,Hong Kong,Low Responsiveness,False,No incentive,dining,Fine Dining,Kukuru Takoyaki,—,0.10585798419884827,0.10585798419884827,0.10963501329737108,861.99,110.37613297998809,861.99,0.35194609096555995,1.0,0.5,0.1166
M03808,core,Singapore,Immediate Value Seeker,True,Cashback / statement credit,retail,Premium Retail,Via del Corso shops,Cashback at Via del Corso shops,0.15122788705765172,0.11515329354903678,0.14176531421047617,3349.63,636.6773351423251,3500.99,0.2825834128725543,1.0,0.2857142857142857,0.155925
M03809,core,United States,Immediate Value Seeker,True,Cashback / statement credit,dining,Fine Dining,The Wall,Cashback at The Wall,0.15466433337051438,0.1121781300034817,0.13864432022124773,11474.97,1438.7558199503958,11474.97,0.38925525845801096,1.0,0.07142857142857142,0.14427500000000001
M03810,gold,Australia,Points Optimiser,True,2x / 3x points,transport,Premium Transport,Gangnam-gu Office,3x points on transport,0.14517373473977369,0.14517373473977369,0.12965095792546794,653.25,3.015194663525086,653.25,0.3389019355517154,1.0,0.0,0.04
M03811,gold,Hong Kong,Points Optimiser,True,2x / 3x points,lodging,Upscale Hotel,Hôtel Particulier Montmartre,3x points on lodging,0.1573430057976334,0.12825342419395916,0.11551248038057582,4933.43,4554.366812399201,4933.43,0.33719677297955847,1.0,0.25,0.04
M03812,core,Singapore,Low Responsiveness,False,No incentive,retail,Premium Retail,JD Sports,—,0.1084769884587851,0.10406288988012187,0.10345283394037258,27224.89,2406.3746897399033,28586.78,0.42489216714239597,0.9838709677419355,0.24193548387096775,0.19915000000000002
M03813,core,Australia,Low Responsiveness,False,No incentive,transport,Premium Transport,Kakao T,—,0.10677874328814702,0.10677874328814702,0.15484543072608845,1412.82,77.7914543081277,1412.82,0.3135383447937874,1.0,0.25,0.04
M03814,gold,United States,Points Optimiser,True,2x / 3x points,retail,Premium Retail,"Web Marketing Team srl - SEO, SEM, SOCIAL e WEB 2.0",3x points on retail,0.17665778928922446,0.14814154808472574,0.11337490226871898,3509.79,6373.187097245134,4288.08,0.3402754441002022,1.0,0.3333333333333333,0.23793333333333333
M03815,core,Singapore,Low Responsiveness,False,No incentive,transport,Premium Transport,Cheongdam,—,0.11435000998825201,0.1019437806140499,0.15110657777187028,1878.73,7.744515042959719,1878.73,0.4535929252026932,1.0,0.25,0.04
M03817,platinum,Australia,Merchant Explorer,True,Merchant-specific voucher,transport,Premium Transport,Transport NSW,Transport NSW voucher,0.16472307870294167,0.135923332019095,0.12596949568030946,11111.95,3401.0496015703798,11111.949999999999,0.30167788691602626,0.8918918918918919,0.35135135135135137,0.2116818181818182
M03818,core,Singapore,Points Optimiser,True,2x / 3x points,dining,Fine Dining,Nhà Hàng Hưng Phát,3x points on dining,0.3087246007992666,0.3087246007992666,0.22575690586759165,120.02,233.50661299628655,132.24,0.4800537158785526,1.0,0.25,0.316
M03820,platinum,United States,Points Optimiser,True,2x / 3x points,dining,Fine Dining,Kikunoi,3x points on dining,0.14403852970640274,0.14403852970640274,0.10553141292084275,3739.1400000000003,4923.685500209309,3739.14,0.31809334114380416,1.0,0.0,0.24953333333333336
M03821,platinum,Hong Kong,Threshold Chaser,True,"Spend X, get Y back",retail,Premium Retail,Kuromon Market,Spend & get-back at Kuromon Market,0.15518683618963341,0.15518683618963341,0.1438739398116859,998.91,170.5531627072734,998.91,0.36936548922336926,1.0,0.6,0.2163
M03823,gold,Australia,Low Responsiveness,False,No incentive,lodging,Upscale Hotel,Parkroyal Collection Pickering,—,0.10866500050609926,0.10866500050609926,0.10922371656727292,2123.9300000000003,922.1035797517338,2273.23,0.2910883805960328,1.0,0.18181818181818182,0.233375
M03824,core,Singapore,Merchant Explorer,True,Merchant-specific voucher,dining,Fine Dining,Le Consulat,Le Consulat voucher,0.18621564299659832,0.18621564299659832,0.16697183663564927,4262.11,2854.4555403915965,4428.16,0.4828644956339949,0.9444444444444444,0.1111111111111111,0.3350857142857143
M03825,core,Singapore,Category Loyalist,True,Category-specific reward,retail,Apparel,Capitol Square Computer Centre,Apparel reward (retail),0.17038860893629226,0.12913378653496477,0.15928507414217147,4000.52,18.965336140167793,4023.27,0.5224841892345786,1.0,0.125,0.04
M03826,gold,United States,Low Responsiveness,False,No incentive,retail,Premium Retail,Suria KLCC,—,0.09831407465021524,0.09831407465021524,0.11556828173888015,844.21,64.4076776511728,1339.79,0.3151305522820042,1.0,0.125,0.25645
M03829,gold,Japan,Fee-Sensitive Traveller,False,No incentive (FX-offset out of scope),retail,Premium Retail,ION Orchard,—,0.14453452056705945,0.12150091806592644,0.09920636763723571,5175.179999999999,382.84315347415645,5292.54,0.4224959998256971,1.0,0.23529411764705882,0.35596
M03830,platinum,Japan,Fee-Sensitive Traveller,False,No incentive (FX-offset out of scope),lodging,Hotel,Hotel 1888,—,0.1257219176844885,0.1257219176844885,0.11409740489407957,2089.48,671.6383691196875,3284.44,0.31330096728292145,1.0,0.23076923076923078,0.540875
M03831,gold,United States,Merchant Explorer,True,Merchant-specific voucher,retail,Premium Retail,EmQuartier,EmQuartier voucher,0.13859793454468985,0.11792273672114485,0.12227966730673033,2887.02,488.50675120392356,6664.09,0.659504229770637,1.0,0.1,0.3065
M03833,gold,Hong Kong,Points Optimiser,True,2x / 3x points,retail,Premium Retail,City Hatters,3x points on retail,0.157466587586043,0.13604626273104414,0.1063085291230073,6904.09,4060.5701917210054,6904.09,0.3056836902740226,1.0,0.2222222222222222,0.26878
M03834,gold,Singapore,Already Loyal,False,No incentive,dining,Fine Dining,Chin Chin,—,0.14670515924962765,0.11788398865237501,0.10809696929342089,10048.64,841.0201005461587,10055.92,0.27088899868799204,1.0,0.12,0.19588571428571427
M03835,core,Singapore,Immediate Value Seeker,True,Cashback / statement credit,dining,Cafe & Coffee,Cafe Creamà,Cashback at Cafe Creamà,0.12934272971127506,0.12934272971127506,0.1613011467596528,2379.5,883.5322176913617,2453.89,0.2625729962744151,1.0,0.18181818181818182,0.132
M03837,gold,Singapore,Already Loyal,False,No incentive,retail,Luxury,Kitamura,—,0.1201756197896682,0.11908268629637597,0.07642975656971372,24578.4,3277.5379388492647,28132.54,0.5259139021849146,0.9743589743589743,0.20512820512820512,0.26513636363636367
M03838,platinum,Hong Kong,Threshold Chaser,True,"Spend X, get Y back",dining,Fine Dining,Gion Duck Noodles,Spend & get-back at Gion Duck Noodles,0.1766861366494645,0.14247649398617493,0.13263744818014195,2373.5099999999998,1085.4640793177612,2712.8199999999997,0.3939985946332111,1.0,0.5,0.20456666666666667
M03840,core,Singapore,Merchant Explorer,True,Merchant-specific voucher,lodging,Upscale Hotel,Parkroyal Collection Pickering,Parkroyal Collection Pickering voucher,0.17427144872218348,0.12040650447374555,0.1703030553453875,3625.89,197.96371462627167,7100.01,0.3845070403741682,1.0,0.25,0.27221666666666666
M03841,core,Australia,Points Optimiser,True,2x / 3x points,dining,Cafe & Coffee,LuuLy Coffee,3x points on dining,0.4,0.4,0.1852828096216341,24.78,97.92234691405972,38.39,0.47979338469788246,1.0,0.0,0.316
M03842,gold,Hong Kong,Points Optimiser,True,2x / 3x points,lodging,Upscale Hotel,The Hoxton Paris,3x points on lodging,0.1625115663303363,0.12504649021914563,0.11392701585854777,4149.02,1582.874779729249,4326.5,0.33387828830007854,1.0,0.2857142857142857,0.299125
M03843,platinum,Hong Kong,Points Optimiser,True,2x / 3x points,dining,Fine Dining,Kyubey,3x points on dining,0.1389198623600301,0.1389198623600301,0.11568328169192263,2545.85,27.444445367636405,3123.02,0.30992070737311755,1.0,0.25,0.28685
M03844,gold,Hong Kong,Category Loyalist,True,Category-specific reward,dining,Fine Dining,Pho Gia Truyen Bat Dan,Fine Dining reward (dining),0.28600960769590955,0.28600960769590955,0.37875107505975886,119.1,1243.9045062492346,119.1,0.8732305896236892,1.0,0.0,0.316
M03846,core,Hong Kong,Points Optimiser,True,2x / 3x points,dining,Fine Dining,Hameediyah Tandoori House,3x points on dining,0.18666205371381595,0.18666205371381595,0.1739679587056122,695.91,2174.706023614799,699.57,0.3589509256882412,1.0,0.16666666666666666,0.355225
M03847,gold,Singapore,Merchant Explorer,True,Merchant-specific voucher,retail,Premium Retail,Coles,Coles voucher,0.1299873899205013,0.12556041867308176,0.09159113069193062,6204.72,890.2870979563143,6356.7699999999995,0.5072272873226052,1.0,0.24,0.10571428571428572
M03848,platinum,Hong Kong,Points Optimiser,True,2x / 3x points,dining,Cafe & Coffee,t cafe,3x points on dining,0.15830059683702338,0.1350168404476881,0.11074411894159347,5348.849999999999,1379.2742816621017,5348.849999999999,0.2954560647475264,1.0,0.2222222222222222,0.224
M03850,core,Singapore,Category Loyalist,True,Category-specific reward,dining,Cafe & Coffee,Starbucks,Cafe & Coffee reward (dining),0.19029771534602447,0.19029771534602447,0.20799589189483209,5658.37,2405.085520515603,5657.37,0.615325610680156,1.0,0.0,0.04
M03852,core,Hong Kong,Merchant Explorer,True,Merchant-specific voucher,lodging,Hotel,Tobu Hotel,Tobu Hotel voucher,0.12663732546126139,0.12663732546126139,0.15347696816743778,2443.31,1451.4492208778402,2808.37,0.26431546699093894,0.9166666666666666,0.16666666666666666,0.2749
M03853,core,Australia,Merchant Explorer,True,Merchant-specific voucher,retail,Premium Retail,Coles,Coles voucher,0.1531786388795547,0.1197360478848369,0.14546258741851026,3453.99,1313.525697435674,3480.91,0.2797817232205844,1.0,0.38095238095238093,0.18855
M03854,gold,Japan,Points Optimiser,True,2x / 3x points,dining,Fine Dining,Highway4,3x points on dining,0.2253511290500064,0.2253511290500064,0.1686527257502312,158.57999999999998,367.0333812837621,158.57999999999998,0.283326772870609,1.0,0.25,0.316
M03855,gold,Singapore,Threshold Chaser,True,"Spend X, get Y back",lodging,Upscale Hotel,St. Regis Singapore,Spend & get-back at St. Regis Singapore,0.15520080646542295,0.12085484747820398,0.10310183097802028,3384.1600000000003,0.0,3384.16,0.26708725522026483,1.0,0.75,0.0896
M03856,gold,Singapore,Points Optimiser,True,2x / 3x points,dining,Fine Dining,Seonju Fish Restaurant,3x points on dining,0.12712261277877507,0.12712261277877507,0.09798392279535398,2660.06,3353.6540196286555,2890.5,0.3493297396008332,1.0,0.2,0.3037666666666667
M03858,core,Australia,Fee-Sensitive Traveller,False,No incentive (FX-offset out of scope),dining,Fine Dining,Mak's Noodle,—,0.11750820548618525,0.11750820548618525,0.17073162118879237,1122.8400000000001,134.56683887229212,1249.7,0.25332792380373736,1.0,0.0,0.5534749999999999
M03859,core,Singapore,Points Optimiser,True,2x / 3x points,retail,Premium Retail,Fahrenheit88,3x points on retail,0.4,0.4,0.4,16.84,530.6812453158961,298.8,0.2821505320702713,1.0,0.0,0.33359999999999995
M03860,centurion,Hong Kong,Immediate Value Seeker,True,Cashback / statement credit,retail,Premium Retail,Mitsukoshi Ginza,Cashback at Mitsukoshi Ginza,0.1404649337029669,0.11449975555056235,0.12212776381385375,2034.6999999999998,21.77662204856722,2034.7,0.40551161822644477,1.0,0.0,0.1166
M03861,platinum,Hong Kong,Points Optimiser,True,2x / 3x points,dining,Fine Dining,Armando al Pantheon,3x points on dining,0.16361977874656458,0.14191797564212227,0.11093783708025982,10533.93,4208.3442106251405,11737.51,0.3840976473233697,0.9444444444444444,0.16666666666666666,0.2814333333333333
M03863,gold,Singapore,Already Loyal,False,No incentive,transport,Premium Transport,Hong Kong Tramways,—,0.1487541809203506,0.1163410734097627,0.10847296773491372,8943.09,325.67731665914204,8943.09,0.2597744239029114,1.0,0.3125,0.1024
M03864,platinum,Singapore,Threshold Chaser,True,"Spend X, get Y back",dining,Fine Dining,Jumbo Seafood,Spend & get-back at Jumbo Seafood,0.18415653139961283,0.15385553230189356,0.12246153880859897,2340.13,0.0,2340.13,0.29392662268525793,1.0,0.5,0.0896
M03866,platinum,Hong Kong,Already Loyal,False,No incentive,dining,Fine Dining,Yat Lok,—,0.12119253314768927,0.11968150792591073,0.06959131386818079,22525.07,5336.403880980618,22525.07,0.37820123403850014,1.0,0.0,0.09886666666666667
M03867,core,Australia,Immediate Value Seeker,True,Cashback / statement credit,retail,Premium Retail,MSY Ultimo,Cashback at MSY Ultimo,0.14962981009449844,0.11356886336282435,0.16262914312341714,3016.7200000000003,155.21483844570264,3016.72,0.4082182952189084,1.0,0.16666666666666666,0.07333333333333335
M03868,core,Hong Kong,Already Loyal,False,No incentive,dining,Fine Dining,Zuboraya,—,0.1519723370747177,0.1233523304223326,0.15194833322632137,5361.21,639.4601333115022,8324.33,0.32041800220527494,1.0,0.29411764705882354,0.46399999999999997
M03869,platinum,Australia,Immediate Value Seeker,True,Cashback / statement credit,retail,Premium Retail,Pavilion nearby,Cashback at Pavilion nearby,0.2428209854383903,0.2428209854383903,0.26029623250984,216.64,958.7896828506803,992.51,0.3669810251850612,1.0,0.2857142857142857,0.6367
M03870,core,Japan,Threshold Chaser,True,"Spend X, get Y back",lodging,Upscale Hotel,Four Seasons Hong Kong,Spend & get-back at Four Seasons Hong Kong,0.16257533492314288,0.11951681166344627,0.16518390551373913,2794.19,47.314124729523506,4059.54,0.27979990727802206,0.9,0.5,0.25
M03871,gold,United States,Fee-Sensitive Traveller,False,No incentive (FX-offset out of scope),retail,Premium Retail,Pitt Street Mall,—,0.1457764144946127,0.12091195648771738,0.1293141573367182,1970.55,880.6572614069769,1988.5,0.594716588095909,0.9090909090909091,0.09090909090909091,0.610375
M03872,core,Hong Kong,Threshold Chaser,True,"Spend X, get Y back",lodging,Hotel,ADGE Hotel,Spend & get-back at ADGE Hotel,0.16104580927398893,0.11421758541041527,0.1616160306527851,2453.62,33.603532420392746,2453.62,0.25027272236182974,1.0,0.375,0.25645
M03873,core,United States,Points Optimiser,True,2x / 3x points,lodging,Budget & Hostel,Hilton Da Nang,3x points on lodging,0.3581090947346664,0.3581090947346664,0.29865755069613226,52.2,229.60606845631057,55.81,0.30978229723990264,1.0,0.0,0.55825
M03874,core,Japan,Low Responsiveness,False,No incentive,lodging,Hotel,Imperial Hotel Tokyo,—,0.10638858863578021,0.10638858863578021,0.162470508673918,1310.21,14.66205245622757,1310.21,0.3056478442847181,1.0,0.25,0.1166
M03876,gold,Australia,Already Loyal,False,No incentive,retail,Premium Retail,Woolworths Metro,—,0.15024164456325664,0.13748174016037104,0.09180340650307157,7634.09,2883.709166169238,7703.08,0.346600372705887,1.0,0.07142857142857142,0.1291
M03877,core,Singapore,Immediate Value Seeker,True,Cashback / statement credit,dining,Fine Dining,La Maison Rose,Cashback at La Maison Rose,0.19118057357544033,0.19118057357544033,0.20798857279199617,539.9,1040.4532528574582,538.9,0.44508010775405166,1.0,0.0,0.04
M03879,core,Singapore,Merchant Explorer,True,Merchant-specific voucher,dining,Fine Dining,Kukuru Takoyaki,Kukuru Takoyaki voucher,0.16688928535930178,0.12786940885992118,0.14892318730915274,6678.76,1652.5594523891014,6717.72,0.29035663629108327,0.9166666666666666,0.3333333333333333,0.15004285714285714
M03881,platinum,Japan,Points Optimiser,True,2x / 3x points,dining,Fine Dining,Galmegi Brewing,3x points on dining,0.18432981913637142,0.14946478858602938,0.12159420315816954,3238.26,3051.300719773017,3922.32,0.3242310222720379,1.0,0.16666666666666666,0.2001
M03882,core,Singapore,Immediate Value Seeker,True,Cashback / statement credit,retail,Convenience,Ministop,Cashback at Ministop,0.1496731644544252,0.1207259435752277,0.15549229960841635,5553.62,353.84423664454846,5553.62,0.34976710658664273,1.0,0.25,0.1166
M03885,core,Singapore,Immediate Value Seeker,True,Cashback / statement credit,dining,Fine Dining,L'As du Fallafel,Cashback at L'As du Fallafel,0.11845524294158218,0.11845524294158218,0.14954734215031842,2157.41,379.7405780240444,2179.28,0.31435190171910005,0.8333333333333334,0.25,0.04
M03886,core,Australia,Points Optimiser,True,2x / 3x points,lodging,Upscale Hotel,JW Marriott Bangkok,3x points on lodging,0.16450756692070703,0.16450756692070703,0.16023279651088843,235.24,434.0336018208255,1422.0900000000001,0.34621932857204857,1.0,0.29411764705882354,0.39888571428571434
M03887,platinum,Singapore,Points Optimiser,True,2x / 3x points,dining,Fine Dining,Le Consulat,3x points on dining,0.15585468579379191,0.1266884602592828,0.10504873130022872,3368.7799999999997,1516.8911422767635,3368.78,0.3020489267093065,1.0,0.125,0.09000000000000001
M03890,gold,United States,Points Optimiser,True,2x / 3x points,lodging,Upscale Hotel,Marriott Singapore Orchard,3x points on lodging,0.11944909197056293,0.11944909197056293,0.10744827229135606,3526.5699999999997,402.98294290605423,4454.9,0.383654013893258,1.0,0.07692307692307693,0.298625
M03892,core,Singapore,Immediate Value Seeker,True,Cashback / statement credit,retail,Premium Retail,Lane Crawford,Cashback at Lane Crawford,0.16025103182345107,0.12533846746659474,0.15316014449770737,2495.25,0.0,3149.67,0.3295072508733915,1.0,0.125,0.228
M03893,core,Hong Kong,Immediate Value Seeker,True,Cashback / statement credit,dining,Fine Dining,Gion Karyo,Cashback at Gion Karyo,0.1846858570419588,0.1846858570419588,0.2018705486502086,362.81,1905.879129826101,411.09,0.2700095512477509,1.0,0.2857142857142857,0.0783
M03894,gold,Japan,Points Optimiser,True,2x / 3x points,dining,Fine Dining,Yung Kee,3x points on dining,0.15525261115363276,0.12822186018764642,0.09839745859643037,6332.65,2735.0698365595035,6332.650000000001,0.34485607833945975,1.0,0.05263157894736842,0.22081666666666666
M03895,core,Singapore,Merchant Explorer,True,Merchant-specific voucher,dining,Fine Dining,L'As du Fallafel,L'As du Fallafel voucher,0.16702895148623448,0.13006445248851353,0.1630340009589804,5701.2,1472.0255947301216,5781.71,0.28964954711235086,1.0,0.09375,0.31328
M03896,core,Singapore,Fee-Sensitive Traveller,False,No incentive (FX-offset out of scope),dining,Fine Dining,Galmegi Brewing,—,0.12393784391235688,0.12393784391235688,0.161724807698092,1777.3600000000001,839.619809298971,2113.79,0.3320034264208111,1.0,0.45454545454545453,0.4546
M03897,core,United States,Category Loyalist,True,Category-specific reward,retail,Premium Retail,Taiseido Bookstore,Premium Retail reward (retail),0.14502643351338462,0.11545831115209595,0.1549802580420584,3835.9,14.399818452743304,3835.9,0.5434968930110922,1.0,0.375,0.1166
M03900,core,Japan,Fee-Sensitive Traveller,False,No incentive (FX-offset out of scope),lodging,Upscale Hotel,The Sukhothai,—,0.12197442813305932,0.12197442813305932,0.17607040712829258,614.76,587.9872978453411,1361.31,0.32273531238583325,0.9523809523809523,0.19047619047619047,0.43318571428571423
M03903,gold,Australia,Immediate Value Seeker,True,Cashback / statement credit,dining,Fine Dining,Armando al Pantheon,Cashback at Armando al Pantheon,0.1610912580750089,0.12109876497429863,0.1259906602419888,2606.17,1241.5082377082244,2606.17,0.38178668946095146,1.0,0.25,0.0708
M03905,core,Japan,Immediate Value Seeker,True,Cashback / statement credit,dining,Fine Dining,Mak's Noodle,Cashback at Mak's Noodle,0.1433804621420947,0.1433804621420947,0.1521551873722906,1046.75,2.273736754432321e-13,1046.75,0.44536854933689063,1.0,0.0,0.14
M03906,gold,Japan,Threshold Chaser,True,"Spend X, get Y back",dining,Fine Dining,Jalan Alor stalls,Spend & get-back at Jalan Alor stalls,0.13137806204791658,0.13137806204791658,0.12716921006023177,1666.67,738.8299366683333,2776.52,0.32267661702092443,1.0,0.4,0.2756
M03907,core,Singapore,Fee-Sensitive Traveller,False,No incentive (FX-offset out of scope),lodging,Hotel,The Westin Chosun Hotel Busan,—,0.1281739814611997,0.1266241465111781,0.14560946865207705,2566.0800000000004,1379.6785259501548,2571.27,0.69732503647464,1.0,0.0,0.42025
M03908,core,Australia,Merchant Explorer,True,Merchant-specific voucher,lodging,Hotel,Hotel New Washington,Hotel New Washington voucher,0.16220709680202122,0.12678688345584097,0.13921288148759586,6531.2699999999995,1624.5287122846685,7244.46,0.3770268193263287,1.0,0.30434782608695654,0.2181
M03909,gold,Singapore,Immediate Value Seeker,True,Cashback / statement credit,retail,Premium Retail,San Lorenzo Market,Cashback at San Lorenzo Market,0.15522547171840054,0.11634285297623967,0.1448013025381609,1211.25,1550.6832429540705,1365.03,0.4097496695424813,1.0,0.14285714285714285,0.43565
M03910,core,Hong Kong,Fee-Sensitive Traveller,False,No incentive (FX-offset out of scope),dining,Fine Dining,Daniel's Donuts,—,0.12222183772625285,0.12222183772625285,0.1632377720791036,1262.97,828.879114819563,1357.56,0.3235063949037763,1.0,0.2222222222222222,0.3742666666666667
M03912,platinum,Singapore,Merchant Explorer,True,Merchant-specific voucher,lodging,Hotel,Central Tourist Hotel,Central Tourist Hotel voucher,0.17115775241958928,0.13719572501415134,0.1228056452565583,5329.54,1584.780316307051,5337.1900000000005,0.2966488619140417,1.0,0.2692307692307692,0.4435444444444444
M03913,core,Singapore,Merchant Explorer,True,Merchant-specific voucher,dining,Fine Dining,Flora,Flora voucher,0.15978991718607224,0.1399554494724514,0.12713215481110673,19776.23,3546.064999149142,20181.760000000002,0.31697606355247526,0.9444444444444444,0.24074074074074073,0.2753333333333334
M03914,core,Singapore,Already Loyal,False,No incentive,lodging,Hotel,CB Hotel,—,0.14207200412658544,0.12347947272447272,0.11416885138564192,21569.75,4719.068563484851,24325.84,0.3637194127012738,1.0,0.14634146341463414,0.3768583333333333
M03915,gold,Singapore,Already Loyal,False,No incentive,lodging,Upscale Hotel,The Mandarin Oriental Hong Kong,—,0.15194109076143816,0.12643898178513763,0.10701321995977278,9239.11,1900.2805394345064,9699.77,0.2976398146732695,1.0,0.35,0.22941666666666669
M03916,platinum,Japan,Already Loyal,False,No incentive,retail,Premium Retail,Coles,—,0.15081483586819078,0.153490206315357,0.09091782011729528,13516.48,3182.8238607815974,13516.48,0.2747674122614472,1.0,0.15789473684210525,0.06000000000000001
M03917,platinum,Singapore,Points Optimiser,True,2x / 3x points,dining,Fine Dining,Jumbo Seafood,3x points on dining,0.1525908915747095,0.12167515590557618,0.10942915909947658,7146.13,41.289186478730244,7163.389999999999,0.28939686247528223,1.0,0.1,0.3355666666666666
M03918,core,Singapore,Low Responsiveness,False,No incentive,dining,Fine Dining,Mak's Noodle,—,0.11279535790866199,0.11279535790866199,0.15981372137888766,1931.9,0.0,2661.78,0.473021680052107,1.0,0.25,0.30645
M03919,core,Singapore,Immediate Value Seeker,True,Cashback / statement credit,dining,Fast Food,MOS Burger,Cashback at MOS Burger,0.16324566563468515,0.16324566563468515,0.18360627528976536,912.92,177.0378685987933,946.89,0.32504777719762323,1.0,0.3,0.17406666666666668
M03920,core,Singapore,Threshold Chaser,True,"Spend X, get Y back",lodging,Upscale Hotel,The Hoxton Paris,Spend & get-back at The Hoxton Paris,0.11955546034252712,0.11955546034252712,0.1495909356270619,501.06,57.495314232771634,501.06,0.28664249154981475,1.0,0.5,0.04
M03921,core,Singapore,Immediate Value Seeker,True,Cashback / statement credit,transport,Rail & Metro,Haeundae Station,Cashback at Haeundae Station,0.16016645383121705,0.16016645383121705,0.16360891387182047,741.65,363.17496736288206,892.71,0.3512443434697484,1.0,0.125,0.42025
M03922,core,Hong Kong,Already Loyal,False,No incentive,dining,Fine Dining,酔香楼,—,0.15031809072560107,0.11602303435191567,0.13326970452439052,6215.59,687.167087865288,6872.32,0.26903199062234057,1.0,0.15384615384615385,0.2323714285714286
M03923,core,Japan,Immediate Value Seeker,True,Cashback / statement credit,dining,Fine Dining,Zuboraya,Cashback at Zuboraya,0.13408213028516353,0.13408213028516353,0.16164952818541783,993.65,279.88712879377795,1013.55,0.3385549770809273,0.8,0.2,0.18306666666666668
M03924,core,Hong Kong,Threshold Chaser,True,"Spend X, get Y back",retail,Apparel,Uniqlo Ginza,Spend & get-back at Uniqlo Ginza,0.1532836645421591,0.11646683688191002,0.15782325529611047,2794.73,67.15987909114972,2794.73,0.27632265899626546,1.0,0.6,0.2163
M03925,core,Australia,Threshold Chaser,True,"Spend X, get Y back",dining,Fine Dining,M Bar Thai Eatery,Spend & get-back at M Bar Thai Eatery,0.12727020898522887,0.12727020898522887,0.1533240775752184,1074.13,298.38321306837315,1347.9,0.4393330724069674,1.0,0.38461538461538464,0.306825
M03929,gold,Hong Kong,Already Loyal,False,No incentive,retail,Premium Retail,Landmark,—,0.13991261133091668,0.13991261133091668,0.08000655802649337,8081.650000000001,658.7341563585061,8118.76,0.641178457643243,1.0,0.125,0.1283
M03930,platinum,Hong Kong,Immediate Value Seeker,True,Cashback / statement credit,retail,Premium Retail,BHV Marais,Cashback at BHV Marais,0.1231993979265475,0.1231993979265475,0.13698176760755537,964.48,1072.9695821572948,964.48,0.3008156271823615,1.0,0.2857142857142857,0.178
M03933,core,Japan,Category Loyalist,True,Category-specific reward,dining,Fine Dining,Spice Room at the Malaya,Fine Dining reward (dining),0.12469716912594805,0.12469716912594805,0.1558284690881862,2979.91,15.793993789479202,2979.91,0.5086543772789371,1.0,0.25,0.04
M03934,gold,Japan,Points Optimiser,True,2x / 3x points,dining,Cafe & Coffee,Mido Cafe,3x points on dining,0.16609593724832655,0.13102857690264866,0.11839824856915784,3797.88,249.23872753581705,3936.1400000000003,0.39388328045437904,0.9473684210526315,0.15789473684210525,0.2121
M03935,core,Singapore,Immediate Value Seeker,True,Cashback / statement credit,retail,Premium Retail,Place du Tertre,Cashback at Place du Tertre,0.16642982838110998,0.16642982838110998,0.23791217362382372,1194.58,2677.8018085280632,1193.58,0.33506653270814474,1.0,0.3333333333333333,0.055400000000000005
M03936,gold,Japan,Threshold Chaser,True,"Spend X, get Y back",dining,Fine Dining,Bennelong,Spend & get-back at Bennelong,0.11952375647040422,0.11952375647040422,0.11484302216440828,1748.26,490.10529605211866,1748.26,0.342607511990046,1.0,0.4,0.24855
M03937,core,Singapore,Immediate Value Seeker,True,Cashback / statement credit,dining,Fine Dining,Yat Lok,Cashback at Yat Lok,0.1528053510135391,0.12228941658265773,0.1339688869786853,10306.98,3590.7465749060757,10306.98,0.2981157507146538,1.0,0.25,0.1283
M03938,core,United States,Points Optimiser,True,2x / 3x points,dining,Fine Dining,Jalan Alor stalls,3x points on dining,0.2493181088536024,0.2493181088536024,0.21015637473157392,91.28,321.50466739943056,731.29,0.360293083772382,1.0,0.14285714285714285,0.46499999999999997
M03940,core,Hong Kong,Category Loyalist,True,Category-specific reward,retail,Premium Retail,Place du Tertre,Premium Retail reward (retail),0.13165142463438273,0.13165142463438273,0.16885755867406047,688.08,753.913038156233,726.17,0.5088108779725256,1.0,0.09090909090909091,0.2763
M03941,centurion,Singapore,Already Loyal,False,No incentive,dining,Fine Dining,Ichiran Dotonbori,—,0.15178344904504254,0.11807591341709536,0.12247630708869632,7009.59,542.4290514654949,7280.06,0.5627146780550258,1.0,0.09090909090909091,0.15753333333333333
M03943,core,Singapore,Already Loyal,False,No incentive,retail,Premium Retail,BHV Marais,—,0.1257193408192644,0.1257193408192644,0.1099665859634369,15895.369999999999,769.0257751714124,15895.369999999999,0.4329565734100023,0.9375,0.1875,0.05915
M03944,core,Hong Kong,Already Loyal,False,No incentive,lodging,Upscale Hotel,St. Regis Singapore,—,0.1347466892320271,0.1347466892320271,0.14364716176740047,11434.22,693.6418307108654,12218.539999999999,0.46007789899256235,0.9,0.1,0.17165999999999998
M03946,core,Japan,Immediate Value Seeker,True,Cashback / statement credit,dining,Fine Dining,Yung Kee,Cashback at Yung Kee,0.12562749871030562,0.12562749871030562,0.16229293604072695,1423.3799999999999,1.2780280438748264,1512.07,0.47082798455616615,1.0,0.09090909090909091,0.35236666666666666
M03948,gold,Australia,Merchant Explorer,True,Merchant-specific voucher,dining,Fine Dining,Gion Karyo,Gion Karyo voucher,0.18672527506690384,0.1549871779174642,0.12822444886072926,2613.42,1873.887797829349,2719.5699999999997,0.4023558675591743,1.0,0.15,0.24655000000000002
M03949,platinum,Japan,Already Loyal,False,No incentive,transport,Premium Transport,Italo,—,0.1245719488796222,0.12428657208280011,0.11202792052269268,5238.33,1554.346162320548,7860.75,0.3126289737493557,0.9056603773584906,0.22641509433962265,0.39775625
M03950,core,Australia,Immediate Value Seeker,True,Cashback / statement credit,dining,Fine Dining,Ichiran Dotonbori,Cashback at Ichiran Dotonbori,0.1826434756234797,0.13855596515540358,0.1708261676535974,2227.33,795.7312457250605,2567.71,0.31620992620947586,1.0,0.3333333333333333,0.236375
M03951,core,Australia,Merchant Explorer,True,Merchant-specific voucher,dining,Fine Dining,Vin Fafe,Vin Fafe voucher,0.15224472693789226,0.11579554362352312,0.13783775749002533,7255.33,1642.046745364941,8029.02,0.3580797786029608,1.0,0.13636363636363635,0.24951428571428572
M03952,gold,Singapore,Category Loyalist,True,Category-specific reward,retail,Premium Retail,Bread History,Premium Retail reward (retail),0.26664773291589805,0.26664773291589805,0.19960568278301463,1113.9499999999998,2492.025204763277,1113.95,0.7907705806995057,1.0,0.2,0.46499999999999997
M03953,gold,Hong Kong,Already Loyal,False,No incentive,lodging,Upscale Hotel,Pobi Guest House,—,0.13355664215335028,0.13355664215335028,0.10225978649928712,13569.55,4322.221248316896,13598.08,0.4341471715854711,1.0,0.16666666666666666,0.07848000000000001
M03954,centurion,Singapore,Fee-Sensitive Traveller,False,No incentive (FX-offset out of scope),dining,Fine Dining,Pepper Lunch,—,0.14234639408139793,0.11991221851404713,0.09453398623884476,3566.42,839.8448857645142,3585.81,0.2993760794743783,1.0,0.1,0.4325333333333334
M03955,core,Japan,Immediate Value Seeker,True,Cashback / statement credit,dining,Fine Dining,L'As du Fallafel,Cashback at L'As du Fallafel,0.14430582474356674,0.14430582474356674,0.1859724164589354,850.09,76.84884491234033,850.09,0.40003850542333336,1.0,0.0,0.04
M03956,platinum,Australia,Points Optimiser,True,2x / 3x points,retail,Premium Retail,Jungceylon,3x points on retail,0.2767351477936404,0.2767351477936404,0.12482433921843644,101.87,264.35129096834515,898.44,0.2715183178636825,1.0,0.16666666666666666,0.38655
M03957,gold,Hong Kong,Immediate Value Seeker,True,Cashback / statement credit,dining,Cafe & Coffee,Mido Cafe,Cashback at Mido Cafe,0.17143436661608483,0.13390905754224636,0.13396783780519783,1995.99,1359.0471317189715,2003.58,0.3562606546117265,1.0,0.1,0.3371
M03959,gold,Japan,Points Optimiser,True,2x / 3x points,transport,Rail & Metro,MRT Sukhumvit,3x points on transport,0.2624134799212653,0.2624134799212653,0.1443535183278877,86.72,81.66467728539654,321.87,0.3089276156311865,1.0,0.2,0.46499999999999997
M03961,gold,Australia,Immediate Value Seeker,True,Cashback / statement credit,dining,Fine Dining,Kikunoi,Cashback at Kikunoi,0.1762697108055278,0.13608577635018715,0.13786018726802057,2225.31,2494.963277504931,2306.52,0.3764183385437161,1.0,0.14285714285714285,0.27935
M03962,gold,Singapore,Points Optimiser,True,2x / 3x points,retail,Premium Retail,IGA,3x points on retail,0.17826500413998214,0.14309577621324224,0.1135829859050545,2979.55,769.9407173601983,2979.55,0.42919286958522945,1.0,0.2727272727272727,0.1843
M03963,gold,Singapore,Immediate Value Seeker,True,Cashback / statement credit,retail,Premium Retail,Takashimaya,Cashback at Takashimaya,0.16016889010465823,0.1178278455901053,0.1185602342373831,2251.08,0.0,2251.08,0.2718908308599616,1.0,0.25,0.0896
M03964,core,Australia,Immediate Value Seeker,True,Cashback / statement credit,retail,Premium Retail,Emporium Melbourne,Cashback at Emporium Melbourne,0.1756310746543014,0.13118260636359547,0.17906840202944624,1111.06,15.759115580096534,1171.78,0.345214257431582,1.0,0.14285714285714285,0.42025
M03965,core,United States,Low Responsiveness,False,No incentive,transport,Premium Transport,Transport NSW,—,0.0968373865429395,0.0968373865429395,0.1483450792230057,2030.8899999999999,37.729839379732994,2030.8899999999999,0.30608956437054036,1.0,0.25,0.04
M03966,gold,Australia,Low Responsiveness,False,No incentive,dining,Fine Dining,Mak's Noodle,—,0.11188000218006906,0.0951931267174797,0.08634669094126984,16298.369999999999,1497.4983747401018,17465.28,0.4351716998457736,1.0,0.15789473684210525,0.26785
M03968,core,Australia,Category Loyalist,True,Category-specific reward,dining,Fine Dining,Yung Kee,Fine Dining reward (dining),0.12006844567815833,0.12006844567815833,0.16427830149194447,4253.97,169.76671237322475,4253.97,0.6753795692924218,1.0,0.0,0.14
M03969,core,Singapore,Immediate Value Seeker,True,Cashback / statement credit,retail,Premium Retail,Kuromon Market,Cashback at Kuromon Market,0.1605116571801331,0.12699395387225765,0.15003465832231633,4321.21,1136.7972799584632,4321.21,0.33378484017985033,1.0,0.26666666666666666,0.09185
M03970,gold,Singapore,Points Optimiser,True,2x / 3x points,dining,Fine Dining,Armando al Pantheon,3x points on dining,0.17025751420317753,0.13043232081731124,0.1231713119320996,2248.07,1412.551144915048,2363.32,0.3717946366447714,1.0,0.06666666666666667,0.325975
M03971,centurion,Singapore,Already Loyal,False,No incentive,dining,Fine Dining,Dae Jang Geum,—,0.12200740866069315,0.12200740866069315,0.07448548221488258,23752.95,4042.6202918667614,24515.199999999997,0.41446155739950125,1.0,0.0,0.23698000000000002
M03972,platinum,Singapore,Points Optimiser,True,2x / 3x points,dining,Fine Dining,Yung Kee,3x points on dining,0.12481700013324612,0.12481700013324612,0.12225390484066145,1362.99,0.0,1362.99,0.2633256740378065,1.0,0.25,0.14
M03974,platinum,Hong Kong,Category Loyalist,True,Category-specific reward,dining,Fine Dining,Cheongdam Carb Snack,Fine Dining reward (dining),0.1721941490147451,0.1346198924639529,0.12710780435322394,8115.86,3776.059349619216,8178.46,0.6369228464834205,1.0,0.29411764705882354,0.27793999999999996
M03975,core,Hong Kong,Immediate Value Seeker,True,Cashback / statement credit,dining,Fine Dining,Dragon Boat Restaurant,Cashback at Dragon Boat Restaurant,0.1603967614608612,0.11556188824050198,0.16047262781091332,2573.44,46.025103498374904,2573.44,0.3307615564752038,1.0,0.25,0.04
M03978,centurion,Hong Kong,Points Optimiser,True,2x / 3x points,dining,Fine Dining,Din Tai Fung ION,3x points on dining,0.15567779539553872,0.13296079302370778,0.11568426767253667,5011.5199999999995,0.0,5011.52,0.40496767653762106,1.0,0.25,0.0896
M03979,gold,Australia,Immediate Value Seeker,True,Cashback / statement credit,retail,Premium Retail,Place du Tertre,Cashback at Place du Tertre,0.23140317642944158,0.1918703024310919,0.20211693580948553,1384.45,1328.4908424921025,1388.16,0.42183790044716707,1.0,0.0,0.178
M03980,core,United States,Merchant Explorer,True,Merchant-specific voucher,dining,Fine Dining,Kyubey,Kyubey voucher,0.118912224188416,0.118912224188416,0.14793937918703512,6371.34,2519.754120147212,6499.0,0.49047431584453643,1.0,0.21739130434782608,0.22144285714285714
M03981,platinum,Japan,Category Loyalist,True,Category-specific reward,dining,Fine Dining,Mipogyeongbuk Fish Restaurant,Fine Dining reward (dining),0.13641975961467614,0.13641975961467614,0.1260649971149658,4893.4800000000005,1199.6909737422943,4893.48,0.5396789054717986,1.0,0.0,0.04
M03982,core,Australia,Merchant Explorer,True,Merchant-specific voucher,retail,Premium Retail,Tokyu Hands Namba,Tokyu Hands Namba voucher,0.12690818016185434,0.12690818016185434,0.1780814403081344,1085.57,586.5576160150775,1258.59,0.29220352111451486,1.0,0.1,0.29584
M03983,platinum,Singapore,Points Optimiser,True,2x / 3x points,dining,Fine Dining,Lucky Chan,3x points on dining,0.1556627731383553,0.12888425774639356,0.10323317569112656,7179.35,687.6446827601908,7183.07,0.38494585913429186,1.0,0.25,0.2935
M03985,gold,United States,Category Loyalist,True,Category-specific reward,lodging,Mid-scale Hotel,Hôtel Particulier Montmartre,Mid-scale Hotel reward (lodging),0.24757687861521646,0.24757687861521646,0.26910966026049765,253.57,1094.888312034395,251.57,0.5470488817130674,1.0,1.0,0.04
M03987,core,Japan,Immediate Value Seeker,True,Cashback / statement credit,dining,Fine Dining,Kafe Kaz,Cashback at Kafe Kaz,0.16155484643989232,0.12173556622544474,0.16248742780292305,5045.4,1110.5262208305744,5292.27,0.3753624635115509,1.0,0.16666666666666666,0.29868
M03988,gold,Australia,Merchant Explorer,True,Merchant-specific voucher,dining,Fine Dining,Kyubey,Kyubey voucher,0.16869864451504418,0.13624743127330718,0.11616782920799253,5327.259999999999,2611.073420717006,6338.25,0.2966326698346605,0.8974358974358975,0.358974358974359,0.38258333333333333
M03989,core,Hong Kong,Category Loyalist,True,Category-specific reward,dining,Fine Dining,Armando al Pantheon,Fine Dining reward (dining),0.20830062446652636,0.20830062446652636,0.17698791655424648,1391.7899999999997,704.7791020273479,1394.62,0.8427080643891115,1.0,0.0,0.43565
M03990,core,Singapore,Immediate Value Seeker,True,Cashback / statement credit,retail,Premium Retail,Lotte Duty Free,Cashback at Lotte Duty Free,0.14336142696962215,0.10858942411957467,0.15183414568239048,3406.4300000000003,12.873960679751463,3406.4300000000003,0.3007581460472971,1.0,0.0,0.04
M03991,core,Hong Kong,Category Loyalist,True,Category-specific reward,retail,Premium Retail,Kuromon Market,Premium Retail reward (retail),0.23261967192486133,0.18722605620716723,0.24392013888383415,1081.0500000000002,173.229640503679,1080.05,0.5475102404194606,1.0,0.3333333333333333,0.1166
M03992,platinum,Australia,Already Loyal,False,No incentive,lodging,Hotel,Royal Plaza Hotel,—,0.12823571635777883,0.13713237027295647,0.07071263209340997,34877.17,11322.700744797778,34877.17,0.387151712737323,1.0,0.13333333333333333,0.09185
M03993,core,Singapore,Points Optimiser,True,2x / 3x points,retail,Premium Retail,Banana Travel & Tours,3x points on retail,0.2783850738388293,0.2783850738388293,0.21864158830488734,140.64,321.72989368358446,140.64,0.32020390331667625,1.0,0.0,0.4729
M03994,core,Japan,Already Loyal,False,No incentive,dining,Fine Dining,Maxwell Food Centre,—,0.1365482214479039,0.100149484113613,0.12154217549019095,17953.98,4951.8310434658115,18234.69,0.4923674987646484,0.9523809523809523,0.23809523809523808,0.3033
M03996,core,Singapore,Threshold Chaser,True,"Spend X, get Y back",dining,Fine Dining,Le Consulat,Spend & get-back at Le Consulat,0.13688155288958254,0.13688155288958254,0.14905359273451527,3074.7599999999998,1438.8784601272928,3074.7599999999998,0.41163952339756477,1.0,0.42857142857142855,0.04
M03997,platinum,Japan,Points Optimiser,True,2x / 3x points,dining,Fine Dining,Dae Jang Geum,3x points on dining,0.16500387250320434,0.13886559045839703,0.10865733149569662,5050.92,98.76444806503577,5050.92,0.33151944839476344,1.0,0.0,0.04
M03998,core,Singapore,Threshold Chaser,True,"Spend X, get Y back",lodging,Hotel,Hotel Seiyo Ginza,Spend & get-back at Hotel Seiyo Ginza,0.16651589869332187,0.121944310211049,0.14372849987886477,9236.06,2843.6030387559113,10382.8,0.2954560257216302,1.0,0.42105263157894735,0.30558
M03999,gold,Singapore,Merchant Explorer,True,Merchant-specific voucher,lodging,Upscale Hotel,BreakFree Heritage on Little Bourke,BreakFree Heritage on Little Bourke voucher,0.16550798001001854,0.14271740550115536,0.12023913975620153,15604.11,1801.98299055371,16630.59,0.3107186508380951,0.9459459459459459,0.24324324324324326,0.3337818181818182
M04000,gold,Singapore,Points Optimiser,True,2x / 3x points,lodging,Hotel,Cendana Resort & Spa,3x points on lodging,0.4,0.4,0.3215511788403448,11.86,65.33229513854683,23.93,0.35576515219117466,1.0,0.0,0.8005
M04001,platinum,Japan,Low Responsiveness,False,No incentive,dining,Fine Dining,Mak's Noodle,—,0.11564572669883012,0.09625036658457956,0.08504420786028444,24025.94,7194.984040816332,24148.44,0.7027184473686059,0.9666666666666667,0.26666666666666666,0.20587777777777777
M04002,core,Japan,Fee-Sensitive Traveller,False,No incentive (FX-offset out of scope),lodging,Upscale Hotel,The Mandarin Oriental Hong Kong,—,0.15105556612045573,0.11946733554098012,0.15395811203565993,3078.85,907.2591382958707,3086.33,0.33370448905038314,0.9285714285714286,0.2857142857142857,0.38835
M04003,gold,Singapore,Low Responsiveness,False,No incentive,transport,Premium Transport,ComfortDelGro,—,0.10604347901820263,0.10604347901820263,0.08939363356196939,2049.13,140.82270893499583,2049.13,0.3341849376390194,1.0,0.2222222222222222,0.21209999999999998
M04004,platinum,Singapore,Points Optimiser,True,2x / 3x points,dining,Fine Dining,Jumbo Seafood,3x points on dining,0.17353215592839832,0.14204625242109123,0.1184461235351292,2983.08,1021.4125008246049,2983.08,0.2555010586214422,1.0,0.1111111111111111,0.2875666666666667
M04005,gold,Singapore,Points Optimiser,True,2x / 3x points,dining,Fine Dining,Yat Lok,3x points on dining,0.1813424934828277,0.14198364176984918,0.12808339686146458,3775.08,2213.868492229176,4630.59,0.4055093960744169,1.0,0.17647058823529413,0.4518333333333333
M04006,core,Australia,Immediate Value Seeker,True,Cashback / statement credit,retail,Convenience,Crystal Mart,Cashback at Crystal Mart,0.14448446085007424,0.10990583294606317,0.15824108091691277,2871.93,164.78638894254584,3456.5,0.35074468549402493,1.0,0.25,0.25645
M04007,core,United States,Low Responsiveness,False,No incentive,dining,Fine Dining,Armando al Pantheon,—,0.08979927179919407,0.08979927179919407,0.14648531710187873,16466.55,7795.933843628013,16466.55,0.8672851565724613,1.0,0.0,0.19340000000000002
M04009,core,Japan,Low Responsiveness,False,No incentive,lodging,Upscale Hotel,The Hoxton Paris,—,0.11475029292888987,0.11475029292888987,0.17150877532143366,1420.11,385.00774040014227,1424.21,0.28425484295498465,1.0,0.3333333333333333,0.42025
M04011,core,Singapore,Merchant Explorer,True,Merchant-specific voucher,retail,Premium Retail,Woolworths Metro,Woolworths Metro voucher,0.15591730291906292,0.15115912129469716,0.12989511844251483,12456.75,671.3215533780245,12755.24,0.3232702100331334,1.0,0.3225806451612903,0.3105375
M04012,core,Japan,Fee-Sensitive Traveller,False,No incentive (FX-offset out of scope),retail,Premium Retail,Vintage Cellars,—,0.14817034876468188,0.10801321631800052,0.17200862944711004,1617.7,42.812185441108824,1831.89,0.3581394298718824,1.0,0.25,0.42025
M04013,core,Australia,Merchant Explorer,True,Merchant-specific voucher,retail,Premium Retail,IFC Mall,IFC Mall voucher,0.1437801024915825,0.10883854102853674,0.14148513415475775,5067.0,454.51447494822975,6590.13,0.27033605879437933,1.0,0.08695652173913043,0.3143333333333333
M04014,gold,Hong Kong,Points Optimiser,True,2x / 3x points,dining,Fine Dining,Yat Lok,3x points on dining,0.14396125048200406,0.11440790716410093,0.09949632722593846,5182.74,485.2891610627759,5182.74,0.29713160418321816,1.0,0.125,0.14
M04015,gold,United States,Merchant Explorer,True,Merchant-specific voucher,lodging,Hotel,Hotel Seiyo Ginza,Hotel Seiyo Ginza voucher,0.12674108252702623,0.12674108252702623,0.10458998499846504,3092.19,988.2908053748895,3368.02,0.2740360067964973,0.9615384615384616,0.23076923076923078,0.2848857142857143
M04016,core,Hong Kong,Threshold Chaser,True,"Spend X, get Y back",dining,Fast Food,Pizza Mole,Spend & get-back at Pizza Mole,0.17154947455744918,0.13101300872752988,0.15982544971462978,3481.95,152.77586330440408,3528.11,0.4262766751024124,1.0,0.625,0.04
M04017,core,Singapore,Category Loyalist,True,Category-specific reward,retail,Premium Retail,People's Park Centre,Premium Retail reward (retail),0.14634848263921332,0.13710124005503696,0.1333709669249273,4986.51,370.8777082827872,5010.46,0.6424475155863628,1.0,0.42857142857142855,0.27335
M04019,core,Japan,Points Optimiser,True,2x / 3x points,transport,Rail & Metro,Vietnam Airlines,3x points on transport,0.32135168603168635,0.32135168603168635,0.22961979818578762,84.71000000000001,627.9484841637989,84.71000000000001,0.4431242712555969,1.0,0.3333333333333333,0.316
M04021,core,United States,Immediate Value Seeker,True,Cashback / statement credit,dining,Fine Dining,Buca di San Giovanni,Cashback at Buca di San Giovanni,0.14877804760370933,0.14877804760370933,0.15392582681979503,778.24,939.7796999699169,1282.6299999999999,0.48622545239336806,1.0,0.14285714285714285,0.32525
M04022,core,Singapore,Low Responsiveness,False,No incentive,dining,Fine Dining,Gion Duck Noodles,—,0.11026491155070763,0.11026491155070763,0.1500973581797705,2095.06,1160.6270456772984,2106.23,0.45459688669822,1.0,0.2727272727272727,0.20456666666666667
M04024,core,Singapore,Category Loyalist,True,Category-specific reward,dining,Fine Dining,Yung Kee,Fine Dining reward (dining),0.1669397470781228,0.1272748573219586,0.16373851921255575,4657.22,35.823595502608555,4954.13,0.5709636711277772,1.0,0.058823529411764705,0.31084
M04025,core,Japan,Immediate Value Seeker,True,Cashback / statement credit,retail,Premium Retail,Chinatown Complex,Cashback at Chinatown Complex,0.16001646692235494,0.11633305054464314,0.17874082776334763,1598.89,114.38467011831017,1598.89,0.2789899426690829,1.0,0.25,0.44505
M04026,gold,Singapore,Fee-Sensitive Traveller,False,No incentive (FX-offset out of scope),retail,Convenience,Happy Mart,—,0.13813818457511584,0.13813818457511584,0.14050261746001455,306.76,504.5671705855357,316.74,0.3634389147293072,1.0,0.4,0.6367
M04027,gold,Australia,Low Responsiveness,False,No incentive,transport,Premium Transport,Keihan,—,0.0963872198694595,0.0963872198694595,0.10664965774768517,2742.92,196.59908163869403,2750.13,0.41137445490413427,1.0,0.14285714285714285,0.2965666666666667
M04028,core,Japan,Threshold Chaser,True,"Spend X, get Y back",dining,Fine Dining,Yat Lok,Spend & get-back at Yat Lok,0.15059342382688976,0.11662258537314897,0.15370632563583908,3232.9900000000002,424.85676421015364,3232.9900000000002,0.3601073389192093,1.0,0.42857142857142855,0.11480000000000001
M04030,core,Japan,Merchant Explorer,True,Merchant-specific voucher,dining,Fine Dining,Breizh Café,Breizh Café voucher,0.16008001332154878,0.12572290057326552,0.14812501920160706,6194.04,1930.5792248427642,6667.4400000000005,0.4071952343109208,0.96,0.12,0.3431571428571428
M04031,core,Australia,Immediate Value Seeker,True,Cashback / statement credit,dining,Fine Dining,Lau Pa Sat nearby,Cashback at Lau Pa Sat nearby,0.11799618615271165,0.11799618615271165,0.146249467492492,2288.45,87.60184918365185,2305.78,0.4346491960757159,1.0,0.25,0.0648
M04032,core,Singapore,Category Loyalist,True,Category-specific reward,dining,Fine Dining,Din Tai Fung ION,Fine Dining reward (dining),0.24476670534629355,0.24476670534629355,0.17900644489969897,228.51,0.0,253.62,0.6684312612250102,1.0,0.0,0.0896
M04033,core,United States,Threshold Chaser,True,"Spend X, get Y back",lodging,Hotel,Hotel Seiyo Ginza,Spend & get-back at Hotel Seiyo Ginza,0.11830094816126045,0.11830094816126045,0.17008479490385608,2087.71,379.2450583157401,2087.71,0.3406714795268013,0.8181818181818182,0.5454545454545454,0.1166
M04034,platinum,Hong Kong,Category Loyalist,True,Category-specific reward,dining,Fine Dining,Osulloc,Fine Dining reward (dining),0.27208046082447246,0.27208046082447246,0.22507053526949902,2395.57,1949.6420771318253,4335.87,0.5524153495308217,1.0,0.15384615384615385,0.4034
M04035,core,Hong Kong,Fee-Sensitive Traveller,False,No incentive (FX-offset out of scope),dining,Fine Dining,Lau Pa Sat nearby,—,0.1292792933344554,0.1292792933344554,0.17248215164205574,709.12,172.492859396443,794.9499999999999,0.3181698246202805,1.0,0.0,0.536925
M04036,core,Hong Kong,Immediate Value Seeker,True,Cashback / statement credit,dining,Fine Dining,南国酒家,Cashback at 南国酒家,0.15386439667144036,0.11441272013503002,0.15052371334491257,3707.42,406.08093314171407,4196.48,0.2812806636895713,1.0,0.3333333333333333,0.24832
M04037,gold,Japan,Threshold Chaser,True,"Spend X, get Y back",transport,Rail & Metro,Saigon Metro,Spend & get-back at Saigon Metro,0.14658784413187861,0.14658784413187861,0.1588198177698988,207.01999999999998,454.36689431133846,207.01999999999998,0.38284832931209517,1.0,0.6666666666666666,0.316
M04038,core,Singapore,Category Loyalist,True,Category-specific reward,retail,Apparel,Zara,Apparel reward (retail),0.17724442096722426,0.12755485995476393,0.18122940579211544,1275.6299999999999,71.27602129586822,1298.6599999999999,0.5088038167392819,1.0,0.5,0.04
M04039,core,Japan,Immediate Value Seeker,True,Cashback / statement credit,lodging,Upscale Hotel,Hôtel Particulier Montmartre,Cashback at Hôtel Particulier Montmartre,0.19532857196600273,0.15959772622907875,0.1686204093274768,2577.71,1907.344511861706,3210.43,0.4177401639505868,1.0,0.1875,0.45077999999999996
M04040,core,Japan,Merchant Explorer,True,Merchant-specific voucher,dining,Cafe & Coffee,Mido Cafe,Mido Cafe voucher,0.17632679419324193,0.1382239819922584,0.1707764871763659,7290.04,3008.25822082779,8031.97,0.46042914293241277,0.8863636363636364,0.13636363636363635,0.3370714285714286
M04041,gold,Singapore,Threshold Chaser,True,"Spend X, get Y back",retail,Premium Retail,People's Park Centre,Spend & get-back at People's Park Centre,0.18705738648134362,0.15309041756109182,0.14637036862739927,1951.74,109.40588157376553,2659.9500000000003,0.4573075775301535,1.0,0.42857142857142855,0.27335
M04042,core,Japan,Points Optimiser,True,2x / 3x points,retail,Premium Retail,Chinatown Complex,3x points on retail,0.14849167175344147,0.13965778706141851,0.13036444590598995,5000.290000000001,1786.8586097937773,5000.29,0.4716172196679982,1.0,0.14285714285714285,0.0802
M04044,core,Singapore,Threshold Chaser,True,"Spend X, get Y back",dining,Fine Dining,Thongsmith,Spend & get-back at Thongsmith,0.1924591142822581,0.1924591142822581,0.20987854911940929,691.79,649.1907309004114,1956.3899999999999,0.33187587529855533,1.0,0.46153846153846156,0.365225
M04045,gold,Australia,Points Optimiser,True,2x / 3x points,dining,Fine Dining,Ginza Kagari,3x points on dining,0.12268415939020137,0.12268415939020137,0.1074737257107227,3929.1499999999996,33.176893970658824,4114.36,0.38110657759902644,1.0,0.3333333333333333,0.182575
M04046,core,Singapore,Category Loyalist,True,Category-specific reward,retail,Premium Retail,TK Maxx,Premium Retail reward (retail),0.1272081716238836,0.11715101544598537,0.1351460688584483,5448.530000000001,288.2998903790328,5944.38,0.5888957192852596,1.0,0.17647058823529413,0.20386
M04048,centurion,Japan,Already Loyal,False,No incentive,retail,Premium Retail,COS,—,0.15130779490074292,0.15130779490074292,0.08729681582348685,9907.5,2493.9117030138414,9907.5,0.3738581663480813,1.0,0.25,0.24855
M04049,core,Japan,Merchant Explorer,True,Merchant-specific voucher,dining,Fine Dining,The Wall,The Wall voucher,0.1569376258359018,0.11886007857209425,0.13335442493279662,12521.9,729.8332555604003,13856.23,0.3039312157948478,1.0,0.15384615384615385,0.3260875
M04050,core,Singapore,Merchant Explorer,True,Merchant-specific voucher,dining,Fine Dining,Maxwell Food Centre,Maxwell Food Centre voucher,0.2035095545176689,0.13020688170548103,0.1790100674310346,6414.42,2526.021235049914,6414.42,0.294504544900041,1.0,0.2962962962962963,0.25043000000000004
M04051,core,Hong Kong,Immediate Value Seeker,True,Cashback / statement credit,dining,Fine Dining,La Maison Rose,Cashback at La Maison Rose,0.20923974643209933,0.20923974643209933,0.2257822559095234,2441.6400000000003,2737.8762190881735,3607.07,0.47299810873532183,1.0,0.2222222222222222,0.524525
M04052,gold,Hong Kong,Points Optimiser,True,2x / 3x points,retail,Premium Retail,ION Orchard,3x points on retail,0.13173532724758674,0.10775063572796027,0.09475395292482393,4984.05,1278.0922468272709,4984.05,0.4375531769279163,1.0,0.2,0.172075
M04053,platinum,Australia,Threshold Chaser,True,"Spend X, get Y back",dining,Fine Dining,La Maison Rose,Spend & get-back at La Maison Rose,0.17075481491219335,0.13961461772690706,0.1150228952882534,5541.459999999999,3166.1571695959647,5541.46,0.4039441130284863,1.0,0.5555555555555556,0.2935
M04054,gold,United States,Already Loyal,False,No incentive,retail,Convenience,TNT Convenience & Tobacconist,—,0.14172910483850631,0.14172910483850631,0.08241177254182952,11535.14,359.15515842948207,12318.1,0.5285441838676121,1.0,0.1875,0.2886
M04055,gold,Singapore,Low Responsiveness,False,No incentive,dining,Fine Dining,Kyubey,—,0.10132659498602863,0.10132659498602863,0.08852929219526517,4421.01,36.18632079336305,5792.3099999999995,0.3058313543626937,1.0,0.125,0.29475
M04056,platinum,Singapore,Merchant Explorer,True,Merchant-specific voucher,retail,Premium Retail,Tokyu Hands Namba,Tokyu Hands Namba voucher,0.16230861494109283,0.1376085618930482,0.09940893691709347,6610.990000000001,1220.1639527809612,6986.26,0.28895289380262323,1.0,0.24,0.2766285714285714
M04057,gold,Australia,Already Loyal,False,No incentive,retail,Premium Retail,Landmark,—,0.1395916266995664,0.11406015147850213,0.09916057954280773,7436.22,13.796223509831847,7436.22,0.3251352017420628,0.9375,0.25,0.08415
M04058,gold,Singapore,Low Responsiveness,False,No incentive,dining,Cafe & Coffee,CAFE VELOCE,—,0.10626740060628453,0.10626740060628453,0.06735339521947285,25628.0,5996.166335674633,26414.32,0.4793777784909269,0.9761904761904762,0.09523809523809523,0.3942846153846154
M04059,platinum,Singapore,Threshold Chaser,True,"Spend X, get Y back",dining,Fine Dining,Zuboraya,Spend & get-back at Zuboraya,0.15999718685150252,0.15999718685150252,0.12946081521265831,2592.73,3165.2071814794986,2973.02,0.2585551162528179,1.0,0.35714285714285715,0.305375
M04062,core,Australia,Fee-Sensitive Traveller,False,No incentive (FX-offset out of scope),lodging,Budget & Hostel,Na Inn,—,0.137930730221081,0.137930730221081,0.15955121612601364,520.1,1148.891671988762,520.1,0.29842791166016347,1.0,0.16666666666666666,0.4571
M04063,core,Japan,Low Responsiveness,False,No incentive,dining,Fine Dining,Mister Munro,—,0.11462416854655087,0.11462416854655087,0.14979057843951932,2274.41,317.6031696282028,2418.48,0.37561057811802795,1.0,0.23076923076923078,0.31755
M04066,core,Singapore,Low Responsiveness,False,No incentive,lodging,Upscale Hotel,The Plaza Seoul,—,0.10498610950669805,0.0980307575079178,0.15228060578673364,2121.24,97.42089147954658,2121.24,0.5485238587908812,1.0,0.25,0.04
M04068,core,Singapore,Merchant Explorer,True,Merchant-specific voucher,retail,Premium Retail,Giant,Giant voucher,0.15772006705470465,0.15772006705470465,0.14441953727752183,14130.43,4282.120612843434,14534.08,0.4594755600743504,0.92,0.16,0.18880000000000002
M04071,core,Hong Kong,Immediate Value Seeker,True,Cashback / statement credit,dining,Fine Dining,Yung Kee,Cashback at Yung Kee,0.1534661149683327,0.12592609288009457,0.15128925372227175,5669.72,115.75523445659667,5669.72,0.3730696803001106,1.0,0.25,0.09000000000000001
M04072,core,Australia,Low Responsiveness,False,No incentive,transport,Ride-hail & Taxi,Grab,—,0.1091773762611855,0.1091773762611855,0.14591375584220176,1452.36,83.9571144701306,1452.36,0.5148052350592236,1.0,0.0,0.0896
M04074,core,United States,Immediate Value Seeker,True,Cashback / statement credit,lodging,Hotel,The Great Southern Hotel,Cashback at The Great Southern Hotel,0.1501909112532216,0.10368028067209158,0.13905420471412075,5442.07,519.7321804005435,6414.5,0.26088545705574,1.0,0.2,0.3233333333333333
M04075,core,Singapore,Merchant Explorer,True,Merchant-specific voucher,lodging,Hotel,Hotel 1888,Hotel 1888 voucher,0.18828787067054203,0.15016381805983803,0.14521790983742566,13089.52,3195.9096620566906,13089.52,0.31180457678488366,0.9523809523809523,0.14285714285714285,0.13786666666666667
M04076,platinum,Singapore,Points Optimiser,True,2x / 3x points,retail,Premium Retail,Abbesses shops,3x points on retail,0.13517782982319146,0.11329434318771872,0.10654143781861915,3220.4100000000003,1908.434350402399,3220.41,0.3066687607493055,1.0,0.2857142857142857,0.14055
M04077,gold,United States,Fee-Sensitive Traveller,False,No incentive (FX-offset out of scope),transport,Rail & Metro,Wynyard Station,—,0.1211790622142213,0.1211790622142213,0.1206860682991621,539.9300000000001,218.32514708293238,621.8100000000001,0.2863127289852603,1.0,0.0,0.42025
M04078,core,Singapore,Fee-Sensitive Traveller,False,No incentive (FX-offset out of scope),retail,Luxury,Rolex,—,0.1376583878661329,0.11316506724124058,0.16415300315704637,2615.67,4.161478235523958,2991.99,0.5937042232161597,1.0,0.14285714285714285,0.45855
M04079,platinum,Singapore,Immediate Value Seeker,True,Cashback / statement credit,lodging,Upscale Hotel,Westin Chosun Busan,Cashback at Westin Chosun Busan,0.15054216473939172,0.1179326181144231,0.11814594228002033,2312.21,858.3661128867867,2312.21,0.28086968524654077,1.0,0.2,0.25645
M04081,core,Hong Kong,Category Loyalist,True,Category-specific reward,dining,Street & Local,Bamboo Café,Street & Local reward (dining),0.4,0.4,0.4,18.37,272.36873362240885,18.37,0.5023897866660898,1.0,0.0,0.8005
M04083,core,Australia,Immediate Value Seeker,True,Cashback / statement credit,retail,Premium Retail,Pitti,Cashback at Pitti,0.15748251545869854,0.12442636047670996,0.15582422874228083,3383.5299999999997,3182.1046471727113,3525.13,0.2987528725873628,1.0,0.26666666666666666,0.256975
M04084,gold,Singapore,Points Optimiser,True,2x / 3x points,transport,Ride-hail & Taxi,Uber,3x points on transport,0.1200079342336154,0.1200079342336154,0.10410852298205511,3154.01,19.413039583839122,3154.0099999999998,0.31724702158024554,1.0,0.25,0.04
M04085,gold,Singapore,Points Optimiser,True,2x / 3x points,dining,Cafe & Coffee,Mido Cafe,3x points on dining,0.130680426975686,0.130680426975686,0.11550354830383265,1993.3700000000001,956.1678344402859,2001.96,0.3698515207639022,1.0,0.2222222222222222,0.21236666666666668
M04086,gold,Singapore,Threshold Chaser,True,"Spend X, get Y back",transport,Ride-hail & Taxi,Grab,Spend & get-back at Grab,0.1558140221941168,0.1558140221941168,0.1183260273109862,42.23,9.224399817892024,1092.1,0.29308978691150483,1.0,0.5,0.39444999999999997
M04087,gold,Singapore,Fee-Sensitive Traveller,False,No incentive (FX-offset out of scope),retail,Premium Retail,JD Sports,—,0.1447915155339024,0.1162064837506295,0.09682225993180942,3424.95,58.866518250196634,4031.42,0.3133400329191357,1.0,0.125,0.42025
M04088,gold,Australia,Category Loyalist,True,Category-specific reward,retail,Local Shops,Lotus's go fresh,Local Shops reward (retail),0.4,0.4,0.37176426924791284,24.439999999999998,96.25062843545253,24.439999999999998,0.5000565866908104,1.0,0.0,0.4571
M04089,gold,Singapore,Already Loyal,False,No incentive,dining,Fine Dining,Ichiran Dotonbori,—,0.11928684420443356,0.09529024379751025,0.09133093340930348,14540.68,1291.2340539611578,14773.43,0.5086435688828533,1.0,0.25,0.23065
M04090,core,Hong Kong,Immediate Value Seeker,True,Cashback / statement credit,lodging,Hotel,Imperial Hotel Tokyo,Cashback at Imperial Hotel Tokyo,0.13909138580865216,0.10195815530645402,0.14898986437056694,3104.37,94.92628444842597,3337.67,0.375759092901055,1.0,0.07692307692307693,0.318275
M04091,core,Hong Kong,Merchant Explorer,True,Merchant-specific voucher,dining,Fine Dining,Myeongdong Kyoja,Myeongdong Kyoja voucher,0.17057526543812315,0.13040526490436852,0.15186858014022303,9098.98,2775.562063914067,9164.67,0.35384393930360025,1.0,0.19230769230769232,0.1244
M04096,gold,Singapore,Already Loyal,False,No incentive,retail,Premium Retail,Lane Crawford,—,0.12915769467635738,0.11586612092626365,0.07870671397905123,7827.18,263.3257764076497,7827.18,0.3132295337962569,1.0,0.2,0.21763333333333335
M04097,centurion,Singapore,Already Loyal,False,No incentive,dining,Fine Dining,아리양,—,0.14497984239435963,0.1141076858490473,0.10331247810721315,7697.349999999999,31.2631421156525,7697.35,0.3066667230983738,1.0,0.25,0.04
M04101,core,United States,Merchant Explorer,True,Merchant-specific voucher,lodging,Upscale Hotel,Fullerton Sydney,Fullerton Sydney voucher,0.17579513203446248,0.13694991406888393,0.14781385819146886,7319.12,216.89620716052104,7383.92,0.4578193158137744,1.0,0.1,0.2121
M04102,core,United States,Immediate Value Seeker,True,Cashback / statement credit,lodging,Upscale Hotel,Grand Hyatt Kuala Lumpur,Cashback at Grand Hyatt Kuala Lumpur,0.13296261813719304,0.13296261813719304,0.1646129237654648,2593.4300000000003,972.9482558510965,5166.0599999999995,0.3570847503659027,1.0,0.26666666666666666,0.33785
M04103,core,Singapore,Already Loyal,False,No incentive,lodging,Upscale Hotel,Regency Hyde Park,—,0.13673607347663866,0.13673607347663866,0.14082868370131138,7636.34,2303.29648654313,8693.27,0.6442741165921265,0.9411764705882353,0.29411764705882354,0.3659428571428571
M04105,platinum,Singapore,Immediate Value Seeker,True,Cashback / statement credit,retail,Premium Retail,BHV Marais,Cashback at BHV Marais,0.11975415405429665,0.11975415405429665,0.12350559936647335,1894.32,236.53694344807116,1894.32,0.25520465472379666,1.0,0.25,0.04
M04106,core,Australia,Immediate Value Seeker,True,Cashback / statement credit,retail,Premium Retail,People's Park Centre,Cashback at People's Park Centre,0.14912134413682882,0.11753443327960167,0.14757931756946,3193.71,255.87107233373632,3457.3399999999997,0.2945923585522947,1.0,0.2727272727272727,0.2289
M04109,centurion,Hong Kong,Points Optimiser,True,2x / 3x points,lodging,Upscale Hotel,Gion Hatanaka,3x points on lodging,0.17226202906285454,0.1453403548274404,0.09768952381482422,25064.3,6079.629875576039,25064.3,0.31038358980691605,1.0,0.08333333333333333,0.09886666666666667
M04110,core,Japan,Already Loyal,False,No incentive,retail,Premium Retail,Via del Corso shops,—,0.15075853295925667,0.1340460088266813,0.14070009439125888,11924.429999999998,5294.601226708118,12238.3,0.574362337686213,0.8666666666666667,0.13333333333333333,0.39771818181818186
M04111,platinum,Singapore,Merchant Explorer,True,Merchant-specific voucher,lodging,Hotel,Amora Hotel,Amora Hotel voucher,0.14599574140983818,0.11854825200508196,0.09604008247353663,5962.37,421.81909780560557,6246.58,0.2615408145596529,1.0,0.21428571428571427,0.24011428571428572
M04112,core,Singapore,Merchant Explorer,True,Merchant-specific voucher,retail,Premium Retail,Get & Go,Get & Go voucher,0.15262786545534224,0.12709399053047687,0.14072678206839506,4527.28,1910.5251022917757,5530.62,0.40370039232616795,1.0,0.2413793103448276,0.3571375
M04114,core,Hong Kong,Category Loyalist,True,Category-specific reward,dining,Casual Dining,Cintra Heritage House,Casual Dining reward (dining),0.4,0.4,0.269109949882383,46.79,112.28923302543245,54.199999999999996,0.519570607698697,1.0,0.0,0.4729
M04116,gold,Singapore,Low Responsiveness,False,No incentive,dining,Fine Dining,La Maison Rose,—,0.1021603065159545,0.1021603065159545,0.12500316650887017,11986.449999999999,5798.39451958168,11986.45,0.8814021773871044,1.0,0.0,0.04
M04117,core,Singapore,Low Responsiveness,False,No incentive,dining,Fine Dining,대한극장 시당,—,0.10849020239652148,0.10849020239652148,0.1652015795531222,969.81,228.8012112523558,969.8100000000001,0.3088710392335179,1.0,0.0,0.0783
M04118,core,Singapore,Already Loyal,False,No incentive,retail,Apparel,Skechers,—,0.151173507248685,0.1354729226416218,0.12128870690664917,12983.46,7.554385010711371,13552.94,0.3093073561284773,1.0,0.26666666666666666,0.16555
M04119,platinum,Japan,Category Loyalist,True,Category-specific reward,lodging,Budget & Hostel,Hilton Da Nang,Budget & Hostel reward (lodging),0.3692354514248798,0.3692354514248798,0.1539767861596976,28.64,135.74599259994412,32.36,0.7965166292069596,1.0,0.0,0.316
M04120,core,Singapore,Merchant Explorer,True,Merchant-specific voucher,lodging,Hotel,Hotel 1888,Hotel 1888 voucher,0.1761900945389486,0.14478490973806324,0.15834982945479306,4516.61,6109.0418080716745,5304.85,0.4138109041740626,1.0,0.25,0.2988
M04121,gold,Singapore,Low Responsiveness,False,No incentive,retail,Premium Retail,BHV Marais,—,0.10851317274674735,0.11097998122179005,0.07928911941413916,41059.53,9368.865076306769,41059.53,0.6118979497133548,1.0,0.16666666666666666,0.23224444444444442
M04122,gold,United States,Points Optimiser,True,2x / 3x points,retail,Premium Retail,Merci,3x points on retail,0.14841198043121193,0.12117570282433605,0.11210542569476994,4070.4,199.71680505661595,4070.4,0.4988473117216201,1.0,0.25,0.04
M04123,core,Singapore,Immediate Value Seeker,True,Cashback / statement credit,retail,Luxury,Kitamura,Cashback at Kitamura,0.14567169269387445,0.1118280960470644,0.15204479558545828,3090.77,70.16191312865547,3106.51,0.33917415421985475,1.0,0.08333333333333333,0.236375
M04124,core,Singapore,Threshold Chaser,True,"Spend X, get Y back",retail,Premium Retail,Sneaker Street,Spend & get-back at Sneaker Street,0.1461155512804036,0.11466061654931578,0.1577074689261314,2543.95,487.77371359555985,2747.01,0.33912690260958567,1.0,0.42857142857142855,0.3043666666666667
M04125,core,Singapore,Category Loyalist,True,Category-specific reward,retail,Local Shops,"Kencana Fashion, Metro Bringharjo",Local Shops reward (retail),0.4,0.4,0.4,11.87,98.93213684886014,17.16,0.5735169065588646,1.0,0.0,0.8005
M04126,core,Japan,Fee-Sensitive Traveller,False,No incentive (FX-offset out of scope),dining,Fine Dining,Gaggan Anand,—,0.14670479232682784,0.14670479232682784,0.15644162855922547,500.47,70.32524922331805,1844.8,0.4377531821118444,1.0,0.25,0.4580666666666667
M04127,core,Singapore,Immediate Value Seeker,True,Cashback / statement credit,dining,Fine Dining,Antico Caffè Torino,Cashback at Antico Caffè Torino,0.13793756559161297,0.13793756559161297,0.16114272972170296,1383.99,1958.5311508652837,1409.65,0.35444883933627186,1.0,0.2727272727272727,0.09386666666666667
M04129,platinum,Singapore,Merchant Explorer,True,Merchant-specific voucher,lodging,Upscale Hotel,Hyatt Regency Kyoto,Hyatt Regency Kyoto voucher,0.17650035092245345,0.16201062727117674,0.1085281403622374,10998.94,4727.158460203268,11369.07,0.3244826750592226,0.8571428571428571,0.2857142857142857,0.27157
M04130,platinum,Singapore,Points Optimiser,True,2x / 3x points,dining,Fine Dining,Bird Land,3x points on dining,0.15942873823805576,0.12694219439555623,0.11346546579044114,12800.33,5090.11290298073,13843.13,0.36423627455219265,0.95,0.2,0.39631666666666665
M04131,core,United States,Immediate Value Seeker,True,Cashback / statement credit,dining,Fine Dining,L'As du Fallafel,Cashback at L'As du Fallafel,0.12583653373807602,0.12583653373807602,0.16101365762956382,675.01,346.0799671258702,675.01,0.330115893338663,1.0,0.14285714285714285,0.224
M04132,core,Australia,Immediate Value Seeker,True,Cashback / statement credit,retail,Premium Retail,Nishiki Market stalls,Cashback at Nishiki Market stalls,0.1642184245052829,0.12364442205374235,0.17866214315395496,1795.2600000000002,2104.0558037361616,1795.26,0.2665006175644582,1.0,0.09090909090909091,0.19394
M04133,gold,Singapore,Category Loyalist,True,Category-specific reward,dining,Cafe & Coffee,Homestead Coffee,Cafe & Coffee reward (dining),0.12348448629631605,0.12348448629631605,0.13364503346998885,3731.16,1189.184079640322,5420.36,0.52458066669914,0.8947368421052632,0.2631578947368421,0.34862000000000004
M04134,core,Australia,Already Loyal,False,No incentive,dining,Fine Dining,M Bar Thai Eatery,—,0.1469094413676023,0.10915177417485415,0.13148711119372575,12564.960000000001,1184.3135546809547,12928.76,0.4195523920193731,1.0,0.21052631578947367,0.27552
M04136,gold,Hong Kong,Low Responsiveness,False,No incentive,dining,Fine Dining,L'As du Fallafel,—,0.09556155023659921,0.07677556287833633,0.09350508930439758,41521.47,14740.066094539638,42517.340000000004,0.6694685125556803,0.9866666666666667,0.22666666666666666,0.22057727272727276
M04137,gold,Japan,Category Loyalist,True,Category-specific reward,dining,Fine Dining,Yung Kee,Fine Dining reward (dining),0.12408876290290308,0.12408876290290308,0.13332534543859662,3636.0699999999997,530.0423543521783,4132.34,0.512148011388882,1.0,0.0,0.22684
M04138,gold,Singapore,Immediate Value Seeker,True,Cashback / statement credit,retail,Premium Retail,Abbesses shops,Cashback at Abbesses shops,0.2076130525848221,0.17301920654922665,0.20980581962808137,1431.3100000000002,2648.0347567174554,1431.31,0.45624066969158406,1.0,0.0,0.24855
M04140,core,Australia,Immediate Value Seeker,True,Cashback / statement credit,dining,Cafe & Coffee,The Coffee Bean & Tea Leaf,Cashback at The Coffee Bean & Tea Leaf,0.13172293435257265,0.13172293435257265,0.13993778925505196,5928.32,1774.9626186541514,5947.740000000001,0.4652489348477744,1.0,0.13333333333333333,0.230125
M04141,gold,Singapore,Low Responsiveness,False,No incentive,lodging,Upscale Hotel,Marriott Singapore Orchard,—,0.11612340191968774,0.11612340191968774,0.10049149240569293,3194.3,10.340524512998421,3239.94,0.2645516231823185,1.0,0.625,0.28125
M04143,core,Hong Kong,Threshold Chaser,True,"Spend X, get Y back",dining,Fine Dining,渋谷三丁目らあめん,Spend & get-back at 渋谷三丁目らあめん,0.15069277197035014,0.11607348571879297,0.154093382745169,4432.7,156.1016404016747,4450.78,0.3076014420726886,0.9333333333333333,0.4,0.261675
M04144,gold,Singapore,Points Optimiser,True,2x / 3x points,retail,General Retail,Malioboro Street stalls,3x points on retail,0.36114313066848835,0.36114313066848835,0.3079763899126875,71.97,489.348152343239,71.97,0.31965310836040106,1.0,0.0,0.8005
M04147,core,Hong Kong,Immediate Value Seeker,True,Cashback / statement credit,retail,Premium Retail,Mitsukoshi Ginza,Cashback at Mitsukoshi Ginza,0.15011241278036605,0.1171864053127607,0.1399073997251127,3648.08,115.82278400740948,3703.36,0.27382963221312184,1.0,0.2777777777777778,0.17564
M04149,core,Australia,Points Optimiser,True,2x / 3x points,dining,Fine Dining,Din Tai Fung Pavilion,3x points on dining,0.2989191226410926,0.2989191226410926,0.24760309437106606,126.62,188.8002721389931,1066.1299999999999,0.3921840737710741,1.0,0.125,0.39444999999999997
M04151,core,Australia,Immediate Value Seeker,True,Cashback / statement credit,transport,Premium Transport,Tram 19,Cashback at Tram 19,0.14858113080732432,0.11100002639273295,0.15050120055374724,3167.96,54.610659207299165,3336.57,0.3068649420167547,1.0,0.125,0.25645
M04152,gold,United States,Low Responsiveness,False,No incentive,lodging,Upscale Hotel,Grand InterContinental Seoul Parnas,—,0.1073772602891098,0.1073772602891098,0.12513615978741807,1303.36,258.80157235771975,1569.34,0.2865560728555156,1.0,0.2222222222222222,0.3855
M04154,core,Singapore,Immediate Value Seeker,True,Cashback / statement credit,lodging,Upscale Hotel,St. Regis Singapore,Cashback at St. Regis Singapore,0.1201650403043194,0.1201650403043194,0.15648516938072016,2621.86,110.03274740353267,2672.6,0.3286653197160153,1.0,0.16666666666666666,0.2263666666666667
M04156,core,Singapore,Points Optimiser,True,2x / 3x points,dining,Fine Dining,Din Tai Fung Suria KLCC,3x points on dining,0.20925764436309385,0.20925764436309385,0.14178511144807254,177.52,206.3499216178494,1063.48,0.3444866247830012,1.0,0.1,0.41533333333333333
M04158,gold,Singapore,Category Loyalist,True,Category-specific reward,retail,Premium Retail,Nishiki Market stalls,Premium Retail reward (retail),0.1895244022375165,0.1895244022375165,0.21295010144792753,350.01,436.15353920308524,349.01,0.5289313068577844,1.0,0.0,0.1166
M04160,core,Singapore,Already Loyal,False,No incentive,retail,Premium Retail,Get & Go,—,0.13886190755872732,0.13886190755872732,0.12258953750275245,10114.83,241.5988849598747,10114.83,0.4598732937824441,1.0,0.14285714285714285,0.09000000000000001
M04161,core,Singapore,Merchant Explorer,True,Merchant-specific voucher,dining,Fine Dining,명동주물럭,명동주물럭 voucher,0.12414132987086605,0.12414132987086605,0.15303876462595278,2115.9,1038.473217250906,2520.11,0.32302484331983233,0.9523809523809523,0.09523809523809523,0.3287714285714286
M04162,platinum,Australia,Points Optimiser,True,2x / 3x points,lodging,Hotel,New Seoul Hotel,3x points on lodging,0.1719284407922425,0.1374061379173036,0.13190445830294223,6344.86,893.5988212064511,6344.860000000001,0.36442497206682595,1.0,0.3076923076923077,0.3575
M04165,core,Australia,Threshold Chaser,True,"Spend X, get Y back",transport,Ride-hail & Taxi,Grab,Spend & get-back at Grab,0.1236768222471089,0.1236768222471089,0.15668329667855005,680.6700000000001,3.108300968468754,1445.56,0.33558787483052976,1.0,0.5,0.25645
M04166,gold,Hong Kong,Points Optimiser,True,2x / 3x points,lodging,Upscale Hotel,Hôtel Caron de Beaumarchais,3x points on lodging,0.17206811365515864,0.13326865555757944,0.11749687387612118,2746.8,323.87308777683216,3636.77,0.3521882299291497,1.0,0.125,0.25645
M04169,core,Singapore,Immediate Value Seeker,True,Cashback / statement credit,dining,Fine Dining,봉피앙,Cashback at 봉피앙,0.11994703870247783,0.11994703870247783,0.1641297999984171,2150.85,8.465280548865053,2150.85,0.2861240004659181,1.0,0.25,0.04
M04170,core,Hong Kong,Category Loyalist,True,Category-specific reward,dining,Fine Dining,Din Tai Fung ION,Fine Dining reward (dining),0.12109978153126061,0.12109978153126061,0.16178684229384757,3998.18,0.0,3998.18,0.7071883606900576,1.0,0.0,0.0896
M04171,platinum,Australia,Points Optimiser,True,2x / 3x points,dining,Fine Dining,Ginza Kagari,3x points on dining,0.1693414963612043,0.13452799098286983,0.11912360925082272,7608.97,1990.9011404121868,7608.969999999999,0.37554665678851856,0.9166666666666666,0.16666666666666666,0.2301
M04173,core,Japan,Low Responsiveness,False,No incentive,dining,Fine Dining,Ichiran Dotonbori,—,0.10575119842004695,0.10575119842004695,0.16462608844740764,906.79,107.8530764906977,906.79,0.31185651470778,1.0,0.25,0.1166
M04174,core,Australia,Fee-Sensitive Traveller,False,No incentive (FX-offset out of scope),dining,Fine Dining,Din Tai Fung Suria KLCC,—,0.13654604430711648,0.13654604430711648,0.1574922294723954,229.28,20.00402255311556,264.11,0.30762085282735685,1.0,0.2,0.39444999999999997
M04175,core,Hong Kong,Category Loyalist,True,Category-specific reward,dining,Fine Dining,Mak's Noodle,Fine Dining reward (dining),0.12726025007187108,0.12726025007187108,0.1646902832420019,2428.65,0.0,2428.65,0.6274177051931454,1.0,0.0,0.14
M04177,core,Singapore,Points Optimiser,True,2x / 3x points,dining,Cafe & Coffee,Cafe De O'Sha,3x points on dining,0.3714928931509749,0.3714928931509749,0.2800309686082841,55.300000000000004,290.61609545389837,59.21,0.30734927630852904,1.0,0.0,0.4571
M04178,centurion,Singapore,Merchant Explorer,True,Merchant-specific voucher,retail,Apparel,Uniqlo Ginza,Uniqlo Ginza voucher,0.15264149126774398,0.15264149126774398,0.07407358220591459,27124.379999999997,13883.700075998475,27124.38,0.34828775697671954,0.9166666666666666,0.4166666666666667,0.25272857142857147
M04179,platinum,Singapore,Points Optimiser,True,2x / 3x points,lodging,Upscale Hotel,Keraton at The Plaza,3x points on lodging,0.29357576259092,0.29357576259092,0.2404026559594758,75.06,106.34709171872728,385.57,0.48174689470970367,1.0,0.16666666666666666,0.47750000000000004
M04183,core,Australia,Already Loyal,False,No incentive,dining,Fast Food,KFC,—,0.1288591300076872,0.11749177202188016,0.14126766801031626,6828.9,236.5693286421395,7125.42,0.4219951242467997,0.9655172413793104,0.1724137931034483,0.2700375
M04184,core,Hong Kong,Merchant Explorer,True,Merchant-specific voucher,dining,Fine Dining,Gion Duck Noodles,Gion Duck Noodles voucher,0.15363402816753927,0.12073107710258257,0.14401526666715944,6168.22,2948.0649318592386,6564.63,0.30018138785570997,0.9166666666666666,0.4166666666666667,0.26954285714285714
M04185,core,Hong Kong,Fee-Sensitive Traveller,False,No incentive (FX-offset out of scope),dining,Fine Dining,Jalan Alor stalls,—,0.1402152082717613,0.1402152082717613,0.17399805939208957,652.05,0.0,1277.89,0.3233442354500343,1.0,0.08333333333333333,0.4543333333333333
M04186,platinum,United States,Points Optimiser,True,2x / 3x points,lodging,Upscale Hotel,The Hoxton Paris,3x points on lodging,0.17681846003758422,0.14229076024558782,0.11978791314587271,4173.68,1321.3587064704293,4400.22,0.2987193566047312,1.0,0.18181818181818182,0.3855
M04187,core,Singapore,Immediate Value Seeker,True,Cashback / statement credit,retail,Premium Retail,Via del Corso shops,Cashback at Via del Corso shops,0.16389064077249266,0.12002626098358868,0.17545363453110413,1584.93,747.7455568974352,1584.93,0.3049037894921274,1.0,0.2857142857142857,0.0802
M04188,core,Singapore,Category Loyalist,True,Category-specific reward,dining,Cafe & Coffee,Mido Cafe,Cafe & Coffee reward (dining),0.204659663955901,0.204659663955901,0.20023073010788234,3960.43,863.7142234087148,3959.43,0.575890629288465,1.0,0.0,0.14
M04189,core,Hong Kong,Merchant Explorer,True,Merchant-specific voucher,lodging,Hotel,Hotel 1888,Hotel 1888 voucher,0.19102938477738032,0.14805004763736662,0.14819889288889596,12517.57,6444.690078377141,12562.8,0.28671506633539967,0.9259259259259259,0.2222222222222222,0.1134
M04190,core,Singapore,Fee-Sensitive Traveller,False,No incentive (FX-offset out of scope),transport,Premium Transport,SBS Transit,—,0.11806816615751627,0.11806816615751627,0.14747172809255812,388.46000000000004,44.289899296691885,575.87,0.31905648994465974,1.0,0.2,0.380525
M04191,gold,Singapore,Low Responsiveness,False,No incentive,transport,Premium Transport,Kakao T,—,0.10454660373330575,0.10454660373330575,0.10186913282727139,1724.13,660.3695696913157,1724.1299999999999,0.3040085846041055,1.0,0.375,0.0783
M04192,platinum,Hong Kong,Already Loyal,False,No incentive,retail,Premium Retail,Taiseido Bookstore,—,0.1451014222269316,0.1451014222269316,0.06849569663014018,13400.99,24.42694378785734,15511.94,0.39774210209608424,1.0,0.0,0.34359999999999996
M04193,gold,Singapore,Already Loyal,False,No incentive,retail,Premium Retail,Chinatown Complex,—,0.14898135072770824,0.14898135072770824,0.09230770774049737,15236.12,3451.9316965688536,15355.58,0.3793048620217449,1.0,0.21052631578947367,0.22702
M04194,core,Singapore,Merchant Explorer,True,Merchant-specific voucher,lodging,Hotel,Hotel The Designers,Hotel The Designers voucher,0.16547233364046082,0.13172086068133704,0.1478056810331013,10138.490000000002,2865.9439619686063,10138.49,0.3110191294514143,1.0,0.37037037037037035,0.1863375
M04195,gold,Hong Kong,Points Optimiser,True,2x / 3x points,dining,Fine Dining,酔香楼,3x points on dining,0.16006050183401954,0.12270276664391447,0.11170137245817087,3162.26,8.224749973246645,3162.26,0.31298060853553206,1.0,0.25,0.1166
M04199,platinum,Australia,Points Optimiser,True,2x / 3x points,dining,Fine Dining,La Maison Rose,3x points on dining,0.14741781743769963,0.14741781743769963,0.1008105790172617,4107.200000000001,3561.9243620144116,4291.02,0.3408648534138083,1.0,0.3333333333333333,0.2838
M04200,core,Japan,Immediate Value Seeker,True,Cashback / statement credit,dining,Fine Dining,The George on Collins,Cashback at The George on Collins,0.16112515600030072,0.12914954801838524,0.15943128473416418,4831.7,873.8636568931286,4831.7,0.39219627099393944,1.0,0.23076923076923078,0.232425
M04201,core,Singapore,Already Loyal,False,No incentive,dining,Fine Dining,The George on Collins,—,0.14546994047481837,0.1180404074214518,0.12899397339293706,12132.310000000001,266.6668834727958,12132.31,0.32586719866265135,1.0,0.375,0.0524
M04202,gold,Japan,Points Optimiser,True,2x / 3x points,retail,Premium Retail,Landmark,3x points on retail,0.15251083589299158,0.1215922060829336,0.11434391649006581,7162.469999999999,293.3454589108976,8830.07,0.25122327099986536,0.9333333333333333,0.13333333333333333,0.4200714285714286
M04204,centurion,United States,Low Responsiveness,False,No incentive,lodging,Upscale Hotel,Parkroyal Collection Pickering,—,0.11548286881397696,0.1082817226224641,0.11607677338601435,5968.610000000001,310.34099486140127,5968.610000000001,0.3207404186546827,1.0,0.38461538461538464,0.175825
M04207,core,Japan,Threshold Chaser,True,"Spend X, get Y back",lodging,Mid-scale Hotel,Mandarin Oriental Kuala Lumpur,Spend & get-back at Mandarin Oriental Kuala Lumpur,0.17710175705767914,0.17710175705767914,0.14168435085926806,194.10000000000002,15.487983449009576,364.47,0.3526104321857177,1.0,0.375,0.39444999999999997
M04209,gold,Australia,Immediate Value Seeker,True,Cashback / statement credit,dining,Fine Dining,Kyubey,Cashback at Kyubey,0.15618243718810731,0.11893202817167059,0.12489264612114995,2188.15,14.587406176899208,2188.15,0.4553462175681335,1.0,0.25,0.1166
M04211,core,Hong Kong,Immediate Value Seeker,True,Cashback / statement credit,dining,Fine Dining,Lau Pa Sat nearby,Cashback at Lau Pa Sat nearby,0.12712180110291374,0.12712180110291374,0.14820417235120859,1543.91,127.85167591777783,1543.91,0.38538815448663516,1.0,0.0,0.0896
M04213,core,Japan,Immediate Value Seeker,True,Cashback / statement credit,dining,Fine Dining,Mak's Noodle,Cashback at Mak's Noodle,0.15604521715151792,0.1247216070530355,0.16407083136205766,4022.51,774.2566591017794,4420.18,0.37094049919428407,1.0,0.13333333333333333,0.26914000000000005
M04214,gold,United States,Low Responsiveness,False,No incentive,lodging,Hotel,Langham Place Hotel Mongkok,—,0.10191579836831355,0.10191579836831355,0.107353062413454,731.94,302.298940722632,754.37,0.27444914810003185,1.0,0.1111111111111111,0.46586666666666665
M04215,core,Hong Kong,Immediate Value Seeker,True,Cashback / statement credit,dining,Fine Dining,Yung Kee,Cashback at Yung Kee,0.1661703593663425,0.11786612958381026,0.1714897650087353,2788.73,0.0,2788.73,0.30130645992236693,1.0,0.0,0.14
M04217,core,Singapore,Category Loyalist,True,Category-specific reward,dining,Fine Dining,The Wall,Fine Dining reward (dining),0.1183701355622656,0.1183701355622656,0.17001956892344744,2433.67,15.721201473937171,2442.27,0.5612284706797588,1.0,0.16666666666666666,0.24855
M04218,core,United States,Already Loyal,False,No incentive,retail,Premium Retail,Sneaker Street,—,0.14099639082076734,0.12731449811083825,0.14473539663656093,8561.98,2184.9436825048197,8813.78,0.34508176667699914,0.9629629629629629,0.2222222222222222,0.21475
M04219,gold,Singapore,Low Responsiveness,False,No incentive,retail,Premium Retail,Merci,—,0.10223819704988922,0.10223819704988922,0.11033919112428289,1419.6499999999999,131.97495879350362,1606.6399999999999,0.25774280271516936,1.0,0.2857142857142857,0.178
M04221,platinum,Singapore,Already Loyal,False,No incentive,dining,Fine Dining,Churrasco,—,0.1491433300046956,0.1491433300046956,0.09169474805758222,15327.35,7649.46071486828,15437.05,0.38227962912933355,1.0,0.14285714285714285,0.36826
M04222,core,Singapore,Low Responsiveness,False,No incentive,lodging,Hotel,Imperial Hotel Tokyo,—,0.0976832929635224,0.0976832929635224,0.16173570682579824,1748.35,138.38918837943586,1748.3500000000001,0.25660010099247565,1.0,0.125,0.1283
M04223,platinum,Singapore,Points Optimiser,True,2x / 3x points,dining,Fine Dining,L'As du Fallafel,3x points on dining,0.12750408898830767,0.12750408898830767,0.11203240978622489,4945.62,433.6012177781057,5705.14,0.39886981195192317,1.0,0.25,0.27103333333333335
M04224,core,United States,Merchant Explorer,True,Merchant-specific voucher,retail,Premium Retail,City Hatters,City Hatters voucher,0.1525531801012203,0.12074503047304805,0.1352863799383467,5689.29,1354.067438519964,6772.86,0.3292427628075429,0.9259259259259259,0.1111111111111111,0.3538
M04225,core,Australia,Low Responsiveness,False,No incentive,transport,Rail & Metro,Osaka Metro Midosuji,—,0.1135961218188484,0.1135961218188484,0.14862115455968214,2705.2999999999997,235.32654218285754,2705.2999999999997,0.3398050940853477,1.0,0.5,0.1166
M04226,core,Australia,Immediate Value Seeker,True,Cashback / statement credit,lodging,Upscale Hotel,The Mandarin Oriental Hong Kong,Cashback at The Mandarin Oriental Hong Kong,0.12225032896878005,0.12225032896878005,0.16483291370467673,1371.1100000000001,864.3231055878982,1774.31,0.4351677776911171,1.0,0.3333333333333333,0.25733333333333336
M04227,gold,Japan,Category Loyalist,True,Category-specific reward,retail,Premium Retail,IFC Mall,Premium Retail reward (retail),0.1405687738662901,0.11856930173941407,0.10413504268966985,4483.09,8.526512829121202e-14,4483.09,0.5050918613740458,1.0,0.0,0.14
M04228,centurion,Hong Kong,Merchant Explorer,True,Merchant-specific voucher,lodging,Hotel,Hotel 1888,Hotel 1888 voucher,0.16139889583921718,0.16139889583921718,0.0899168826470835,24001.850000000002,7120.994109204628,25843.82,0.3104709514204831,0.9333333333333333,0.23333333333333334,0.2783
M04229,core,United States,Immediate Value Seeker,True,Cashback / statement credit,dining,Fine Dining,Gindaco,Cashback at Gindaco,0.12930527993721344,0.12930527993721344,0.1556390400616023,1054.24,61.05441416289333,1067.08,0.42075491482843413,1.0,0.0,0.2163
M04232,core,Australia,Merchant Explorer,True,Merchant-specific voucher,retail,Premium Retail,Wako,Wako voucher,0.14754482066294639,0.113600326825244,0.15504051889777148,3545.56,955.3732715121607,5483.349999999999,0.3532742748283357,1.0,0.35,0.2864333333333333
M04233,platinum,Hong Kong,Already Loyal,False,No incentive,lodging,Upscale Hotel,Park Hyatt Sydney,—,0.1377645915448114,0.1315984678902206,0.08646959438855384,13104.87,1350.5895605555786,14937.960000000001,0.2822191565873059,1.0,0.16666666666666666,0.30238571428571426
M04234,core,Hong Kong,Already Loyal,False,No incentive,dining,Fine Dining,Din Tai Fung ION,—,0.14279162764286416,0.12773593610459452,0.15354491576543178,6944.35,2539.130405968546,6947.83,0.5213413657672228,1.0,0.3125,0.28786
M04236,core,Hong Kong,Category Loyalist,True,Category-specific reward,dining,Fine Dining,Asahi,Fine Dining reward (dining),0.246679280475531,0.246679280475531,0.17523265925181317,225.15,993.5797371058504,225.15,0.6320277887138088,1.0,0.3333333333333333,0.4571
M04237,core,Singapore,Points Optimiser,True,2x / 3x points,dining,Fine Dining,Cuc Gach Quan,3x points on dining,0.32618328370983574,0.32618328370983574,0.2347063328923669,77.21,539.5595982418572,344.78,0.3274526028683844,1.0,0.1111111111111111,0.4724
M04239,gold,Singapore,Low Responsiveness,False,No incentive,dining,Fine Dining,Nerovivo,—,0.1098260764590141,0.1098260764590141,0.1373184754067972,78.99,7.82773504825289,1721.2199999999998,0.3752428705413141,1.0,0.25,0.4729
M04240,core,Singapore,Already Loyal,False,No incentive,dining,Fine Dining,Kings Lane Sandwiches,—,0.13930647046268652,0.13545766323648906,0.11547066133940814,23571.83,4122.354902233766,25091.010000000002,0.3521383717104773,0.9315068493150684,0.2465753424657534,0.2887952380952381
M04241,core,Hong Kong,Threshold Chaser,True,"Spend X, get Y back",dining,Fine Dining,L'As du Fallafel,Spend & get-back at L'As du Fallafel,0.15570505754421504,0.12096327290814177,0.15554352659939633,4795.9,453.42046893778735,4915.8,0.4019685775848006,1.0,0.4375,0.151975
M04242,gold,Australia,Already Loyal,False,No incentive,retail,Premium Retail,Nishiki Market stalls,—,0.1400677278509847,0.12850514225135606,0.08194866545475077,7222.73,3977.4727219883816,7222.73,0.31695068928618025,1.0,0.18181818181818182,0.09106666666666667
M04244,gold,Hong Kong,Points Optimiser,True,2x / 3x points,dining,Fine Dining,명동주물럭,3x points on dining,0.12090760766091872,0.12090760766091872,0.1126345018690076,5034.35,269.36412079740074,6682.78,0.4130946645299854,1.0,0.125,0.24855
M04245,gold,Singapore,Merchant Explorer,True,Merchant-specific voucher,dining,Fine Dining,Yung Kee,Yung Kee voucher,0.15938426167066547,0.120048722513474,0.12510509835624636,9384.4,1338.1868777237569,10285.66,0.2834370695025685,1.0,0.23809523809523808,0.40736666666666665
M04246,gold,Singapore,Already Loyal,False,No incentive,retail,Premium Retail,Dover flower,—,0.13884570453303327,0.113077777413208,0.09631736707612004,6896.99,330.4898230712299,8099.73,0.26567053157198167,1.0,0.2727272727272727,0.25166666666666665
M04248,core,Singapore,Threshold Chaser,True,"Spend X, get Y back",retail,Premium Retail,Merci,Spend & get-back at Merci,0.1488709222341025,0.11795341084595007,0.14941359480030078,4486.96,1252.6783166613986,4486.96,0.39034343938882415,1.0,0.4,0.086
M04250,platinum,Singapore,Already Loyal,False,No incentive,lodging,Hotel,DoubleTree by Hilton Hotel Melbourne - Flinders Street,—,0.1393758233806112,0.1393758233806112,0.11387237128296622,8316.61,373.26016220324226,8323.78,0.49072165540958956,1.0,0.2,0.109
M04251,core,Australia,Immediate Value Seeker,True,Cashback / statement credit,lodging,Upscale Hotel,Sofitel Legend Metropole Hanoi,Cashback at Sofitel Legend Metropole Hanoi,0.15728305233248288,0.15728305233248288,0.1620797242213411,393.98,977.2035142250315,401.68,0.3461056398220087,1.0,0.2857142857142857,0.38655
M04252,gold,Australia,Merchant Explorer,True,Merchant-specific voucher,dining,Fine Dining,Zuboraya,Zuboraya voucher,0.17506882921908193,0.10717606580390752,0.15187329765087818,15996.23,2189.6800398184423,15996.23,0.4032379692841151,0.88,0.2,0.11665714285714286
M04254,centurion,United States,Immediate Value Seeker,True,Cashback / statement credit,lodging,Upscale Hotel,Quest on William,Cashback at Quest on William,0.16249483916326202,0.12322612031175435,0.14484802296512858,2212.0,46.279998138018044,2212.0,0.3047409182283713,1.0,0.0,0.04
M04256,core,Australia,Low Responsiveness,False,No incentive,transport,Rail & Metro,Tokyo Metro,—,0.1037404160565213,0.1037404160565213,0.1548411076900218,1296.0900000000001,14.66876371796613,1312.88,0.3033470509936731,1.0,0.16666666666666666,0.28685
M04257,centurion,Australia,Points Optimiser,True,2x / 3x points,dining,Fine Dining,Spicy Fish Restaurant,3x points on dining,0.12476602355424797,0.12476602355424797,0.1035041688788447,2023.78,371.48740097368983,2032.85,0.34588946584569225,1.0,0.0,0.24855
M04258,core,United States,Category Loyalist,True,Category-specific reward,retail,Premium Retail,Han Market,Premium Retail reward (retail),0.3563133820186889,0.3563133820186889,0.21926896046892624,278.82,2042.6104701404088,289.07,0.7083077943981809,1.0,0.0,0.55825
M04259,core,Australia,Points Optimiser,True,2x / 3x points,lodging,Upscale Hotel,JW Marriott Bangkok,3x points on lodging,0.2734130446715889,0.2734130446715889,0.1548274757900498,61.27,9.50826479539419,557.95,0.29767323300772963,1.0,0.0,0.4571
M04260,core,United States,Fee-Sensitive Traveller,False,No incentive (FX-offset out of scope),retail,Premium Retail,OH,—,0.12214727316172463,0.12214727316172463,0.16015717611314567,757.87,946.0657553505571,952.97,0.3296348275812833,1.0,0.25,0.3683
M04262,platinum,Hong Kong,Low Responsiveness,False,No incentive,transport,Premium Transport,Sydney Ferries,—,0.11557417406355244,0.11557417406355244,0.09519005289028645,2827.55,31.344311973561048,3555.1499999999996,0.40658809550921987,1.0,0.18181818181818182,0.17903333333333335
M04263,core,Hong Kong,Fee-Sensitive Traveller,False,No incentive (FX-offset out of scope),dining,Fine Dining,Ginza Kagari,—,0.12629750684877378,0.12629750684877378,0.1541646797344414,1683.91,132.13446195434219,1738.98,0.36514646564806497,1.0,0.15384615384615385,0.465725
M04264,core,Singapore,Category Loyalist,True,Category-specific reward,retail,Premium Retail,Lane Crawford,Premium Retail reward (retail),0.17625983586201338,0.17625983586201338,0.1626629671220492,448.4,0.0,448.4,0.5071503963741434,1.0,0.0,0.14
M04265,centurion,Australia,Low Responsiveness,False,No incentive,dining,Fine Dining,Roscioli,—,0.11396392444555034,0.11396392444555034,0.12334163104223247,1472.62,903.1591488829741,1472.62,0.29791496994861416,1.0,0.25,0.0708
M04266,core,Singapore,Low Responsiveness,False,No incentive,lodging,Hotel,Syainbil Resort Hotel,—,0.10054359593883974,0.10054359593883974,0.17117114273538553,806.7099999999999,3.839340179858823,806.71,0.2642302383321751,1.0,0.25,0.04
M04268,core,Japan,Category Loyalist,True,Category-specific reward,dining,Casual Dining,Asahi,Casual Dining reward (dining),0.4,0.4,0.1294730904905367,38.15,165.69911639636763,38.15,1.0,1.0,0.0,0.4571
M04269,gold,Hong Kong,Merchant Explorer,True,Merchant-specific voucher,dining,Fine Dining,Din Tai Fung Pavilion,Din Tai Fung Pavilion voucher,0.15993556180996382,0.13277967289432607,0.11318758096265268,4116.98,3648.740709521141,6497.49,0.3609633695844785,1.0,0.15,0.22205
M04270,core,Singapore,Category Loyalist,True,Category-specific reward,dining,Fine Dining,CaPhe Kien Viet,Fine Dining reward (dining),0.2738393980696307,0.2738393980696307,0.1318040817327061,62.55,276.21264383683683,62.55,1.0,1.0,0.0,0.316
M04271,core,Japan,Immediate Value Seeker,True,Cashback / statement credit,retail,Premium Retail,BHV Marais,Cashback at BHV Marais,0.15380496742246763,0.119327664256648,0.13866506434514564,7011.03,1871.3461943861057,7011.03,0.3913831591070065,1.0,0.21428571428571427,0.18178
M04273,core,Singapore,Category Loyalist,True,Category-specific reward,dining,Cafe & Coffee,Cafe De O'Sha,Cafe & Coffee reward (dining),0.2739832707581449,0.2739832707581449,0.2542526271818116,125.0,635.7052915774141,125.0,0.53580416,1.0,0.3333333333333333,0.4571
M04275,core,Japan,Low Responsiveness,False,No incentive,dining,Fine Dining,Mak's Noodle,—,0.1132821087998774,0.1132821087998774,0.15162872410738176,3069.26,1.7053025658242404e-12,3264.55,0.3866312304926002,1.0,0.125,0.47025
M04276,core,Singapore,Immediate Value Seeker,True,Cashback / statement credit,dining,Fine Dining,Kyubey,Cashback at Kyubey,0.17416148138442017,0.12815814951945326,0.15193305879801075,9362.47,2048.8905563643384,10029.09,0.3629584380262693,1.0,0.29411764705882354,0.2523
M04277,core,Hong Kong,Category Loyalist,True,Category-specific reward,dining,Fine Dining,Breizh Café,Fine Dining reward (dining),0.1760620210262,0.14531783426118175,0.15446402541328247,5277.9,1785.933048945134,5308.34,0.5706854817976525,1.0,0.18181818181818182,0.31903333333333334
M04280,core,Australia,Fee-Sensitive Traveller,False,No incentive (FX-offset out of scope),dining,Cafe & Coffee,Mido Cafe,—,0.12252393403175227,0.12252393403175227,0.16210865169043162,3033.9199999999996,386.6919859301409,3253.3399999999997,0.6364983133818598,1.0,0.0,0.5803333333333334
M04282,core,Japan,Merchant Explorer,True,Merchant-specific voucher,dining,Fine Dining,Dragon Boat Restaurant,Dragon Boat Restaurant voucher,0.1871521475226876,0.12735514829725095,0.16073723039718696,12070.37,2174.510856377919,12884.07,0.3276999661669712,1.0,0.24390243902439024,0.27973333333333333
M04283,centurion,Japan,Points Optimiser,True,2x / 3x points,lodging,Budget & Hostel,Red Inn Heritage,3x points on lodging,0.16986741411400122,0.16986741411400122,0.13500221542417207,1010.1700000000001,1417.8062185008055,1010.1700000000001,0.49251575821480603,1.0,0.0,0.4729
M04285,gold,Hong Kong,Threshold Chaser,True,"Spend X, get Y back",retail,Premium Retail,OPS,Spend & get-back at OPS,0.19606882867742714,0.19606882867742714,0.20237692133254537,727.6899999999999,738.0735587591548,726.6899999999999,0.44080267371518583,1.0,0.6666666666666666,0.04
M04286,core,Hong Kong,Immediate Value Seeker,True,Cashback / statement credit,retail,Premium Retail,Sneaker Street,Cashback at Sneaker Street,0.15139746427060918,0.12164329951873121,0.16554049142407784,2921.36,1137.7567123672686,2927.13,0.48770900554307167,1.0,0.07142857142857142,0.1494
M04287,core,Japan,Merchant Explorer,True,Merchant-specific voucher,dining,Fine Dining,Yung Kee,Yung Kee voucher,0.18375430215675986,0.13894144162898714,0.1640999840697846,6218.26,2220.0699036182764,6414.46,0.31697997525123306,1.0,0.25,0.32758333333333334
M04289,core,Hong Kong,Already Loyal,False,No incentive,dining,Fine Dining,Mak's Noodle,—,0.1294502077590404,0.101956866606027,0.15731623351820911,16859.83,4768.776040289074,16896.77,0.6483934353404501,1.0,0.18518518518518517,0.23345714285714286
M04291,core,Australia,Fee-Sensitive Traveller,False,No incentive (FX-offset out of scope),dining,Fine Dining,Din Tai Fung Suria KLCC,—,0.14462933816122922,0.14462933816122922,0.16276738005692803,1521.02,697.627017123059,4325.63,0.4734636438213251,1.0,0.22727272727272727,0.50995
M04293,core,Hong Kong,Immediate Value Seeker,True,Cashback / statement credit,dining,Fine Dining,Stardust,Cashback at Stardust,0.15327058113752637,0.15327058113752637,0.1838014410687657,229.06,406.1643051487305,229.06,0.41754252261256514,1.0,0.0,0.4729
M04294,core,Japan,Merchant Explorer,True,Merchant-specific voucher,dining,Fine Dining,Churrasco,Churrasco voucher,0.19088222052460702,0.1322785150412106,0.16112942005302203,5818.38,1532.9056183935866,6295.67,0.3285057888537692,1.0,0.15151515151515152,0.2733888888888889
M04295,platinum,Singapore,Points Optimiser,True,2x / 3x points,dining,Fine Dining,Kikunoi,3x points on dining,0.12978504912489722,0.12978504912489722,0.12032540132054302,2481.19,1569.9894800619566,3748.73,0.2986550076264519,0.9285714285714286,0.14285714285714285,0.29475
M04297,core,Japan,Merchant Explorer,True,Merchant-specific voucher,retail,Premium Retail,Tokyu Hands Namba,Tokyu Hands Namba voucher,0.15539682994603193,0.12159869519167198,0.15154731535596852,6144.89,628.4041438983587,6237.360000000001,0.30783433893330603,0.9259259259259259,0.3333333333333333,0.269125
M04298,gold,United States,Category Loyalist,True,Category-specific reward,lodging,Mid-scale Hotel,Hanoi Social Club stay,Mid-scale Hotel reward (lodging),0.2354899015299286,0.2354899015299286,0.11028467981597535,140.6,746.787704938405,140.6,0.5684447369432771,1.0,1.0,0.316
M04299,core,Australia,Immediate Value Seeker,True,Cashback / statement credit,retail,Premium Retail,Westfield Sydney,Cashback at Westfield Sydney,0.14747279199877802,0.11993886308639633,0.14992050779852067,5152.26,1799.5468043244907,5353.57,0.3187251741131481,1.0,0.16666666666666666,0.29026
M04301,core,Singapore,Merchant Explorer,True,Merchant-specific voucher,dining,Fine Dining,Le Consulat,Le Consulat voucher,0.19587260960035946,0.13449510608821616,0.18670507256324778,8515.69,4465.456239513469,8558.43,0.5457160967619934,1.0,0.25,0.22912222222222223
M04302,core,United States,Category Loyalist,True,Category-specific reward,retail,Premium Retail,Abbesses shops,Premium Retail reward (retail),0.1245665247062004,0.11531622996743725,0.15281459280495108,3817.72,3096.163780483232,3817.72,0.7926644995383367,1.0,0.0,0.178
M04303,core,Singapore,Immediate Value Seeker,True,Cashback / statement credit,dining,Fine Dining,Gion Duck Noodles,Cashback at Gion Duck Noodles,0.1946085504634826,0.1946085504634826,0.209734932160396,913.22,856.0337395172622,912.22,0.33596748315291025,1.0,0.0,0.1166
M04304,gold,Singapore,Fee-Sensitive Traveller,False,No incentive (FX-offset out of scope),dining,Fine Dining,Yung Kee,—,0.14994122578036098,0.14994122578036098,0.1453898145202127,224.93,0.0,403.72999999999996,0.3150725956319898,1.0,0.1,0.5803333333333334
M04305,core,Hong Kong,Threshold Chaser,True,"Spend X, get Y back",transport,Rail & Metro,Gion-Shijo Station,Spend & get-back at Gion-Shijo Station,0.13485399308337914,0.12619498854507585,0.15135509160420563,2599.69,1147.1416044951836,2599.69,0.40436835305108276,1.0,0.4444444444444444,0.07579999999999999
M04307,core,Hong Kong,Immediate Value Seeker,True,Cashback / statement credit,dining,Fine Dining,Ginza Kagari,Cashback at Ginza Kagari,0.12613006726262965,0.12613006726262965,0.15491910974405998,781.0,7.4618292140707325,781.0,0.475021004621607,1.0,0.25,0.1166
M04308,core,Singapore,Immediate Value Seeker,True,Cashback / statement credit,lodging,Hotel,Shibuya Excel Hotel Tokyu,Cashback at Shibuya Excel Hotel Tokyu,0.15658125396328915,0.10507094022369,0.14232055770284166,5759.33,302.46181767231184,5759.33,0.2633346166990566,1.0,0.125,0.0783
M04309,gold,United States,Category Loyalist,True,Category-specific reward,dining,Fine Dining,La Maison Rose,Fine Dining reward (dining),0.15223063278766186,0.15223063278766186,0.1201734109630707,3610.67,2559.8025405328735,3610.67,0.697555228467037,1.0,0.2,0.06553333333333333
M04310,platinum,Singapore,Points Optimiser,True,2x / 3x points,dining,Fine Dining,Ichiran Dotonbori,3x points on dining,0.12654462880103257,0.12654462880103257,0.11108016571443317,3328.15,318.4690338839646,3335.76,0.3094708952918321,1.0,0.0,0.2163
M04311,platinum,United States,Points Optimiser,True,2x / 3x points,transport,Ride-hail & Taxi,Grab,3x points on transport,0.17930978338278042,0.17930978338278042,0.1322099750495727,530.01,1278.7929150270759,530.01,0.3530815414750879,1.0,0.25,0.316
M04313,core,Japan,Immediate Value Seeker,True,Cashback / statement credit,dining,Fine Dining,Mak's Noodle,Cashback at Mak's Noodle,0.16147560045541864,0.11640164430820416,0.16174657926632627,3093.65,396.7529862380397,3548.91,0.3217678725469733,1.0,0.25,0.31974
M04316,gold,United States,Points Optimiser,True,2x / 3x points,dining,Fine Dining,Gion Duck Noodles,3x points on dining,0.1235926404182186,0.1235926404182186,0.11841554350607225,2808.01,1450.2767473157476,3329.2599999999998,0.4807506411637639,1.0,0.14285714285714285,0.28685
M04317,platinum,Singapore,Category Loyalist,True,Category-specific reward,dining,Fine Dining,Roscioli,Fine Dining reward (dining),0.1714909296024403,0.1714909296024403,0.15755271702017937,13926.859999999999,6337.679505097421,15363.38,0.8974378126231327,1.0,0.125,0.2865666666666667
M04318,gold,United States,Already Loyal,False,No incentive,retail,Premium Retail,GS25,—,0.131130604962215,0.11882511061051469,0.07856516462937638,6790.5,999.5283283480264,7282.75,0.3637201131267558,0.95,0.25,0.24903333333333333
M04319,gold,Singapore,Points Optimiser,True,2x / 3x points,dining,Fine Dining,Mak's Noodle,3x points on dining,0.15515013264707803,0.11715626551827252,0.10733834613859491,3042.38,1045.5156723378957,3042.38,0.2977846477948829,1.0,0.2857142857142857,0.10540000000000001
M04322,gold,Singapore,Low Responsiveness,False,No incentive,lodging,Hotel,Hotel Golf,—,0.10573842748126205,0.10573842748126205,0.11795489343692936,2670.91,3347.092408576874,4119.0199999999995,0.38153203396039154,1.0,0.2727272727272727,0.1893
M04323,core,Singapore,Points Optimiser,True,2x / 3x points,lodging,Budget & Hostel,Lai Thai,3x points on lodging,0.30635726351311987,0.30635726351311987,0.21749505682850565,64.49,128.3668868581987,64.49,0.3434307773233987,1.0,0.0,0.4571
M04324,core,Hong Kong,Immediate Value Seeker,True,Cashback / statement credit,retail,Premium Retail,ION Orchard,Cashback at ION Orchard,0.15376061821056164,0.15376061821056164,0.15937334220402688,276.13,9.834094326307294,453.84000000000003,0.2532331368129979,1.0,0.25,0.28125
M04326,platinum,United States,Already Loyal,False,No incentive,retail,Premium Retail,Namdaemun Shopping Mall,—,0.14490936233921797,0.13128465325114785,0.10445548725259565,9818.65,2229.078264719963,9818.65,0.27087482252515827,0.9310344827586207,0.3793103448275862,0.188925
M04327,core,United States,Immediate Value Seeker,True,Cashback / statement credit,lodging,Upscale Hotel,Park Hyatt Sydney,Cashback at Park Hyatt Sydney,0.13400017407392756,0.13400017407392756,0.16397689112156488,1082.21,10.086919383532248,1082.21,0.34441233234400737,1.0,0.25,0.04
M04329,core,Australia,Category Loyalist,True,Category-specific reward,retail,Premium Retail,Mitsukoshi Ginza,Premium Retail reward (retail),0.14988429186742694,0.11514559570269145,0.17211799633617964,2394.27,18.8912292760281,2394.27,0.5673620552649973,1.0,0.0,0.1166
M04330,core,Australia,Immediate Value Seeker,True,Cashback / statement credit,lodging,Budget & Hostel,Red Inn Hotel,Cashback at Red Inn Hotel,0.25010122589384653,0.25010122589384653,0.27555713558027745,46.03,79.56084791735901,51.12,0.4173474270243264,1.0,0.0,0.4729
M04331,core,Singapore,Already Loyal,False,No incentive,lodging,Upscale Hotel,Grand InterContinental Seoul Parnas,—,0.1492200796601221,0.1492200796601221,0.11060896051369509,18183.32,4474.446800680221,19414.54,0.4036713562838837,1.0,0.14705882352941177,0.3399090909090909
M04333,gold,Japan,Threshold Chaser,True,"Spend X, get Y back",retail,Apparel,ALAND,Spend & get-back at ALAND,0.13583891409714588,0.10566383300233059,0.11761525748359783,2058.69,4.476010859680969,2810.94,0.43890095065222257,1.0,0.75,0.29475
M04334,core,Australia,Category Loyalist,True,Category-specific reward,dining,Fine Dining,Breizh Café,Fine Dining reward (dining),0.15621819049181523,0.10637103431514178,0.15785000725893591,9113.5,609.8572838296219,10161.11,0.5395735600038248,1.0,0.4166666666666667,0.17903333333333335
M04335,platinum,Hong Kong,Category Loyalist,True,Category-specific reward,lodging,Mid-scale Hotel,Teba House,Mid-scale Hotel reward (lodging),0.1600528709002663,0.1600528709002663,0.1255650029551583,82.76,324.55308536409785,82.76,1.0,1.0,1.0,0.8005
M04336,core,Japan,Threshold Chaser,True,"Spend X, get Y back",retail,Premium Retail,CU,Spend & get-back at CU,0.16977573694830764,0.1266250248903525,0.17418282036853205,1348.65,541.7217124711807,1596.6,0.3115333586784356,0.9166666666666666,0.4166666666666667,0.31724
M04337,core,Japan,Immediate Value Seeker,True,Cashback / statement credit,lodging,Upscale Hotel,St. Regis Singapore,Cashback at St. Regis Singapore,0.1646442079121483,0.12675189567652625,0.16597759430424067,2733.9900000000002,722.8625427340307,2739.0,0.3193213725825004,1.0,0.2727272727272727,0.34336666666666665
M04340,gold,Australia,Points Optimiser,True,2x / 3x points,dining,Fine Dining,Bird Land,3x points on dining,0.12347576785971694,0.12347576785971694,0.094673073292385,967.3799999999999,19.679780026053507,1042.46,0.4091710153562394,1.0,0.25,0.0783
M04341,core,Japan,Low Responsiveness,False,No incentive,lodging,Hotel,Hotel Nikko Osaka,—,0.09942964222486002,0.09942964222486002,0.1561594906794234,1582.1299999999999,115.34896435438412,1990.24,0.41515007397204556,1.0,0.2727272727272727,0.35236666666666666
M04343,gold,Singapore,Already Loyal,False,No incentive,retail,Apparel,Skechers,—,0.15174789280083018,0.11074540114948232,0.13139166348561082,7871.629999999999,1573.9667143829242,8665.99,0.2626295948199096,0.9393939393939394,0.25757575757575757,0.32086666666666663
M04344,gold,Hong Kong,Points Optimiser,True,2x / 3x points,dining,Fine Dining,Din Tai Fung ION,3x points on dining,0.1499537208975519,0.114496057163354,0.1002410264494367,3975.65,999.3218712684522,4127.36,0.2670475792269901,1.0,0.2,0.3355666666666666
M04346,gold,Singapore,Already Loyal,False,No incentive,retail,Premium Retail,My Mac Australia,—,0.1377592395355144,0.14264185325784728,0.09856388694813947,10337.99,2380.2972892810267,10337.99,0.3416071970377625,1.0,0.3076923076923077,0.171125
M04347,core,Singapore,Merchant Explorer,True,Merchant-specific voucher,lodging,Upscale Hotel,Park Hyatt Sydney,Park Hyatt Sydney voucher,0.15643939326906997,0.10672488353848683,0.12971633062190568,41216.6,5376.238098031991,41224.25,0.5779598259350648,1.0,0.3225806451612903,0.1667125
M04348,core,Japan,Immediate Value Seeker,True,Cashback / statement credit,dining,Fine Dining,L'As du Fallafel,Cashback at L'As du Fallafel,0.15964635685415102,0.12156614569429973,0.16100556990842677,3882.2,440.4762142222877,3882.2000000000003,0.3308256675793691,1.0,0.125,0.09000000000000001
M04350,core,Singapore,Threshold Chaser,True,"Spend X, get Y back",lodging,Upscale Hotel,Baan Arita,Spend & get-back at Baan Arita,0.2425172568017758,0.2425172568017758,0.1807007702219382,24.6,53.88644185340553,356.98,0.4376586508365736,1.0,0.5,0.4571
M04351,gold,Hong Kong,Points Optimiser,True,2x / 3x points,dining,Fine Dining,Breizh Café,3x points on dining,0.15243905191005552,0.12310829580689905,0.1118325820646149,3493.0,763.8175803215684,3498.67,0.3343303379223773,1.0,0.1111111111111111,0.610375
M04352,gold,United States,Threshold Chaser,True,"Spend X, get Y back",dining,Fine Dining,Kyubey,Spend & get-back at Kyubey,0.15610419518409993,0.11580712535275833,0.11776862159864393,2684.0,21.167787914718076,2827.4500000000003,0.32358582006570363,1.0,0.42857142857142855,0.45855
M04354,core,Australia,Immediate Value Seeker,True,Cashback / statement credit,dining,Fine Dining,Roscioli,Cashback at Roscioli,0.1322751313838773,0.1322751313838773,0.15980080651694512,2447.12,1598.5982507876718,2470.46,0.42681009759563454,1.0,0.09090909090909091,0.3421
M04355,gold,Singapore,Points Optimiser,True,2x / 3x points,retail,Premium Retail,San Lorenzo Market,3x points on retail,0.15539711991673422,0.12421155748148728,0.10268080497203758,4044.62,4774.035306844028,4044.62,0.2769797766984005,1.0,0.2857142857142857,0.0937
M04356,core,Singapore,Immediate Value Seeker,True,Cashback / statement credit,dining,Cafe & Coffee,Doutor Coffee Shop,Cashback at Doutor Coffee Shop,0.1622571902063867,0.12258155063016915,0.15970953258205173,2735.47,25.15260888675094,2919.6,0.2773399807211212,1.0,0.15384615384615385,0.457825
M04358,core,United States,Immediate Value Seeker,True,Cashback / statement credit,dining,Fine Dining,명동주물럭,Cashback at 명동주물럭,0.13421037591058435,0.13421037591058435,0.1547517720693952,3981.3300000000004,2124.2798817297244,3981.33,0.4383924918685518,1.0,0.0,0.27103333333333335
M04359,core,Singapore,Merchant Explorer,True,Merchant-specific voucher,dining,Fine Dining,Uobei Shibuya,Uobei Shibuya voucher,0.18295133950092288,0.14664303896124536,0.14267346099773795,15876.52,7263.603311861059,16326.85,0.34085287083527943,0.9047619047619048,0.20634920634920634,0.2716777777777778
M04360,gold,Singapore,Merchant Explorer,True,Merchant-specific voucher,dining,Fast Food,McDonald's,McDonald's voucher,0.17509657117024305,0.12692763953811934,0.13165160964058287,6794.07,2083.59514389807,7180.9800000000005,0.2997902641943242,1.0,0.2,0.22285
M04361,core,United States,Immediate Value Seeker,True,Cashback / statement credit,dining,Fine Dining,Agnes pasta,Cashback at Agnes pasta,0.15421597184803607,0.1215146679032516,0.15976209983019593,4117.22,997.7419284976634,4117.22,0.34583240582026115,1.0,0.0,0.25346
M04362,core,Singapore,Points Optimiser,True,2x / 3x points,lodging,Budget & Hostel,The Inn at the Roman Forum,3x points on lodging,0.17061738074226343,0.1594577021226495,0.12617195857728647,17356.45,2623.4864187922485,17356.45,0.28415650502307055,1.0,0.25,0.086
M04363,core,Hong Kong,Immediate Value Seeker,True,Cashback / statement credit,lodging,Budget & Hostel,The Inn at the Roman Forum,Cashback at The Inn at the Roman Forum,0.13538841094205745,0.13538841094205745,0.15582190804314483,569.23,307.860083041015,569.23,0.316081984181922,1.0,0.0,0.0708
M04364,core,Japan,Points Optimiser,True,2x / 3x points,retail,Premium Retail,Nhà Sách Phương Nam,3x points on retail,0.25890459573871816,0.25890459573871816,0.17252748978343835,233.52,1041.3208849331336,653.88,0.43297539531652585,0.9411764705882353,0.35294117647058826,0.4202666666666666
M04365,platinum,Singapore,Category Loyalist,True,Category-specific reward,dining,Fine Dining,Namaste,Fine Dining reward (dining),0.18455348192931154,0.14773692435302518,0.125582237065507,6464.99,3549.9835942865084,6758.8,0.5007854076345908,1.0,0.26666666666666666,0.220975
M04366,gold,Hong Kong,Points Optimiser,True,2x / 3x points,dining,Cafe & Coffee,Mido Cafe,3x points on dining,0.18001604844658076,0.14273786795091192,0.13456062701932872,1686.5,199.92081384278669,1725.0800000000002,0.3602888310108943,1.0,0.125,0.11480000000000001
M04368,gold,Japan,Points Optimiser,True,2x / 3x points,dining,Fine Dining,Mak's Noodle,3x points on dining,0.16472603693034232,0.12268082500338733,0.12017665506202234,5397.73,398.32871870176893,5397.73,0.34644638325199717,1.0,0.16666666666666666,0.228
M04369,gold,Japan,Category Loyalist,True,Category-specific reward,transport,Premium Transport,TransJakarta,Premium Transport reward (transport),0.2726830499461023,0.2726830499461023,0.1655966726107837,27.28,215.71286199244932,27.28,1.0,1.0,0.0,0.8005
M04370,core,Singapore,Merchant Explorer,True,Merchant-specific voucher,dining,Fine Dining,Kikunoi,Kikunoi voucher,0.12851196155530645,0.11929496406415999,0.1589495745125063,4187.66,2083.864268085082,5317.58,0.37758946327721676,1.0,0.5,0.26908333333333334
M04371,core,United States,Fee-Sensitive Traveller,False,No incentive (FX-offset out of scope),transport,Premium Transport,ATM Milano,—,0.14491367223507978,0.13709744071428254,0.2043136956441104,4169.99,2013.2959039767268,4695.54,0.3653970943617556,0.9736842105263158,0.21052631578947367,0.3922583333333333
M04372,gold,Singapore,Threshold Chaser,True,"Spend X, get Y back",retail,Premium Retail,Coles,Spend & get-back at Coles,0.15233982491166786,0.12555220870735945,0.10402594229487619,4417.93,1388.5381448350136,4628.16,0.44102917146073606,1.0,0.4444444444444444,0.2935
M04375,gold,Singapore,Low Responsiveness,False,No incentive,lodging,Hotel,Shibuya Excel Hotel Tokyu,—,0.11435350016745187,0.11435350016745187,0.10565677856170795,1757.5,2.788577546159118,2236.63,0.3480056294695364,1.0,0.0,0.29475
M04376,core,Singapore,Low Responsiveness,False,No incentive,retail,Premium Retail,Pâtisserie OPS Boulangerie,—,0.11440896672925613,0.11440896672925613,0.16932721227734213,1103.88,443.40283691080066,1118.76,0.30176579182740615,1.0,0.14285714285714285,0.178
M04377,gold,Australia,Immediate Value Seeker,True,Cashback / statement credit,dining,Cafe & Coffee,Met Cafe,Cashback at Met Cafe,0.15819886856126164,0.10883170536541084,0.12337835756505217,10931.18,211.22516360729296,11135.42,0.38760049865640983,1.0,0.08333333333333333,0.132
M04378,core,Australia,Merchant Explorer,True,Merchant-specific voucher,dining,Fine Dining,콩불,콩불 voucher,0.16105771239345826,0.1256981315333039,0.14504092622332054,6017.17,1853.2427248360739,7252.23,0.3814687333935764,1.0,0.2916666666666667,0.2128857142857143
M04379,gold,Hong Kong,Points Optimiser,True,2x / 3x points,lodging,Hotel,Reunion Heritage Hotel,3x points on lodging,0.22616350296542131,0.22616350296542131,0.19776642016897478,302.44,946.0013774126172,302.44,0.37027161452501267,1.0,0.0,0.6367
M04381,gold,Singapore,Already Loyal,False,No incentive,dining,Fine Dining,Lau Pa Sat nearby,—,0.14809451552985983,0.11658520895611554,0.10489487009982185,9167.88,1111.1090707461335,9253.21,0.31762962602858574,1.0,0.13333333333333333,0.267525
M04382,platinum,Japan,Category Loyalist,True,Category-specific reward,dining,Fine Dining,Le Consulat,Fine Dining reward (dining),0.14323422259966756,0.14323422259966756,0.12316369575976602,3474.17,3347.4053303699484,3803.16,0.5050782172040571,1.0,0.4,0.19456666666666667
M04383,core,Japan,Merchant Explorer,True,Merchant-specific voucher,lodging,Upscale Hotel,Pobi Guest House,Pobi Guest House voucher,0.123650046032757,0.123650046032757,0.17026469950169326,2303.5099999999998,854.7018681674622,2938.13,0.48691105704099275,1.0,0.3,0.19394
M04385,core,Japan,Already Loyal,False,No incentive,dining,Cafe & Coffee,Puzzle Coffee,—,0.14756183323173844,0.11578314837801823,0.13945836206379417,10648.23,2397.7697747768375,11013.19,0.4616042818815776,1.0,0.3333333333333333,0.2801444444444445
M04386,gold,Singapore,Points Optimiser,True,2x / 3x points,dining,Cafe & Coffee,Cafe de Thaan Aoan,3x points on dining,0.19245547935646443,0.19245547935646443,0.12173381689811817,617.26,2259.560827212066,1305.75,0.36111967012575524,1.0,0.09090909090909091,0.54295
M04387,core,Australia,Merchant Explorer,True,Merchant-specific voucher,retail,Premium Retail,BHV Marais,BHV Marais voucher,0.15680974285600396,0.13987773014273588,0.1357716134321525,19002.51,7683.716083835746,19038.11,0.429888413539177,0.972972972972973,0.21621621621621623,0.18231999999999998
M04388,core,Japan,Category Loyalist,True,Category-specific reward,dining,Cafe & Coffee,Starbucks Coffee,Cafe & Coffee reward (dining),0.23183366975593503,0.23183366975593503,0.23126942233043365,252.12,582.2186139491009,252.12,0.51038134270128,1.0,0.3333333333333333,0.4571
M04389,core,Singapore,Fee-Sensitive Traveller,False,No incentive (FX-offset out of scope),lodging,Hotel,The Hotel Windsor,—,0.12446523217580034,0.12446523217580034,0.14916763165589533,3307.6,1122.1647876133698,3821.06,0.29702815865923865,1.0,0.3,0.43779999999999997
M04390,core,Singapore,Already Loyal,False,No incentive,dining,Fine Dining,Roscioli,—,0.13902353402197204,0.1257894972266917,0.14797789244960097,6901.31,4248.73284047245,6901.31,0.4339799240344541,1.0,0.14285714285714285,0.26395
M04391,platinum,Singapore,Category Loyalist,True,Category-specific reward,dining,Fine Dining,Bird Land,Fine Dining reward (dining),0.14201957840972707,0.14201957840972707,0.11076783702256628,3807.07,1845.7779912816952,3807.07,0.520192997476774,1.0,0.3333333333333333,0.29475
M04392,gold,Japan,Low Responsiveness,False,No incentive,dining,Fine Dining,Myung-Hwa-Dang,—,0.09985844854817795,0.09985844854817795,0.09777032379486453,3689.2,135.55403965360452,4069.0899999999997,0.2972155125212518,1.0,0.1875,0.109
M04393,core,Japan,Low Responsiveness,False,No incentive,lodging,Upscale Hotel,Grand Hyatt Kuala Lumpur,—,0.0914500341935822,0.0914500341935822,0.1825686856062764,78.71,4.217752478421971,617.39,0.30328558311517484,1.0,0.0,0.4729
M04394,core,Australia,Immediate Value Seeker,True,Cashback / statement credit,dining,Fine Dining,Breizh Café,Cashback at Breizh Café,0.16337035395770366,0.12904433567664436,0.15409976005027265,6336.360000000001,2541.639227837264,6560.78,0.33118070971052294,0.9411764705882353,0.17647058823529413,0.30558
M04395,gold,Singapore,Already Loyal,False,No incentive,dining,Fine Dining,Yung Kee,—,0.14172582118255075,0.12292406605900896,0.10249640325098958,8402.57,1419.6488428949822,8794.26,0.32379806255556,1.0,0.21875,0.37664
M04396,gold,Japan,Points Optimiser,True,2x / 3x points,dining,Fine Dining,Din Tai Fung ION,3x points on dining,0.15720889919046002,0.12717369542576057,0.1104361328618797,2981.98,1259.0878335363218,3327.16,0.3447265976365094,0.9411764705882353,0.23529411764705882,0.36886
M04397,platinum,Hong Kong,Category Loyalist,True,Category-specific reward,dining,Fine Dining,Lau Pa Sat nearby,Fine Dining reward (dining),0.16311906005348656,0.14114115074430225,0.115561741757507,5504.25,279.8177945240989,5504.25,0.5060592525074389,1.0,0.375,0.0648
M04398,core,Singapore,Merchant Explorer,True,Merchant-specific voucher,dining,Fine Dining,Curry Bowl,Curry Bowl voucher,0.174024854706495,0.1285168936322816,0.15527908969321516,6522.17,2624.1501338831094,7375.62,0.3322583568437861,1.0,0.42857142857142855,0.194175
M04400,core,Japan,Immediate Value Seeker,True,Cashback / statement credit,dining,Fine Dining,Uobei Shibuya,Cashback at Uobei Shibuya,0.1532646363264631,0.10733162292567727,0.1414980498591972,9937.83,1161.4921258068025,10012.24,0.2775778065611304,1.0,0.2857142857142857,0.249275
M04401,gold,Hong Kong,Already Loyal,False,No incentive,lodging,Hotel,Pensione Hotel,—,0.1270162072507275,0.10070526834741439,0.08881898761731,31171.670000000002,11873.063046005454,32600.56,0.45423915271952886,1.0,0.2608695652173913,0.23065
M04402,core,United States,Low Responsiveness,False,No incentive,dining,Fine Dining,Zuboraya,—,0.1061114954707095,0.1061114954707095,0.15712142314660776,911.05,113.46607275926806,911.05,0.3233976264821994,1.0,0.25,0.1166
M04403,core,Japan,Low Responsiveness,False,No incentive,lodging,Upscale Hotel,The Hoxton Paris,—,0.100074473762011,0.100074473762011,0.1632551015652775,1452.8,144.03801204703166,1593.9,0.28506579548028327,1.0,0.625,0.24855
M04404,core,Japan,Points Optimiser,True,2x / 3x points,transport,Ride-hail & Taxi,Mai Linh Taxi,3x points on transport,0.2866986513832664,0.2866986513832664,0.2505650643460467,64.5,360.0028506215405,64.5,0.3738182561144162,1.0,0.0,0.316
M04406,core,Singapore,Immediate Value Seeker,True,Cashback / statement credit,dining,Fine Dining,Zuboraya,Cashback at Zuboraya,0.1234833630740898,0.1234833630740898,0.17219770779329183,1691.83,189.92401777185148,1691.83,0.37549205450115447,1.0,0.25,0.1166
M04407,gold,Singapore,Immediate Value Seeker,True,Cashback / statement credit,lodging,Hotel,Imperial Hotel Tokyo,Cashback at Imperial Hotel Tokyo,0.1188642727340184,0.1188642727340184,0.1229030540041368,527.16,4.49185693940106,527.16,0.2942248817508599,1.0,0.25,0.1166
M04408,core,Singapore,Merchant Explorer,True,Merchant-specific voucher,dining,Fine Dining,L'As du Fallafel,L'As du Fallafel voucher,0.16091297137788854,0.13356715579234066,0.13911810868833202,6224.33,1471.9160125252029,6641.29,0.3028151932008336,0.9666666666666667,0.1,0.24036666666666667
M04410,gold,Australia,Already Loyal,False,No incentive,dining,Fine Dining,Ginza Kagari,—,0.1302081780491888,0.08889157567343173,0.11185056673585288,21074.940000000002,3702.720626774185,23469.96,0.5548830678131568,0.9354838709677419,0.2903225806451613,0.2061
M04411,gold,Singapore,Merchant Explorer,True,Merchant-specific voucher,retail,Premium Retail,Kyoto Craft Center,Kyoto Craft Center voucher,0.1678938081244451,0.15132497116109844,0.09640633717027752,6501.33,6569.566216673583,6509.78,0.31805799121087536,1.0,0.35,0.3114
M04413,platinum,Singapore,Points Optimiser,True,2x / 3x points,dining,Fine Dining,I Dolci di Patrizio Cosi,3x points on dining,0.1607712044358347,0.1607712044358347,0.12792734102326173,1110.16,2223.2558666614805,1110.16,0.4598356561992737,1.0,0.2,0.26395
M04414,gold,Hong Kong,Low Responsiveness,False,No incentive,transport,Rail & Metro,Osaka Metro,—,0.11085094614351775,0.11085094614351775,0.11466203576119145,888.08,100.16337519011051,888.08,0.3206878616998004,1.0,0.5,0.1166
M04417,centurion,Singapore,Low Responsiveness,False,No incentive,retail,Premium Retail,Takashimaya,—,0.11126314636443438,0.11345806054623082,0.067043335562502,45815.869999999995,20492.998903800104,45815.869999999995,0.37550858537593657,1.0,0.045454545454545456,0.23065714285714287
M04418,core,Singapore,Points Optimiser,True,2x / 3x points,retail,Local Shops,Hang Ngang silk shops,3x points on retail,0.4000000000000001,0.4000000000000001,0.35438831994471626,44.03,407.68555534824304,44.03,0.344673889836947,1.0,0.0,0.316
M04419,core,Hong Kong,Points Optimiser,True,2x / 3x points,dining,Street & Local,Aquatini,3x points on dining,0.4,0.4,0.35318321865662206,23.52,158.4062836529533,29.88,0.3684438781453345,1.0,0.0,0.4571
M04420,core,Singapore,Already Loyal,False,No incentive,dining,Fine Dining,Mak's Noodle,—,0.14827033002500872,0.09951297848922215,0.14140305643785847,11015.119999999999,223.47513407674126,11244.88,0.541370012031178,0.9285714285714286,0.14285714285714285,0.1375
M04422,gold,Hong Kong,Immediate Value Seeker,True,Cashback / statement credit,lodging,Upscale Hotel,Imperial Palace,Cashback at Imperial Palace,0.15933549974777203,0.1174678570807694,0.1207958491271002,2657.95,473.6039773709205,2657.95,0.2623294776334785,1.0,0.07692307692307693,0.27165
M04423,core,Hong Kong,Category Loyalist,True,Category-specific reward,dining,Fine Dining,Madame nhu,Fine Dining reward (dining),0.16907780384514365,0.12005433896147097,0.15996964863668695,8548.880000000001,1018.4897616433569,8548.88,0.5728350802105519,1.0,0.15789473684210525,0.10511999999999999
M04424,core,Australia,Immediate Value Seeker,True,Cashback / statement credit,lodging,Upscale Hotel,The Wool Merchant,Cashback at The Wool Merchant,0.1762411961280089,0.12696639803750137,0.16389825011375278,7681.78,723.4309194543206,7681.78,0.4173189371265071,1.0,0.25,0.04
M04425,core,Singapore,Merchant Explorer,True,Merchant-specific voucher,lodging,Hotel,Royal Plaza Hotel,Royal Plaza Hotel voucher,0.15470130810099514,0.11607948030802816,0.16058694242631247,2543.17,677.3112511746708,2983.29,0.4182799616678864,1.0,0.2916666666666667,0.4374875
M04427,core,Singapore,Points Optimiser,True,2x / 3x points,dining,Fine Dining,Le Consulat,3x points on dining,0.17153626172103387,0.17153626172103387,0.16975597999817568,1198.65,1262.0013304172307,1205.53,0.45031907690875556,1.0,0.14285714285714285,0.24855
M04428,core,Japan,Low Responsiveness,False,No incentive,lodging,Upscale Hotel,Four Seasons Hong Kong,—,0.09877135999000125,0.09877135999000125,0.15691450095396847,1735.4399999999998,366.29009572290704,1742.43,0.34638672697945133,1.0,0.3333333333333333,0.134
M04429,centurion,Hong Kong,Threshold Chaser,True,"Spend X, get Y back",dining,Fine Dining,Yung Kee,Spend & get-back at Yung Kee,0.15530907627880572,0.12626026854194952,0.11751086136407346,9995.13,1032.961852517212,9995.13,0.36661516355054646,1.0,0.4166666666666667,0.10913333333333335
M04430,core,Hong Kong,Immediate Value Seeker,True,Cashback / statement credit,dining,Fine Dining,Kyubey,Cashback at Kyubey,0.15366951452103483,0.11843857627139022,0.14296993694680343,6849.8099999999995,1691.2720288796554,6849.81,0.339976762899263,1.0,0.25,0.09106666666666667
M04431,platinum,Australia,Points Optimiser,True,2x / 3x points,dining,Cafe & Coffee,The Coffee Bean & Tea Leaf,3x points on dining,0.15749020003811803,0.1313090726726486,0.11034176436260346,6939.98,2036.1460846653013,6939.98,0.4918417826259275,1.0,0.25,0.055400000000000005
M04434,gold,Singapore,Already Loyal,False,No incentive,retail,Premium Retail,Wako,—,0.14544313467303183,0.12461361868108858,0.11054308185028598,7390.85,346.3818668985077,7731.99,0.2513321824225154,1.0,0.07692307692307693,0.4394
M04436,gold,Hong Kong,Merchant Explorer,True,Merchant-specific voucher,lodging,Hotel,ADGE Hotel,ADGE Hotel voucher,0.1688793360782408,0.14155223294936187,0.1191543436783808,12272.07,733.3719630177377,12287.66,0.3260303866112004,1.0,0.24,0.16424285714285713
M04438,core,Hong Kong,Points Optimiser,True,2x / 3x points,transport,Premium Transport,Dragon Bridge,3x points on transport,0.26890687691122417,0.26890687691122417,0.1370760643387191,77.98,269.4770796747327,114.83,0.4508316968097711,1.0,0.2,0.55825
M04439,gold,Japan,Immediate Value Seeker,True,Cashback / statement credit,retail,Premium Retail,CU,Cashback at CU,0.15192877906282057,0.11267576834978922,0.1197217582254019,2222.75,356.3519343310978,2237.4900000000002,0.2702118570288979,1.0,0.0625,0.17862
M04441,core,Singapore,Low Responsiveness,False,No incentive,dining,Fine Dining,Cumulus Inc.,—,0.10836814477749669,0.10836814477749669,0.14180317663286987,2576.1099999999997,35.480691010899335,2576.1099999999997,0.38451175427651935,1.0,0.25,0.04
M04442,gold,United States,Threshold Chaser,True,"Spend X, get Y back",retail,Premium Retail,Ladies' Market,Spend & get-back at Ladies' Market,0.13491559447981136,0.10472107078510808,0.09793150748358276,3364.91,459.6007628160715,4193.96,0.27691196373017674,1.0,0.5,0.228
M04443,gold,United States,Low Responsiveness,False,No incentive,retail,Premium Retail,ION Orchard,—,0.10659176303989502,0.1046558907837832,0.08387749785967392,5572.13,17.335096503026392,5642.36,0.5729162301476991,1.0,0.18181818181818182,0.3100333333333333
M04444,gold,United States,Category Loyalist,True,Category-specific reward,retail,Premium Retail,Dobi,Premium Retail reward (retail),0.15500855089242632,0.15500855089242632,0.162646824322393,91.55000000000001,204.48703725481738,91.55000000000001,0.539432785861316,1.0,0.0,0.4729
M04445,core,Japan,Low Responsiveness,False,No incentive,dining,Fine Dining,Gaucho Grill,—,0.10804352549194045,0.10804352549194045,0.14149094130897544,5256.44,114.79071524209101,5260.71,0.5503724020410858,1.0,0.16666666666666666,0.224
M04446,platinum,Hong Kong,Category Loyalist,True,Category-specific reward,retail,Premium Retail,Hang Ngang silk shops,Premium Retail reward (retail),0.3544030301322303,0.3544030301322303,0.3125985457579032,257.31,3104.557492832925,257.31,0.9097392122210239,1.0,0.0,0.316
M04447,gold,Hong Kong,Merchant Explorer,True,Merchant-specific voucher,lodging,Hotel,Langham Place Hotel Mongkok,Langham Place Hotel Mongkok voucher,0.1852539046923455,0.15576983684031687,0.14144447967466092,15432.5,4757.689247949304,17385.44,0.3478178442578755,0.8627450980392157,0.23529411764705882,0.27036
M04448,platinum,Singapore,Points Optimiser,True,2x / 3x points,lodging,Hotel,Langham Place Hotel Mongkok,3x points on lodging,0.15082846362733723,0.15082846362733723,0.13307428277623923,397.16,63.8479201537905,417.87,0.35508575478400606,1.0,0.25,0.14
M04450,gold,Hong Kong,Already Loyal,False,No incentive,dining,Fast Food,Lotteria,—,0.1342426728359553,0.10340877881063823,0.099420286766236,10665.82,348.08139842903967,11791.96,0.4859346535989585,1.0,0.13043478260869565,0.46059999999999995
M04452,gold,Japan,Points Optimiser,True,2x / 3x points,dining,Cafe & Coffee,Mido Cafe,3x points on dining,0.14063655201431674,0.1099522231675262,0.10124802658453645,4578.150000000001,543.1472543104992,4578.150000000001,0.2886830348291665,1.0,0.3333333333333333,0.35236666666666666
M04453,core,Singapore,Low Responsiveness,False,No incentive,dining,Fine Dining,Busan Fish Restaurant,—,0.1109647164024202,0.1109647164024202,0.16959529224120387,937.3199999999999,52.104159382020015,937.3199999999999,0.27656632863307623,1.0,0.0,0.04
M04455,gold,Australia,Low Responsiveness,False,No incentive,dining,Fine Dining,Bird Land,—,0.09598622813793617,0.09598622813793617,0.06577196907513128,27695.71,1716.3672022747367,28821.13,0.3948293849400105,1.0,0.2608695652173913,0.20148333333333335
M04456,platinum,Hong Kong,Low Responsiveness,False,No incentive,retail,Convenience,TNT Convenience & Tobacconist,—,0.08414975809922118,0.0805804713211434,0.05939069813105732,57247.19,8012.268916739316,59734.03,0.3385146064799021,0.9529411764705882,0.2,0.24408333333333332
M04457,platinum,Hong Kong,Threshold Chaser,True,"Spend X, get Y back",lodging,Upscale Hotel,Swissotel Nankai Osaka,Spend & get-back at Swissotel Nankai Osaka,0.15718527630213067,0.13239748191769038,0.1001518548740353,4940.79,569.9010849570583,7443.5,0.307999720187595,1.0,0.4375,0.29665
M04458,core,Singapore,Points Optimiser,True,2x / 3x points,dining,Casual Dining,Thip Samai,3x points on dining,0.352066239205203,0.352066239205203,0.25982872570790533,78.97,445.56043997025176,78.97,0.40651924937906303,1.0,0.3333333333333333,0.4571
M04459,core,Japan,Threshold Chaser,True,"Spend X, get Y back",dining,Fine Dining,Ichiran Dotonbori,Spend & get-back at Ichiran Dotonbori,0.16625148625244435,0.12528013343760408,0.16469109950479968,2845.32,564.8476579762514,2845.32,0.2906695815816347,1.0,0.375,0.0937
M04460,core,Japan,Already Loyal,False,No incentive,dining,Fine Dining,Desso,—,0.145933209058742,0.11132350231516067,0.14103259422318667,7003.16,386.10094764095925,7003.16,0.35852556771411054,1.0,0.3333333333333333,0.07333333333333335
M04461,core,Japan,Points Optimiser,True,2x / 3x points,dining,Fine Dining,프랑스에 다녀온 붕어빵,3x points on dining,0.3253132681522395,0.3253132681522395,0.1353595382670046,50.66,3.4889424020386315,148.5,0.2712068201657427,1.0,0.25,0.04
M04463,core,Hong Kong,Category Loyalist,True,Category-specific reward,lodging,Hotel,Giant Hotel,Hotel reward (lodging),0.13168312972277874,0.13168312972277874,0.13003497147607077,5362.71,1506.9200558524753,5646.32,0.5934371243924448,0.9375,0.25,0.12815
M04464,core,Singapore,Immediate Value Seeker,True,Cashback / statement credit,retail,Premium Retail,Abbesses shops,Cashback at Abbesses shops,0.1497504653764603,0.1497504653764603,0.18023523853189016,633.0,601.6499945659202,704.0,0.3496284554978048,1.0,0.1111111111111111,0.27103333333333335
M04466,core,Singapore,Immediate Value Seeker,True,Cashback / statement credit,retail,Premium Retail,Daiso,Cashback at Daiso,0.23619838838531637,0.2086077677951034,0.21846112281057226,2629.16,1536.1660016916828,2634.37,0.3434338048913499,1.0,0.3333333333333333,0.178
M04467,core,Hong Kong,Low Responsiveness,False,No incentive,retail,Premium Retail,Sneaker Street,—,0.10853606839887245,0.10853606839887245,0.1699167078276726,936.52,84.23847288979746,936.52,0.314643405567093,1.0,0.14285714285714285,0.11480000000000001
M04468,core,Singapore,Already Loyal,False,No incentive,dining,Fine Dining,Jumbo Seafood,—,0.14982433591074382,0.11950718211225732,0.1454674110474729,7163.83,769.6049522772867,7503.2699999999995,0.36838824501588097,1.0,0.3181818181818182,0.19321666666666668
M04469,core,Japan,Merchant Explorer,True,Merchant-specific voucher,transport,Premium Transport,RATP,RATP voucher,0.167283328620794,0.1239445172607654,0.1743323317877487,4360.46,803.039819687182,4570.59,0.2821163427407092,1.0,0.17647058823529413,0.290775
M04470,core,Japan,Fee-Sensitive Traveller,False,No incentive (FX-offset out of scope),retail,Apparel,Zara,—,0.12218491521661165,0.12218491521661165,0.17644781234366697,1199.74,509.2275468490634,1211.63,0.31012161315663433,1.0,0.1111111111111111,0.547
M04473,gold,Singapore,Threshold Chaser,True,"Spend X, get Y back",dining,Fine Dining,봉피앙,Spend & get-back at 봉피앙,0.2062427448494996,0.16315233819886552,0.14187582287935122,1528.6599999999999,5.332641714706497,1528.66,0.44381384808858004,1.0,0.5,0.04
M04474,core,United States,Merchant Explorer,True,Merchant-specific voucher,retail,Premium Retail,Merci,Merci voucher,0.164874077774459,0.15549734818971564,0.1468999330669989,10871.320000000002,3367.094601060891,11437.71,0.3416199043200606,1.0,0.25925925925925924,0.24118571428571428
M04475,core,Australia,Immediate Value Seeker,True,Cashback / statement credit,dining,Fine Dining,Breizh Café,Cashback at Breizh Café,0.17445612918233033,0.12479401385751968,0.17090004327828964,2303.05,163.3576260355335,2303.05,0.42888544993016653,1.0,0.25,0.04
M04476,core,Hong Kong,Fee-Sensitive Traveller,False,No incentive (FX-offset out of scope),retail,Premium Retail,Dangerfield,—,0.150501027025405,0.11065644292344445,0.1683604921872113,2056.75,191.2633519706526,2060.15,0.336878656261349,1.0,0.14285714285714285,0.42025
M04477,core,Singapore,Already Loyal,False,No incentive,dining,Fine Dining,L'As du Fallafel,—,0.14253174622555384,0.11811328030280399,0.11160619322497214,20402.77,4238.217865951071,21326.81,0.41731531264247884,0.9787234042553191,0.14893617021276595,0.1971166666666667
M04478,platinum,Japan,Points Optimiser,True,2x / 3x points,lodging,Hotel,Giant Hotel,3x points on lodging,0.16974105756188781,0.16974105756188781,0.12832026388162276,762.8800000000001,190.63736631119215,1255.15,0.29692547634312694,1.0,0.18181818181818182,0.31806666666666666
M04479,core,United States,Low Responsiveness,False,No incentive,dining,Fine Dining,Jumbo Seafood,—,0.11240681935171773,0.11240681935171773,0.156234897704177,4585.41,200.8055591654607,6088.860000000001,0.5989698211107851,1.0,0.15384615384615385,0.3339
M04481,core,Singapore,Immediate Value Seeker,True,Cashback / statement credit,retail,Apparel,Uniqlo Ginza,Cashback at Uniqlo Ginza,0.16700731225171775,0.12334379002535739,0.17457790112522337,1627.23,61.94461067051331,1872.1100000000001,0.3696194027175076,1.0,0.2727272727272727,0.4580666666666667
M04482,platinum,Hong Kong,Merchant Explorer,True,Merchant-specific voucher,lodging,Upscale Hotel,Swissotel Nankai Osaka,Swissotel Nankai Osaka voucher,0.15919805080517638,0.13689113401442574,0.10249299939375706,10595.95,6151.524719477089,18861.29,0.28104251087515697,1.0,0.12,0.2889857142857143
M04484,platinum,Hong Kong,Category Loyalist,True,Category-specific reward,dining,Fine Dining,Maxwell Food Centre,Fine Dining reward (dining),0.12736192470287394,0.12736192470287394,0.10608278342761643,3386.84,271.4554588578135,3892.19,0.5530203522045293,1.0,0.2857142857142857,0.28125
M04486,platinum,United States,Already Loyal,False,No incentive,dining,Fine Dining,꼬시나,—,0.13232063194122146,0.11139603508887892,0.1040015475849593,19103.29,2992.3518256424427,20554.47,0.29644964966506626,1.0,0.3103448275862069,0.26709
M04487,gold,Singapore,Points Optimiser,True,2x / 3x points,lodging,Hotel,Patong Beach Hotel,3x points on lodging,0.15803710661104822,0.15803710661104822,0.12763982050944156,266.79,536.1589874144233,530.31,0.3099603010249139,1.0,0.0,0.4571
M04488,platinum,Singapore,Low Responsiveness,False,No incentive,dining,Fine Dining,Gion Duck Noodles,—,0.11455855869033432,0.11455855869033432,0.12129766498757485,1289.71,958.0976092262632,1289.71,0.2727621111545413,1.0,0.5,0.1166
M04489,centurion,Australia,Immediate Value Seeker,True,Cashback / statement credit,lodging,Hotel,Lotte Hotel Seoul,Cashback at Lotte Hotel Seoul,0.12532611011996658,0.12532611011996658,0.13060507389721226,610.51,33.03441357136424,693.08,0.3350248256699563,1.0,0.3333333333333333,0.24855
M04490,gold,Singapore,Category Loyalist,True,Category-specific reward,dining,Fine Dining,Zuboraya,Fine Dining reward (dining),0.13539967551748663,0.13539967551748663,0.1401634933782826,5012.780000000001,4221.064102945961,5057.51,0.5559448789936938,1.0,0.2631578947368421,0.2482
M04491,core,Singapore,Already Loyal,False,No incentive,dining,Fine Dining,Uobei Shibuya,—,0.13368876324623144,0.13500805232829205,0.11623843514590815,22618.399999999998,1358.6007607490903,22618.399999999998,0.3518617831468149,1.0,0.25806451612903225,0.09407499999999999
M04493,gold,Singapore,Points Optimiser,True,2x / 3x points,dining,Fine Dining,Yat Lok,3x points on dining,0.1653072330961849,0.1292470217548773,0.11173228312155968,2311.81,355.61103114706196,2311.81,0.2580707963533289,1.0,0.25,0.14
M04495,core,Hong Kong,Fee-Sensitive Traveller,False,No incentive (FX-offset out of scope),dining,Fine Dining,Yung Kee,—,0.12348160568898067,0.12348160568898067,0.16284036148346182,882.11,483.2024160920272,1074.13,0.32478600470851726,1.0,0.08333333333333333,0.5534749999999999
M04496,core,Singapore,Immediate Value Seeker,True,Cashback / statement credit,retail,Premium Retail,My Mac Australia,Cashback at My Mac Australia,0.17024985250198954,0.117983286851751,0.14103729830696446,6371.71,773.0573816134773,6374.84,0.2841752202869542,1.0,0.3333333333333333,0.249275
M04497,core,Singapore,Immediate Value Seeker,True,Cashback / statement credit,retail,Convenience,7-Eleven,Cashback at 7-Eleven,0.16559557670093866,0.11649525824524362,0.16878333883682822,1896.94,113.54573489070083,2548.0,0.3077916736492931,1.0,0.23076923076923078,0.3215
M04498,platinum,United States,Already Loyal,False,No incentive,retail,Premium Retail,ION Orchard,—,0.14277262441039096,0.13628368647959269,0.08724634391663702,6013.860000000001,288.05226947470294,7935.2300000000005,0.4299231384696522,1.0,0.21428571428571427,0.451075
M04499,core,Singapore,Immediate Value Seeker,True,Cashback / statement credit,lodging,Hotel,Hotel Seiyo Ginza,Cashback at Hotel Seiyo Ginza,0.18974904034731793,0.13445485604296126,0.17193463205474074,6332.2,2526.1603377805604,7337.6,0.3360412781651536,1.0,0.25,0.38358
M04500,core,Singapore,Immediate Value Seeker,True,Cashback / statement credit,lodging,Upscale Hotel,Marriott Singapore Orchard,Cashback at Marriott Singapore Orchard,0.16561564852087338,0.12409225250864635,0.16868215493534966,2788.55,450.76025274395977,2800.95,0.30546221485170155,1.0,0.06666666666666667,0.22567500000000001
M04501,platinum,Singapore,Category Loyalist,True,Category-specific reward,lodging,Hotel,Hotel Seiyo Ginza,Hotel reward (lodging),0.15332962944269024,0.15332962944269024,0.12320318413634126,7034.9400000000005,2119.182826534546,8308.44,0.5967071888432732,1.0,0.17647058823529413,0.35912
M04502,core,Singapore,Merchant Explorer,True,Merchant-specific voucher,retail,Premium Retail,BHV Marais,BHV Marais voucher,0.158905408403558,0.13986348168515034,0.17661776718123,7112.15,3252.4114001997036,7194.01,0.3509078117187547,1.0,0.15789473684210525,0.30656923076923076
M04504,gold,Singapore,Merchant Explorer,True,Merchant-specific voucher,dining,Fine Dining,Mak's Noodle,Mak's Noodle voucher,0.16987515331562741,0.12613644114857459,0.11804616560391488,3086.7000000000003,396.0209910099954,3146.12,0.25900772464755806,1.0,0.14285714285714285,0.41488571428571425
M04505,gold,Australia,Immediate Value Seeker,True,Cashback / statement credit,retail,Premium Retail,Paragon,Cashback at Paragon,0.16299451749152755,0.12465990205535518,0.14827243495278863,1080.37,0.0,1080.37,0.4145120500025192,1.0,0.25,0.0896
M04506,core,Singapore,Merchant Explorer,True,Merchant-specific voucher,dining,Fine Dining,Mak's Noodle,Mak's Noodle voucher,0.17192034518937183,0.12169807973313482,0.1646505106606898,8277.21,2306.373251279669,8513.61,0.3236886529293123,0.9423076923076923,0.21153846153846154,0.35075294117647055
M04507,centurion,Australia,Merchant Explorer,True,Merchant-specific voucher,transport,Premium Transport,RATP,RATP voucher,0.1585578528343709,0.12738858292261435,0.10579772966768522,8220.01,2539.921267198319,8681.8,0.2614375364761751,0.9090909090909091,0.2727272727272727,0.39555714285714283
M04508,gold,Singapore,Threshold Chaser,True,"Spend X, get Y back",dining,Cafe & Coffee,Harrys Steakhouse & Pub,Spend & get-back at Harrys Steakhouse & Pub,0.17771715576645158,0.17771715576645158,0.19181722665758155,455.9,1397.0025812416127,1181.57,0.3149677989422806,1.0,0.42857142857142855,0.24855
M04509,core,Hong Kong,Threshold Chaser,True,"Spend X, get Y back",lodging,Hotel,Tobu Hotel,Spend & get-back at Tobu Hotel,0.14194594039518443,0.1262713525982384,0.16796749994667404,3259.4,853.9594560265652,3259.4,0.359966369175385,0.9285714285714286,0.42857142857142855,0.190275
M04510,core,Hong Kong,Immediate Value Seeker,True,Cashback / statement credit,dining,Fast Food,Saizeriya,Cashback at Saizeriya,0.11788102922294164,0.11788102922294164,0.16560655863452642,775.1600000000001,234.35106335386877,834.27,0.39526402069839256,1.0,0.14285714285714285,0.0783
M04512,centurion,Australia,Already Loyal,False,No incentive,lodging,Hotel,ADGE Hotel,—,0.14456102390515566,0.1395398720385926,0.09142363289521148,18050.64,3694.068980438111,18050.64,0.3080973569443711,1.0,0.15384615384615385,0.306825
M04513,core,Singapore,Immediate Value Seeker,True,Cashback / statement credit,dining,Fine Dining,Armando al Pantheon,Cashback at Armando al Pantheon,0.1598934876197822,0.1598934876197822,0.16378157054049414,987.51,805.9111900682944,1371.45,0.4070225214223122,1.0,0.2727272727272727,0.41505
M04514,gold,Singapore,Merchant Explorer,True,Merchant-specific voucher,dining,Fine Dining,Breizh Café,Breizh Café voucher,0.15924972590925524,0.12740182559153745,0.13131231163464238,10127.85,2131.683731816729,10676.05,0.4238041303828845,0.9696969696969697,0.21212121212121213,0.23158888888888887
M04515,core,United States,Category Loyalist,True,Category-specific reward,dining,Cafe & Coffee,North Mountain Coffee,Cafe & Coffee reward (dining),0.2620942754798255,0.2620942754798255,0.1383723354132131,65.94,206.62817112708763,65.94,1.0,1.0,0.0,0.4571
M04518,core,Hong Kong,Fee-Sensitive Traveller,False,No incentive (FX-offset out of scope),dining,Fine Dining,Ichiran Dotonbori,—,0.12367375487244761,0.12367375487244761,0.15118778206937958,3489.44,631.7772590517857,3495.63,0.4922919268483749,1.0,0.3333333333333333,0.4580666666666667
M04519,core,Australia,Low Responsiveness,False,No incentive,dining,Fine Dining,Jumbo Seafood,—,0.11274993925247133,0.11274993925247133,0.16671463336597966,962.0600000000001,0.0,962.0600000000001,0.27192437237858247,1.0,0.5,0.0896
M04521,core,Singapore,Immediate Value Seeker,True,Cashback / statement credit,dining,Fine Dining,Yung Kee,Cashback at Yung Kee,0.16247052811038082,0.11989074831871868,0.15984925802106575,3025.36,271.81701384741973,3488.59,0.2998530532870818,0.9411764705882353,0.17647058823529413,0.37072000000000005
M04522,gold,Singapore,Already Loyal,False,No incentive,dining,Fine Dining,Yung Kee,—,0.12122692121602215,0.12122692121602215,0.10380130522698873,7414.889999999999,1720.7888930965717,7414.89,0.533258428234244,1.0,0.18181818181818182,0.09886666666666667
M04523,gold,Japan,Threshold Chaser,True,"Spend X, get Y back",retail,Premium Retail,ION Orchard,Spend & get-back at ION Orchard,0.15242368509315884,0.12490044329149,0.0989605629611764,3992.3199999999997,970.9524249393178,3992.32,0.3013200088729916,1.0,0.4,0.10425000000000001
M04525,core,Japan,Immediate Value Seeker,True,Cashback / statement credit,dining,Fine Dining,Le Consulat,Cashback at Le Consulat,0.20992172815037188,0.20992172815037188,0.23557367229182904,703.65,1077.5510300935098,703.88,0.46109023713271263,1.0,0.0,0.3855
M04526,core,Singapore,Category Loyalist,True,Category-specific reward,dining,Cafe & Coffee,Puzzle Coffee,Cafe & Coffee reward (dining),0.1350629629620449,0.1350629629620449,0.15697978623904751,1415.58,37.56648024623105,1415.5800000000002,0.5639508544516405,1.0,0.25,0.04
M04527,core,Singapore,Fee-Sensitive Traveller,False,No incentive (FX-offset out of scope),retail,Premium Retail,People's Park Centre,—,0.15057538038589013,0.1190152768186905,0.1503255784093812,3999.25,886.3601252945098,4287.97,0.292206667098585,1.0,0.3,0.38405
M04528,core,Japan,Points Optimiser,True,2x / 3x points,lodging,Upscale Hotel,Phuket Graceland,3x points on lodging,0.4,0.4,0.4,8.15,61.77951809361069,645.76,0.2808522200905736,1.0,0.3333333333333333,0.6288
M04529,gold,Australia,Already Loyal,False,No incentive,retail,Premium Retail,Lane Crawford,—,0.13525032106541596,0.13525032106541596,0.08334053952587943,8731.990000000002,7.275957614183426e-12,8731.99,0.6363555997372238,1.0,0.25,0.14
M04530,gold,Singapore,Fee-Sensitive Traveller,False,No incentive (FX-offset out of scope),retail,Premium Retail,Lane Crawford,—,0.14657303017691833,0.122200437088985,0.09865872584848459,2978.75,1350.7626546385125,3277.17,0.3499737874185382,1.0,0.3333333333333333,0.50598
M04531,gold,Hong Kong,Category Loyalist,True,Category-specific reward,dining,Fine Dining,Kikunoi,Fine Dining reward (dining),0.1355594969908122,0.1355594969908122,0.11731399356886235,3018.33,2584.1153179153766,3776.75,0.509876483926802,1.0,0.23076923076923078,0.3367
M04534,gold,Singapore,Already Loyal,False,No incentive,retail,Premium Retail,ION Orchard,—,0.12031643482073766,0.12159790606332253,0.0713997036871226,13394.679999999998,3765.920657395808,13648.74,0.287989603221078,1.0,0.30434782608695654,0.11216666666666668
M04535,platinum,Australia,Already Loyal,False,No incentive,dining,Cafe & Coffee,Ueshima Coffee House,—,0.12736975131724532,0.12946327125178433,0.11716321799363125,10270.869999999999,3669.957259713543,10270.869999999999,0.3767238060723466,0.9090909090909091,0.18181818181818182,0.10133333333333333
M04537,gold,Singapore,Already Loyal,False,No incentive,lodging,Upscale Hotel,Marriott Singapore Orchard,—,0.14865894182412465,0.14865894182412465,0.10762696451839053,8078.68,1202.2922708251003,8078.679999999999,0.4352880568748299,1.0,0.4,0.175825
M04538,core,Australia,Category Loyalist,True,Category-specific reward,dining,Fine Dining,Madame nhu,Fine Dining reward (dining),0.12783262059710923,0.12783262059710923,0.1420894876437718,1905.74,686.1470494771124,1967.67,0.5501621971518826,1.0,0.14285714285714285,0.1167
M04539,core,Australia,Threshold Chaser,True,"Spend X, get Y back",lodging,Upscale Hotel,Fullerton Sydney,Spend & get-back at Fullerton Sydney,0.12082252085493993,0.12082252085493993,0.1602672825850324,890.76,7.339547049249916,890.76,0.367385280130415,1.0,0.5,0.04
M04542,platinum,Singapore,Immediate Value Seeker,True,Cashback / statement credit,lodging,Hotel,Hotel Eden,Cashback at Hotel Eden,0.15497839027996219,0.1239422824588429,0.13446180497474575,2247.93,812.8837714344842,2247.93,0.34903777105094214,1.0,0.0,0.0708
M04544,core,Hong Kong,Immediate Value Seeker,True,Cashback / statement credit,retail,Premium Retail,Via del Corso shops,Cashback at Via del Corso shops,0.1547659477308708,0.11797693462031435,0.1713538756378782,1551.54,482.8711421118719,1551.54,0.41331286076583706,1.0,0.0,0.10540000000000001
M04547,core,Singapore,Merchant Explorer,True,Merchant-specific voucher,lodging,Hotel,Imperial Hotel Tokyo,Imperial Hotel Tokyo voucher,0.13378482298217312,0.12245516835860427,0.15895834074753123,5678.69,1835.07038765203,5788.07,0.3766094322625495,1.0,0.375,0.18815555555555555
M04548,core,United States,Immediate Value Seeker,True,Cashback / statement credit,dining,Fine Dining,Namhae Fish Restaurant,Cashback at Namhae Fish Restaurant,0.1794900263886144,0.1353877662704407,0.1753959771126949,1847.26,990.2230877583354,2072.21,0.31049283481041123,1.0,0.08333333333333333,0.33835
M04550,platinum,Singapore,Already Loyal,False,No incentive,dining,Fine Dining,Cumulus Inc.,—,0.14172212898503556,0.11686703511076577,0.09324549476750008,18727.48,2042.9669645605843,18748.83,0.3640197822906065,1.0,0.21052631578947367,0.2727
M04551,core,Australia,Fee-Sensitive Traveller,False,No incentive (FX-offset out of scope),retail,Premium Retail,Suria KLCC,—,0.12372081561433977,0.12372081561433977,0.16425611058056938,708.51,225.96379441194676,1261.55,0.26964035529180935,1.0,0.11764705882352941,0.5142
M04552,core,United States,Immediate Value Seeker,True,Cashback / statement credit,lodging,Upscale Hotel,Swissotel Nankai Osaka,Cashback at Swissotel Nankai Osaka,0.16679127954357345,0.13268738075933417,0.15168264544259888,4659.27,3898.4492390800856,6248.53,0.34735756701667747,1.0,0.2777777777777778,0.17855
M04555,core,Hong Kong,Category Loyalist,True,Category-specific reward,dining,Fine Dining,Antico Caffè Torino,Fine Dining reward (dining),0.3174660038615585,0.3174660038615585,0.3183658551071314,147.98,539.2497046882571,145.98,1.0,1.0,0.0,0.0708
M04556,platinum,United States,Points Optimiser,True,2x / 3x points,retail,Convenience,Haepi D.C Mart,3x points on retail,0.1469070942404174,0.12076362581403988,0.10791207608248245,4149.34,1845.901183782751,4149.34,0.33462464900361405,1.0,0.0,0.04
M04557,core,Hong Kong,Fee-Sensitive Traveller,False,No incentive (FX-offset out of scope),retail,Premium Retail,People's Park Centre,—,0.11751236488891367,0.11751236488891367,0.1525368803417772,535.47,48.56587067714594,706.35,0.2817863360068679,1.0,0.0,0.4543333333333333
M04558,core,Singapore,Already Loyal,False,No incentive,retail,Premium Retail,Ladies' Market,—,0.14071720076908006,0.14071720076908006,0.12529805059952714,9278.88,923.3632577574394,9311.86,0.3992232005004821,0.9411764705882353,0.058823529411764705,0.2776666666666667
M04559,core,United States,Low Responsiveness,False,No incentive,lodging,Hotel,Hotel Eden,—,0.11406145228206073,0.11406145228206073,0.1602602466446843,544.01,278.11985396224327,577.3499999999999,0.35350707654534896,1.0,0.0,0.26395
M04561,core,Australia,Immediate Value Seeker,True,Cashback / statement credit,retail,Premium Retail,Takashimaya,Cashback at Takashimaya,0.16474538483126633,0.11517644065146672,0.1729797503948479,1829.38,55.441699700252926,1862.07,0.29805047638315785,1.0,0.18181818181818182,0.17406666666666668
M04562,core,United States,Category Loyalist,True,Category-specific reward,lodging,Budget & Hostel,Khách Sạn Đông Thanh,Budget & Hostel reward (lodging),0.2623973103791248,0.2623973103791248,0.2826845082266617,42.91,122.06934171096707,42.91,0.5003717275067113,1.0,0.0,0.316
M04563,core,Singapore,Already Loyal,False,No incentive,retail,Premium Retail,Chinatown Complex,—,0.1452444783818969,0.1452444783818969,0.13849428463994612,7404.400000000001,981.0876610855298,7421.9400000000005,0.6949719142185489,1.0,0.2,0.4158
M04564,core,Hong Kong,Immediate Value Seeker,True,Cashback / statement credit,retail,Premium Retail,Shibuya 109,Cashback at Shibuya 109,0.14775435803950077,0.11863456287740275,0.15452269270674326,2238.98,1194.2292999248014,2238.98,0.39491885780832686,1.0,0.16666666666666666,0.2163
M04565,core,Singapore,Immediate Value Seeker,True,Cashback / statement credit,lodging,Upscale Hotel,The Hoxton Paris,Cashback at The Hoxton Paris,0.15377871033396076,0.11507296442152302,0.158861976049092,2884.7400000000002,819.3278590492878,2905.4300000000003,0.30372826541160447,0.9411764705882353,0.17647058823529413,0.30765714285714285
M04568,core,Hong Kong,Fee-Sensitive Traveller,False,No incentive (FX-offset out of scope),dining,Fine Dining,Roscioli,—,0.12729865933546625,0.12729865933546625,0.15808899881828548,1361.08,751.123539597712,1368.27,0.3435298382913397,1.0,0.45454545454545453,0.3545
M04569,platinum,United States,Merchant Explorer,True,Merchant-specific voucher,dining,Fine Dining,Breizh Café,Breizh Café voucher,0.1721639937649044,0.13873738240994782,0.12099051016349872,6942.9,3113.324754949315,6955.96,0.3427714472219059,1.0,0.28,0.1653
M04570,core,Japan,Merchant Explorer,True,Merchant-specific voucher,dining,Fine Dining,Kukuru Takoyaki,Kukuru Takoyaki voucher,0.18117287588673434,0.12014143345651682,0.15423396267638173,13171.810000000001,835.8734572070307,13344.6,0.29208324482313497,0.8070175438596491,0.19298245614035087,0.2084
M04572,platinum,Japan,Already Loyal,False,No incentive,lodging,Upscale Hotel,The Ritz-Carlton Kuala Lumpur,—,0.13307244793611775,0.13307244793611775,0.1172521467016383,1564.3600000000001,1103.7151098975962,6905.6900000000005,0.5952508788382669,1.0,0.15384615384615385,0.41975
M04573,core,Hong Kong,Immediate Value Seeker,True,Cashback / statement credit,dining,Fine Dining,Malibu,Cashback at Malibu,0.14658007760083705,0.10458401943409965,0.1421486714778511,6311.53,307.21202550513806,6535.63,0.44943949004185013,1.0,0.3333333333333333,0.2935
M04574,core,Singapore,Merchant Explorer,True,Merchant-specific voucher,dining,Fine Dining,Yung Kee,Yung Kee voucher,0.1837885370757288,0.14581108316881103,0.16074921478707394,4497.0199999999995,3210.9348833141257,5748.46,0.3219747006473577,1.0,0.36,0.42
M04576,platinum,Japan,Points Optimiser,True,2x / 3x points,retail,Premium Retail,"Web Marketing Team srl - SEO, SEM, SOCIAL e WEB 2.0",3x points on retail,0.15495119961342477,0.15495119961342477,0.0690112462852782,13442.119999999999,8782.29616435033,13442.12,0.38906348920479156,1.0,0.25,0.155
M04577,core,Japan,Fee-Sensitive Traveller,False,No incentive (FX-offset out of scope),dining,Fine Dining,Cumulus Inc.,—,0.15131113652399036,0.11220189072662053,0.15887421274431154,4101.86,66.86885310960639,4752.33,0.30505746475750123,1.0,0.3125,0.5142
M04578,core,Australia,Points Optimiser,True,2x / 3x points,lodging,Upscale Hotel,Phuket Graceland,3x points on lodging,0.2873007373822536,0.2873007373822536,0.24200231268126676,299.7,641.5653028233654,1173.3700000000001,0.4742721791859622,1.0,0.25,0.425775
M04579,core,Singapore,Category Loyalist,True,Category-specific reward,dining,Fine Dining,Gion Karyo,Fine Dining reward (dining),0.1563957202828313,0.1563957202828313,0.16330029512656954,362.81999999999994,346.6178985559534,383.99,0.5055933851904224,1.0,0.16666666666666666,0.28685
M04580,core,Australia,Merchant Explorer,True,Merchant-specific voucher,dining,Fine Dining,Ginza Kagari,Ginza Kagari voucher,0.11851665719674552,0.11851665719674552,0.15481265053041235,5627.84,1503.5614030486076,6308.35,0.38816328762645497,1.0,0.28,0.23825
M04581,gold,Japan,Fee-Sensitive Traveller,False,No incentive (FX-offset out of scope),dining,Fine Dining,Din Tai Fung ION,—,0.1474503084284553,0.11392739505388952,0.10063195838308625,3523.7799999999997,181.14408712212503,4770.35,0.26563861767136776,1.0,0.21052631578947367,0.3567166666666666
M04583,core,Australia,Low Responsiveness,False,No incentive,retail,Premium Retail,ION Orchard,—,0.09828677255657539,0.09828677255657539,0.1636351345399206,670.62,0.0,670.62,0.26883928709836646,1.0,0.0,0.0896
M04584,core,Hong Kong,Already Loyal,False,No incentive,retail,Premium Retail,Place du Tertre,—,0.14672453620647266,0.14672453620647266,0.12824504784469834,7595.299999999999,3415.7358087230728,7683.73,0.4826709644523613,1.0,0.2608695652173913,0.20521666666666669
M04585,platinum,Australia,Already Loyal,False,No incentive,dining,Cafe & Coffee,Met Cafe,—,0.14011578644092373,0.13809153292623724,0.10383186370657255,14499.439999999999,783.5079986964245,17127.45,0.29454143511071673,0.9285714285714286,0.17857142857142858,0.38772222222222225
M04587,gold,Singapore,Already Loyal,False,No incentive,retail,Convenience,TNT Convenience & Tobacconist,—,0.1522292842222886,0.1522292842222886,0.09132685295112372,13143.82,3912.447912552665,13757.66,0.4241445799737696,1.0,0.2857142857142857,0.2568
M04589,core,Australia,Threshold Chaser,True,"Spend X, get Y back",dining,Fine Dining,Single O,Spend & get-back at Single O,0.1167930354206594,0.1167930354206594,0.17616024598394323,932.14,7.053126817695336,945.58,0.42186243910274746,1.0,0.5,0.04
M04590,gold,Singapore,Low Responsiveness,False,No incentive,dining,Fine Dining,Crocodile Senior Thai,—,0.11284014760470175,0.08477503294097058,0.08661645474267957,15935.53,1577.267500414486,15935.53,0.5443089028323114,1.0,0.0,0.132
M04591,core,Australia,Fee-Sensitive Traveller,False,No incentive (FX-offset out of scope),dining,Fine Dining,Din Tai Fung Suria KLCC,—,0.12582516781123587,0.12582516781123587,0.1725956970384038,226.53,17.72583180720124,668.71,0.4823687726677632,1.0,0.25,0.4729
M04592,gold,Japan,Points Optimiser,True,2x / 3x points,retail,Premium Retail,MSY Ultimo,3x points on retail,0.1559507508205069,0.12118501272575365,0.11576174312644025,2457.6499999999996,12.884817811764862,3724.08,0.3004417947852816,1.0,0.0,0.24855
M04593,core,Singapore,Category Loyalist,True,Category-specific reward,lodging,Upscale Hotel,Mojito Bar & Lounge,Upscale Hotel reward (lodging),0.2158854292403413,0.2158854292403413,0.22075367292383732,349.03999999999996,819.1641787443834,356.15999999999997,0.667295997642115,1.0,0.16666666666666666,0.55825
M04595,platinum,Singapore,Merchant Explorer,True,Merchant-specific voucher,dining,Fine Dining,Walker's Doughnuts,Walker's Doughnuts voucher,0.17954673298651713,0.15531704018622,0.12440872967415736,21080.1,3277.063199576136,23921.44,0.2868548163740824,1.0,0.3111111111111111,0.2950384615384615
M04596,core,Singapore,Immediate Value Seeker,True,Cashback / statement credit,retail,Premium Retail,BHV Marais,Cashback at BHV Marais,0.14526696693440636,0.1105869765613721,0.143187987758632,4853.860000000001,308.2229098979871,5300.03,0.2944915060354587,1.0,0.3333333333333333,0.1843
M04601,core,Singapore,Immediate Value Seeker,True,Cashback / statement credit,retail,Premium Retail,People's Park Centre,Cashback at People's Park Centre,0.15679220247734704,0.12003106347487062,0.1506927981302183,4343.21,1827.5062635052677,4343.21,0.3052903245292782,1.0,0.14285714285714285,0.1031
M04602,core,Singapore,Fee-Sensitive Traveller,False,No incentive (FX-offset out of scope),dining,Fine Dining,The George on Collins,—,0.14642933535472105,0.11019797187550642,0.15429209001147026,4924.889999999999,83.0024160149581,5006.18,0.40699452738838443,1.0,0.14285714285714285,0.42025
M04604,gold,Singapore,Points Optimiser,True,2x / 3x points,retail,Premium Retail,Pitti,3x points on retail,0.13723126224338317,0.1225047522499604,0.10169169927586315,3725.33,4027.4260184704754,3830.11,0.40177384901344726,1.0,0.2857142857142857,0.30016666666666664
M04605,core,United States,Threshold Chaser,True,"Spend X, get Y back",lodging,Upscale Hotel,The Ritz-Carlton Kuala Lumpur,Spend & get-back at The Ritz-Carlton Kuala Lumpur,0.16531465391878725,0.16531465391878725,0.15415612296634126,276.87,737.0741372749886,865.88,0.2762823367536299,1.0,0.4444444444444444,0.41533333333333333
M04606,core,Australia,Low Responsiveness,False,No incentive,transport,Premium Transport,SBS Transit,—,0.11635770062836578,0.11635770062836578,0.17508982033259352,1545.35,356.80156257300797,1545.35,0.276856252258896,1.0,0.08333333333333333,0.2289
M04607,core,Singapore,Merchant Explorer,True,Merchant-specific voucher,dining,Fine Dining,Le Consulat,Le Consulat voucher,0.17041694691220077,0.1328168986127679,0.16046269591237294,3313.3599999999997,1356.5533116547672,3421.18,0.29813931081917,1.0,0.11538461538461539,0.3249375
M04609,core,United States,Category Loyalist,True,Category-specific reward,dining,Fine Dining,Gion Karyo,Fine Dining reward (dining),0.126217792879891,0.126217792879891,0.1673569046511428,2595.78,1409.6903244765767,2790.88,0.5014987907371823,1.0,0.14285714285714285,0.2163
M04611,gold,Japan,Already Loyal,False,No incentive,lodging,Hotel,Royal Plaza Hotel,—,0.14842841700977893,0.12070109607603052,0.12556253319754831,6999.18,2330.0480544519455,8376.95,0.32823373090210767,1.0,0.18181818181818182,0.20934444444444444
M04613,core,Australia,Threshold Chaser,True,"Spend X, get Y back",dining,Fine Dining,Breizh Café,Spend & get-back at Breizh Café,0.1514133155725107,0.1200650429096355,0.15424070725884007,4081.55,1584.0093565431391,4952.13,0.31920958670026645,1.0,0.4117647058823529,0.30874
M04614,gold,Japan,Low Responsiveness,False,No incentive,transport,Premium Transport,Star Ferry,—,0.10696915961096815,0.10696915961096815,0.09622927513815015,1641.73,334.88685620665376,1641.73,0.2937829737992309,1.0,0.4,0.29855
M04615,core,Singapore,Points Optimiser,True,2x / 3x points,transport,Ride-hail & Taxi,Grab Bali,3x points on transport,0.4000000000000001,0.4000000000000001,0.3204215045476693,47.43,292.6317043817731,137.21,0.283921420455663,1.0,0.14285714285714285,0.55825
M04616,core,Singapore,Immediate Value Seeker,True,Cashback / statement credit,dining,Fine Dining,Breizh Café,Cashback at Breizh Café,0.12842936517408626,0.12842936517408626,0.14147164160574965,2264.5099999999998,913.0106356701095,2309.43,0.43296241349491377,1.0,0.18181818181818182,0.132
M04620,core,Singapore,Threshold Chaser,True,"Spend X, get Y back",retail,Premium Retail,Myeongdong Shopping Street,Spend & get-back at Myeongdong Shopping Street,0.1515921620909802,0.11689917292502447,0.1527882904553826,2651.12,628.9673658766558,2651.12,0.3499297785237122,1.0,0.5714285714285714,0.04
M04621,core,Singapore,Immediate Value Seeker,True,Cashback / statement credit,retail,Premium Retail,Landmark,Cashback at Landmark,0.1283665262390828,0.1283665262390828,0.17109730406266638,596.22,0.0,596.22,0.4467683934082991,1.0,0.25,0.14
M04623,platinum,Singapore,Fee-Sensitive Traveller,False,No incentive (FX-offset out of scope),dining,Fine Dining,Yat Lok,—,0.15202239778589124,0.15202239778589124,0.13501766500793044,2873.16,595.0831493381482,2891.34,0.5162296970352939,1.0,0.0,0.47025
M04627,core,Singapore,Merchant Explorer,True,Merchant-specific voucher,dining,Fine Dining,L'As du Fallafel,L'As du Fallafel voucher,0.16856421573674277,0.12374768501152117,0.17703593316821753,1483.73,264.87131011570136,1817.8600000000001,0.33224915748971745,1.0,0.24,0.3241125
M04628,platinum,Singapore,Merchant Explorer,True,Merchant-specific voucher,lodging,Hotel,Hotel 1888,Hotel 1888 voucher,0.16008684980961102,0.14163743698882086,0.11485515955725548,11206.65,5603.23076564893,11593.1,0.28547478311107316,1.0,0.27586206896551724,0.3572888888888889
M04629,core,Singapore,Merchant Explorer,True,Merchant-specific voucher,lodging,Hotel,Langham Place Hotel Mongkok,Langham Place Hotel Mongkok voucher,0.16660114554629446,0.1496905537226547,0.1333422674981005,16899.92,1842.8889042134963,17977.87,0.30681952712322375,0.9661016949152542,0.1694915254237288,0.2915375
M04631,core,Singapore,Fee-Sensitive Traveller,False,No incentive (FX-offset out of scope),transport,Rail & Metro,Seoul Metro,—,0.1363900604635897,0.1363900604635897,0.17415146231054143,527.63,144.62424550869451,827.0300000000001,0.40560210980711386,1.0,0.08333333333333333,0.48925
M04633,core,Hong Kong,Fee-Sensitive Traveller,False,No incentive (FX-offset out of scope),dining,Fine Dining,Breizh Café,—,0.15034034019083764,0.11527048341854396,0.15717145723491863,3266.93,248.94202946852656,3988.02,0.40259869743978327,1.0,0.3,0.3855
M04634,core,Japan,Low Responsiveness,False,No incentive,lodging,Upscale Hotel,Park Hyatt Seoul,—,0.1027650799251062,0.1027650799251062,0.16800981209453786,889.06,303.7731049718902,1842.31,0.3311757162053822,1.0,0.3125,0.360725
M04636,platinum,Japan,Points Optimiser,True,2x / 3x points,dining,Fine Dining,Roscioli,3x points on dining,0.1803686145234371,0.14539375467578555,0.1299250028048198,2906.2,2552.7894114270143,2906.2,0.3159356542102322,1.0,0.125,0.532225
M04637,platinum,Singapore,Already Loyal,False,No incentive,dining,Fine Dining,Jagalchi nearby,—,0.15063134123364863,0.1366229314881695,0.0992746642995767,7210.45,3007.7029048007,7240.97,0.31182468513450884,1.0,0.19047619047619047,0.20258571428571429
M04638,platinum,Singapore,Merchant Explorer,True,Merchant-specific voucher,lodging,Hotel,Dulloseu Hotel,Dulloseu Hotel voucher,0.174137932207088,0.14215007051332082,0.12021363002673062,13086.16,2922.403565879562,13835.48,0.30934135061226387,1.0,0.35,0.13874
M04639,gold,Hong Kong,Threshold Chaser,True,"Spend X, get Y back",dining,Fine Dining,Gion Duck Noodles,Spend & get-back at Gion Duck Noodles,0.16168746817446583,0.12095591650078907,0.12609781521506064,2573.68,1687.0960546960637,2573.68,0.3787986267427083,1.0,0.5,0.1166
M04641,platinum,Hong Kong,Threshold Chaser,True,"Spend X, get Y back",retail,Premium Retail,Via del Corso shops,Spend & get-back at Via del Corso shops,0.15579371453122293,0.1269423803307905,0.10804847155010792,5542.03,3480.8668884694553,6136.2,0.259115481681759,1.0,0.38461538461538464,0.49695
M04644,gold,Singapore,Points Optimiser,True,2x / 3x points,retail,Premium Retail,IFC Mall,3x points on retail,0.14673487954711328,0.11715474829614855,0.0969979939478572,5011.57,175.2503201612439,5139.09,0.2981401179346176,0.8333333333333334,0.2777777777777778,0.15052000000000001
M04646,gold,Singapore,Category Loyalist,True,Category-specific reward,lodging,Budget & Hostel,Artini 2,Budget & Hostel reward (lodging),0.215438079181526,0.215438079181526,0.1567657685463142,27.85,74.55379365304923,27.85,1.0,1.0,0.0,0.8005
M04648,core,Hong Kong,Fee-Sensitive Traveller,False,No incentive (FX-offset out of scope),retail,Premium Retail,Kuromon Market,—,0.15098623730724411,0.11848565765567548,0.16037271751568066,2424.29,350.6819515228047,2873.53,0.30068313817518116,0.9375,0.25,0.465725
M04649,core,Hong Kong,Low Responsiveness,False,No incentive,lodging,Upscale Hotel,Sebel Melbourne,—,0.09744908638826792,0.09744908638826792,0.15672816256258576,1505.67,32.21571426265524,1505.67,0.2915847975833812,1.0,0.0,0.04
M04651,platinum,Singapore,Category Loyalist,True,Category-specific reward,transport,Premium Transport,Prasarana,Premium Transport reward (transport),0.27919596324282586,0.27919596324282586,0.26385795981239846,73.34,155.78712467405552,73.34,0.6484359690929254,1.0,0.0,0.4729
M04652,core,Singapore,Points Optimiser,True,2x / 3x points,retail,Premium Retail,Suria KLCC,3x points on retail,0.23710930418237966,0.23710930418237966,0.1282194586482267,156.79,12.248963991669036,380.18999999999994,0.40742834583585885,1.0,0.3333333333333333,0.6367
M04653,core,Australia,Already Loyal,False,No incentive,dining,Fast Food,Pizza Mole,—,0.1459874013720619,0.11736650132418643,0.1657862635550983,6609.9,221.98458473164345,6828.85,0.3545792532698209,0.9411764705882353,0.2647058823529412,0.1550111111111111
M04654,core,Hong Kong,Category Loyalist,True,Category-specific reward,dining,Fine Dining,Brunetti Oro,Fine Dining reward (dining),0.13221396111612,0.13221396111612,0.15555879645672516,1114.67,34.21362475695338,1485.81,0.5045465388151271,1.0,0.25,0.25645
M04655,gold,Singapore,Already Loyal,False,No incentive,retail,Premium Retail,Tokyu Hands Shibuya,—,0.13109065333157965,0.1229165370251067,0.0873817623124401,8909.35,1662.003133085891,9914.68,0.33320793744271937,1.0,0.08695652173913043,0.2718
M04656,gold,Singapore,Immediate Value Seeker,True,Cashback / statement credit,retail,Premium Retail,Pitti,Cashback at Pitti,0.1929885940947562,0.1929885940947562,0.20203954807034008,954.66,2486.5788043947437,953.66,0.39041246725040935,1.0,0.25,0.19340000000000002
M04658,core,Japan,Points Optimiser,True,2x / 3x points,dining,Fine Dining,Din Tai Fung Pavilion,3x points on dining,0.35855007783856224,0.35855007783856224,0.2501875896608523,65.82000000000001,590.6557391927308,891.28,0.2938213654891357,1.0,0.1111111111111111,0.5297999999999999
M04659,platinum,United States,Already Loyal,False,No incentive,retail,Premium Retail,Tokyu Hands Namba,—,0.13394723521244517,0.13277622311542348,0.10212480805245908,11433.460000000001,1056.1018640302514,11709.21,0.2938842930885284,1.0,0.2222222222222222,0.28645
M04660,platinum,Australia,Points Optimiser,True,2x / 3x points,dining,Fine Dining,Kikunoi,3x points on dining,0.14605912115960687,0.14605912115960687,0.12289362027239223,4830.98,2509.9467849282582,5695.11,0.4146758693056158,1.0,0.15384615384615385,0.261375
M04661,platinum,Japan,Points Optimiser,True,2x / 3x points,retail,Premium Retail,Kuromon Market,3x points on retail,0.15419435129645942,0.15419435129645942,0.08291159662726467,16260.689999999999,8371.029463728006,16260.69,0.33331714171666205,1.0,0.0,0.07455
M04663,core,Hong Kong,Immediate Value Seeker,True,Cashback / statement credit,lodging,Upscale Hotel,St. Regis Singapore,Cashback at St. Regis Singapore,0.1418615353439039,0.1169659250166593,0.15032246351799652,6006.19,807.9838271599826,6006.19,0.34792678048467457,1.0,0.2222222222222222,0.10056000000000001
M04664,gold,Singapore,Immediate Value Seeker,True,Cashback / statement credit,retail,Premium Retail,Suria KLCC,Cashback at Suria KLCC,0.1691276281170447,0.1691276281170447,0.16971676060308294,512.1500000000001,1029.7045938511988,2003.69,0.343593182980019,1.0,0.2857142857142857,0.46499999999999997
M04665,core,Hong Kong,Merchant Explorer,True,Merchant-specific voucher,dining,Fine Dining,Jumbo Seafood,Jumbo Seafood voucher,0.12190773967052022,0.12190773967052022,0.14845980754129093,5021.37,2177.439961755575,6079.39,0.48033377785227677,1.0,0.34782608695652173,0.22554285714285713
M04666,core,Hong Kong,Already Loyal,False,No incentive,retail,Premium Retail,Namba Parks,—,0.13301494594667623,0.1279662801347497,0.12190365269283165,9508.0,2808.497848006452,9617.36,0.37027075615856775,1.0,0.3333333333333333,0.2650666666666667
M04667,core,Singapore,Merchant Explorer,True,Merchant-specific voucher,dining,Fine Dining,Daniel's Donuts,Daniel's Donuts voucher,0.15568745570330017,0.1174129858224059,0.15796314675403433,5074.84,65.91244589901122,5389.47,0.4090746241252238,1.0,0.2857142857142857,0.22705
M04668,core,United States,Already Loyal,False,No incentive,retail,Premium Retail,Lane Crawford,—,0.13221342683859624,0.12600446919270258,0.12045301324762828,8027.64,2737.0217915116295,8030.01,0.3469211241457978,1.0,0.21739130434782608,0.2749
M04669,core,Singapore,Already Loyal,False,No incentive,lodging,Hotel,Syainbil Resort Hotel,—,0.1341833875085462,0.12445007020641277,0.1436310667881417,6088.959999999999,525.4466534093406,8293.48,0.3423321726641631,0.9285714285714286,0.21428571428571427,0.36489166666666667
M04670,core,Hong Kong,Immediate Value Seeker,True,Cashback / statement credit,dining,Fine Dining,Jumbo Seafood,Cashback at Jumbo Seafood,0.15371138634873982,0.11327795800263073,0.16385746662678524,2976.29,106.21044411732662,3030.2000000000003,0.34732654246723826,1.0,0.2,0.44906666666666667
M04672,core,Singapore,Category Loyalist,True,Category-specific reward,lodging,Upscale Hotel,Aleena House,Upscale Hotel reward (lodging),0.31543920717687596,0.31543920717687596,0.27475214611378573,39.63,366.4684802727762,666.46,0.6063575109358234,1.0,0.0,0.6860333333333334
M04673,core,Singapore,Already Loyal,False,No incentive,retail,Premium Retail,Kagui,—,0.15051409048665446,0.1363673575063744,0.14208097794159125,10520.18,1049.5838082517353,11072.03,0.35238491219452106,1.0,0.22857142857142856,0.26538
M04674,gold,Singapore,Merchant Explorer,True,Merchant-specific voucher,retail,Premium Retail,Kyoto Craft Center,Kyoto Craft Center voucher,0.1583582933612556,0.14456247304919437,0.09657524985117145,7047.21,5306.275774544633,7386.4,0.26416679295097056,1.0,0.45,0.3156285714285714
M04675,core,Hong Kong,Low Responsiveness,False,No incentive,dining,Fast Food,MOS Burger,—,0.11108327930903211,0.11108327930903211,0.16062606750604044,2614.5,637.7376821969527,2670.69,0.43612280430041206,1.0,0.3333333333333333,0.34886666666666666
M04676,gold,Singapore,Already Loyal,False,No incentive,dining,Cafe & Coffee,Ueshima Coffee House,—,0.13824070394059987,0.11850453998430008,0.09593077619805909,9862.17,825.2135173702795,9862.17,0.32119165570968017,0.9166666666666666,0.5,0.09106666666666667
M04677,gold,Hong Kong,Threshold Chaser,True,"Spend X, get Y back",dining,Fine Dining,L'As du Fallafel,Spend & get-back at L'As du Fallafel,0.12600905280613775,0.12600905280613775,0.1284553489148177,1873.38,177.84065014142294,3100.6499999999996,0.38632275437861496,1.0,0.375,0.24855
M04678,core,Hong Kong,Already Loyal,False,No incentive,retail,Premium Retail,JB Hi-Fi,—,0.1281164338367964,0.1281164338367964,0.12244510559920492,18916.07,2091.9146482013325,21328.12,0.4601560123668701,1.0,0.25,0.17913333333333334
M04679,core,Singapore,Merchant Explorer,True,Merchant-specific voucher,dining,Fine Dining,Yung Kee,Yung Kee voucher,0.1770743379727315,0.11782528742617727,0.15459960278879564,9555.27,902.564786736524,9756.66,0.2719845272658208,0.9038461538461539,0.21153846153846154,0.17053846153846156
M04680,core,United States,Immediate Value Seeker,True,Cashback / statement credit,transport,Premium Transport,RATP,Cashback at RATP,0.13596080222639967,0.13596080222639967,0.16772200356175201,678.27,91.96727660529393,678.27,0.2855751440333762,1.0,0.25,0.04
M04681,core,Hong Kong,Fee-Sensitive Traveller,False,No incentive (FX-offset out of scope),transport,Premium Transport,KLIA Ekspres,—,0.14832710241790814,0.14832710241790814,0.16356492845436052,661.45,1345.131666913755,1690.39,0.32474986563238994,1.0,0.3076923076923077,0.55085
M04683,core,Hong Kong,Low Responsiveness,False,No incentive,lodging,Upscale Hotel,The Sukhothai,—,0.10684414878172332,0.10684414878172332,0.16523984828001032,1153.3600000000001,705.9510776135869,1683.67,0.28147783603015836,1.0,0.125,0.28685
M04685,core,Singapore,Points Optimiser,True,2x / 3x points,dining,Fine Dining,Gion Duck Noodles,3x points on dining,0.2019108888439334,0.2019108888439334,0.18836778479556468,1852.9700000000003,1722.7938982310031,2019.41,0.45919039228381336,1.0,0.2857142857142857,0.29475
M04686,gold,Hong Kong,Points Optimiser,True,2x / 3x points,dining,Cafe & Coffee,Mido Cafe,3x points on dining,0.15298067557018868,0.12065458928670797,0.10391744770162573,6525.23,2221.8678224662744,6525.23,0.3758139672593583,1.0,0.25,0.09000000000000001
M04689,core,Hong Kong,Already Loyal,False,No incentive,retail,Premium Retail,Nishiki Market stalls,—,0.15021960161820083,0.15021960161820083,0.1262428725387275,11636.39,4006.9392339369315,11636.39,0.5906170099072274,1.0,0.14285714285714285,0.0783
M04690,gold,Hong Kong,Category Loyalist,True,Category-specific reward,lodging,Upscale Hotel,The Legian Seminyak,Upscale Hotel reward (lodging),0.22478504062599258,0.22478504062599258,0.22793970453021273,146.53,402.4174905538733,2840.46,0.5567743713931967,0.9285714285714286,0.2857142857142857,0.71465
M04692,core,Hong Kong,Immediate Value Seeker,True,Cashback / statement credit,dining,Fine Dining,Jumbo Seafood,Cashback at Jumbo Seafood,0.15802445601412157,0.11652225329987007,0.17074434022869134,1995.42,171.8492894755026,2000.58,0.2714547058912424,1.0,0.3,0.32656666666666667
M04695,gold,Singapore,Already Loyal,False,No incentive,dining,Fine Dining,Dragon Boat Restaurant,—,0.1380035157323541,0.12632462321122254,0.09960449130185138,14165.64,6876.167376043981,15177.08,0.308316316411239,0.967741935483871,0.03225806451612903,0.21344444444444444
M04696,gold,Hong Kong,Category Loyalist,True,Category-specific reward,lodging,Budget & Hostel,The 101,Budget & Hostel reward (lodging),0.28710898809147123,0.28710898809147123,0.2602763591016617,76.73,350.2215161130356,84.26,0.5631399910610905,1.0,0.0,0.8005
M04697,core,Singapore,Points Optimiser,True,2x / 3x points,dining,Fine Dining,Bo.lan,3x points on dining,0.2037194339666971,0.2037194339666971,0.1654837281586218,962.76,2793.7798616659775,2846.59,0.383290100097258,1.0,0.3333333333333333,0.34065
M04698,gold,Hong Kong,Already Loyal,False,No incentive,lodging,Upscale Hotel,Namsan Guest House,—,0.125668209351767,0.125668209351767,0.09754612372767163,6210.85,2977.4071611857203,6938.67,0.44983323966496475,0.9523809523809523,0.23809523809523808,0.26908333333333334
M04699,core,Australia,Points Optimiser,True,2x / 3x points,retail,Premium Retail,Ba Dinh Square kiosks,3x points on retail,0.2117937507381354,0.2117937507381354,0.15851319385306553,317.01,1278.006694578485,317.01,0.301542754816748,1.0,0.25,0.639
M04701,core,Japan,Immediate Value Seeker,True,Cashback / statement credit,dining,Fine Dining,Cây Si,Cashback at Cây Si,0.17947433385068207,0.17947433385068207,0.18628303897962978,246.57,692.8596386117467,246.57,0.35361573490565784,1.0,0.0,0.316
M04702,gold,Australia,Points Optimiser,True,2x / 3x points,lodging,Upscale Hotel,Regency Hyde Park,3x points on lodging,0.17559064209547934,0.14515790517619775,0.10967070052260135,9494.97,2813.3163262663247,9494.97,0.33654168754094965,1.0,0.18181818181818182,0.0668
M04703,gold,Singapore,Threshold Chaser,True,"Spend X, get Y back",dining,Fine Dining,Kukuru Takoyaki,Spend & get-back at Kukuru Takoyaki,0.11869387221637223,0.11869387221637223,0.10463007478983873,773.94,381.8769167183833,773.9399999999999,0.3062250026304414,1.0,0.42857142857142855,0.29475
M04704,core,Singapore,Immediate Value Seeker,True,Cashback / statement credit,retail,Premium Retail,IFC Mall,Cashback at IFC Mall,0.13874436395268888,0.13874436395268888,0.16483006806172754,405.42999999999995,0.0,457.2,0.3548545551720733,1.0,0.25,0.14
M04705,core,Singapore,Merchant Explorer,True,Merchant-specific voucher,retail,Premium Retail,Abbesses shops,Abbesses shops voucher,0.1534315498467466,0.11377320369048657,0.15273273362720982,5485.139999999999,3246.832220132694,6217.66,0.2913507675267557,1.0,0.22727272727272727,0.2686
M04706,core,Singapore,Category Loyalist,True,Category-specific reward,dining,Fine Dining,Lau Pa Sat nearby,Fine Dining reward (dining),0.1317150069327392,0.1317150069327392,0.1601925564524219,3231.88,1404.6902499086207,3231.88,0.5187444402296532,1.0,0.25,0.0648
M04707,core,Japan,Immediate Value Seeker,True,Cashback / statement credit,retail,Premium Retail,Lane Crawford,Cashback at Lane Crawford,0.16741687414414078,0.11936817398824312,0.17628788677474047,1870.73,3.666400516522117e-12,1870.73,0.2930738653818158,1.0,0.0,0.14
M04708,core,Australia,Already Loyal,False,No incentive,retail,Premium Retail,Giant,—,0.14356656832382433,0.14341515714947542,0.1338461294842108,8816.71,250.9340351274184,8816.71,0.41133473458968295,1.0,0.2222222222222222,0.31903333333333334
M04709,core,Australia,Already Loyal,False,No incentive,dining,Fine Dining,L'As du Fallafel,—,0.11861880994264602,0.11861880994264602,0.1739126768715779,8254.779999999999,882.2121594999475,9636.99,0.656790593938761,0.9444444444444444,0.08333333333333333,0.23881000000000002
M04710,core,Japan,Already Loyal,False,No incentive,retail,Premium Retail,Chinatown Complex,—,0.1401924495795207,0.1300719285404872,0.10632091988395967,15836.119999999999,3210.1361300134968,16995.85,0.39389569771342114,0.8148148148148148,0.2222222222222222,0.16327142857142857
M04711,core,Singapore,Immediate Value Seeker,True,Cashback / statement credit,dining,Fine Dining,Kikunoi,Cashback at Kikunoi,0.13001400993633083,0.13001400993633083,0.16180100048607737,3486.19,1637.314429100268,3957.98,0.3949582108492096,1.0,0.26666666666666666,0.27165
M04712,centurion,Singapore,Immediate Value Seeker,True,Cashback / statement credit,dining,Fine Dining,Cửa Hàng Bánh Tôm Hồ Tây,Cashback at Cửa Hàng Bánh Tôm Hồ Tây,0.2850693160155916,0.2850693160155916,0.3176338810391362,261.23,726.0328929906747,261.23,0.30794322963041826,1.0,0.0,0.316
M04713,platinum,Hong Kong,Points Optimiser,True,2x / 3x points,retail,Premium Retail,Abbesses shops,3x points on retail,0.16766975155234362,0.13195561110076254,0.1317890092864472,1818.3,2116.759022112069,1818.3,0.30403138889741066,0.8,0.3,0.05026666666666666
M04714,core,Japan,Points Optimiser,True,2x / 3x points,dining,Fine Dining,Armando al Pantheon,3x points on dining,0.15042485022329363,0.15042485022329363,0.15032219896824037,986.16,471.78237542359324,986.16,0.4618953325874016,1.0,0.25,0.0708
M04715,platinum,Japan,Merchant Explorer,True,Merchant-specific voucher,transport,Premium Transport,Italo,Italo voucher,0.1752888795102845,0.15770840936605413,0.11237843895030687,17038.86,7933.689007147274,18453.579999999998,0.2764023460890972,0.9285714285714286,0.2857142857142857,0.178825
M04717,core,Singapore,Immediate Value Seeker,True,Cashback / statement credit,retail,Premium Retail,Langham Place,Cashback at Langham Place,0.15395282417651424,0.1205531698597313,0.14692234558689954,3841.26,828.9573282104884,3856.68,0.277036488564089,1.0,0.06666666666666667,0.203
M04718,platinum,Singapore,Points Optimiser,True,2x / 3x points,retail,Premium Retail,BHV Marais,3x points on retail,0.15763855017824085,0.15763855017824085,0.09176276373880435,9808.93,4339.46635489258,9808.93,0.3240660280687857,1.0,0.2,0.22608
M04719,core,Singapore,Immediate Value Seeker,True,Cashback / statement credit,retail,Premium Retail,Landmark,Cashback at Landmark,0.14066123295019534,0.11258231651501577,0.14693494907863291,3337.0,9.449511078417608,4127.85,0.377511680327797,1.0,0.25,0.30645
M04720,centurion,Hong Kong,Points Optimiser,True,2x / 3x points,dining,Fine Dining,L'As du Fallafel,3x points on dining,0.13447169254643715,0.13447169254643715,0.11430984409392934,2080.44,238.47365658682432,2080.44,0.32441380948516196,1.0,0.25,0.04
M04721,core,Singapore,Immediate Value Seeker,True,Cashback / statement credit,dining,Fast Food,Pizza Lucio,Cashback at Pizza Lucio,0.17261454834858744,0.12557529840552004,0.17465855806779731,2653.01,692.2742788545193,2725.56,0.29689195977893257,1.0,0.1111111111111111,0.35894
M04722,core,Singapore,Immediate Value Seeker,True,Cashback / statement credit,retail,Premium Retail,Wako,Cashback at Wako,0.14973882560282994,0.1226327222244635,0.1463355033789308,4934.87,810.1007071410389,4934.87,0.4440681735784558,1.0,0.125,0.1166
M04723,core,Australia,Immediate Value Seeker,True,Cashback / statement credit,dining,Fine Dining,Ichiran Shibuya,Cashback at Ichiran Shibuya,0.11865483318733269,0.11865483318733269,0.1655909958221504,236.63,65.14579356444828,372.9,0.31498194267984747,1.0,0.1111111111111111,0.34359999999999996
M04724,platinum,Hong Kong,Points Optimiser,True,2x / 3x points,lodging,Upscale Hotel,Imperial Palace,3x points on lodging,0.12284979195988113,0.12284979195988113,0.10737335300047207,1432.25,264.97606757440946,1432.25,0.3332222707467353,1.0,0.0,0.24855
M04728,platinum,Singapore,Threshold Chaser,True,"Spend X, get Y back",dining,Fine Dining,Las Chicas,Spend & get-back at Las Chicas,0.21920903368608385,0.21920903368608385,0.1444140249133297,217.54000000000002,0.4823177509796181,299.97,0.38720753874678504,1.0,0.5,0.1166
M04729,platinum,Australia,Already Loyal,False,No incentive,dining,Fine Dining,Curry Bowl,—,0.14416176137414205,0.12215369837292712,0.10276971941306075,7773.67,322.8323029041852,7773.67,0.28967966807524215,1.0,0.38461538461538464,0.249275
M04730,gold,Singapore,Already Loyal,False,No incentive,retail,Premium Retail,Get & Go,—,0.1304500572290725,0.1304500572290725,0.08140343526878298,10437.43,2471.780462798574,11219.58,0.6249527032927285,0.9615384615384616,0.038461538461538464,0.2281
M04731,gold,Singapore,Points Optimiser,True,2x / 3x points,lodging,Hotel,Royal Plaza Hotel,3x points on lodging,0.12326041404790618,0.12326041404790618,0.09954106002055432,3478.52,582.6004643193668,3478.52,0.299448075061148,1.0,0.25,0.14
M04732,core,Hong Kong,Merchant Explorer,True,Merchant-specific voucher,dining,Fine Dining,Jonathan's,Jonathan's voucher,0.16694439037074746,0.11914839336367407,0.17004229740575,4813.3099999999995,615.1144418541234,4819.46,0.40586137729362703,1.0,0.15,0.2700666666666667
M04733,core,Singapore,Already Loyal,False,No incentive,retail,Convenience,7-Eleven,—,0.13629552424042313,0.11564756592607835,0.10820416920505652,18969.65,1792.5332186047872,21284.45,0.48237020237682043,0.9245283018867925,0.2641509433962264,0.28720666666666667
M04734,platinum,Australia,Already Loyal,False,No incentive,retail,Premium Retail,ION Orchard,—,0.14025286965202557,0.112636056528802,0.10546684253606757,5723.610000000001,159.75946142404274,7486.09,0.3079452329603404,1.0,0.25,0.33653333333333335
M04735,core,Hong Kong,Immediate Value Seeker,True,Cashback / statement credit,dining,Fine Dining,Maxwell Food Centre,Cashback at Maxwell Food Centre,0.1648572556358743,0.1269431679389128,0.13916370585132026,9984.08,1780.4375763409744,10946.720000000001,0.320866021427795,1.0,0.0,0.3699
M04736,core,Singapore,Fee-Sensitive Traveller,False,No incentive (FX-offset out of scope),dining,Fine Dining,Zuboraya,—,0.1260256134169117,0.1260256134169117,0.1752826365225443,1081.46,122.02215561278484,1125.9,0.36113438116290086,1.0,0.0,0.4110333333333333
M04737,gold,Australia,Points Optimiser,True,2x / 3x points,dining,Fast Food,Burger King,3x points on dining,0.12206844863747303,0.12206844863747303,0.1015179371231191,3291.69,1980.9549898212636,3291.69,0.32907850011381357,0.9230769230769231,0.3076923076923077,0.31755
M04739,gold,Hong Kong,Merchant Explorer,True,Merchant-specific voucher,dining,Fine Dining,Ichiran Dotonbori,Ichiran Dotonbori voucher,0.15867268327062797,0.1301808030023659,0.12174295624846196,12199.58,2973.5629258241725,12512.98,0.3051519475117457,1.0,0.1875,0.14836666666666665
M04741,core,Australia,Threshold Chaser,True,"Spend X, get Y back",dining,Fine Dining,Ginza Kagari,Spend & get-back at Ginza Kagari,0.1318711435256308,0.1318711435256308,0.16122546117631653,1029.21,8.725784943648208,1029.21,0.4280987743131985,1.0,0.5,0.1166
M04742,core,Singapore,Merchant Explorer,True,Merchant-specific voucher,dining,Fine Dining,La Maison Rose,La Maison Rose voucher,0.15671752834692923,0.1239147065389859,0.1657538280974011,9681.720000000001,4416.696957878428,9819.68,0.31124687167868315,0.918918918918919,0.2702702702702703,0.2525272727272727
M04743,platinum,Hong Kong,Already Loyal,False,No incentive,dining,Fine Dining,Vin Fafe,—,0.12786379246472923,0.10103887712335848,0.1019473835051148,14890.33,2202.448935248551,16397.35,0.7297693966502503,1.0,0.3076923076923077,0.40735
M04744,gold,Singapore,Points Optimiser,True,2x / 3x points,retail,Premium Retail,Pitti,3x points on retail,0.16758105612851887,0.16758105612851887,0.15011359936240956,668.5899999999999,1649.6852037353751,676.19,0.4480784394253719,1.0,0.1,0.32525
M04745,core,Singapore,Immediate Value Seeker,True,Cashback / statement credit,lodging,Hotel,GS Hotel,Cashback at GS Hotel,0.12518338096442783,0.12518338096442783,0.16657024532958434,729.8599999999999,359.00855952163994,729.86,0.2785063446014491,1.0,0.25,0.178
M04746,core,Singapore,Immediate Value Seeker,True,Cashback / statement credit,dining,Casual Dining,Micke's Place,Cashback at Micke's Place,0.3857809953918707,0.3857809953918707,0.4,59.370000000000005,175.80079485997695,79.57,0.39983939374780386,1.0,0.2,0.46499999999999997
M04747,centurion,Singapore,Points Optimiser,True,2x / 3x points,transport,Premium Transport,Citybus,3x points on transport,0.1585137794938212,0.12587432093705436,0.1180842516775232,7027.639999999999,2339.188634220901,8285.64,0.26571547430135567,1.0,0.2777777777777778,0.21394000000000002
M04748,platinum,Singapore,Category Loyalist,True,Category-specific reward,retail,Premium Retail,Tokyu Hands Namba,Premium Retail reward (retail),0.16767059373141335,0.14433065990934077,0.10868907127097145,4156.65,381.3516670097265,4156.65,0.5431342288277786,1.0,0.25,0.1166
M04749,core,Australia,Low Responsiveness,False,No incentive,dining,Fine Dining,Nerovivo,—,0.0937133231370349,0.0937133231370349,0.15328688489558998,280.02,19.290033860163035,434.76,0.26823295648617274,1.0,0.25,0.4729
M04750,core,Japan,Immediate Value Seeker,True,Cashback / statement credit,dining,Fine Dining,Breizh Café,Cashback at Breizh Café,0.14293063581323046,0.14293063581323046,0.16312251655919122,442.58,42.728757945204336,1195.81,0.39790277498915494,1.0,0.3333333333333333,0.3233333333333333
M04751,core,United States,Points Optimiser,True,2x / 3x points,lodging,Budget & Hostel,Griya Sentana,3x points on lodging,0.4,0.4,0.3737222168784968,21.66,153.84940476599576,29.98,0.31745646753161216,1.0,0.0,0.8005
M04752,core,Japan,Low Responsiveness,False,No incentive,retail,Premium Retail,Suria KLCC,—,0.11222883567441479,0.11222883567441479,0.16864692825778346,493.43,790.3515229834142,1094.58,0.39228659803884014,1.0,0.35714285714285715,0.515575
M04753,gold,Hong Kong,Immediate Value Seeker,True,Cashback / statement credit,retail,Premium Retail,Landmark,Cashback at Landmark,0.14871094288929654,0.10612271996917447,0.12366379490591861,1728.23,0.0,1728.23,0.2779919123421108,1.0,0.25,0.14
M04754,core,Singapore,Fee-Sensitive Traveller,False,No incentive (FX-offset out of scope),lodging,Upscale Hotel,Grand Hyatt Kuala Lumpur,—,0.1202634783683876,0.1202634783683876,0.1645622968415566,1281.13,1024.8887135830958,2643.21,0.31900526872979273,1.0,0.21739130434782608,0.3984666666666667
M04756,core,Australia,Category Loyalist,True,Category-specific reward,retail,Premium Retail,Joa Stationery,Premium Retail reward (retail),0.1388347150336297,0.10872371072351922,0.16054900960732713,1771.35,159.67107564988765,1771.35,0.5200377097629407,1.0,0.0,0.24855
M04757,core,Japan,Immediate Value Seeker,True,Cashback / statement credit,dining,Fine Dining,Myeongdong Kyoja,Cashback at Myeongdong Kyoja,0.19001521178471928,0.1249134260344988,0.1814494241035611,5664.07,140.39350451171683,5664.07,0.36885499414469136,1.0,0.25,0.05653333333333333
M04758,gold,Hong Kong,Threshold Chaser,True,"Spend X, get Y back",lodging,Hotel,Langham Place Hotel Mongkok,Spend & get-back at Langham Place Hotel Mongkok,0.16285425948406465,0.13077711647643475,0.11181804244925737,8012.3099999999995,853.6768365723484,8270.46,0.30382211253142155,1.0,0.36363636363636365,0.16533333333333333
M04759,gold,Japan,Already Loyal,False,No incentive,retail,Convenience,City Convenience Store,—,0.1228535261683008,0.1162710639864922,0.10255925943187898,7140.38,140.60305714804406,7140.38,0.44012629395531233,1.0,0.25,0.04
M04760,gold,Australia,Already Loyal,False,No incentive,dining,Fine Dining,Maxwell Food Centre,—,0.14712691835048253,0.11889421365329984,0.11274936295187338,27242.780000000002,6320.944503027403,28327.07,0.4398114876878027,0.9354838709677419,0.1935483870967742,0.26763
M04763,gold,Singapore,Threshold Chaser,True,"Spend X, get Y back",dining,Fine Dining,Kikunoi,Spend & get-back at Kikunoi,0.15394661065806003,0.15394661065806003,0.13099141383613197,457.8,997.3789208188589,785.2,0.29334334351316993,1.0,0.38461538461538464,0.4044
M04764,gold,Singapore,Threshold Chaser,True,"Spend X, get Y back",retail,Convenience,e-Mart Haeundae,Spend & get-back at e-Mart Haeundae,0.14964022793002993,0.123782608308143,0.1269061903487393,1631.6899999999998,932.0357403412299,1648.03,0.4427528156750417,1.0,0.42857142857142855,0.178
M04765,gold,Singapore,Already Loyal,False,No incentive,retail,Premium Retail,Pitti,—,0.13999957453556763,0.13999957453556763,0.08194304771697765,5800.030000000001,5696.978126514803,8248.76,0.5597817327475719,0.9444444444444444,0.2222222222222222,0.37502
M04766,gold,Japan,Points Optimiser,True,2x / 3x points,transport,Rail & Metro,JR East,3x points on transport,0.16254973350376536,0.11657998436939712,0.11477755484145105,5805.72,835.2763639695779,5805.72,0.3124045623454762,1.0,0.25,0.0937
M04767,core,United States,Category Loyalist,True,Category-specific reward,retail,Premium Retail,Kyoto Craft Center,Premium Retail reward (retail),0.1443221198966121,0.11185276280334375,0.15830573660730712,2304.3,1265.209231373709,2304.2999999999997,0.5367866184692066,1.0,0.25,0.1166
M04770,gold,Singapore,Merchant Explorer,True,Merchant-specific voucher,retail,Premium Retail,Kyoto Craft Center,Kyoto Craft Center voucher,0.22006422108629164,0.192344622086918,0.18993232453492753,2048.74,2309.9475301088887,3918.16,0.38448513978026894,0.9565217391304348,0.21739130434782608,0.3865
M04771,core,Australia,Threshold Chaser,True,"Spend X, get Y back",dining,Fine Dining,Mak's Noodle,Spend & get-back at Mak's Noodle,0.15784192546109638,0.11755215576886151,0.16756078392002313,3175.54,238.70497023528856,3208.88,0.38123752019495777,0.9090909090909091,0.36363636363636365,0.10666666666666667
M04773,core,Singapore,Immediate Value Seeker,True,Cashback / statement credit,lodging,Upscale Hotel,Fullerton Sydney,Cashback at Fullerton Sydney,0.1617085704304442,0.10556316585572806,0.14947180267113858,4170.72,28.925001883655,4170.719999999999,0.29519856859285953,1.0,0.25,0.04
M04774,core,Singapore,Already Loyal,False,No incentive,dining,Fine Dining,Ichiran Dotonbori,—,0.1370509030835754,0.11997885179606699,0.12728876120343458,10664.42,1034.3870141027373,10669.78,0.40815188189170515,0.9642857142857143,0.2857142857142857,0.1486125
M04775,gold,Singapore,Category Loyalist,True,Category-specific reward,retail,Premium Retail,OPSM,Premium Retail reward (retail),0.15097788907699208,0.13242163248068137,0.09879447041866472,4692.19,884.8229085262916,4692.19,0.5087471133131268,1.0,0.26666666666666666,0.15315
M04776,core,Singapore,Merchant Explorer,True,Merchant-specific voucher,lodging,Upscale Hotel,Grand InterContinental Seoul Parnas,Grand InterContinental Seoul Parnas voucher,0.17713643920295893,0.13213621893903416,0.15202830491666663,13193.330000000002,1801.0519913848925,13587.119999999999,0.379347637453862,0.9642857142857143,0.32142857142857145,0.22467499999999999
M04777,core,Hong Kong,Merchant Explorer,True,Merchant-specific voucher,lodging,Hotel,Hotel Seiyo Ginza,Hotel Seiyo Ginza voucher,0.18145349897487179,0.12498083605652935,0.1568963248320311,7976.19,941.8849920792325,8440.97,0.2722265918616706,0.9166666666666666,0.20833333333333334,0.17148333333333332
M04778,centurion,Hong Kong,Category Loyalist,True,Category-specific reward,lodging,Hotel,Amora Hotel,Hotel reward (lodging),0.17969096321108743,0.14726687069739797,0.11278427165021337,11933.42,1886.4095477164203,12754.97,0.510099303138208,1.0,0.4166666666666667,0.4325333333333334
M04779,platinum,Singapore,Merchant Explorer,True,Merchant-specific voucher,dining,Fine Dining,Yung Kee,Yung Kee voucher,0.1639350503233535,0.13820501084041015,0.12345159895012636,10026.15,2871.9452579661893,11374.15,0.48357766910617733,1.0,0.08695652173913043,0.4863142857142857
M04782,gold,Japan,Threshold Chaser,True,"Spend X, get Y back",lodging,Upscale Hotel,Hôtel Caron de Beaumarchais,Spend & get-back at Hôtel Caron de Beaumarchais,0.15043177433858898,0.1163547459065214,0.10239317124437354,5038.19,599.1432707109199,5160.82,0.31147743824323887,1.0,0.42857142857142855,0.24855
M04783,core,Singapore,Merchant Explorer,True,Merchant-specific voucher,dining,Fine Dining,Pocket Bar,Pocket Bar voucher,0.15598648245282193,0.10876869409736217,0.13811474174338997,17045.92,2290.6539204380488,18054.05,0.35527613943698017,0.9795918367346939,0.12244897959183673,0.3309384615384615
M04785,gold,Japan,Points Optimiser,True,2x / 3x points,transport,Premium Transport,KLCC LRT,3x points on transport,0.25665725208733736,0.25665725208733736,0.2282842677942805,77.85,96.51621337690484,610.79,0.29124185122212515,1.0,0.0,0.5821
M04786,platinum,Singapore,Category Loyalist,True,Category-specific reward,lodging,Upscale Hotel,Vipa House,Upscale Hotel reward (lodging),0.16085984535076112,0.16085984535076112,0.1110960213360284,837.41,1131.4948873358253,837.4100000000001,0.6605873573173293,1.0,0.3333333333333333,0.4571
M04787,core,Japan,Immediate Value Seeker,True,Cashback / statement credit,dining,Fine Dining,Yat Lok,Cashback at Yat Lok,0.12517258939380646,0.12517258939380646,0.14970075816081024,2456.75,1349.2348599017569,2456.75,0.42701948785734334,1.0,0.08333333333333333,0.23827500000000001
M04789,gold,United States,Threshold Chaser,True,"Spend X, get Y back",dining,Fine Dining,L'As du Fallafel,Spend & get-back at L'As du Fallafel,0.12602004226887917,0.12602004226887917,0.11571210677544949,1764.83,716.4177394491718,1764.83,0.36233128490966154,1.0,0.42857142857142855,0.0783
M04791,core,Singapore,Low Responsiveness,False,No incentive,dining,Fine Dining,Din Tai Fung ION,—,0.11347749615634067,0.11347749615634067,0.14937304499048137,2224.75,415.025381078341,2224.75,0.40542909811030503,1.0,0.2857142857142857,0.0802
M04792,core,United States,Merchant Explorer,True,Merchant-specific voucher,dining,Fine Dining,Yung Kee,Yung Kee voucher,0.15808442226835864,0.12574789070798506,0.15079998067902614,5448.43,1481.6799254043285,6225.11,0.35455609515040243,1.0,0.37037037037037035,0.319375
M04794,gold,Singapore,Points Optimiser,True,2x / 3x points,retail,Apparel,Uniqlo Ginza,3x points on retail,0.15136675553113166,0.11909571643614528,0.11501546220802258,2684.8,21.265675906405136,3702.93,0.34376090871615717,1.0,0.16666666666666666,0.30183333333333334
M04795,core,United States,Immediate Value Seeker,True,Cashback / statement credit,dining,Fine Dining,본뽀스또,Cashback at 본뽀스또,0.18129913471771314,0.13199937789273808,0.1855122559636066,3035.01,1801.1616629983023,3962.94,0.4595781420943865,1.0,0.16666666666666666,0.2763
M04797,gold,Singapore,Points Optimiser,True,2x / 3x points,dining,Fine Dining,The Wall,3x points on dining,0.15569194779352646,0.12457506630427762,0.1024293779077392,5673.4,453.6619085592146,5673.4,0.29015026994562354,1.0,0.2,0.20456666666666667
M04798,platinum,Singapore,Merchant Explorer,True,Merchant-specific voucher,transport,Rail & Metro,Wynyard Station,Wynyard Station voucher,0.18102831223689753,0.15306649758709617,0.12820221851906508,15349.2,4019.68638659882,16875.420000000002,0.2614476420022791,0.9722222222222222,0.3055555555555556,0.3431181818181818
M04800,gold,Singapore,Points Optimiser,True,2x / 3x points,dining,Fine Dining,Din Tai Fung ION,3x points on dining,0.1610711892217484,0.1311715037343669,0.10713953211399652,6170.030000000001,4774.012754638324,6170.030000000001,0.3897838915532768,1.0,0.07142857142857142,0.22292
M04801,core,Australia,Low Responsiveness,False,No incentive,lodging,Upscale Hotel,The Sukhothai,—,0.0672108357073919,0.0672108357073919,0.1985538766359846,130.13,9.386714604089136,1030.81,0.2621891807057714,1.0,0.09090909090909091,0.46236666666666665
M04803,core,Hong Kong,Immediate Value Seeker,True,Cashback / statement credit,dining,Fine Dining,Yat Lok,Cashback at Yat Lok,0.164178895235395,0.12602529170193713,0.15383995567877928,3442.42,513.5135119797314,3442.42,0.26460003534409543,1.0,0.18181818181818182,0.21763333333333335
M04805,core,Australia,Threshold Chaser,True,"Spend X, get Y back",retail,Premium Retail,Merci,Spend & get-back at Merci,0.1456584118536781,0.10696660962586807,0.14849820032653277,3198.58,300.473667081592,3198.58,0.2909269747579539,1.0,0.5,0.0648
M04807,gold,Australia,Already Loyal,False,No incentive,dining,Fine Dining,Din Tai Fung ION,—,0.13083840635403085,0.10025460303651575,0.1058100224093457,19052.6,8278.374218753941,19784.32,0.5002832134009262,0.9574468085106383,0.2553191489361702,0.29138571428571425
M04808,centurion,Singapore,Already Loyal,False,No incentive,retail,Premium Retail,Campo de' Fiori market,—,0.12524568399395314,0.12524568399395314,0.056928250544791725,21225.01,7387.575006917639,21457.59,0.49478895683814655,0.9615384615384616,0.19230769230769232,0.31645
M04809,gold,United States,Immediate Value Seeker,True,Cashback / statement credit,dining,Fine Dining,Bong Ga Andong Jjimdak,Cashback at Bong Ga Andong Jjimdak,0.16179538786883157,0.12039990516033558,0.12968786678297758,2629.29,503.26954333995405,2629.29,0.44864213203108094,1.0,0.25,0.178
M04810,core,Singapore,Low Responsiveness,False,No incentive,transport,Premium Transport,ANM Napoli,—,0.10921907424109487,0.10921907424109487,0.16367679790401946,1869.53,1206.557668954807,2359.33,0.2675027043540444,1.0,0.06666666666666667,0.4863
M04811,core,Singapore,Already Loyal,False,No incentive,dining,Fine Dining,Malibu,—,0.14523446679737703,0.11372732676342265,0.14060769912326251,7276.4800000000005,1197.903489741543,8382.84,0.3112449843438984,0.9583333333333334,0.25,0.2517714285714286
M04812,core,Singapore,Points Optimiser,True,2x / 3x points,dining,Fine Dining,Din Tai Fung Suria KLCC,3x points on dining,0.17482727739680787,0.17482727739680787,0.1672790492927489,285.63,268.8553661048521,626.14,0.3933294233620237,1.0,0.0,0.46763333333333335
M04813,platinum,Japan,Points Optimiser,True,2x / 3x points,retail,Premium Retail,Ladies' Market,3x points on retail,0.16256368263256327,0.16256368263256327,0.08394107480558607,9502.99,3062.125259613829,9852.42,0.44277956916514566,1.0,0.06666666666666667,0.37855
M04815,core,Hong Kong,Points Optimiser,True,2x / 3x points,retail,Premium Retail,Times Square,3x points on retail,0.2611339851474521,0.2611339851474521,0.2404109000076306,33.81,79.73842633655262,833.2800000000001,0.490153531404351,1.0,0.14285714285714285,0.46499999999999997
M04816,gold,Hong Kong,Already Loyal,False,No incentive,retail,Premium Retail,RED EYE,—,0.14283335162574384,0.14283335162574384,0.07689021473800847,12512.66,2682.9761189219407,14138.94,0.430227289826619,1.0,0.30303030303030304,0.41275555555555554
M04817,core,Hong Kong,Merchant Explorer,True,Merchant-specific voucher,lodging,Upscale Hotel,Flinders Landing Apartments,Flinders Landing Apartments voucher,0.16707076954892702,0.16427538778453277,0.1074960419726564,22452.21,5816.601529604493,23214.18,0.28069230589899213,0.9565217391304348,0.21739130434782608,0.23032499999999997
M04818,gold,Japan,Points Optimiser,True,2x / 3x points,transport,Premium Transport,Tram 19,3x points on transport,0.11830208519899588,0.11830208519899588,0.10384309379562445,2372.57,282.8903862181472,2397.7200000000003,0.26785484848005575,1.0,0.08333333333333333,0.2525
M04819,core,Singapore,Category Loyalist,True,Category-specific reward,transport,Rail & Metro,Abbesses Metro,Rail & Metro reward (transport),0.24151597812388131,0.24151597812388131,0.2755558801199437,471.77,4683.224728415279,469.77,0.5839141650222657,1.0,0.0,0.04
M04821,core,Australia,Category Loyalist,True,Category-specific reward,dining,Fine Dining,Taco Bill,Fine Dining reward (dining),0.13638736805643986,0.13638736805643986,0.1484651410120208,527.97,9.540190051534353,539.5699999999999,0.5455694282121896,1.0,0.25,0.04
M04822,core,United States,Points Optimiser,True,2x / 3x points,lodging,Hotel,Hotel Nikko Osaka,3x points on lodging,0.15296579763168502,0.13536495432327988,0.13026653975812208,14929.46,1311.7194408963865,14929.46,0.4037307885434501,1.0,0.2,0.20983333333333332
M04823,core,Singapore,Points Optimiser,True,2x / 3x points,retail,Premium Retail,Backpackers World Travel,3x points on retail,0.16395380742999266,0.15515052085266767,0.1406202002166969,10647.55,1999.8877874618138,10649.79,0.3862643891580458,1.0,0.2222222222222222,0.3650333333333333
M04824,core,United States,Points Optimiser,True,2x / 3x points,retail,Premium Retail,Tom N Toms Coffee,3x points on retail,0.17091376778566006,0.17091376778566006,0.16977375723134228,252.89999999999998,87.64426339679044,261.61999999999995,0.42214449119255476,1.0,0.0,0.04
M04825,core,Australia,Fee-Sensitive Traveller,False,No incentive (FX-offset out of scope),retail,Apparel,Forever 21,—,0.14121685879776175,0.14121685879776175,0.19512780755737805,672.9200000000001,34.80423417531199,742.8100000000001,0.5185161437292481,1.0,0.125,0.547
M04826,core,Singapore,Fee-Sensitive Traveller,False,No incentive (FX-offset out of scope),retail,Premium Retail,Times Square,—,0.14798112613357223,0.14798112613357223,0.1275320905407951,95.58,15.57461894685597,218.72,0.26139145879812,1.0,0.5,0.4571
M04827,gold,Singapore,Low Responsiveness,False,No incentive,retail,Premium Retail,Terminal 21 Asok,—,0.0988250146217154,0.0988250146217154,0.2841226623123199,169.56,561.5100325977795,757.87,0.5199130815428383,1.0,0.2,0.38655
M04828,core,United States,Fee-Sensitive Traveller,False,No incentive (FX-offset out of scope),retail,Premium Retail,Suria KLCC,—,0.1381820473361577,0.1381820473361577,0.15594607740255634,538.5600000000001,1310.7149654130897,2788.06,0.3711608566956876,1.0,0.1111111111111111,0.4229
M04829,gold,Singapore,Points Optimiser,True,2x / 3x points,dining,Fine Dining,Zuboraya,3x points on dining,0.14780401946256366,0.11767143878241065,0.10848195324699225,3719.2,412.7880411789322,3719.2,0.3483532007967029,1.0,0.25,0.1031
M04830,core,Hong Kong,Immediate Value Seeker,True,Cashback / statement credit,retail,Premium Retail,People's Park Centre,Cashback at People's Park Centre,0.15743228299262688,0.12842199730479648,0.1557070023840784,3970.58,412.264175530901,3984.99,0.44551069595411374,1.0,0.125,0.27335
M04831,core,Hong Kong,Merchant Explorer,True,Merchant-specific voucher,dining,Fine Dining,Lau Pa Sat nearby,Lau Pa Sat nearby voucher,0.16266417656426996,0.11639814323398093,0.158663849755895,4224.08,1098.2668065688545,4462.83,0.2762390187935865,1.0,0.24,0.22328571428571428
M04833,centurion,United States,Low Responsiveness,False,No incentive,lodging,Hotel,Hotel 1888,—,0.10746832959815103,0.10746832959815103,0.10237314496055865,1776.8200000000002,133.10167388691806,1776.8200000000002,0.29291553411803944,1.0,0.0,0.0896
M04834,core,Hong Kong,Merchant Explorer,True,Merchant-specific voucher,dining,Fine Dining,Din Tai Fung ION,Din Tai Fung ION voucher,0.16011004099842385,0.1178776081199836,0.1632005988356941,3074.46,329.632045852067,3382.83,0.3492808787428064,1.0,0.11538461538461539,0.22437142857142858
M04835,core,Singapore,Immediate Value Seeker,True,Cashback / statement credit,lodging,Hotel,New Seoul Hotel,Cashback at New Seoul Hotel,0.1319959205742567,0.1319959205742567,0.16079743279145717,2085.0699999999997,1591.7163113264062,2973.58,0.38124159802569424,1.0,0.15384615384615385,0.22492499999999999
M04836,core,Japan,Threshold Chaser,True,"Spend X, get Y back",retail,Premium Retail,Ladies' Market,Spend & get-back at Ladies' Market,0.12480438436903737,0.12480438436903737,0.16940582485152747,888.2099999999999,122.2606495365816,888.21,0.3894471772103614,1.0,0.5,0.14
M04837,core,Singapore,Immediate Value Seeker,True,Cashback / statement credit,retail,Premium Retail,Takashimaya,Cashback at Takashimaya,0.13568908050569675,0.10319913783888525,0.1547969801579512,2220.5499999999997,0.0,2273.0499999999997,0.4269911105024487,1.0,0.25,0.11480000000000001
M04838,gold,United States,Already Loyal,False,No incentive,dining,Fine Dining,Gaucho Grill,—,0.14047225534278346,0.11542037172103323,0.1020576960576077,6958.01,52.3766920797728,7510.9800000000005,0.35911090051433736,1.0,0.3333333333333333,0.4325333333333334
M04839,core,Hong Kong,Low Responsiveness,False,No incentive,lodging,Upscale Hotel,Gion Hatanaka,—,0.11357659257628358,0.11357659257628358,0.16116568975461343,1695.42,1005.4101859829658,1697.73,0.2675620950272321,1.0,0.07692307692307693,0.33782
M04840,core,Singapore,Immediate Value Seeker,True,Cashback / statement credit,dining,Fine Dining,La Maison Rose,Cashback at La Maison Rose,0.13104305099953134,0.13104305099953134,0.16543875933348587,2991.49,2494.585082397873,3059.89,0.41226249812308957,0.8888888888888888,0.16666666666666666,0.29084
M04841,platinum,Singapore,Threshold Chaser,True,"Spend X, get Y back",retail,Premium Retail,Ladies' Market,Spend & get-back at Ladies' Market,0.19825261136584613,0.17105741123945223,0.12803486673203562,1677.1799999999998,600.2279434139238,2157.6,0.39458340980633405,1.0,0.6,0.47113333333333335
M04842,core,Japan,Immediate Value Seeker,True,Cashback / statement credit,lodging,Hotel,Syainbil Resort Hotel,Cashback at Syainbil Resort Hotel,0.15127927046551437,0.10687626594118822,0.16381933823074832,2101.86,1085.9050354089031,2116.24,0.3539772206421347,1.0,0.125,0.3037666666666667
M04843,gold,Japan,Already Loyal,False,No incentive,dining,Fast Food,Lotteria,—,0.14145077227239833,0.11657529096326762,0.10396487751774,14041.09,2427.654930677674,14041.09,0.35112575160623155,1.0,0.3888888888888889,0.26064
M04844,core,Hong Kong,Threshold Chaser,True,"Spend X, get Y back",retail,Premium Retail,BHV Marais,Spend & get-back at BHV Marais,0.15674127434200538,0.11887117451731838,0.16068164955063557,2685.37,305.14999761600546,2685.37,0.30402854342395524,1.0,0.5,0.04
M04846,core,United States,Immediate Value Seeker,True,Cashback / statement credit,retail,Premium Retail,농협유통하나로마트 청담점,Cashback at 농협유통하나로마트 청담점,0.12950090942494125,0.12061497380302935,0.13560375683431714,6751.900000000001,880.9317767883351,6755.75,0.44095033076223367,0.9473684210526315,0.3157894736842105,0.14342000000000002
M04848,gold,Japan,Points Optimiser,True,2x / 3x points,dining,Fine Dining,Brunetti Oro,3x points on dining,0.15426556931268592,0.12645582805578282,0.12147976441580005,3933.3500000000004,973.6521044253132,3964.26,0.3434320605267201,1.0,0.2222222222222222,0.18478
M04849,gold,Hong Kong,Points Optimiser,True,2x / 3x points,dining,Fine Dining,Nhà Hàng Chả Cá Văn Miếu,3x points on dining,0.16933606324315004,0.16933606324315004,0.1496128237516433,137.15,262.4079473710425,161.35,0.43748139175489886,1.0,0.14285714285714285,0.55825
M04850,core,Hong Kong,Merchant Explorer,True,Merchant-specific voucher,retail,Premium Retail,Suria KLCC,Suria KLCC voucher,0.16078411671724285,0.1314988551899628,0.14641197343740886,6260.41,1052.4614010813068,11786.58,0.3875932352771097,0.84375,0.34375,0.40273749999999997
M04851,gold,Japan,Already Loyal,False,No incentive,dining,Fine Dining,Maxwell Food Centre,—,0.12858257720433983,0.12309536351202333,0.08191467324315313,12362.17,1133.8890141805844,15235.81,0.3464379178636874,1.0,0.18181818181818182,0.4562
M04853,gold,Singapore,Low Responsiveness,False,No incentive,retail,Premium Retail,Cheongjasuip Arcade,—,0.10573080405006868,0.11563387270072766,0.07784232736245128,35507.33,5181.213776876144,35507.33,0.49316355503084297,1.0,0.3333333333333333,0.1593
M04854,core,Singapore,Points Optimiser,True,2x / 3x points,lodging,Hotel,Hotel Camellia,3x points on lodging,0.19739501558686515,0.19739501558686515,0.18539073896063865,2298.01,2228.84316486839,2993.95,0.4106781476681617,0.9444444444444444,0.2777777777777778,0.44530000000000003
M04857,core,Singapore,Category Loyalist,True,Category-specific reward,dining,Fine Dining,Baitong,Fine Dining reward (dining),0.2990904302901331,0.2990904302901331,0.31582036735707225,445.89,325.8201928209215,1112.0,0.8001860522553182,1.0,0.3333333333333333,0.28685
M04858,gold,Singapore,Category Loyalist,True,Category-specific reward,retail,Premium Retail,Juno Hair,Premium Retail reward (retail),0.15444042794752072,0.14054671713334538,0.11110236687581478,4322.93,2299.028603396509,5646.73,0.5746180106908956,1.0,0.25,0.41414
M04859,core,Singapore,Merchant Explorer,True,Merchant-specific voucher,lodging,Hotel,Best Western Melbourne City Hotel,Best Western Melbourne City Hotel voucher,0.19147100744588874,0.12908912874036074,0.1675203765552744,9475.46,724.7212896870534,10028.9,0.3815490090144184,0.92,0.2,0.2700714285714286
M04861,gold,Singapore,Already Loyal,False,No incentive,retail,Premium Retail,BHV Marais,—,0.11924741952284718,0.11774099326772103,0.06976025200361102,16744.75,3126.3950732121307,18820.98,0.45942042845680503,1.0,0.0625,0.167375
M04865,core,Hong Kong,Category Loyalist,True,Category-specific reward,dining,Fine Dining,Bohäus,Fine Dining reward (dining),0.131874836193155,0.131874836193155,0.1485403180203584,1393.19,9.695569623970357,1393.19,0.6029522184845323,1.0,0.25,0.04
M04866,platinum,Singapore,Already Loyal,False,No incentive,dining,Fine Dining,Mak's Noodle,—,0.14008298086502755,0.11229847977165087,0.09872286430714657,13842.630000000001,1977.7966142463601,13842.63,0.6717944046784459,1.0,0.2857142857142857,0.09000000000000001
M04867,core,Singapore,Immediate Value Seeker,True,Cashback / statement credit,retail,Apparel,Viva - Street wear,Cashback at Viva - Street wear,0.15057801539231735,0.1251927502659101,0.13893076579879818,5215.849999999999,1098.2304709894634,5233.37,0.4218112061701893,1.0,0.15384615384615385,0.27165
M04868,core,Japan,Merchant Explorer,True,Merchant-specific voucher,retail,Premium Retail,Tokyu Hands Namba,Tokyu Hands Namba voucher,0.1420359058144539,0.11135091653766548,0.13615085962404883,5693.36,631.9577134828672,5693.36,0.3426991190473478,1.0,0.08695652173913043,0.14331666666666668
M04869,core,Hong Kong,Immediate Value Seeker,True,Cashback / statement credit,retail,Premium Retail,Ladies' Market,Cashback at Ladies' Market,0.17986735451729302,0.1349236020459298,0.1842509790929114,1213.58,160.53890569152983,1942.8400000000001,0.45443394367240647,1.0,0.25,0.30645
M04870,gold,Singapore,Category Loyalist,True,Category-specific reward,retail,Premium Retail,Keibundo,Premium Retail reward (retail),0.16576709181771587,0.13205673055497674,0.1344401561456698,2134.75,3.3362845853076237,2134.75,0.6574204587423677,1.0,0.0,0.1166
M04871,core,Hong Kong,Points Optimiser,True,2x / 3x points,lodging,Budget & Hostel,Felix by STX,3x points on lodging,0.26490306214402004,0.26490306214402004,0.13599729340069922,81.08,39.58310989741094,123.38,0.28548526757317877,1.0,0.25,0.04
M04872,core,Singapore,Merchant Explorer,True,Merchant-specific voucher,dining,Fine Dining,Gion Karyo,Gion Karyo voucher,0.17422157172997954,0.14425560959424252,0.16205323123083987,4688.81,4534.9597612861,5341.57,0.38321398514842653,0.9565217391304348,0.21739130434782608,0.25120000000000003
M04874,gold,Hong Kong,Already Loyal,False,No incentive,dining,Fine Dining,Pellegrini's,—,0.11883264442897028,0.09659958405670213,0.11084709586532146,16155.27,1248.2825865853304,16187.04,0.5055896258085391,0.9655172413793104,0.20689655172413793,0.1949125
M04875,core,United States,Merchant Explorer,True,Merchant-specific voucher,retail,Premium Retail,Kuromon Market,Kuromon Market voucher,0.16092116944380297,0.14648727588831154,0.1349621630568469,11907.49,1540.174892309471,11942.460000000001,0.36409910161158615,1.0,0.2916666666666667,0.09046666666666665
M04876,core,Hong Kong,Already Loyal,False,No incentive,retail,Premium Retail,EmQuartier,—,0.1347139069886108,0.1347139069886108,0.1102368754959418,9046.08,1510.1080357173387,11701.94,0.4808358292250915,1.0,0.11627906976744186,0.27324615384615386
M04877,core,Japan,Immediate Value Seeker,True,Cashback / statement credit,dining,Fine Dining,Din Tai Fung ION,Cashback at Din Tai Fung ION,0.16037708493049055,0.11206805369361986,0.15402948528696317,3426.77,29.03892627667105,3426.77,0.28093642612015784,1.0,0.16666666666666666,0.08206666666666666
M04878,gold,Singapore,Low Responsiveness,False,No incentive,dining,Fine Dining,봉피앙,—,0.11461044618611098,0.11461044618611098,0.09966582927056175,4866.24,358.0742986953415,4866.24,0.6834731619501719,1.0,0.2857142857142857,0.04
M04879,core,Australia,Category Loyalist,True,Category-specific reward,retail,Premium Retail,Kuromon Market,Premium Retail reward (retail),0.1496261563192296,0.13527787609818348,0.1467530858330291,4520.45,449.0606360815159,4520.45,0.5971902159316789,1.0,0.75,0.1166
M04880,gold,Singapore,Already Loyal,False,No incentive,dining,Fine Dining,Las Chicas,—,0.1279696731812115,0.1166170975393373,0.0853294003236643,9090.05,194.04925756606502,9310.58,0.35185412686320455,1.0,0.11764705882352941,0.15576
M04882,gold,Singapore,Already Loyal,False,No incentive,retail,Premium Retail,JD Sports,—,0.14179207694386953,0.1412280475630417,0.0758948524699001,9759.49,3815.1526161219767,10047.58,0.3371153386918381,1.0,0.05263157894736842,0.21623333333333336
M04885,core,Japan,Immediate Value Seeker,True,Cashback / statement credit,retail,Premium Retail,People's Park Centre,Cashback at People's Park Centre,0.1576690449179977,0.12329614400457276,0.16621036271639975,2513.4,871.9482860300858,2513.4,0.37094378096164177,1.0,0.0,0.27335
M04888,core,Singapore,Immediate Value Seeker,True,Cashback / statement credit,retail,Premium Retail,Chinatown Complex,Cashback at Chinatown Complex,0.1640621770429019,0.12334886436934442,0.14381651969104078,7854.49,1187.041011644359,7854.49,0.27478714877333965,1.0,0.2,0.0648
M04890,core,Singapore,Fee-Sensitive Traveller,False,No incentive (FX-offset out of scope),dining,Fine Dining,Ichiran Dotonbori,—,0.12100638657552712,0.12100638657552712,0.1693634745778163,1135.6,164.7170814629455,1142.56,0.3377552052213383,1.0,0.0,0.45855
M04892,platinum,Hong Kong,Points Optimiser,True,2x / 3x points,lodging,Hotel,Imperial Hotel Tokyo,3x points on lodging,0.16369615251676747,0.1285947207284797,0.12740381834787556,4901.38,1331.8693659188746,4901.38,0.34833596964496044,1.0,0.2857142857142857,0.28685
M04893,gold,Japan,Category Loyalist,True,Category-specific reward,dining,Fine Dining,Roscioli,Fine Dining reward (dining),0.20818767784540498,0.20818767784540498,0.15351952694980198,2081.52,1650.3897868133795,2080.52,0.5964778167758757,1.0,0.0,0.0708
M04894,core,Hong Kong,Immediate Value Seeker,True,Cashback / statement credit,lodging,Hotel,Cerulean Tower Tokyu Hotel,Cashback at Cerulean Tower Tokyu Hotel,0.1672526638401556,0.12471670826000847,0.15074956869244344,6517.96,1350.9190649928964,6530.71,0.30676848774248583,0.9473684210526315,0.2631578947368421,0.27254
M04895,core,Japan,Already Loyal,False,No incentive,retail,Premium Retail,Tokyu Hands Shibuya,—,0.15086004342832063,0.15086004342832063,0.12821453317488635,11521.24,2181.1337589700847,11849.86,0.3435206676027139,1.0,0.2727272727272727,0.25641111111111115
M04896,gold,Singapore,Points Optimiser,True,2x / 3x points,dining,Cafe & Coffee,Manzi Art Space and Cafe,3x points on dining,0.2415680117129649,0.2415680117129649,0.15894299337623266,228.14999999999998,881.4692416149892,522.71,0.42387873690852546,1.0,0.14285714285714285,0.316
M04897,core,Singapore,Points Optimiser,True,2x / 3x points,dining,Fine Dining,Din Tai Fung Pavilion,3x points on dining,0.21715678709003336,0.21715678709003336,0.1624345590059505,223.44,1004.6369868228335,933.77,0.31233343281141474,1.0,0.3333333333333333,0.511625
M04898,core,United States,Points Optimiser,True,2x / 3x points,lodging,Budget & Hostel,Ban Wiang,3x points on lodging,0.3590278981049065,0.3590278981049065,0.2810467524350783,16.59,43.07498714060965,43.41,0.3458983125968033,1.0,0.0,0.4571
M04899,core,Japan,Immediate Value Seeker,True,Cashback / statement credit,dining,Fine Dining,Maxwell Food Centre,Cashback at Maxwell Food Centre,0.1197522398881109,0.1197522398881109,0.16596594764982792,1125.18,70.17243313208618,1125.18,0.37895150819646534,1.0,0.0,0.0896
M04900,platinum,United States,Merchant Explorer,True,Merchant-specific voucher,dining,Fine Dining,Breizh Café,Breizh Café voucher,0.17623349086516765,0.14207073539208587,0.12289610730160186,3508.99,2961.0158088630997,4100.69,0.30058896599761914,0.9523809523809523,0.19047619047619047,0.43516666666666665
M04902,platinum,Japan,Low Responsiveness,False,No incentive,dining,Cafe & Coffee,Toast Cafe,—,0.08739738615612788,0.10017721781805257,0.07911018466684007,33849.87,1563.762859649992,36076.62,0.6066347737073077,0.9411764705882353,0.058823529411764705,0.22684
M04903,core,Singapore,Immediate Value Seeker,True,Cashback / statement credit,retail,Premium Retail,People's Park Centre,Cashback at People's Park Centre,0.16797061684919368,0.1178298253270275,0.1791457152801747,1665.54,731.3988961707036,1735.0,0.31858732108065013,1.0,0.2,0.0601
M04904,gold,Singapore,Fee-Sensitive Traveller,False,No incentive (FX-offset out of scope),dining,Fine Dining,L'As du Fallafel,—,0.1241910729795732,0.1241910729795732,0.11373064206492185,6658.290000000001,3590.029112951005,6754.81,0.46933740452126843,1.0,0.125,0.3607
M04905,gold,Hong Kong,Points Optimiser,True,2x / 3x points,dining,Fine Dining,Armando al Pantheon,3x points on dining,0.13188809871489232,0.13188809871489232,0.10384012143220903,1472.75,722.9138381484731,1472.75,0.4433421611144875,1.0,0.25,0.0708
M04906,core,Australia,Immediate Value Seeker,True,Cashback / statement credit,dining,Fine Dining,Jagalchi nearby,Cashback at Jagalchi nearby,0.18635999278343246,0.1395907211758151,0.16901628180463035,1744.1499999999999,701.0781958274047,1751.26,0.43695633862360383,1.0,0.3333333333333333,0.42025
M04907,platinum,Hong Kong,Category Loyalist,True,Category-specific reward,lodging,Upscale Hotel,Khách Sạn Sao Nam,Upscale Hotel reward (lodging),0.1527770730794234,0.1527770730794234,0.2185081983908924,314.46000000000004,1626.3579469090557,1286.6399999999999,0.6075339757909765,1.0,0.14285714285714285,0.5245333333333333
M04908,gold,Singapore,Threshold Chaser,True,"Spend X, get Y back",lodging,Upscale Hotel,Grand Hyatt Kuala Lumpur,Spend & get-back at Grand Hyatt Kuala Lumpur,0.18349396075979912,0.18349396075979912,0.16131666314100054,140.12,13.894003828497283,542.38,0.39925009616112067,1.0,0.5,0.4729
M04909,gold,Singapore,Immediate Value Seeker,True,Cashback / statement credit,retail,Premium Retail,Youngpoong Bookstore,Cashback at Youngpoong Bookstore,0.1470181853361122,0.11133800736841758,0.11809649550723215,1530.23,80.474349410341,1551.2,0.28695000232397566,0.9166666666666666,0.25,0.05026666666666666
M04910,platinum,Japan,Points Optimiser,True,2x / 3x points,dining,Fine Dining,명동주물럭,3x points on dining,0.17224988378842598,0.13332993457816655,0.12394494171321946,4973.55,356.1602963779906,5021.01,0.37849629520023814,1.0,0.13333333333333333,0.256975
M04911,gold,Hong Kong,Points Optimiser,True,2x / 3x points,dining,Fine Dining,Gion Karyo,3x points on dining,0.20801728843102882,0.17058569948439395,0.13734245429456915,3295.11,3460.666229533399,3295.11,0.45994382181658827,1.0,0.25,0.31751666666666667
M04912,gold,United States,Fee-Sensitive Traveller,False,No incentive (FX-offset out of scope),dining,Fine Dining,Roscioli,—,0.1243032830509639,0.1243032830509639,0.1049230959829463,1718.1299999999999,723.1053583392952,1727.1999999999998,0.34709950956882885,1.0,0.16666666666666666,0.43565
M04918,gold,Australia,Threshold Chaser,True,"Spend X, get Y back",retail,Premium Retail,Terminal 21 Asok,Spend & get-back at Terminal 21 Asok,0.30035951543218176,0.30035951543218176,0.2613191636381231,97.94999999999999,331.5344890843362,739.49,0.40063894150266155,1.0,0.375,0.4571
M04919,gold,United States,Already Loyal,False,No incentive,dining,Fine Dining,Kukuru Takoyaki,—,0.14660658977870986,0.1271144798545339,0.09918903204369622,7898.5,3615.5710355764263,8068.5,0.4305728718115129,1.0,0.22727272727272727,0.14476666666666668
M04921,platinum,Singapore,Already Loyal,False,No incentive,lodging,Hotel,Namsan Hill Hotel,—,0.1423502110912921,0.12652487064056786,0.09423953697763704,13230.609999999999,423.5240241184795,13230.609999999999,0.259579682767541,1.0,0.0,0.0783
M04922,gold,Hong Kong,Threshold Chaser,True,"Spend X, get Y back",retail,Premium Retail,Place du Tertre,Spend & get-back at Place du Tertre,0.19227247618274124,0.19227247618274124,0.20148376234237186,574.05,714.9971943854548,582.08,0.40097225734572545,1.0,0.4,0.178
M04924,gold,United States,Points Optimiser,True,2x / 3x points,lodging,Upscale Hotel,Imperial Palace,3x points on lodging,0.12358366102264107,0.12358366102264107,0.10085700701487535,2233.23,998.90820520024,2981.0,0.320866585433565,1.0,0.16666666666666666,0.12658
M04925,gold,Singapore,Points Optimiser,True,2x / 3x points,retail,Premium Retail,Juno Hair,3x points on retail,0.15362458156608239,0.12151961403031808,0.10767218199553907,3919.29,1865.4509943200733,3919.29,0.3515419076402028,1.0,0.2,0.07579999999999999
M04926,core,Singapore,Category Loyalist,True,Category-specific reward,retail,Premium Retail,"Web Marketing Team srl - SEO, SEM, SOCIAL e WEB 2.0",Premium Retail reward (retail),0.2536599920742583,0.2536599920742583,0.2796127134684219,154.17000000000002,870.540876487814,152.17000000000002,0.5032721110084433,1.0,0.5,0.0708
M04929,platinum,Japan,Threshold Chaser,True,"Spend X, get Y back",dining,Fine Dining,Mingles,Spend & get-back at Mingles,0.15449742548922907,0.15449742548922907,0.10346226790470725,1218.63,5.978078426345576,1218.63,0.35725876657210304,1.0,0.5,0.04
M04930,core,Singapore,Already Loyal,False,No incentive,lodging,Upscale Hotel,The Hoxton Paris,—,0.14483536211750628,0.13214007009257187,0.1420132545312478,8862.82,4163.835597136162,9362.24,0.3235127156811409,1.0,0.22580645161290322,0.30656363636363637
M04933,core,Singapore,Low Responsiveness,False,No incentive,lodging,Hotel,Hotel Nikko Osaka,—,0.11353421482996175,0.09954739155273253,0.16202683574120777,2868.04,586.8383530840497,3207.59,0.42676997838110997,1.0,0.2,0.24953333333333336
M04936,core,Japan,Merchant Explorer,True,Merchant-specific voucher,transport,Premium Transport,Optile,Optile voucher,0.19964176649323592,0.1618955416570506,0.1396429368168406,16998.670000000002,4562.536769854658,16998.670000000002,0.30944511043465883,0.8,0.3,0.068725
M04937,core,Australia,Points Optimiser,True,2x / 3x points,dining,Fine Dining,Gaggan Anand,3x points on dining,0.3049016523522837,0.3049016523522837,0.2608274216543922,85.25,325.0837860753356,446.82,0.31376993775173806,1.0,0.14285714285714285,0.507675
M04938,platinum,Australia,Already Loyal,False,No incentive,lodging,Hotel,Royal Plaza Hotel,—,0.1497705995091417,0.12500808734359353,0.1055909138900386,5573.929999999999,794.123845722909,7948.599999999999,0.3996034792994958,1.0,0.0,0.3514
M04939,core,Hong Kong,Threshold Chaser,True,"Spend X, get Y back",dining,Fine Dining,해운대 소문난 삼계탕 Ginseng chicken soup,Spend & get-back at 해운대 소문난 삼계탕 Ginseng chicken soup,0.1270300434695187,0.1270300434695187,0.15082615667503615,728.52,257.8509720748826,1163.68,0.37920203330472785,1.0,0.375,0.25645
M04940,centurion,United States,Low Responsiveness,False,No incentive,retail,Premium Retail,Namba Parks,—,0.08759983128248519,0.08767774368003764,0.066823131508779,84458.19,5068.958897827676,84458.19,0.5098018776421602,0.9090909090909091,0.13636363636363635,0.09106666666666667
M04941,gold,Australia,Low Responsiveness,False,No incentive,dining,Fine Dining,Spice Room at the Malaya,—,0.1047604306415452,0.1047604306415452,0.08961088790285937,2929.19,71.39734942195861,2929.19,0.35393066414011787,1.0,0.2,0.178
M04942,core,Japan,Immediate Value Seeker,True,Cashback / statement credit,retail,Premium Retail,Woolworths Metro,Cashback at Woolworths Metro,0.16675527767519466,0.1290349690543623,0.16619750591291832,2028.5,667.2189812216146,2108.73,0.3185393959629236,1.0,0.3,0.09886666666666667
M04943,gold,Singapore,Low Responsiveness,False,No incentive,lodging,Upscale Hotel,The Hoxton Paris,—,0.10173101121211255,0.10173101121211255,0.09556132871164139,2118.59,210.09161181346693,2118.59,0.4473220653289347,1.0,0.0,0.04
M04944,gold,Singapore,Already Loyal,False,No incentive,dining,Fine Dining,Kyubey,—,0.14550166919561439,0.11943281571478755,0.09994834678405118,6988.78,261.9957381441301,6988.78,0.3350233053849386,1.0,0.375,0.1283
M04945,gold,Singapore,Fee-Sensitive Traveller,False,No incentive (FX-offset out of scope),dining,Fine Dining,Madang,—,0.12552008522943547,0.12552008522943547,0.11980742538331546,2960.58,1292.5809596039478,3688.41,0.2822543601358287,1.0,0.17647058823529413,0.37142
M04946,gold,Australia,Category Loyalist,True,Category-specific reward,dining,Fine Dining,Roscioli,Fine Dining reward (dining),0.19974566487062925,0.19974566487062925,0.18427252938970987,1606.1100000000001,1034.8504872925103,1927.6100000000001,0.5508433924831464,1.0,0.11764705882352941,0.30988333333333334
M04947,core,United States,Low Responsiveness,False,No incentive,dining,Fine Dining,Single O,—,0.0701073786622106,0.0689522123440079,0.06425820494234062,96122.08,35921.58576613547,97451.76,0.46612463310564983,0.9428571428571428,0.12857142857142856,0.183555
M04950,core,United States,Low Responsiveness,False,No incentive,dining,Fine Dining,Gion Karyo,—,0.10039456638976554,0.10039456638976554,0.1672892163682298,1117.58,824.4151669162901,1117.58,0.29204739907086696,1.0,0.25,0.1166
M04951,gold,Japan,Points Optimiser,True,2x / 3x points,dining,Fine Dining,Korean Beef Village,3x points on dining,0.15346991568883828,0.11374568879944197,0.10909158592496528,5590.3,1638.834386182877,5590.3,0.3920259322947875,1.0,0.2,0.08360000000000001
M04952,core,Australia,Threshold Chaser,True,"Spend X, get Y back",retail,Premium Retail,Langham Place,Spend & get-back at Langham Place,0.1551799293267434,0.1551799293267434,0.16599948729134506,835.4399999999999,140.15040853269923,835.4399999999999,0.4369271342144732,1.0,0.5,0.14
M04953,gold,Singapore,Category Loyalist,True,Category-specific reward,retail,Apparel,Capitol Square Computer Centre,Apparel reward (retail),0.1644501649825766,0.1322577557228143,0.10842557933556296,3974.1600000000003,22.82730631599179,5003.7300000000005,0.5880214389018192,1.0,0.25,0.25645
M04955,core,Australia,Merchant Explorer,True,Merchant-specific voucher,retail,Premium Retail,Giant,Giant voucher,0.15794575006758232,0.1429730852740343,0.10809922014312277,23181.96,2905.6697272519687,24882.93,0.40967032323309266,0.975609756097561,0.24390243902439024,0.28896363636363637
M04956,core,Hong Kong,Low Responsiveness,False,No incentive,dining,Fine Dining,Earnings Surprise Cheongdam terrace,—,0.11377618298560165,0.11377618298560165,0.16067905085302964,2157.8,9.289650973281425,2157.8,0.28908761155611046,1.0,0.75,0.04
M04958,core,Hong Kong,Merchant Explorer,True,Merchant-specific voucher,dining,Fine Dining,Kukuru Takoyaki,Kukuru Takoyaki voucher,0.1763956022619999,0.1393947259795373,0.16558552139570573,4629.849999999999,987.4022626101504,5523.12,0.43608589903612366,1.0,0.08333333333333333,0.31342857142857145
M04959,core,United States,Low Responsiveness,False,No incentive,lodging,Upscale Hotel,Marriott Singapore Orchard,—,0.1123400697079088,0.1123400697079088,0.16879293142666496,1165.6299999999999,270.41964296041476,1286.41,0.29243830103828444,1.0,0.125,0.26374
M04960,platinum,Singapore,Category Loyalist,True,Category-specific reward,dining,Casual Dining,Soto Mbak Nunung,Casual Dining reward (dining),0.4,0.4,0.4,30.53,367.4843381569762,30.53,0.5453051339213151,1.0,0.0,0.8005
M04961,gold,Singapore,Already Loyal,False,No incentive,retail,Premium Retail,Landmark,—,0.12013247778185172,0.12013247778185172,0.06495584278922435,19183.05,875.5249496268551,19626.74,0.4506304236383501,0.8571428571428571,0.14285714285714285,0.4535833333333333
M04962,core,Australia,Immediate Value Seeker,True,Cashback / statement credit,dining,Fine Dining,Jumbo Seafood,Cashback at Jumbo Seafood,0.18169796124978685,0.13119559650587678,0.1805400574795933,3245.42,1000.3262945216196,3245.42,0.44941797900721897,1.0,0.16666666666666666,0.28405
M04963,gold,Singapore,Threshold Chaser,True,"Spend X, get Y back",dining,Fine Dining,가온(미쉐린가이드/한식),Spend & get-back at 가온(미쉐린가이드/한식),0.1169284305261086,0.1169284305261086,0.11234730969155278,1164.65,6.2616373029151475,1164.65,0.3522630657981785,1.0,0.75,0.04
M04965,gold,Singapore,Threshold Chaser,True,"Spend X, get Y back",lodging,Mid-scale Hotel,Sunset,Spend & get-back at Sunset,0.2516936366312608,0.2516936366312608,0.2025948878769741,293.33,171.93817187711997,292.33,0.4537244711639424,1.0,0.6666666666666666,0.04
M04967,gold,Singapore,Low Responsiveness,False,No incentive,dining,Cafe & Coffee,Mido Cafe,—,0.11354441124213945,0.11354441124213945,0.09576904844983447,1641.65,207.11594323874823,1670.0500000000002,0.2946895511521509,1.0,0.25,0.30645
M04968,gold,Hong Kong,Points Optimiser,True,2x / 3x points,lodging,Hotel,Tobu Hotel,3x points on lodging,0.15849603225418232,0.11529948156549175,0.10894021308780291,5321.53,65.07702090128029,5641.32,0.3047419238301837,1.0,0.17647058823529413,0.46609999999999996
M04971,core,Hong Kong,Points Optimiser,True,2x / 3x points,lodging,Budget & Hostel,W Bali Seminyak,3x points on lodging,0.2637973538379929,0.2637973538379929,0.25484893392492863,73.32,167.14255533802645,134.95999999999998,0.3910294371618245,1.0,0.16666666666666666,0.55825
M04972,core,Singapore,Points Optimiser,True,2x / 3x points,dining,Fine Dining,Le Consulat,3x points on dining,0.26368121295933933,0.26368121295933933,0.1936040155593647,320.05,802.6484578559736,352.83,0.36582122953988755,1.0,0.2,0.524525
M04973,platinum,Singapore,Low Responsiveness,False,No incentive,dining,Fine Dining,Lau Pa Sat nearby,—,0.0902856861855792,0.09684951040311596,0.06158944391992203,51173.8,7490.875846395982,51720.92,0.36873568208876195,0.8591549295774648,0.2676056338028169,0.20162631578947368
M04975,core,Australia,Immediate Value Seeker,True,Cashback / statement credit,dining,Fine Dining,Jumbo Seafood,Cashback at Jumbo Seafood,0.16752490690449087,0.1280684419045497,0.15159996624429206,5033.82,443.0403880579272,5125.53,0.3246796088622431,0.8181818181818182,0.22727272727272727,0.2694666666666667
M04976,core,Australia,Fee-Sensitive Traveller,False,No incentive (FX-offset out of scope),dining,Fine Dining,Teddy The Bake,—,0.14404058173243964,0.14404058173243964,0.15297357880185747,284.88,1273.696363950094,284.88,0.3511876734966411,1.0,0.3333333333333333,0.4571
M04979,core,Singapore,Threshold Chaser,True,"Spend X, get Y back",dining,Fine Dining,Ichiran Dotonbori,Spend & get-back at Ichiran Dotonbori,0.19848017027974502,0.19848017027974502,0.2012128894293765,1990.26,339.75981911866177,2449.19,0.35307241160363945,1.0,0.36363636363636365,0.30183333333333334
M04980,core,Japan,Category Loyalist,True,Category-specific reward,retail,Luxury,Rolex,Luxury reward (retail),0.1689175634289511,0.14308311845869043,0.16060913745933036,2678.9,3.1276013537232785,2693.19,0.6755592174431315,1.0,0.125,0.1283
M04981,gold,Singapore,Fee-Sensitive Traveller,False,No incentive (FX-offset out of scope),dining,Fine Dining,Din Tai Fung Pavilion,—,0.14051718082541823,0.14051718082541823,0.12342803795273047,825.5,1532.1734636002855,1665.17,0.3128856279355503,1.0,0.3076923076923077,0.38382499999999997
M04982,core,Singapore,Low Responsiveness,False,No incentive,lodging,Budget & Hostel,Old Penang Guesthouse,—,0.1022468417768801,0.1022468417768801,0.1278350658934641,117.53,306.43573152478706,124.89,0.8890822081811369,1.0,0.0,0.4729
M04984,core,Singapore,Category Loyalist,True,Category-specific reward,dining,Fine Dining,Vault +82,Fine Dining reward (dining),0.1602788871053949,0.13133880747224433,0.15869232125625282,7753.57,29.753561703453762,8403.17,0.5083461346575001,1.0,0.18181818181818182,0.20456666666666667
M04986,gold,Japan,Points Optimiser,True,2x / 3x points,retail,Premium Retail,Vincom Da Nang,3x points on retail,0.22751929250183023,0.22751929250183023,0.1874767033175884,164.28,1029.3598674865798,166.07,0.41763765258127133,1.0,0.16666666666666666,0.38655
M04987,core,United States,Category Loyalist,True,Category-specific reward,dining,Fine Dining,La Maison Rose,Fine Dining reward (dining),0.2012107841585301,0.2012107841585301,0.20952653410847916,772.7,2880.823913347349,771.7,0.6071419466074481,1.0,0.0,0.04
M04988,core,United States,Immediate Value Seeker,True,Cashback / statement credit,transport,Rail & Metro,Busan Metro,Cashback at Busan Metro,0.18502324367861148,0.12774765432972873,0.1641369554223322,5513.280000000001,1033.5987383967317,5959.14,0.4208848807599656,1.0,0.2631578947368421,0.21242
M04989,core,Australia,Points Optimiser,True,2x / 3x points,lodging,Upscale Hotel,JW Marriott Bangkok,3x points on lodging,0.2077901733566892,0.2077901733566892,0.1760710392066473,30.03,6.069017021452424,1479.21,0.39166041845656124,1.0,0.25,0.4571
M04990,platinum,Singapore,Points Optimiser,True,2x / 3x points,transport,Premium Transport,Hong Kong Tramways,3x points on transport,0.1469044245666662,0.1469044245666662,0.13041794044305294,581.27,0.0,581.27,0.300845803294857,1.0,0.0,0.14
M04991,core,Hong Kong,Merchant Explorer,True,Merchant-specific voucher,dining,Fast Food,McDonald's,McDonald's voucher,0.12815598203906436,0.12815598203906436,0.16731051532511354,3200.23,611.4185186874477,3639.37,0.4127281865447222,1.0,0.09523809523809523,0.3116428571428571
M04992,gold,United States,Merchant Explorer,True,Merchant-specific voucher,dining,Fine Dining,Pellegrini's,Pellegrini's voucher,0.1642123267618065,0.1241147408761642,0.12642461576123698,9102.81,1958.8618919224273,10767.31,0.4899805044440554,1.0,0.2,0.4286714285714286
M04993,core,Australia,Fee-Sensitive Traveller,False,No incentive (FX-offset out of scope),dining,Cafe & Coffee,Ueshima Coffee House,—,0.1331485393284057,0.1331485393284057,0.15972960045211548,600.76,342.42588728817395,736.46,0.3233828224602922,1.0,0.07692307692307693,0.37665
M04995,platinum,Singapore,Points Optimiser,True,2x / 3x points,lodging,Hotel,Tobu Hotel,3x points on lodging,0.1633175930917805,0.13015959378170566,0.1168937768885637,7802.4,13.524605460614453,7802.4,0.29670474278781567,1.0,0.0,0.1166
M04997,core,Hong Kong,Immediate Value Seeker,True,Cashback / statement credit,dining,Fine Dining,La Maison Rose,Cashback at La Maison Rose,0.12462155229411502,0.12462155229411502,0.1632922688861682,878.37,817.9921523860505,878.37,0.3104192993711252,1.0,0.0,0.04
M04998,core,Singapore,Merchant Explorer,True,Merchant-specific voucher,transport,Rail & Metro,Flinders Street Station,Flinders Street Station voucher,0.16945834869900034,0.1284585888287412,0.15487401099340486,6265.23,945.5441458111527,6438.639999999999,0.32136066413074255,1.0,0.20833333333333334,0.3311571428571428
