member_id,home_market,segment,domestic_dining,domestic_retail,domestic_transport,domestic_lodging
M00000,Hong Kong,platinum,1173.7555061283695,1122.3627854756771,218.15763970652236,118.58234983355061
M00001,Singapore,core,511.6138139058829,226.28120571065477,108.33132261338353,514.1301982173244
M00002,Singapore,gold,422.3865526882081,232.91313650435643,599.660386479381,1021.4203514340323
M00003,Australia,platinum,924.5071035859122,200.94853028241155,317.20557418599793,233.11588819742718
M00004,Japan,core,594.5441137188037,654.2590193975607,217.50676645405323,529.8789156816899
M00005,Hong Kong,gold,1205.074535569805,79.8183038755562,182.4685547545359,96.63052322235636
M00006,Australia,core,413.44060155390866,228.2622244018525,143.80737727967272,192.93161623339452
M00007,Singapore,platinum,336.38395588524764,319.20988413742725,633.6725426528839,62.81147603263484
M00008,Hong Kong,gold,202.9829023218731,451.39619392819014,288.42784503737107,764.4858535281127
M00009,Singapore,core,2058.0072788666184,330.83865621534835,86.10994896050074,309.309871915683
M00010,Hong Kong,core,520.3277682780249,469.88586586497536,73.2789661207671,50.60816619999193
M00011,Singapore,platinum,5216.220715192925,1129.9765903130346,814.8577267561499,160.7875520431194
M00012,United States,core,564.2831978683871,598.7052328216852,109.54228591303803,231.41579057544453
M00013,Hong Kong,centurion,412.8912163273558,2110.482460145267,278.7811552626979,1152.5439806135369
M00014,Singapore,gold,2546.7887425604004,1073.327114793541,987.1645137056287,110.57730043760492
M00015,Singapore,core,370.965070405479,391.518007770783,202.62566882019328,194.2761207470574
M00016,Hong Kong,core,1148.919059276437,218.42368075143636,128.5608214734384,218.76768459683646
M00017,Japan,core,677.6088706077245,121.64538096217854,186.69446905912176,1567.5755483620153
M00018,Singapore,gold,678.3985975720731,1613.7213385043058,340.0729536439112,567.1432744477022
M00019,United States,core,886.9394140105952,125.18882065922708,47.426404463485575,133.71249592539345
M00020,Singapore,core,470.96120881367324,97.8515485837554,159.20699974501449,268.69724482283164
M00021,United States,core,1128.9199281482943,556.0155230675869,593.2111961497674,414.584613148805
M00022,Australia,core,569.6266333999498,208.15993572127658,171.79792659609143,56.12279677256661
M00023,United States,platinum,2382.9891579058576,475.62410186741664,190.62010435338513,1676.4263095030753
M00024,United States,core,826.3818905676305,191.32617959080707,73.8974822371637,129.30015517908095
M00025,Singapore,gold,565.5159873637067,414.0412184009463,92.73097417561237,83.94889322827655
M00026,Australia,core,582.9801673266876,411.91975589624394,349.3030854711732,170.73734717801403
M00027,Singapore,platinum,1187.671817023261,1520.9421032756138,309.50703751168595,205.7289508706645
M00028,Australia,platinum,743.7690049728697,221.36679528415243,179.65681527181582,756.7067249400001
M00029,Singapore,core,693.8712070183551,1126.2762891357017,207.2271469010649,50.685414932390586
M00030,Hong Kong,gold,2436.514808603088,331.76989434169724,138.32793734892428,223.03318544748043
M00031,Singapore,platinum,864.6925055012514,1074.3027059766823,596.8478217258789,664.8028458740015
M00032,Singapore,gold,1682.505082701449,1365.7722508921065,520.4789469675995,281.056284335963
M00033,Australia,core,245.2591260397392,418.1277868033135,266.98561843535185,66.84238485707218
M00034,Australia,platinum,627.3782259480364,1323.8525587985175,425.8156224354423,598.4298514292061
M00035,Japan,core,857.9700611319765,380.4596577812586,137.62058652331896,376.3387480910048
M00036,Australia,core,254.98641108120597,394.69441943532536,391.87509089062013,108.50996091361863
M00037,Singapore,centurion,919.3113623146402,554.308668513295,230.83447082428094,762.217455899744
M00038,Australia,gold,720.1776573373146,198.80610623857785,179.59355091945346,41.614015246511244
M00039,Hong Kong,gold,1227.8884136789645,1216.322164718995,139.74234478680458,697.9579910735886
M00040,Singapore,core,232.66792212347872,241.1962233972558,151.23293057808297,93.94101419562462
M00041,Singapore,platinum,744.8246507231617,512.6351445771901,477.7145467986542,185.36635791609643
M00042,Singapore,core,964.9664518044509,256.58129353278645,154.961371289072,62.324167473591984
M00043,Japan,core,735.580504961617,147.35414936098158,65.69436780978877,67.79742303931688
M00044,Singapore,core,490.5201590898916,795.0594864355023,89.31715423966716,383.6545954199494
M00045,Singapore,core,703.236824412114,338.8911219231862,162.8083883757481,223.97830362886071
M00046,Japan,platinum,313.93141826134365,145.54434270978942,186.48483839462583,210.84085626128237
M00047,Australia,gold,581.2216308536224,1019.2734034950925,247.91177792666141,157.0175114932167
M00048,Singapore,gold,625.4589600712991,555.4255782278152,391.80449142880724,854.5001234436336
M00049,Australia,core,503.1671426227431,386.54164207897117,226.64730087749155,126.11121282780852
M00050,Australia,gold,1105.770150768525,134.51640174656632,237.0863022391299,874.3631674803032
M00051,Hong Kong,core,568.9722507020543,265.01708143833025,179.99337582606856,190.41240823680934
M00052,Hong Kong,gold,729.8522622428459,169.82849588263502,340.1862152255016,73.82770626852506
M00053,United States,core,507.74547126034685,240.3985608447809,139.97889161820666,329.0227840367968
M00054,Hong Kong,core,214.39628575816678,1175.5651170576941,103.40891791071151,53.63453739919624
M00055,United States,core,553.6144110860736,836.5404254723854,196.84138678737114,122.77349692617209
M00056,Australia,gold,462.23734684861716,334.47221882321116,212.0515097137023,1699.3639172473872
M00057,Hong Kong,platinum,631.0043240527616,446.18779658332187,232.03390991819316,362.1271783302692
M00058,Singapore,platinum,361.5518826893245,284.9280814240499,375.1060215260748,431.96664608222585
M00059,Hong Kong,centurion,1365.1463467001386,3040.03004570753,720.5734574305826,403.2975781253593
M00060,Japan,platinum,1256.1548647238128,557.5424235152334,195.05032207014668,649.6499393327416
M00061,Singapore,core,600.385557895266,85.90728016120148,140.81637128883236,539.1655025127722
M00062,Singapore,gold,695.3437652225482,217.23869564602163,325.3364131614497,1459.1421638853008
M00063,United States,gold,358.96816572204017,263.95703678324503,796.6042947117294,152.4139156182606
M00064,Hong Kong,core,914.453406916267,390.76951023119415,43.23837706181539,567.0848538975688
M00065,Japan,gold,388.75181788489914,933.6290334552988,108.01592966640283,345.64881438631835
M00066,Singapore,core,532.8709733021989,507.45348305856334,223.02301562993205,123.8792678653157
M00067,Australia,core,305.7745472942156,184.099797407807,411.1896858323852,23.255389006929466
M00068,Australia,gold,239.27633535951597,163.4634701266169,237.12046015856836,779.8275930396395
M00069,Singapore,core,992.4402375112802,508.7742078713797,207.99763779023215,555.8294193627935
M00070,Singapore,core,209.3819198264744,328.969927884975,500.7164572631914,1202.8607193059072
M00071,Singapore,core,905.3909201491338,192.9110595276677,192.74050558343563,84.1316363524753
M00072,Hong Kong,core,961.0306807586638,491.5586009450403,655.8934930925062,111.54195540845112
M00073,Japan,centurion,627.5981607702308,6485.292629725769,187.40760272295947,1016.8337394128012
M00074,Singapore,core,335.31842415719683,356.39186218494604,113.10819401846129,47.22167492150441
M00075,Singapore,platinum,958.1505688825018,764.1901082222327,778.2095910950907,128.03610486184567
M00076,Japan,platinum,4888.169363942221,1482.701113850846,345.0328440935785,363.2712051936493
M00077,Singapore,core,251.60824510450345,246.54197903450577,125.48972904378289,357.6188291526688
M00078,Australia,gold,963.4964983762106,897.6961475022526,145.87846261153823,1633.8895093488336
M00079,United States,gold,322.29600678384753,816.4405581285054,176.73107885432756,220.9532061913752
M00080,Australia,core,724.8436337409087,75.29768026270858,287.89047911376434,33.431971686985335
M00081,Australia,platinum,1454.5762642387208,1120.2514712950417,381.6984676097078,377.5547535452955
M00082,Singapore,gold,2358.18317260774,306.1774666105966,350.18036255245283,1534.7547693140361
M00083,Hong Kong,core,323.774690392713,269.1019686979916,117.78336298242287,64.19783082307282
M00084,Singapore,core,463.7592562546924,1099.681666150566,81.36213537589425,252.49293766572958
M00085,Japan,gold,367.72528329387563,2013.6339115323176,159.4489094500873,195.52016044853616
M00086,Singapore,core,480.24283253161985,599.6333344454323,149.85623654993913,1137.9101573417747
M00087,Singapore,gold,429.2915108957499,746.4276072395884,226.44133114073293,189.22417516486843
M00088,Singapore,core,112.39998856018505,813.9274110111438,83.77177284977648,66.35594604254884
M00089,Japan,platinum,1895.559760286966,726.5509774706982,451.4195120225292,237.67204978034
M00090,Singapore,core,1429.0809205137527,272.28574288403075,120.45274035914804,429.2356921080085
M00091,Australia,core,750.5441181523862,699.718409528373,34.44200533371187,295.724942106192
M00092,Singapore,core,1338.332830370348,201.81132003832238,466.82172899224923,68.5718428860179
M00093,Singapore,gold,942.2659043265181,837.555783167034,296.0887059619105,186.54208329826182
M00094,Japan,gold,1617.1796774076008,1238.7340165056473,382.7036872639459,972.7417305845488
M00095,United States,core,354.68664563644614,352.45936350921625,75.77275510414341,223.14379585915785
M00096,United States,core,264.68899058417105,88.19782448470521,224.711102740828,185.19435886456586
M00097,Singapore,core,1280.593354723162,303.41383298494617,54.35224179721259,201.4462185289076
M00098,Singapore,core,717.7695839217077,399.28616342202764,199.36173389728816,146.77708625503473
M00099,Singapore,core,1740.112926113364,330.0264030545852,234.97187624278868,98.40942371401714
M00100,Singapore,gold,393.65421725016944,551.0584660334914,174.87926171981783,318.00607822760117
M00101,United States,core,311.4701578535396,309.15882089318,207.14720317463585,163.99617555065115
M00102,United States,core,195.039828654487,187.05376479793622,358.9143231386809,524.266715721064
M00103,Singapore,platinum,598.0370111507403,869.979064674441,212.49025495301223,196.86908741414928
M00104,Australia,platinum,726.9091648209024,253.24861420126422,732.3123624732642,314.51807471502394
M00105,Singapore,core,264.9609576740668,405.04047361702453,107.46030086912576,362.0068277517347
M00106,Hong Kong,core,140.1280172409454,263.1889734630928,194.2957392659989,342.19775567102056
M00107,Singapore,core,453.09899396882355,275.74384954063834,177.7746192343307,319.8687318725052
M00108,Singapore,core,162.86204464944976,414.32655130486614,40.82246769492569,95.37568186102429
M00109,Singapore,core,670.376500064245,224.1898181870894,108.10251648159796,337.0521357857648
M00110,Singapore,core,196.5690811474987,1207.9528519671699,162.07667144480823,152.1023303509601
M00111,Singapore,gold,2255.498132528544,919.2533031835419,76.8130936633546,418.43306452974986
M00112,Singapore,platinum,592.7355136309026,514.3502095643174,243.00095064008372,153.09411778529568
M00113,Singapore,core,407.74599928024406,538.4276778294197,111.2154149163259,143.6752932638073
M00114,Australia,gold,1582.9056460182144,309.4283059486974,132.0187532711072,577.5824035111394
M00115,Singapore,core,1728.3370482452242,295.0425738855235,303.70435693388396,442.30574538961446
M00116,Japan,core,234.6292706328468,642.779720231735,261.80246419990607,357.89148481185583
M00117,Australia,gold,609.6334615039973,656.7210337319225,152.4241751134968,343.57895019057776
M00118,Japan,core,755.8137471413016,112.27651961593608,96.02262315084882,367.99683615296
M00119,Hong Kong,core,401.0122672848499,141.22143947693763,459.53963923561037,332.5206317655722
M00120,Australia,core,188.0941301218331,195.4915315235558,165.8929769557964,1669.7835783106525
M00121,Singapore,gold,849.5521147959909,157.85729764201224,406.6577485330902,78.14134095916408
M00122,Japan,core,451.2026515802517,290.1767295202017,201.19661688504684,29.03462554441479
M00123,United States,platinum,1279.2032148935702,174.07192039251996,243.22771964051154,442.7219061087328
M00124,Singapore,core,275.47061386362213,181.32897869011268,58.95436684174851,338.122218201866
M00125,Singapore,gold,237.83475360818073,739.8697927687714,266.8205385202348,421.10478426593585
M00126,United States,centurion,2263.3879964849702,969.7955058490977,449.8444790484683,2470.9207418778647
M00127,Hong Kong,platinum,670.5474967350468,587.4378523875192,319.73895821460286,492.38842656373913
M00128,Hong Kong,core,502.0975444117379,228.08572263291956,383.3605032699035,25.569633801409292
M00129,Singapore,gold,348.0499062953518,1101.3854782206206,425.05719171804975,208.46404256296515
M00130,Japan,platinum,719.1646535635847,1343.9325697429008,165.16084465601037,301.97996052417284
M00131,Singapore,core,1281.2419204772757,646.5222344571357,488.04516007547556,141.11413167321177
M00132,United States,core,380.913675911855,184.5991490734019,289.1569893975908,147.03438256231146
M00133,Singapore,platinum,1076.5421211102027,567.0364924887142,280.5978085411679,128.0826503070887
M00134,Australia,gold,766.3254486997015,74.60418331083415,490.6532306281083,360.41015639302145
M00135,Singapore,platinum,262.9882845898787,975.1464099970605,622.2426336590336,375.471482901704
M00136,United States,core,474.1813726086618,355.73876704051634,180.20853710389684,136.11386858715298
M00137,United States,gold,1227.673034249017,3862.9429582182984,217.70868437805998,572.8490602020979
M00138,Japan,gold,1436.090344054573,869.4427939072677,220.8493635505438,184.78655768939646
M00139,Singapore,core,124.95002900525415,243.5914542554884,145.75233452244282,358.6418173285015
M00140,Singapore,core,941.5422339756084,283.9038969900291,76.37509167574466,317.0539692018366
M00141,Singapore,core,150.4703919361934,445.8092735361128,108.13025054301859,495.2750219269481
M00142,Singapore,gold,627.1957707107,704.4508285739579,73.62251126228637,287.07769095664764
M00143,Australia,gold,725.9399657060413,74.42348329190138,202.4614905389632,340.94853414949534
M00144,Singapore,platinum,1642.1477565497105,426.6810755828134,262.37929427505895,426.22254408090646
M00145,Hong Kong,core,654.8527651972281,317.3486092748923,201.89696713368778,151.41143320196792
M00146,Australia,gold,98.20789375285779,216.6758697449602,136.56540338118873,168.39526553749982
M00147,Japan,gold,1342.3204177740981,1675.2799163837485,357.5088352501849,197.2742848876369
M00148,Hong Kong,core,229.25979562019472,113.26319935642827,233.84194001086215,93.00606827813282
M00149,United States,core,764.7572324995264,350.1547098384412,73.17513973237892,404.86811327603135
M00150,Singapore,core,458.25143175748275,719.4605622302994,57.144739957749216,129.61428020905876
M00151,Hong Kong,core,722.2359515513024,195.12091128901645,295.4454371770209,176.9135276268935
M00152,United States,gold,338.1654468725473,834.2381860276871,171.6276057654924,267.3044647985256
M00153,Singapore,core,560.3716793417723,516.6099587896636,342.2215294544632,890.14153311465
M00154,United States,gold,1388.2234097794014,756.981994953713,122.5590588224491,349.2969206224366
M00155,Singapore,core,421.92898478991214,229.02074873397572,65.67470613815385,114.06968916466415
M00156,Singapore,core,432.64920960426144,1056.5899230653151,296.98206381607974,109.11504839545097
M00157,Singapore,core,759.1677282681607,95.87442080200222,93.57227597052429,274.81140327704594
M00158,United States,platinum,456.75928998391606,56.62062727495448,151.75026602075172,379.2792802140808
M00159,Hong Kong,platinum,2064.4746916778536,310.3917220251113,136.77039480419734,245.41966679707534
M00160,Singapore,core,967.8739006847088,254.48711874559805,142.17642579229704,61.5599586524705
M00161,United States,platinum,2147.5988903560296,444.75820627963725,1010.3132905833343,334.7592274871847
M00162,Singapore,gold,580.8204619720341,1603.804383654068,183.89223632360515,105.07095829952507
M00163,Hong Kong,gold,823.1273057110293,623.1372449081056,203.753550129289,267.66596470849356
M00164,United States,core,540.9887481529191,222.2195411156112,65.46337852517404,632.9367838233594
M00165,United States,platinum,249.607938284176,373.8503444026981,171.02233823995374,77.05960796912285
M00166,United States,core,74.77520526886254,674.5302248655732,983.9057478594902,537.8588139173036
M00167,Singapore,core,304.64642131781125,501.41789319390045,113.81025730459865,281.8799755344221
M00168,Hong Kong,gold,444.2158486300049,728.0838744667058,184.82357269707427,241.91452878611724
M00169,Australia,core,255.42550518148175,262.6230832239354,228.69966450081054,177.00102008214492
M00170,Hong Kong,gold,820.7742000370765,2441.322189323105,377.9434362161782,57.020648468006975
M00171,Japan,platinum,1868.3224194241425,340.63453048407877,490.4353994570019,270.09684353041166
M00172,United States,core,222.88640472954572,793.7718765996464,214.02935259663323,156.5729531612808
M00173,Singapore,gold,554.9065070487106,1763.0253152132077,531.0585574995025,142.22475397156163
M00174,Singapore,gold,531.4103638989396,2100.8727792158384,80.86600394070278,97.55262877700504
M00175,Hong Kong,gold,660.0110279102013,562.583248974129,103.13448034768709,524.8056088569583
M00176,Australia,core,345.42692570976715,766.4350085261107,100.47250301649316,345.0725116406148
M00177,Japan,platinum,2834.537585682739,187.06426419032877,730.1250548573022,698.5450851971921
M00178,United States,gold,522.0043123082943,468.0286101091587,169.54638034844925,319.61612719952086
M00179,United States,core,217.12251840803088,746.2140137549725,632.7818795298181,455.2927315062082
M00180,Japan,core,279.95260451270553,98.38957308925397,152.43082726718885,67.05458440270489
M00181,Singapore,gold,3195.600811729645,892.918584420669,90.36781047825237,170.05889797877404
M00182,Australia,gold,274.3855330799602,604.512927017724,282.77032961778497,76.46465571872449
M00183,Japan,gold,667.6447343437311,45.204319510004574,96.46772538874444,257.5659532032857
M00184,Singapore,gold,186.03731505049072,276.3968021724817,140.7125083134584,224.51916126105593
M00185,Singapore,platinum,1327.6290821010323,2917.282518718692,634.6558666588942,898.970395373114
M00186,Hong Kong,platinum,3179.9202030637466,1527.040505118138,240.0995666416347,447.11251204070936
M00187,Hong Kong,gold,190.85893964017777,246.1679175086458,208.63208887123082,78.96546741792596
M00188,Singapore,gold,1185.6897986511367,888.4064669589884,129.49141507144725,273.01896011378403
M00189,Singapore,core,226.2987302109569,746.2487821236643,52.28457611031072,218.4728558753829
M00190,Singapore,gold,1020.2890915733718,260.7686006663974,461.6217567029428,381.7383550782551
M00191,United States,core,160.82633817625265,383.8323217262986,252.92956844116938,336.224080532446
M00192,United States,core,280.46364266268046,255.36088292621795,374.52298387964737,202.896205397581
M00193,Australia,platinum,694.4623402105245,242.452324436349,140.06074111497634,340.27616233779304
M00194,Japan,platinum,931.5947923507373,1492.1246943567728,563.9129708553207,1073.0582479390885
M00195,Singapore,gold,1601.5914078950077,404.65417930807007,732.0921907699393,2079.9971309993302
M00196,Singapore,gold,600.2363973420211,319.3642738801636,195.63128012296946,79.23722554133921
M00197,Singapore,core,668.1451395949806,775.2095215422532,409.47901484571315,123.06908824815703
M00198,Singapore,core,436.2856465182398,487.78632304058385,334.20660984975706,76.18372911198281
M00199,Japan,core,559.0337433545844,204.94566533183286,74.23456849791243,630.3469509664106
M00200,Hong Kong,gold,623.2829022257943,720.4141425917364,848.8544345595304,235.93544533935034
M00201,Hong Kong,gold,1098.0305713495031,1175.4234743408447,361.0373895954897,692.701785463937
M00202,Hong Kong,gold,501.6523888842856,92.829782876535,174.56114352861204,273.19944849262293
M00203,Singapore,core,867.7305294192406,232.1134176193611,102.37456436339767,36.08301143499334
M00204,Singapore,core,403.3215006026479,54.527226912330526,159.34917697519876,210.74277907759262
M00205,Singapore,core,233.6228780882537,146.37971271287336,98.65538923592757,34.16991325127558
M00206,Singapore,core,242.1741242496449,534.9889949013177,252.44998677888756,66.40232704888709
M00207,Hong Kong,core,681.2987435896472,1121.4700873669342,319.05432817442005,202.6977303559611
M00208,Hong Kong,gold,322.3202860404112,173.2286712251409,247.92651518645474,454.05879013465477
M00209,Hong Kong,core,783.8908147207062,325.56270187095515,83.92780950912328,107.79366231028213
M00210,Hong Kong,gold,260.1815986739354,1119.5430918872962,194.47602024927042,332.7625520151709
M00211,Japan,gold,340.25750198634637,560.7371858326719,256.4016680416973,257.89339447447674
M00212,Singapore,platinum,2047.5248391905984,186.85989514657481,405.8912691280196,126.60171248429775
M00213,Hong Kong,core,165.65405148632271,309.4205528591439,297.0038388674728,189.53239131901535
M00214,Singapore,platinum,1093.9074888463301,1760.0342776690945,280.1530838145083,212.16970950135254
M00215,Singapore,core,253.29549774919013,125.90616368796188,236.63661755668383,449.75450471924
M00216,Singapore,gold,1610.6970405139878,629.9889839147468,255.6921067217533,585.9919527769299
M00217,Australia,core,442.4942774118895,182.70589658007322,316.63925917002024,162.35671994143945
M00218,Hong Kong,gold,604.6560602266186,1481.6088189531524,315.13145091592247,17.21780421892628
M00219,Hong Kong,gold,297.33293491854124,1198.1474702550886,272.40476419989125,184.666391414404
M00220,Singapore,core,377.36322705041897,106.64861135805124,67.21557053751135,220.5750747128097
M00221,Australia,core,689.7066993088129,557.3023602788397,61.79371878706393,1948.4154300782934
M00222,Australia,core,1006.2175707815549,204.56838176573356,302.4416210177606,59.61922619151356
M00223,Australia,gold,402.2260602378786,760.5583231208395,118.72466090558542,509.40021012661316
M00224,Singapore,gold,2296.3211232695276,332.68476403427456,574.3655642832355,270.96734572557403
M00225,Japan,core,508.81559068550575,386.5781206655788,133.94432468871815,434.7787742336313
M00226,Hong Kong,core,164.80830767230802,981.1763524395096,36.77223257513601,527.0394147511198
M00227,Singapore,core,381.3228130178038,222.74940479022297,96.13783710497142,346.4794256109311
M00228,Singapore,centurion,1059.0130875798197,2297.6308340636274,547.4232218207065,776.5321825919552
M00229,Singapore,core,165.93252260411074,112.7852710895182,253.50485699375292,113.70529720453267
M00230,Singapore,gold,700.2088281101036,534.8978185106395,182.33810734527685,354.31445352247994
M00231,Singapore,core,464.45627256447005,241.586203318576,230.67386357046794,62.445379934436765
M00232,Singapore,core,726.7662510993762,123.36081264473361,164.26720639928314,725.4680671138027
M00233,United States,core,471.75489065035464,1095.7556432980873,127.34410266166056,476.9374600878018
M00234,Singapore,core,757.9379450485999,89.14882047163495,129.4308130486504,145.26895971222245
M00235,Australia,platinum,2868.3199178118107,721.0290431265519,989.9406080670894,615.8052505283493
M00236,Singapore,gold,991.9723403675337,582.1345075256219,83.16021845343553,233.14379235561117
M00237,Australia,gold,223.22886396341428,830.781414347824,387.14606305913003,122.33253612228904
M00238,United States,gold,1844.067237404222,58.21514284375993,230.1428566243786,192.41922607571115
M00239,Hong Kong,platinum,837.0018971333651,787.1780796082694,307.48152426086807,343.82867571728224
M00240,United States,core,904.317516271538,646.9973811068717,157.92701447699352,1981.5139380387122
M00241,Singapore,platinum,593.781640644222,299.51043798739437,179.20400577914972,485.15559218785813
M00242,Japan,core,87.8999516116569,716.5403052211623,138.86255021837576,138.95865338914
M00243,Japan,gold,424.60566065655064,451.89217129209516,133.3459503345781,430.0332034121965
M00244,Japan,core,653.4258323881103,206.70825908397225,407.8670288737577,223.34899456610873
M00245,Hong Kong,core,590.7118830554917,222.6950192541941,91.65887265188293,172.53115701128905
M00246,Australia,core,1932.221315638256,792.3432281045247,276.235564850359,420.800915334479
M00247,Japan,gold,808.1349780639702,414.12013114933706,228.00475794850857,630.8504735003345
M00248,Singapore,gold,1244.700850433038,939.9694976389587,215.37238362807815,86.67304756652031
M00249,Hong Kong,core,835.8489902673908,855.8632458199946,196.11631799173608,426.1682192366598
M00250,Japan,core,577.7742885788747,424.0057080352255,95.90385527247089,138.50388473726383
M00251,Singapore,gold,979.3298986991975,89.22378834739986,293.6049497343311,590.1626477152716
M00252,Singapore,core,3482.234697295824,79.47394500556676,161.23909454874726,195.9139968424272
M00253,Hong Kong,gold,640.9847138249803,242.76996279449938,420.8844455670022,1819.4908895461228
M00254,Australia,core,522.2779960973432,347.1267553214092,331.5972096019008,166.72835378590528
M00255,Singapore,core,2356.310241990225,475.45830816692836,157.03544594047492,139.80257376315353
M00256,Hong Kong,core,558.9274658312431,129.1340502478757,198.92460926522358,260.621586102315
M00257,Australia,gold,1498.9694738461935,701.4998333816487,176.4784051931913,355.7653589266569
M00258,Hong Kong,gold,687.8813462588762,170.15814566267835,98.68164063937888,127.50977551137994
M00259,Singapore,gold,940.9632761740907,351.1973078332551,139.59956530488375,403.9972184061164
M00260,Japan,gold,412.485584364412,832.7192625734561,715.5072904560598,228.31599315773596
M00261,Singapore,platinum,1726.56241337717,260.99305874538123,384.7992216019228,1553.941366603481
M00262,Australia,core,218.1031626810582,158.98512622836026,336.780140456992,47.17203879606212
M00263,Japan,core,288.4839226852559,495.07955635384695,237.64598871896067,287.60566089719566
M00264,Japan,gold,449.7493119190714,695.2444860926179,136.2901348381339,169.41374116754628
M00265,Hong Kong,gold,174.05450747550262,383.7808929959684,143.2243004571637,96.3468582216067
M00266,Australia,platinum,1304.4909275438915,800.085732435542,155.35938368057177,465.96081434560824
M00267,Singapore,core,387.5915317173077,974.0474451919232,53.75660050515548,138.835009915385
M00268,Hong Kong,core,282.61070578395316,70.42168651398067,48.889814956554574,160.22957063610684
M00269,Singapore,core,99.34851615999223,645.746234186117,149.0181677525643,78.58552759585523
M00270,United States,core,220.2328260991702,1273.9711027986662,621.4206729219239,395.2405122188117
M00271,Australia,core,353.78655563907705,658.4803550270807,249.38807602551267,288.39495574069656
M00272,United States,core,216.29064300337825,160.42195121409884,160.48700552996974,603.2720555901709
M00273,Singapore,core,341.08027149761324,1183.2932325201368,311.12609722126984,123.84822006841925
M00274,United States,centurion,2267.7638056715873,2568.7290181373464,541.496554184895,274.8398337459251
M00275,Hong Kong,core,858.5325555314186,1008.832882928761,226.83097878269604,130.34495572274068
M00276,Japan,core,535.6064798429458,409.0834658053257,163.5205012851972,687.6754679292459
M00277,United States,platinum,2634.618222398915,378.2458816079565,243.50667262028927,235.37897555110686
M00278,Hong Kong,core,1115.7038958667345,169.52137334586678,103.68520158522283,98.9774712557463
M00279,Singapore,core,676.2649837033454,709.8234168249602,209.2335847992905,121.14260981715285
M00280,Hong Kong,core,353.90938732904897,2122.0230850651405,260.09867316846055,134.62865216786776
M00281,Singapore,core,224.0955311375844,954.1904185255896,266.17058000051463,99.01369702324766
M00282,Singapore,gold,253.18415372909823,245.73420060432542,230.292812362437,864.335868523948
M00283,Singapore,core,1060.2271846771891,209.6153797439502,440.34332018800836,66.93868216358187
M00284,Hong Kong,core,740.8124304710755,408.6032176906866,179.97544042094364,112.99812161125395
M00285,Australia,platinum,990.4255806227683,415.19116315475725,350.3297042966912,845.4524175668131
M00286,United States,gold,455.5817925807421,1144.8552503759452,129.41492681504678,646.7314226156385
M00287,Hong Kong,core,150.77354714698023,295.9382419896562,366.1762239757054,393.36193867297
M00288,United States,gold,532.17097170692,340.65397486003724,244.5891914494629,253.90964439133734
M00289,Hong Kong,platinum,211.6592301942848,701.9932713552475,730.9281071676146,130.32417820871163
M00290,United States,gold,822.1510788541826,172.5372732555786,651.754631343296,266.4313045810078
M00291,Hong Kong,gold,144.5910851073521,157.320542569308,193.15676469295454,191.01531316651025
M00292,Japan,core,237.65365153521236,473.16820804317047,105.82585954666443,243.54033401570888
M00293,Japan,core,712.9498106592636,629.2878546377258,163.44331171306138,160.93110927245075
M00294,Australia,gold,1698.0749705129226,521.3311505323404,544.4493746904035,548.6458389183514
M00295,Hong Kong,platinum,1232.9366150136802,1057.599852227941,302.7095511894394,548.4554551862672
M00296,Hong Kong,gold,601.9951417495027,1152.8993114113084,243.6414382472672,666.2022180638397
M00297,Japan,platinum,314.325810009868,207.7205802230966,657.2211633573164,456.30848549554645
M00298,Singapore,gold,145.96560305536224,975.3627271905006,563.8931271453591,369.6944476478768
M00299,Hong Kong,platinum,1999.604562876476,347.8002718551531,166.5386262728161,92.69263412338479
M00300,Japan,core,399.9623569103256,444.65507675134285,140.27860125025882,258.75685282736447
M00301,Japan,gold,389.6237732318129,333.08068656940304,263.6282877177003,237.35952014594199
M00302,Japan,core,142.50657263970797,130.44145208137923,130.5691250519253,537.407670461877
M00303,United States,core,314.4799116643783,320.68469619080224,285.5431887789059,634.9098744400033
M00304,Singapore,core,295.7997595700864,156.1406619724951,80.49076711231305,129.10818550247535
M00305,Singapore,gold,816.4612758988891,428.5326043006928,209.89257307478564,640.8947853884704
M00306,Japan,core,98.01731485920706,499.03443454994414,270.36730103360685,192.11485964322466
M00307,Hong Kong,core,1084.0864595057722,1914.8538047617171,96.823760781741,288.8576964743537
M00308,Hong Kong,platinum,500.90224440579976,1301.6308219302593,456.92747982547894,660.0062732731634
M00309,Japan,core,448.8599423523866,654.7948354129054,51.50883348548413,250.44271318149455
M00310,Singapore,platinum,1350.3062503452986,1166.7966406957346,942.2099270081901,258.6522768324252
M00311,Singapore,platinum,508.9303463027885,308.32083465150333,397.14473495186917,170.33150293798798
M00312,Hong Kong,core,1059.6660487076097,143.23133936674768,128.52434134396037,47.76538400540684
M00313,Singapore,gold,782.0534752884397,668.4565592327917,202.6350326328769,243.31814396809943
M00314,United States,core,362.1339240523384,87.49798096072223,211.64039742462032,206.57612605438888
M00315,Japan,gold,650.6120358746211,478.23550280739556,568.5324620492673,153.72966715818296
M00316,Australia,core,667.3462059203898,336.83595450147885,171.8610862956396,237.88183872025317
M00317,Japan,gold,348.17826187114116,2015.7835695811393,196.79291450126846,451.88326558570765
M00318,Singapore,core,889.404815339376,1034.8541159658823,132.65930625624287,251.98226857846234
M00319,Australia,core,661.1577439341376,1974.928018024208,62.30144182349727,139.40116416729902
M00320,Hong Kong,core,62.065396684222264,672.1128337133201,347.44642959879235,64.19118614421588
M00321,Australia,core,490.6505207387422,233.4740119900499,367.2411684005926,102.47448551655133
M00322,Singapore,core,1198.4503703691516,138.7112867060852,111.30739243092795,406.3645332326493
M00323,Australia,platinum,867.2898352339971,183.29385211728504,332.47522945486435,511.5509260414974
M00324,Hong Kong,core,616.0725888700881,315.4588178918201,134.1243812346076,302.6503031462486
M00325,Australia,core,726.5164950569438,377.6743775576839,134.46222610782013,169.6996069150559
M00326,Singapore,core,1080.8572544504477,220.94082144424047,143.16427276776872,541.7691711412863
M00327,Singapore,core,930.8191319630592,226.40438867153486,156.31934406054796,64.87241446164785
M00328,Singapore,core,198.55328307423045,302.9453769816906,154.95767945246715,100.58599606406855
M00329,Singapore,core,231.40673536964232,468.85674510277636,132.54706195814407,137.13020281332714
M00330,United States,core,151.96650751599836,365.94516639320955,306.39545745847965,142.75769818438678
M00331,Hong Kong,gold,302.39817785205133,3196.4030080998346,279.29689636544515,118.57850287660474
M00332,Singapore,core,387.7416445323973,871.8834660874794,112.63812194336217,402.5666927159129
M00333,Hong Kong,core,309.737274754859,1125.4479009166878,365.4958422648498,278.5328569947955
M00334,Hong Kong,gold,865.2374305798475,251.5672375970772,180.65062756313893,324.5464331244658
M00335,Singapore,gold,548.6018245304127,38.81188849231264,992.1972987329736,65.22800315068001
M00336,United States,core,335.0750089141694,124.62184354329696,183.01331489085584,94.42279213389212
M00337,United States,gold,518.1775257320697,1097.6945064825452,150.7903692214597,433.5412117684907
M00338,Australia,core,805.7119711373132,406.6804594090262,745.1507753738082,166.25672371246787
M00339,Singapore,core,460.33479438859075,153.57932109410618,134.512424864728,85.82012583195988
M00340,Japan,core,418.28540289419726,144.79223720184274,403.30760113296367,58.69665624947847
M00341,United States,core,259.4386361887686,107.06661441421699,325.16089609499966,104.13734909894757
M00342,Australia,core,158.819123575915,97.88010687581726,77.92774497647368,599.4490080940633
M00343,Hong Kong,core,355.39138864618343,477.59032075245335,134.23490762398708,322.1699566812393
M00344,Hong Kong,gold,198.82609796616356,477.9546917150089,91.85160017530586,105.34029127080913
M00345,Singapore,gold,1834.2563097189989,1601.0158902084088,529.2918231577954,191.07987461134766
M00346,Australia,core,536.3278813223473,185.01787965952542,134.5710111434968,114.8047708991057
M00347,Singapore,platinum,1722.1054611542506,440.2814550882369,811.2518564031835,332.1325987580569
M00348,Australia,gold,1118.0744806762493,624.2280336877345,336.66496357250406,433.8338265718742
M00349,Hong Kong,centurion,1480.894905637172,391.30356714118943,1015.130250371517,292.72971970121415
M00350,Australia,core,451.34818029940624,162.11668641675388,117.59755732309536,133.85460573981857
M00351,United States,gold,607.7288020531296,967.5450884686629,71.10232065727176,407.66449513704265
M00352,Singapore,gold,1058.5782756940707,593.2191888308698,105.5184320428416,82.9441122235656
M00353,Singapore,platinum,101.42786653202168,663.1300672711071,317.9690512410441,613.7587952527347
M00354,Japan,platinum,258.3583609702171,211.43300065592507,624.2761827208549,390.473220497753
M00355,Australia,core,691.3764763000249,575.9801992702234,93.04764210478035,95.92716024857278
M00356,United States,platinum,1369.1670964814693,563.0069050042766,138.25986899638076,575.1264430078246
M00357,Singapore,core,351.4328293884592,204.77635470653937,282.4804154223617,77.5068570696956
M00358,Hong Kong,core,607.0514759309073,267.1749404345751,52.82113166775746,172.4958142217389
M00359,Hong Kong,core,192.85635769297497,304.4517288836522,175.5315723276855,256.8805649478991
M00360,Singapore,gold,147.04118622903857,284.94747467945035,476.568718673193,380.9332862933534
M00361,Singapore,core,524.0575207744283,398.5952311648259,147.00882845923863,122.05346273101334
M00362,United States,core,1348.3092411663945,565.5468131400936,94.63130418805838,191.86593512970606
M00363,Australia,core,111.32464062874605,57.93732842702676,77.01578166079965,188.91352537121134
M00364,Singapore,platinum,618.006106242408,836.5456090650787,185.04661849469275,657.1259462773669
M00365,Hong Kong,gold,541.0980142552086,600.7597633179369,234.1455519918657,66.50774518233825
M00366,Singapore,centurion,584.8787086032911,744.031157226545,1135.3665679000196,798.9875782110116
M00367,Japan,platinum,384.33468501083,238.58910737682413,480.7002336058195,229.8675333753864
M00368,Hong Kong,core,495.90138099680814,150.3020748129835,168.39787323336898,262.93597291672415
M00369,Singapore,core,286.6719274130127,314.3788016595184,215.11360440356782,361.89225578525145
M00370,Hong Kong,gold,463.22058143410106,472.0320829346332,89.44055350002203,475.65023098430277
M00371,Australia,core,270.31235681735774,124.0860605735758,174.22222056990591,92.62883645956062
M00372,United States,gold,1120.486231229114,740.8975617349894,236.15722125863155,824.9502127783253
M00373,Japan,platinum,921.488809516071,708.5808477636954,736.954612282508,800.9410730238152
M00374,Singapore,gold,601.6422045285149,301.3585076143823,241.30586429533204,315.5010157922063
M00375,Hong Kong,core,144.49439798201877,568.5848860063843,229.68884898016523,249.9391394549459
M00376,United States,core,393.90559966154854,462.7013165866704,121.52018375781394,114.7900193571556
M00377,Hong Kong,gold,133.290486473348,385.3182527506471,210.92224136199113,215.89527742729626
M00378,Singapore,gold,1702.4728936279303,356.4187153272587,219.0134414522898,52.7091956092505
M00379,Japan,core,865.3657139869365,167.2379352396253,243.5033320838941,138.44681075134542
M00380,Hong Kong,core,492.95025267898615,265.88741757556244,175.72908311609987,74.82294269521539
M00381,Singapore,centurion,748.7436952383446,1046.193369693673,363.10044144168376,505.15441310566564
M00382,Japan,core,269.25967576473096,426.13832472365556,116.82357680144447,165.4521576690605
M00383,Singapore,core,783.2073437691515,318.44914016213767,141.26087830203608,315.1631494292517
M00384,Singapore,core,1142.845080187009,505.1249116102241,30.889931037663096,59.76134788270663
M00385,Hong Kong,core,860.180753574681,135.47006873755663,98.05093878648654,49.06500546248272
M00386,Singapore,gold,543.6186296863485,234.0743342833883,111.86479475852052,544.8054572034192
M00387,Japan,core,318.1736455290321,851.1999838930988,453.1949890636019,210.30730955792885
M00388,Singapore,gold,275.6382766433097,308.1912342573216,205.28918287496865,109.32483053143088
M00389,Singapore,core,408.6654967532331,261.1406932067684,107.09411828330684,275.1695566386289
M00390,Hong Kong,gold,475.8015203213262,178.15627017447514,116.7514150677006,140.29947704929802
M00391,Australia,gold,1495.4099265359396,43.29985894046641,185.76941109402523,192.06658140156134
M00392,Singapore,core,246.24101805177014,427.2653220024102,210.28281846197254,189.91789362297231
M00393,Hong Kong,core,639.2593655463572,255.46810467205717,156.76567063312302,910.456521746558
M00394,Singapore,centurion,899.3120171579532,584.4930708965453,905.8061582618409,415.6917696741051
M00395,Hong Kong,gold,602.274754214725,556.4344696505763,867.6194344831251,107.44010902315956
M00396,Singapore,core,654.2028373599502,190.9405485831983,480.18603971723206,300.5144368737957
M00397,United States,platinum,1259.5527022567487,1921.7100478373518,362.3035261793269,839.6231718158998
M00398,Hong Kong,core,229.24956670380396,261.38824470797334,477.7833170829791,48.527151004133586
M00399,United States,core,500.997585800034,623.0483957080177,54.2031647875258,363.1382703805665
M00400,Singapore,core,340.86633864690265,758.787284709795,37.9480043329023,302.62877390727857
M00401,Australia,core,630.423535220754,992.6605107594955,318.0556367943964,212.62959000147626
M00402,Singapore,core,730.4674201691264,606.1822688464158,82.60390810824006,173.05402285462276
M00403,Singapore,gold,1451.6930977445884,993.9442850315966,100.34744866242123,278.06847250038203
M00404,Singapore,core,451.8340832133204,243.95754864571023,222.84232160010325,136.30824473223115
M00405,Australia,core,593.989861880246,438.9605574457432,135.4282689465504,457.41893542608733
M00406,Japan,core,396.4977520269719,608.2232544402202,123.79810978340646,63.55560698684635
M00407,Singapore,core,328.4628440905296,635.7684461426411,59.66947816917563,134.85850879441497
M00408,Singapore,gold,744.1322195995365,166.06096277964005,824.1743977477166,88.08813429678526
M00409,Singapore,gold,1163.9738543785734,29.087281068201833,403.1326006866805,390.68558839252023
M00410,Hong Kong,centurion,1283.2935559854766,1057.5419966900954,1248.2558049305271,1404.0996061410574
M00411,United States,gold,75.28494269582848,365.7128280085482,432.1729219926832,915.5867290058496
M00412,United States,core,179.04592035509205,1001.9132506377053,367.89680815147165,128.3666331387486
M00413,Hong Kong,gold,1024.354015553911,444.4314062015978,266.141859318225,180.90340680637524
M00414,Japan,gold,814.0725477035118,330.6862784178327,110.49297899621075,88.02460271554345
M00415,Japan,gold,294.4264155578757,1352.1481758813102,501.2433741347356,38.34371618584446
M00416,Australia,core,724.6093355012252,188.48556013366334,281.5747975984003,367.45303877623024
M00417,Singapore,core,580.7550539096446,647.386791752638,97.08604993622714,139.64821386177846
M00418,United States,core,593.6954893144404,72.42419119471383,196.69756358098408,258.63049170963995
M00419,Singapore,gold,455.9301580120845,264.4603632895898,240.8466554687034,278.1193839222585
M00420,Singapore,core,911.2969375220474,231.63818555123152,209.9945311413958,58.452000980091455
M00421,United States,gold,1140.531305639835,724.3920070960012,355.1635468040064,440.373980052766
M00422,Japan,platinum,309.85265717867577,418.5824246426045,243.14276984776075,981.9133157427069
M00423,Hong Kong,core,214.51679812482772,372.5342344184204,162.75183126394072,118.44995934327524
M00424,Singapore,core,805.3762776915003,1041.2569467767235,347.0490959303279,407.3274059602423
M00425,Hong Kong,core,685.7822909206715,582.8380571980547,115.98685015633893,108.74046341968574
M00426,United States,centurion,1042.1041663718331,2026.2176532181315,863.1536678852679,1204.7164882045392
M00427,Singapore,gold,796.9655824537058,138.25969257958133,299.2712913972921,317.42993324895605
M00428,Hong Kong,core,827.0044070629128,553.3380872014826,119.31868150746378,498.00610107263407
M00429,Singapore,core,312.7624936055901,470.7607818019811,417.3221923233205,339.77790847550585
M00430,Singapore,core,344.66742376971297,246.66402191727033,70.03600654197982,306.8647816754283
M00431,Singapore,gold,918.6440220702774,748.1435348967689,588.3063579955838,118.0797506745638
M00432,Hong Kong,centurion,744.2824120442398,1220.6464527248468,2025.204887159035,183.41802247990236
M00433,Hong Kong,gold,601.4086261463394,250.09899763589516,181.19680617141782,104.72501661706575
M00434,Singapore,core,394.4442618008718,837.1550680293036,237.9537020092572,213.35027623015216
M00435,Hong Kong,core,303.06125370122334,489.68880410984843,502.09985335475324,230.46362729976389
M00436,Australia,gold,593.8408304500889,845.3938736382206,213.00217822295852,203.43683291187898
M00437,Singapore,core,265.7400921657081,346.651575836191,136.3722027220993,155.854375135666
M00438,Hong Kong,core,433.978524464687,129.16709375933934,120.06336022048441,1743.9944288192162
M00439,Australia,core,311.0047854042611,555.5233939863743,171.66422046422213,101.8701503733224
M00440,Singapore,core,246.8039601807925,228.2578838153251,160.15444769513448,151.52823172701218
M00441,Hong Kong,core,415.19981119243465,220.07457283221837,145.59930797175204,291.2885259104635
M00442,Singapore,core,629.1299500038599,619.8493105337458,54.80240525369592,88.5027362309989
M00443,Singapore,platinum,921.4663464993732,2493.707926321702,1034.7655434063583,378.03122914734996
M00444,Japan,core,367.43475308505793,139.634492512214,48.65816910236369,104.98984159471973
M00445,Australia,core,494.3598747500754,397.69687087378816,139.132161254943,1724.8971999671921
M00446,Singapore,core,350.4386313592478,494.42787434462196,152.2236249676697,298.69858903806187
M00447,Australia,core,820.0152802267588,933.9216884136879,249.9409290035712,237.67680609040204
M00448,Japan,core,211.06897065718596,271.09925559668596,232.90233224393901,127.1398818607448
M00449,Singapore,gold,533.2911646068325,459.7379252547802,268.68616781770606,89.5315952647082
M00450,United States,core,924.6409415709641,235.24466169529896,145.72623721983496,274.24666252452374
M00451,Hong Kong,core,587.8149755547273,973.9163406227389,208.0790618719993,295.67027465253483
M00452,United States,core,340.33152733431046,25.96353817129946,209.81571297781167,342.16483409485267
M00453,Hong Kong,gold,436.77423421445917,90.52927709726534,86.18243811005757,516.2372221647671
M00454,Japan,core,870.0362403438768,199.08020005893957,409.8015038187231,20.57694841669409
M00455,Australia,core,491.99099529781313,239.08738733232641,211.9918879075345,141.7121166711013
M00456,Hong Kong,platinum,1229.7366482433158,953.3304751960999,626.9065163064407,163.55544070992917
M00457,Singapore,core,307.59266880274004,307.1700905303485,148.4710541421806,164.8452673918748
M00458,Singapore,platinum,1391.2604143650437,297.38826750510265,487.8547589442039,269.5722063328198
M00459,United States,core,178.99207144212806,61.070321576892255,285.40105592723194,55.68477969432105
M00460,United States,gold,150.9846383236275,232.2258084988521,115.41370786204718,274.29432654586265
M00461,Australia,platinum,1012.3576597214344,523.738675691199,285.08687673296487,885.3575526252542
M00462,Singapore,platinum,331.3017098730055,1451.2702390246598,691.9062326296885,187.5298598471289
M00463,Singapore,core,510.34869972036637,1376.6183730099456,121.58057791502588,602.1457322863159
M00464,Japan,gold,1165.0642066500936,493.3774311653876,139.9002092842085,848.3021892572538
M00465,Singapore,core,988.5186066527696,1099.5280109071184,293.15644746168647,716.7230874776466
M00466,Singapore,gold,347.98154083789444,472.1378350216048,279.5757188186129,283.98566506130373
M00467,United States,gold,459.7531215388297,150.32675549382193,268.3451124569703,224.2494811886688
M00468,Australia,gold,1730.4901626953135,73.39991459851086,161.27574057654402,169.5564928632224
M00469,Australia,core,219.60644663995078,118.39848767993958,668.8471681844129,533.8883587468066
M00470,Singapore,platinum,1381.8884397122363,879.8072306964573,476.45218867582014,192.57081608307567
M00471,Singapore,core,459.8930813200353,141.2504296346249,313.5195799254673,143.21535968307526
M00472,Australia,core,657.9675069421124,320.7622446988666,157.42196727201286,20.333359998597583
M00473,Japan,core,312.60472513216945,930.8240362588263,248.9921436600147,123.4886699035374
M00474,Singapore,gold,421.7796481767994,165.92375998821313,402.104131490304,176.80059020195117
M00475,Japan,gold,877.8675858562659,733.6343096418638,131.38048141479265,343.94008008466267
M00476,Singapore,core,480.76669234788716,323.4936215944835,103.37506305002852,698.062884919855
M00477,United States,core,1169.9901736904847,173.11647677626163,197.9667967710443,171.08819530807816
M00478,Japan,platinum,914.9958147779214,1902.2694778960808,142.77559628950763,194.9328257048754
M00479,Japan,core,413.10885884282146,780.1770614984617,128.98450102383353,1422.8117067372643
M00480,Singapore,centurion,4286.7859207896145,1396.556026284274,713.0293983800094,962.3314875742373
M00481,Singapore,core,359.34024523043456,1192.172769137771,110.79064280416408,587.3199961942717
M00482,Singapore,core,430.9948103731974,206.4634778283246,64.0993753361038,263.3396912895946
M00483,Australia,core,572.3927227585032,175.9240778204663,129.0510132115883,252.57145803929748
M00484,Singapore,gold,609.9719255835691,748.897614186533,183.25443123487645,259.0142386082051
M00485,Japan,platinum,435.2115908932787,193.91568864863464,954.4418632719855,287.80537140174823
M00486,Singapore,core,419.13814960017527,1024.4652046181052,231.8646502403836,307.48044104144867
M00487,Japan,core,455.29159608436487,1006.4197335952949,279.65713512763983,724.9607406195105
M00488,Australia,core,131.21629227747525,369.0336778614905,214.86266100758803,246.99546298097556
M00489,Australia,centurion,1324.236852882777,518.5528121768725,512.907084328736,382.8035036234725
M00490,Singapore,gold,891.9296967643988,409.26176352197336,275.3346061495433,555.737980853808
M00491,Hong Kong,core,315.5991441456396,332.401795456849,91.6130241031028,46.47943518612525
M00492,Hong Kong,core,120.54542524315299,482.35845804995665,131.55450684746054,896.5495434258397
M00493,Singapore,core,221.86211603820772,214.86793600232954,80.82428168010956,131.08701462428132
M00494,Singapore,gold,344.6233101290266,261.3944205442537,566.6390619379949,412.6596133599263
M00495,Hong Kong,core,361.77896988467865,283.92844896071847,128.94154708171172,300.8961291839549
M00496,United States,gold,1161.0859039505042,908.001705627824,318.9980819854724,1795.6246088644357
M00497,United States,platinum,1274.0933337703993,262.10513067286735,633.3990069926062,237.6955298607344
M00498,Singapore,core,109.68486352952229,157.9573755079554,311.8984215268024,235.1105632018588
M00499,Australia,core,361.34736868203083,106.13047543099331,180.390001076472,171.71479254270713
M00500,Singapore,core,504.4054152588767,68.51684530470988,49.858605500730256,163.95542310510567
M00501,Singapore,platinum,816.830899970019,116.4617748736799,768.3369714326094,218.04755232285441
M00502,Singapore,core,203.98994485201638,438.9150155244535,96.31516784044723,41.34808158166489
M00503,Singapore,platinum,1198.5746700456464,1550.0200128548233,223.908893416733,262.46764913640135
M00504,Singapore,core,358.25698452004883,141.63911785755707,314.40335114006666,184.0695374808875
M00505,Singapore,core,251.1949152354922,101.00072242533375,125.4444808937093,396.0960156061031
M00506,Singapore,gold,1288.116135122119,271.5516619064496,117.6769117338204,324.3609009833719
M00507,Singapore,core,436.9581295061136,188.45243006067977,161.25904603455976,452.33744611839796
M00508,Japan,core,148.11208180013912,216.43877339929992,210.43673695018398,155.4660704254187
M00509,Singapore,platinum,2075.2065994877094,875.8657104196071,693.7696744809093,411.67108326872807
M00510,Singapore,core,1243.7784090861687,127.78972424549092,181.1352409128624,142.39246710783306
M00511,United States,core,290.450631572183,176.25812071386667,443.8923278564335,109.0614438663888
M00512,Singapore,core,209.77100512447404,670.7239505400491,205.7993895202797,126.65330123983395
M00513,Japan,core,847.7803068569572,898.6765994299537,126.25889250781468,155.15179746370126
M00514,Hong Kong,gold,1030.9025229316278,288.45222432670437,185.65099932970872,461.38284505139626
M00515,Hong Kong,core,145.22328159939872,235.3439847726579,314.5801760832211,137.55578436057078
M00516,Singapore,gold,838.2540672655772,825.1567264711833,145.38776069758782,783.6686700433961
M00517,United States,gold,332.2108601751441,633.7053235822863,337.0908482656486,423.00441694389747
M00518,Australia,gold,2138.996192022923,1168.0717930495623,767.8113853551503,132.5684315228939
M00519,Singapore,platinum,990.6407032254413,241.89971562055305,196.75803756437557,959.164699290071
M00520,Singapore,core,327.1547433611587,392.0675054945272,77.10362419710553,71.32699282765942
M00521,Singapore,gold,1687.8374578316102,577.3567555326509,184.87447293660057,860.7752298297683
M00522,Singapore,gold,566.4447593593758,285.7546606448957,91.68587742834403,2301.2217697623196
M00523,Hong Kong,core,199.89532364593978,2629.9159773968963,254.8898219135716,165.15560760389826
M00524,Australia,core,1840.6668018767748,214.51877650517005,109.65445512346302,202.83287108917304
M00525,Singapore,core,546.6186581067033,66.21683633863964,365.07235894280853,144.04199624250035
M00526,Australia,core,203.4170130624194,295.4053652459221,266.1902382563529,24.47998114935696
M00527,Singapore,core,281.9936466276158,314.22549201263774,96.06109345504798,244.48239417997198
M00528,Singapore,core,1184.5182500907888,180.171867788803,151.2390978233995,65.93396092381357
M00529,Singapore,core,217.33324721606712,1012.1857006084389,124.31235146927001,1164.6130014606692
M00530,Hong Kong,core,638.877914209369,181.77661017763026,111.58895494886363,45.197061883514536
M00531,Singapore,core,546.5990493184503,438.88419821111177,161.40213059695418,96.07829557366527
M00532,United States,gold,455.22589358006695,589.9655209689497,193.53442837331437,748.5334532600885
M00533,Singapore,core,974.8645715706559,239.61198006978748,208.65373404843453,107.29950481003634
M00534,Singapore,core,357.3593765609483,498.4423515091629,193.75993741127482,55.20527497089547
M00535,Singapore,gold,1832.9812913880883,718.0810242870814,369.98098479622496,709.9057751769035
M00536,Hong Kong,gold,527.0673791680632,199.38406170333926,437.7189386874641,526.3095331672405
M00537,United States,core,495.02321553286953,1041.2928978211303,281.03221547907054,83.23650846979305
M00538,United States,gold,804.0202933871034,250.48558493813337,703.8098967932715,1073.2524308328823
M00539,Hong Kong,gold,722.9480731841294,230.16578096846885,217.75532414745473,673.989964245405
M00540,Japan,platinum,1180.9208360607313,767.4797147911677,220.73765243676658,2423.0824852250485
M00541,Australia,core,412.6259326588063,1116.065611733846,263.28880075915146,43.69509934742372
M00542,Singapore,core,796.553073728674,481.4829713912215,304.07367881527045,516.0689114954574
M00543,Australia,gold,465.8759774954689,729.4945201832766,142.49551463821496,243.9345480476574
M00544,Hong Kong,core,141.75538961760068,427.7949554800334,109.65472967520917,42.78444582241399
M00545,Japan,core,267.58277215090715,861.5366498454974,278.8439357067279,802.0963915067517
M00546,Singapore,platinum,754.122641078012,1085.3909425439945,403.0773177732248,916.3270369040835
M00547,United States,core,309.6882537254652,519.4160180551737,719.9258854940579,140.79383740678207
M00548,Japan,gold,298.34884740670987,336.44478317779004,81.41124530645719,449.6317201309783
M00549,United States,centurion,1665.6202792498889,363.21745746765816,1087.8610560584384,289.163743234076
M00550,Hong Kong,core,518.0139293859374,87.44144829871945,340.906703980678,134.04098878465805
M00551,Singapore,core,596.5872183539803,368.54075458478957,168.55161604056994,21.84717074961648
M00552,Japan,gold,85.71080380300022,1198.9365172041794,304.11529026808546,90.17679541134476
M00553,Hong Kong,platinum,529.4420968793976,1323.8931992202504,588.7886073960562,67.58623229564563
M00554,Singapore,centurion,2080.0641920782427,239.72388800168298,289.56220452926823,1378.9146915260249
M00555,Australia,platinum,1730.953944110415,4619.9314444432175,205.222839793458,209.32628039872824
M00556,Singapore,platinum,1992.975392354045,869.7885184582561,447.9929854349801,121.91854494086077
M00557,Hong Kong,platinum,2545.9035066320216,787.5558492127894,698.2582945107587,57.3220003696661
M00558,United States,core,152.5536716666431,396.6125468121673,113.70077973695325,398.74111602440377
M00559,Australia,gold,442.2592206127989,274.8683663004304,196.97786420720337,299.69108698414135
M00560,Singapore,core,276.17479464228666,232.24981878951775,145.71412103373802,218.96542249067744
M00561,Hong Kong,gold,1165.7882584967135,217.67036878909397,371.9652729022206,1492.881031547346
M00562,United States,core,665.3054040356778,922.310467984429,375.12466817568395,568.409998613547
M00563,Hong Kong,core,331.27050896836795,137.42107633685976,162.54609071521602,275.6652586781276
M00564,Singapore,gold,720.6869082634129,562.0580373534225,152.73306236311944,175.10362979836742
M00565,Singapore,core,428.76562112912274,133.76251847502292,190.1772778373186,62.80546822118698
M00566,Hong Kong,core,700.1790717938164,532.0350089217055,137.36712264537363,89.62429946034864
M00567,Hong Kong,core,221.84257814295077,147.60881688973043,114.82158940619068,186.4059394436196
M00568,Singapore,core,241.1857009789595,157.61766345811026,204.87443840150405,394.68871109711694
M00569,Japan,core,83.19892234339572,267.22103118269166,141.43034445593753,144.0634132375342
M00570,Hong Kong,gold,1030.3838605482922,386.03195481075,115.85012833471491,143.8711073012647
M00571,United States,core,119.612484064037,199.19647083476335,227.66719483538563,372.30688381860267
M00572,Australia,platinum,295.885770918207,340.18742003273053,291.9406122260901,125.25476225451881
M00573,Singapore,gold,449.30751223342617,102.03815031409313,283.48690234594824,341.0934254827092
M00574,Singapore,core,244.4352633970899,614.4579766967902,399.13195118716555,147.9927888569867
M00575,Japan,core,652.3618319252112,56.5562296846484,149.30210774105382,453.83294507500415
M00576,Singapore,core,384.26861441751697,380.88012777493407,296.5787201551446,45.40224183613547
M00577,Hong Kong,platinum,4005.270739608901,2454.508230891668,113.25900994292957,402.31406815830206
M00578,Singapore,core,1221.5832872963183,46.05878985584184,460.49504163668183,141.0012000926443
M00579,United States,gold,593.0637705516685,526.8994516300784,125.19641030456705,1729.6920377167266
M00580,Singapore,core,972.7881386542247,45.747976230069696,122.01700777634443,814.4664140850078
M00581,Hong Kong,platinum,622.8911756755505,204.59135210423432,676.3639643765879,107.05664429038475
M00582,Australia,core,927.3442805277384,174.49693956310486,190.68411654572122,296.33693063485913
M00583,Singapore,core,1033.709488342295,721.3590906377133,104.9081390207476,49.95776951368788
M00584,United States,core,548.2541006054414,213.08778837835595,139.33283206213596,89.8953098845789
M00585,Australia,gold,1510.2622103921583,569.5297450419146,166.80172596692907,493.5575118279582
M00586,Japan,core,301.39639843870845,133.3103030732231,75.02004066411658,1179.177274659661
M00587,Hong Kong,gold,1186.5356927218447,207.85097019576781,170.43323275757973,135.07965881628914
M00588,Singapore,platinum,2295.9678163558933,510.0298986364588,577.5256782743617,512.2853274394524
M00589,Hong Kong,gold,971.8806597102952,691.7232499489368,355.4721825035432,621.320134624645
M00590,Hong Kong,core,1208.5643015156454,568.6934617277884,165.77678683867026,58.267816222384646
M00591,Japan,gold,719.0901127052406,780.4781026433959,456.5892745818873,460.8103080299746
M00592,Singapore,core,441.6485027285682,285.06885846771576,167.36411458775729,45.99851324219438
M00593,Australia,core,543.85424776872,635.4181780532332,86.42367676447206,166.8878549567226
M00594,Singapore,core,805.1312664819359,193.16829056392893,350.2078212301555,217.78353487448013
M00595,Singapore,platinum,276.73315353704373,750.0974623941712,283.16540011231973,260.66015296677034
M00596,Australia,platinum,4474.279524709035,1509.4661000557016,200.47244437816795,3645.8618548588033
M00597,Singapore,core,834.215341992474,1025.1158587062648,115.36729148623301,972.0987903928699
M00598,Singapore,core,424.23930805481206,599.2157912496262,160.8138719162627,126.58800654509325
M00599,Japan,platinum,1111.8675177818277,716.6363699165365,573.3392746415,1479.147979788573
M00600,Japan,core,326.27155602283153,209.50767470682004,156.73466717137333,359.8258061407466
M00601,Japan,core,402.2038825788009,414.0476076239076,219.13318677757388,110.99241817949977
M00602,Hong Kong,core,687.9949437206973,213.951096570071,242.1564286852281,419.15498416489686
M00603,Hong Kong,centurion,2034.3262423622689,2393.6516748443996,440.0973388136785,416.0721508545665
M00604,Japan,gold,330.1037880134677,57.11759239647554,210.23161762670557,817.8311910718085
M00605,Australia,core,525.8076673796575,125.02960859513131,133.80988901718027,689.8701275299736
M00606,Australia,gold,369.2864713622287,214.0609156705598,433.29440231268006,420.9338943801366
M00607,Singapore,core,222.7532239645601,550.9552151857249,66.4171855375757,157.65642214753697
M00608,Hong Kong,platinum,3479.8348929635486,280.16116448840626,846.217545053976,1447.7945210554003
M00609,Japan,platinum,343.1755731475847,417.0853935552343,162.5059310971035,1184.6765822175494
M00610,United States,core,1012.7056971771586,315.30363389893995,311.5490645344832,1584.1980767267373
M00611,Singapore,core,373.3812299252028,433.07620636794127,201.96804193057022,261.4950326330806
M00612,Singapore,core,254.6349393424328,343.6946077463947,115.7315487933803,235.48872730814116
M00613,Hong Kong,core,101.05805329165528,515.8325153771435,272.6030421426217,262.8252866291403
M00614,Hong Kong,core,451.0011118800957,1273.7819324045117,446.17224953842333,120.55498333338561
M00615,Australia,core,928.8114173865652,1346.248182363617,316.34805155509486,676.8838919504961
M00616,Hong Kong,core,715.3656299397205,196.92346967771192,103.29147226217184,121.52174513325738
M00617,Singapore,gold,935.1039934836153,163.05730329914024,165.38987221166627,655.8400474439303
M00618,Singapore,core,705.1214783372661,50.78008194571789,92.09383163934237,387.7449631465973
M00619,Japan,core,611.3929310711009,179.86843905655948,280.8017670545752,612.7216830543387
M00620,United States,core,182.13290733023462,335.2338677441456,508.1454220924176,878.8737561648259
M00621,Singapore,gold,386.74459632284083,647.4443743247458,127.41036390678128,363.57214507135023
M00622,Australia,core,579.3194697324352,505.90780581904596,124.03048776758813,389.06401752719665
M00623,Australia,core,203.35406582867316,770.3503124675117,136.60245595230083,78.7033596982018
M00624,United States,core,605.0649124446711,166.72238911060492,153.1107522120406,248.9838083318793
M00625,Singapore,gold,405.93613486219823,3204.849618983558,121.7868047710961,264.68232406456434
M00626,Japan,gold,3496.9330616378907,1819.7826718158205,291.4971499177896,53.566621927708646
M00627,United States,gold,404.1900381949785,337.38419402806323,1107.244956624466,871.5842826674369
M00628,Australia,core,195.600745584206,650.4852921810782,288.4227760765277,196.65220134193652
M00629,Hong Kong,core,118.77892817176325,186.05668745585436,96.29692766346892,978.7303846512133
M00630,Japan,core,981.1342844820412,100.22337095029381,194.26825780998914,93.34537331960853
M00631,United States,core,299.54155394822436,117.57451415316805,115.11378363329813,300.78846530032786
M00632,Japan,core,426.19892369903044,412.7745036707708,185.245496527832,503.76543924805395
M00633,Singapore,platinum,413.9596983811304,440.81579736909663,428.42721962778467,104.15933941024215
M00634,Singapore,gold,631.7583835628215,915.0843169194479,399.62169712726757,165.96512900192485
M00635,Singapore,core,990.6952960384627,216.55644338187415,228.54741686256008,142.38415686853986
M00636,Japan,core,424.53374787309,242.33475051647935,206.58880112664133,159.4062840473214
M00637,Singapore,core,616.178760158804,222.7154395226576,425.1233069577874,122.61905015867073
M00638,Japan,gold,779.2746013978567,135.82761087592482,337.44601169636275,326.6505197447961
M00639,Australia,core,127.16294133901204,557.0951018013556,115.91917329548694,170.12370887780943
M00640,Singapore,core,135.59334112671553,291.99096329572154,411.19389198420777,306.0316480140684
M00641,Hong Kong,core,449.97411623534197,249.6402753464679,104.37298266317504,272.0108917360267
M00642,Hong Kong,platinum,696.434906536209,3028.994072325082,129.9015630028213,248.59996786100496
M00643,Hong Kong,core,506.6184874533251,586.1792859696236,366.7512070890016,545.4045513890518
M00644,Singapore,core,677.9362658157135,144.33957755597442,162.24582164023167,263.811457043089
M00645,Hong Kong,core,269.03885180188263,89.71830503897651,91.67198547105161,348.43315657229766
M00646,Singapore,platinum,633.4036133931502,310.13552683411615,499.3710763578663,100.84288314920055
M00647,Hong Kong,core,672.4847864919487,161.49619093777878,66.2827193027749,167.5771388337403
M00648,Japan,core,483.7138948535023,228.6307053555834,88.29352780090765,443.8595881403528
M00649,Japan,gold,1000.9054321383368,357.6983607332365,370.8849310310299,510.9247362455149
M00650,Japan,core,1380.8947914252744,657.2220987207342,293.70877917680684,38.93604241497393
M00651,Singapore,core,1264.3638847500101,1362.4217553485119,188.5550124034618,88.73846486687393
M00652,Singapore,core,297.1378346696238,102.16004849111924,111.61755323912728,85.7296716388475
M00653,Australia,core,601.2853367226463,1173.0932423501945,94.06696845972321,404.29268179791933
M00654,Hong Kong,core,353.77491355171577,1600.8294714020294,42.67035677692543,591.380967390232
M00655,Hong Kong,core,229.83166406218263,356.52912207098177,267.2233199148122,435.32528057249414
M00656,Singapore,core,226.56115478033522,117.26842082952776,153.8268613095025,400.58814780761895
M00657,Australia,gold,645.5492343618815,573.7056848007024,1125.9050325015974,103.39638929897477
M00658,Hong Kong,core,221.68459880840305,77.03908192957529,174.30754633369799,296.19210327659334
M00659,Singapore,platinum,705.958833195852,458.73985267035897,869.5834973784613,334.67618824345004
M00660,Singapore,core,549.8553886496483,96.94544361125796,177.1082949033128,279.35796339495244
M00661,Singapore,core,339.92065473620096,273.36526832495,367.92589436571524,103.35818709319527
M00662,Hong Kong,core,849.1119805970836,833.1202826172719,297.745834861224,616.3782962830443
M00663,Singapore,core,582.7721665446338,334.02517680686304,50.549521139287464,151.8857502482424
M00664,Japan,core,714.0123514861028,461.73503949746566,542.2731943870593,280.3360667966311
M00665,Singapore,gold,809.8657200311587,230.38440365342717,357.25740998258897,614.9202781190751
M00666,Australia,gold,345.8565500155467,422.07581404926316,249.80514378775405,249.20442271776062
M00667,Singapore,core,145.0724857707706,352.284915323547,225.67623805836433,202.93298427926845
M00668,Singapore,centurion,1554.6124544867619,2075.276307034053,344.00752496136874,1153.6436602611188
M00669,Singapore,gold,756.8747270277287,2117.666194663927,171.05559284566905,563.4763840132837
M00670,Singapore,gold,828.6801776577672,1014.045903820245,377.99993835743936,195.2133574323297
M00671,Singapore,gold,917.5829391461943,2496.546282596039,241.34309167489096,182.464234073322
M00672,Singapore,gold,389.7130586598158,591.1956260400356,1170.223955964006,115.3683050768068
M00673,Hong Kong,gold,616.0966075318858,846.3609234589645,424.9289996601413,427.97188659578416
M00674,Singapore,core,937.6182722218616,133.75454540933052,88.07711453020806,254.26923908523327
M00675,Japan,core,1342.2124506327796,362.05548273603216,227.394397282147,199.30499730448432
M00676,Singapore,gold,142.11843246601708,474.7743783662786,175.1886863689591,842.0661595893868
M00677,Australia,gold,661.1798028193141,493.76449990053914,233.23704520992146,438.2524170554244
M00678,Hong Kong,core,213.40034023027417,696.9557700916833,44.88280817191041,273.03635575469883
M00679,Singapore,platinum,1528.2227048004493,215.77362915331423,338.60562515031603,231.75344441756278
M00680,Singapore,gold,881.2685932180711,193.2893792044298,428.7120757333502,402.0816421798888
M00681,Australia,platinum,1761.6727476944466,261.58697883340346,152.77283856582662,248.405524115844
M00682,Singapore,core,870.524881798421,1710.0306247639364,114.00746778438355,58.548117076128236
M00683,Japan,gold,3439.37214591328,386.64951800039864,766.8592630226177,459.4079490049208
M00684,Singapore,gold,224.06762086403464,321.2611140558525,164.30743890738663,313.3288383630148
M00685,Australia,core,831.9884990435834,589.9915948528578,184.3014779270952,422.8253625179488
M00686,Australia,core,1043.661338363041,788.5773797558679,109.38256378303393,117.77151679898452
M00687,Australia,core,519.7793453261061,641.8041924385894,157.8900971958922,185.56285688896284
M00688,Singapore,core,140.04905882886348,373.2048331659637,59.88136623427726,830.8660112796139
M00689,Hong Kong,core,325.9864325549812,75.92036752549694,111.35192321377977,135.40535816579555
M00690,Australia,gold,2140.076306387195,562.488347235889,334.0697060611435,136.82676997773973
M00691,Australia,core,622.3364096326417,1004.3428776278786,174.89330569395048,451.7738119928591
M00692,Australia,core,126.68509870116216,554.9206055023709,149.4943473629734,234.00441036438002
M00693,Japan,core,210.3677455070979,195.3230926086197,268.34279003052865,55.848840204988676
M00694,Hong Kong,gold,414.1083215386308,782.7930911736402,270.51880886334726,185.94043635637541
M00695,Singapore,gold,390.7023064829671,459.11683475350287,178.03788148770704,289.50329824387245
M00696,Japan,gold,2356.2599494875885,705.9091228645774,265.80728973566704,1192.3081744067579
M00697,Hong Kong,core,154.19386791022117,61.03612443736592,293.124553448456,282.7672988323224
M00698,Singapore,core,542.1099464759077,283.79526198165735,139.73162817768252,204.26339654428995
M00699,Singapore,gold,410.1316339744689,770.8250408620413,100.74401905484883,59.39158648485416
M00700,Singapore,core,877.2662262444213,597.2105092802774,319.63674132100573,243.85875893864514
M00701,Singapore,gold,416.52884409009084,717.3797136128702,245.74826647485403,222.436951445351
M00702,Australia,core,534.4616247347587,52.84272052702822,130.08977054228768,280.85325214632667
M00703,Japan,platinum,881.3374172496524,239.33330717611952,408.25356371378933,1036.9888287473236
M00704,Singapore,core,256.5978209071887,1250.8054812856474,193.6341325499948,140.43349346551554
M00705,Singapore,core,497.90142908734583,243.376925001879,48.211944303513974,612.7810445192232
M00706,Singapore,gold,331.15622354803276,1132.113878699887,382.0897558743828,181.1416870348413
M00707,Hong Kong,core,734.3112383158974,107.67549727510017,671.2427803300054,585.8715605683317
M00708,Singapore,core,158.50331296331672,285.46418952466706,138.73581946789787,60.616348860956535
M00709,Singapore,core,1074.724694357067,315.5316307572635,117.81747392261533,431.27224450200237
M00710,Hong Kong,core,1285.7721248085993,1319.0052000706492,54.5780297271567,600.552911075875
M00711,Hong Kong,core,1003.4142780100102,919.0456082487082,358.05193141791636,126.43130723158224
M00712,Australia,core,660.3859265324583,390.12116359487356,398.5544388706146,54.34041090658361
M00713,United States,core,646.4439226792675,348.5236232901763,234.285599469889,291.8735543806336
M00714,Singapore,core,509.52272265258165,247.3595309440236,168.6553847862682,1217.1591773915914
M00715,Hong Kong,gold,2367.6341100194163,2420.3590259770344,439.25900830175374,73.21618351619722
M00716,Singapore,platinum,3072.046797118793,344.6877495685703,770.5128115741015,259.33999862175494
M00717,Australia,core,553.0517380487621,473.20835826663927,466.6800615624873,56.401803499463135
M00718,Hong Kong,core,211.39029591519926,420.71842815908553,115.98702895339676,538.1908133278372
M00719,Hong Kong,core,149.57050608136566,55.042970231284066,495.8442424032468,607.224747605596
M00720,Australia,core,212.68591636050496,126.99499040259127,175.98849760575055,333.010077876188
M00721,Singapore,core,757.1861111973577,214.29989992829152,109.50903899790912,190.16523751319625
M00722,United States,platinum,563.6738510177297,1670.0233082350046,522.63188865842,539.3243716643527
M00723,Japan,core,452.20849674035253,393.15509916239324,169.75379063659574,1118.4160715808484
M00724,Singapore,platinum,362.8461757763471,154.38261669153002,252.17037450024958,721.2668481282232
M00725,Australia,core,63.84067664827026,64.20945545041424,229.41859509400507,390.4474607373219
M00726,Australia,gold,505.63437414895276,280.3732180553163,271.603351649395,1820.0226164624444
M00727,Singapore,gold,1414.7295155997056,449.4024577605664,523.3072797530511,92.47038587734313
M00728,Australia,gold,165.01599359744444,859.2419795791249,221.916427157623,1554.2830249423014
M00729,Japan,core,424.64251426125674,132.54378480300335,182.14263227078564,138.5279664173857
M00730,Singapore,core,506.57742951880346,336.82297858836284,115.58791996913574,277.7405829886778
M00731,Hong Kong,platinum,1134.0621352822343,295.4323491472908,299.4424172785305,170.2741139284613
M00732,Singapore,core,94.81094798146395,225.75004533228147,136.30775610721528,142.7086450202785
M00733,Australia,core,130.05136243870803,369.3586691560476,66.15449256652886,420.49833020229386
M00734,United States,gold,1602.60346759183,342.9681147204264,335.7708430570699,302.34979176093907
M00735,Singapore,core,587.96974340365,418.5691907067232,97.14814731617412,183.8666237144893
M00736,Singapore,platinum,881.0669462677321,327.9018211286735,733.5810318029661,556.6972587340982
M00737,Singapore,core,705.3784514372792,339.3465078898611,118.41245123883971,92.39859056434733
M00738,Singapore,gold,329.6397821005475,309.522569981195,265.44124687280834,510.0616309961092
M00739,Japan,platinum,587.5795159767139,1649.2587586176958,152.09929668236686,654.7213528606151
M00740,United States,gold,833.0126476225637,1273.7889057879927,102.99154090400003,109.3880750433183
M00741,Japan,core,250.95539262478098,518.6294225467271,183.4911080248336,173.3343046449486
M00742,Singapore,core,184.10546618540067,464.2124166571351,246.41702806233428,190.75098528961774
M00743,Japan,platinum,5613.444285347528,419.071519275359,718.6834822591017,1026.313686274591
M00744,Australia,gold,473.12125908614615,331.47526068656265,311.0151673987539,3246.5985386872426
M00745,Singapore,gold,1258.2166930219926,1014.205668363786,132.64201653724297,183.03816556691055
M00746,Hong Kong,core,245.0082310334757,109.97158555521047,118.66685314049388,264.13983488910975
M00747,Japan,core,201.6384423058907,1164.1679326140393,110.09818058671614,215.37488817520023
M00748,Australia,core,228.47110394711706,265.2558266008072,171.38230746082493,593.5751402500557
M00749,Singapore,platinum,842.7044439598319,349.2237159428138,479.29964630657923,238.47107872953165
M00750,Australia,core,759.424068483027,565.4724012431775,191.43367770779332,587.3694723407494
M00751,Australia,platinum,993.4799359551643,1837.0775899950056,185.20443764681198,250.94342403564778
M00752,Singapore,platinum,794.0278261549112,1260.580194044829,485.8778964576111,92.51736959848067
M00753,Hong Kong,core,354.00379529796766,901.3143590488444,96.20118455169616,781.0290109995946
M00754,Singapore,core,769.6196036845511,280.02561519437666,177.78332707099904,780.2346083825478
M00755,Australia,gold,312.4297928552653,325.1476527695814,425.15380825726396,64.9449005404904
M00756,Singapore,core,103.76549407587503,225.14797370067453,233.87773734467763,84.37995616957356
M00757,Singapore,gold,1466.4408335105695,766.2671888363808,380.90018644193844,416.6761753955002
M00758,United States,core,342.7268463620974,419.1862095241401,250.01788745062217,140.13662959259625
M00759,Singapore,gold,395.3563518705239,584.5404726710024,214.18082643045864,142.34457266809193
M00760,Singapore,gold,363.75525220544506,628.500521526803,106.58848304625876,1331.5048785680206
M00761,Singapore,core,325.3146976781982,262.3077047915998,140.35602749322248,250.69238973440312
M00762,Japan,platinum,914.8912763639822,282.10478731197946,426.78768988541447,2144.9284709957137
M00763,Australia,core,303.77992734180555,252.54171739057855,162.89877803718844,196.31690676952115
M00764,Singapore,core,815.0588215347408,359.1050181960052,206.3123516607952,97.81973638200226
M00765,Australia,core,461.8010221923897,129.04662724699944,173.90452086343936,152.09494269946273
M00766,Hong Kong,core,895.24656948159,266.0735106855973,110.12241354859411,323.5624332413759
M00767,Hong Kong,core,129.34833786379514,466.7321763935467,157.48876328125561,188.86894962233762
M00768,Hong Kong,core,945.3282959092161,532.9942637885456,331.2768551357605,442.0183438357341
M00769,Hong Kong,platinum,1224.9433630283038,1155.5109033460337,87.82193778106833,348.64689230048515
M00770,Hong Kong,gold,148.58459912521622,448.7664068303053,427.22341970921605,324.75852834431686
M00771,United States,gold,1255.0526631813734,573.7621762446896,338.11729899637453,299.54993480713296
M00772,Singapore,core,103.46412474245649,241.23670501908813,361.02365523103333,538.8584155677373
M00773,Hong Kong,core,309.25551300564024,465.8017097122584,177.87839584381402,88.09797708791169
M00774,Singapore,core,665.8212838070702,109.0646439493802,145.1986708896574,254.71245553980208
M00775,United States,core,282.77327566671096,69.6420166681899,251.50880104261014,208.89076913452408
M00776,Australia,gold,299.4563511609174,504.0701105354472,557.325814273451,135.81268272558398
M00777,Japan,core,190.13374102459485,1065.9400084671186,58.53579371375452,157.17179102103933
M00778,Australia,core,416.47211591238147,305.7029430305164,153.58338950800916,587.481840431245
M00779,Singapore,core,231.24053895310954,1642.208391707747,110.73123084865121,1135.567936036735
M00780,Singapore,core,427.90456038950356,162.36453925994405,454.07324781991935,14.617618648302084
M00781,United States,gold,330.0650928303755,1238.2295434776113,131.34565431396024,191.9225710356519
M00782,Singapore,gold,311.75460617286217,1544.435192204075,147.2958080506222,32.559208516089626
M00783,Hong Kong,core,1462.2598168453817,171.92544923504073,212.3736484215427,108.16060506849041
M00784,Singapore,platinum,1412.4355385010115,709.2100186227709,674.5349648217021,1264.670425297983
M00785,Singapore,core,230.71582302358172,134.52693952943764,139.85321201387805,477.1620729165252
M00786,Japan,core,1154.7491243709967,110.42057377821133,404.9444243265021,65.19238846892918
M00787,Singapore,gold,892.0676893084694,177.0216023662017,306.4355505294564,731.7197134339345
M00788,Hong Kong,core,1032.795757131235,303.3362469753565,110.38204149909924,71.3583842269671
M00789,United States,core,389.2870896609733,450.25499270911956,105.89673039110303,352.7948647340009
M00790,United States,core,122.76575927924479,622.7457729880678,115.02560469130687,1044.7252135161832
M00791,Japan,core,99.33395841261392,190.0116171392999,239.09070704246383,216.38679896678187
M00792,Hong Kong,core,316.4860620950321,63.72747569159647,106.85290948481494,428.20104619603427
M00793,Japan,core,261.1731234709168,296.7273818071594,91.58322172778557,96.34516345113472
M00794,United States,gold,222.97532293670565,438.42533544326716,209.26706524533145,1079.1242134757658
M00795,Japan,gold,1342.106116667352,582.4552127849089,329.0709125493865,199.95295590792355
M00796,Singapore,core,1477.2754461320328,308.7489521575905,268.74857500191143,79.17305772703496
M00797,Hong Kong,core,210.66890704695368,508.31993425948446,151.59448503142406,86.51961111735403
M00798,Singapore,gold,475.54121054864885,136.1618162130893,179.23276824067548,102.00333573355614
M00799,United States,core,788.1927442471331,404.7674625448581,92.01680194133716,223.32428855009383
M00800,Hong Kong,platinum,1120.186837919442,1592.4883375647964,315.0293461322669,736.3581242613105
M00801,Singapore,gold,307.0147726965561,185.99594395012366,286.99604933498,283.6518960022836
M00802,Hong Kong,core,468.25364133123304,376.6364429984546,101.90191421874663,360.8651075732463
M00803,Singapore,core,678.3115424307632,454.62481235554935,262.94163261296706,119.4858807238105
M00804,Singapore,core,311.22318722247076,299.2273138399118,360.00608949252046,22.401287917660156
M00805,Singapore,centurion,1933.6651670306246,1039.0937399696056,482.7165335650796,638.3741814580444
M00806,Australia,core,624.0881014575053,273.57583349296505,116.51472458236364,718.6787442642261
M00807,Singapore,gold,591.7856846185867,249.91705668510167,152.52430207883538,121.48632028624267
M00808,Singapore,core,260.12179197252397,101.39553366169798,183.85725717683044,595.3241163868884
M00809,Hong Kong,core,175.01461889573352,1047.3930864986564,91.63806499744365,186.2218901807742
M00810,Japan,core,243.81073966155753,153.70390813907076,496.4268084462764,114.2758826244944
M00811,Singapore,core,532.500850389471,76.64605404812696,87.18211764194129,67.05399178060146
M00812,Japan,gold,1039.641750788784,451.98432521552746,290.7397015726914,254.50863818508088
M00813,United States,gold,983.5601587664408,230.72213572186214,439.96577781806417,301.10264385256687
M00814,Singapore,core,150.80586818414557,1074.6945165073957,275.40275345224285,354.2411505221322
M00815,Japan,core,226.20124085507146,664.5212240177594,242.56477117206921,294.15715839732366
M00816,Hong Kong,core,721.8615235255687,270.3357906568221,318.4403404605831,1020.1722883631323
M00817,Australia,core,1062.8345447488343,1426.6225475427796,189.2147645301508,143.1348118220244
M00818,Singapore,core,166.50137550427644,108.15212814708528,105.62946929196934,497.8657267174406
M00819,Hong Kong,core,448.5662457230826,944.5458866224744,400.67449007080995,163.02707386778613
M00820,Japan,core,532.8380367158087,317.56550773031773,74.50394498920234,169.94690940366573
M00821,Australia,core,511.43762322702287,145.2835757021657,226.49153394403314,79.055352067196
M00822,Japan,core,377.4209876800349,399.95980947763456,192.09979661863318,303.0567325498663
M00823,Singapore,core,459.9731121281357,139.67458566197178,81.90838568101357,85.17032055734043
M00824,Australia,core,750.8831240756089,382.95250979925015,114.85812435147852,185.67393634362546
M00825,Japan,gold,1026.185852107253,128.22436640531015,282.8773595369014,817.7265614899742
M00826,Hong Kong,platinum,3086.6992612553963,1159.122002342478,941.7989797757524,617.3597435528775
M00827,Australia,platinum,2323.8517523752203,340.8624410830308,392.6984553806207,127.08953613319547
M00828,Australia,gold,442.8533493443156,2115.700999901192,360.83178814204985,501.3518428271111
M00829,Singapore,core,322.262184675617,489.6020125830651,233.62768984353806,222.13678114807183
M00830,Singapore,core,319.99236666919165,901.2588118967944,83.53258678954217,68.53110026105553
M00831,Australia,core,302.9474237320655,202.9513818143523,63.51488669101389,80.02034766057862
M00832,Hong Kong,centurion,1316.6665577311796,1327.6437286452344,653.9317044440668,428.3524401356083
M00833,Australia,gold,664.12879532881,661.7261660155992,239.43089186726553,676.9656424076028
M00834,Australia,gold,805.0822720589808,128.19072610732266,214.7580755727926,614.6822654875821
M00835,United States,centurion,1935.279089853125,928.1387867594675,793.1437076509839,490.87452620102925
M00836,Hong Kong,core,804.6692964409958,257.49015010271984,104.39971760145286,1537.4549328912688
M00837,Singapore,gold,264.3713275710039,526.1482764955584,176.5794953168711,514.0856972387293
M00838,Japan,gold,192.80143902606494,1643.880081132885,190.75838382542122,133.57784873830084
M00839,Singapore,platinum,957.0569283605546,500.78009366131664,174.16723779735875,278.64437128300955
M00840,United States,core,331.71683563609594,473.8593773917029,124.6871536135304,55.44673451381258
M00841,United States,gold,286.9121640679049,1128.1525524780407,108.14018114998755,120.10771133881268
M00842,Japan,gold,572.3157511325815,141.3095106278712,464.4255310417391,143.12611314094912
M00843,Singapore,platinum,1080.4502772941607,366.2424391251459,418.43522958299326,2287.548095974458
M00844,Japan,gold,244.55204555190195,406.9993558775088,220.72118805235104,661.2573632583578
M00845,Singapore,core,412.4830229100618,239.5915080954228,295.764399625295,153.1224585243661
M00846,United States,platinum,1477.6771087235147,578.7072828257354,387.92635917528156,127.37041396086991
M00847,Hong Kong,core,3366.66856992272,222.23175467751972,273.9158520082062,380.0275302728041
M00848,Singapore,core,276.066651944872,139.45225957954693,165.15476022836458,106.29077446068821
M00849,Singapore,gold,373.372858089358,404.6949894225923,358.61531071443335,869.6351928658833
M00850,Singapore,core,241.7542500591544,928.6853511443518,262.5283813387246,336.08346081662745
M00851,Hong Kong,core,262.5592179719091,607.3108317263545,227.06947550592986,56.311559077045516
M00852,Singapore,core,295.06864912908605,852.5872826443048,164.47611002589758,40.94371564426151
M00853,Japan,gold,441.6167175863625,112.890470711246,491.41148041858446,308.9537133862802
M00854,Singapore,gold,271.6562562756576,1052.5645535996327,130.51547538624388,214.44441760529216
M00855,Japan,core,164.4074448605108,98.43911565555362,341.48671589870895,316.8893151792145
M00856,Japan,platinum,641.8722809711301,247.14347121596154,232.6830440637159,307.8024973718891
M00857,Singapore,gold,625.1880976787899,662.2728263535803,694.9890558688649,535.5851268562997
M00858,Australia,gold,348.5516066239246,830.0848236584918,150.00202740908978,251.54047987800197
M00859,United States,platinum,310.3374865651749,349.7097889491285,829.3744587577256,1307.713523208364
M00860,Australia,core,298.9096982143424,402.10135301860555,79.94127594471396,107.09257409485129
M00861,Australia,core,469.9202416740979,385.9129339505864,294.88045391107386,264.8961462168146
M00862,United States,core,243.17293778928342,676.7149433907548,379.32293569268916,205.7686758429492
M00863,Japan,core,333.0962756670615,108.10678898702287,100.14217350231121,530.6973140263887
M00864,Singapore,core,464.59199154708153,120.10721399643147,83.08552892796872,401.17124942209836
M00865,Hong Kong,core,287.6774751730551,325.4652696143949,222.8796178001722,93.35284102826817
M00866,Hong Kong,gold,535.7121119979656,275.374592537623,151.19270067138942,454.1883470358473
M00867,Singapore,core,66.95688977380881,85.22529603107607,308.6270495007252,119.94692487202617
M00868,Singapore,platinum,668.1063943458441,1398.4797115238632,477.93423596538423,239.84390338437382
M00869,Hong Kong,core,354.2783723400355,854.050868281846,109.14410168612126,147.9686794603977
M00870,Singapore,core,268.3754594956396,119.0441258844969,92.704895116515,668.1743414530345
M00871,Singapore,core,247.5619631843772,243.21498408031724,78.49949429636875,159.9655080718043
M00872,Hong Kong,core,216.77019223283372,247.57833085552204,431.41163151244626,26.856399917753485
M00873,Australia,core,1774.0210066271477,1295.1938370759901,161.811374122441,123.45882145529585
M00874,Hong Kong,core,1366.8962573933982,488.6272221694746,332.98111081416016,86.16327050403326
M00875,United States,core,337.4732861618964,98.22204330656243,103.94375085054976,881.0955697470034
M00876,Japan,core,249.76032009177538,780.9051917553982,157.2682126774732,1927.6288109056266
M00877,Singapore,core,354.05700433938244,528.2807558283054,123.78391240006844,432.55330661790987
M00878,Hong Kong,core,310.5573617594049,751.9332006168576,186.03821981405432,179.10007179559162
M00879,United States,platinum,277.8613139264078,251.1482285760245,301.7831570186596,172.17399488388682
M00880,Hong Kong,gold,1921.4923389745222,313.7354203574852,263.66972339255307,336.9037972110915
M00881,Hong Kong,core,1099.4692068996592,142.41326536634,162.0627028094555,671.1458880407603
M00882,Hong Kong,platinum,421.7047247165861,578.4277530261165,423.8034405421888,419.72622325834135
M00883,Hong Kong,gold,141.3545654896229,1202.6504541973252,342.93924800097597,103.66166242466149
M00884,Singapore,core,691.4778735143216,504.7146700503284,141.22732984912057,98.4556451743616
M00885,Hong Kong,gold,315.19874455184544,686.9232077365989,346.4020130455307,351.42271486002153
M00886,Singapore,gold,1749.2030510274797,708.4880357282187,947.5730159826147,220.02979436925247
M00887,Hong Kong,core,260.7218018592249,476.74715459818054,200.6433026724299,588.5541093792415
M00888,Japan,core,711.173210798656,151.21703293716536,80.11455583793143,148.00302025651635
M00889,Singapore,platinum,773.2545486766709,627.8480355255915,505.08887926147514,505.42954832977523
M00890,Singapore,core,390.2068372609177,576.999245982073,376.331682310963,884.5532222662487
M00891,Singapore,platinum,1693.7233077868818,1079.8951557885425,479.57818979374014,555.8069153738502
M00892,Singapore,core,430.4656005513727,112.09354919476418,113.6889465139365,253.11254846988533
M00893,Singapore,core,288.5943771747716,96.87734316602513,224.44803988425113,209.67943335899943
M00894,United States,core,176.30014090907162,478.69699440603097,252.6409548047706,179.28186478418988
M00895,United States,platinum,638.9962744945382,760.3541000862382,747.312006498919,224.20916405802262
M00896,Singapore,core,411.8006629460327,357.3050874702931,238.32033980976027,96.45686482221366
M00897,Hong Kong,gold,458.8703598078579,1148.3368080105636,133.73124849798103,717.0920506198257
M00898,Australia,core,917.9325010582064,155.1754443792902,758.2093096508921,147.5387183399619
M00899,Singapore,core,797.9628178386229,620.7048789450037,269.48137144270834,18.514178854522406
M00900,Japan,platinum,276.04145211915,619.1445500128686,493.52143865445544,1737.2164354267095
M00901,United States,core,1528.0477683905262,274.71687510333703,44.560189240069384,671.1997172018681
M00902,Singapore,core,216.06877398378344,590.5760362552832,69.24546652848542,135.6164914710432
M00903,United States,core,190.96827686388764,80.50562880220339,408.23671796700705,273.31816454392646
M00904,Singapore,gold,603.1854370929383,125.71048254776265,255.71033170541762,269.4254334371282
M00905,Singapore,core,933.4596340448539,543.9378505143941,92.35473097961057,1287.6920217605407
M00906,Singapore,gold,495.58216573866514,362.7437202349454,147.5234825228934,462.5496405053975
M00907,Singapore,gold,265.90565440322536,1043.713011658472,153.4779127756663,438.4146551336819
M00908,Singapore,gold,702.9609478177395,134.32296488845535,713.960160378052,77.88646874362519
M00909,United States,gold,316.733326600619,350.9848871252041,322.38293548238556,1215.168281814913
M00910,Singapore,core,1260.562063590039,356.333631190575,311.6590174279727,33.57737511240224
M00911,Hong Kong,core,327.60177039722316,285.10624697273045,465.2586395177707,239.39569919044573
M00912,Japan,gold,252.83209482192126,672.4313556855385,1003.3689938595835,24.4417100484741
M00913,Singapore,core,666.5989164881207,422.8200696563578,51.18952974846699,108.3229034107995
M00914,Hong Kong,platinum,1392.3410468866125,640.310256261457,975.675635630547,329.868457082081
M00915,Australia,centurion,3547.5358595008784,505.4378400441407,492.55348635038234,383.4567401843509
M00916,Australia,platinum,1327.6541570462737,1449.4007531145646,459.9769668313864,150.56588776425426
M00917,Singapore,core,395.12465703774126,129.59019981628825,177.71779942737592,27.978035667196046
M00918,Singapore,core,374.508258256278,208.1203527353877,346.45136161774093,98.42043040610925
M00919,United States,platinum,1235.5393122536948,244.38828169165143,286.9844932042871,1360.6493339750052
M00920,Japan,core,160.2923440937994,641.5161309810157,209.2449205913509,103.98558451005353
M00921,Japan,gold,315.9961022322075,315.7459368672814,388.44430934610114,350.2161934892268
M00922,Hong Kong,core,500.4153634278385,290.045091922361,119.42511623267261,669.0909776534735
M00923,Hong Kong,core,261.52243999800146,1305.444143386916,192.31114638844787,76.6193966871578
M00924,Japan,core,255.86778516847318,444.3128755224792,119.72273297641713,528.5183728498589
M00925,Singapore,gold,432.66977692578183,2360.212305329682,489.65768402469257,136.99013694373284
M00926,Hong Kong,gold,922.4043881864284,611.6071807469312,211.47599964700424,243.86937115979876
M00927,Singapore,gold,649.617767031296,660.2163765559686,394.80565994206756,146.5236046868841
M00928,Singapore,core,787.6150247024948,38.680632157805725,245.3307987681526,911.950452094338
M00929,Singapore,core,255.82527082383595,348.23938398786345,251.51319914251036,109.08019481149401
M00930,Singapore,centurion,3441.2448377858987,1245.849092593443,670.6129524901254,2420.321180843682
M00931,Australia,platinum,668.8275607243735,411.8830298903602,323.48837003388553,586.2239171053981
M00932,Singapore,core,387.6431225300997,467.46750830674154,112.48652652006413,419.78108845316115
M00933,United States,core,286.3561596848544,328.83849539347784,61.03724821517869,193.17414323419803
M00934,Singapore,gold,340.43276796826876,136.4699262365362,336.3571917216965,232.7688112878138
M00935,Hong Kong,core,308.78102853951316,710.8141572392545,237.92631993090512,91.20239440421308
M00936,Singapore,core,517.6757440147826,339.32943170515574,282.7323778726844,230.89014065257712
M00937,Hong Kong,core,979.1559930134118,258.4718773898986,117.85106069303895,196.12126994380446
M00938,Singapore,core,156.78577939717488,154.03151129536874,109.72022753368954,505.77349530429063
M00939,Singapore,centurion,1002.7726554892793,1312.458224801904,774.2801628739813,2468.8603163112953
M00940,Australia,centurion,1101.6800601961854,1709.7559794957622,390.29018188613264,2113.150100205321
M00941,Japan,gold,358.51163889771294,111.07543787689363,196.43282669083172,151.64117828573637
M00942,United States,gold,589.9774241267651,867.9788083390492,371.38233126223184,423.64288302096884
M00943,Hong Kong,gold,520.3352550172832,458.9719912474205,106.62171454124761,666.9132321467288
M00944,Hong Kong,core,211.01767149494842,165.91694536140375,163.13534868834319,111.46967214225542
M00945,Hong Kong,platinum,1445.0488799014747,5194.712057037098,1033.3877634740074,824.1450800855496
M00946,Australia,core,590.9922598022597,1065.4481877574078,167.0434129539031,243.49953733959606
M00947,Singapore,core,250.57456345203494,147.82646701691053,128.97547679364584,226.3783350745822
M00948,Singapore,core,79.77592227312859,226.98874619024411,181.66931218173522,190.44570227554885
M00949,Singapore,core,750.922722048911,255.68825845225552,266.46180242580084,230.89793608618226
M00950,Singapore,core,167.60396181431193,403.2170445526921,153.15633986354476,35.67145992084969
M00951,Hong Kong,core,349.9071171706502,173.54520494993713,66.29560708798944,131.0675454189308
M00952,Hong Kong,gold,269.0629831626993,154.08689472119673,391.2682810303967,569.6098980085723
M00953,Hong Kong,core,765.6462399087146,772.7357957729871,130.4716278647529,568.3186921978081
M00954,Hong Kong,gold,470.00635281271025,267.29857231917424,101.52758010066833,151.21955372447567
M00955,Japan,gold,876.600811007575,488.36946597647625,154.80906544172072,536.8738641645924
M00956,Hong Kong,gold,3146.0810285107395,1536.3424303256431,151.15295509517009,866.1714568366185
M00957,United States,core,2020.7240706369105,221.13883549451015,269.63814136107186,50.66246247418473
M00958,Hong Kong,centurion,757.9536492854858,839.3503796203933,724.9632355408107,495.62097147866405
M00959,Singapore,gold,455.56224082201214,872.6736565965841,84.62929174036186,190.47856393684575
M00960,United States,gold,599.4626001547723,133.7912654322124,216.43993416570513,144.85338915778328
M00961,Japan,core,256.5341483241863,84.02673799155487,64.98464978203089,73.80118846040293
M00962,Hong Kong,core,315.6548007676299,57.95060884827759,394.1649042257108,78.16522158077322
M00963,Hong Kong,core,615.5071642977398,240.0985636229589,205.94553233398173,178.60354212726017
M00964,Hong Kong,gold,340.4747055583148,481.7595080596179,189.1333981733777,74.29570799326028
M00965,Hong Kong,platinum,627.9584437559394,334.0084522119049,173.79653269364604,174.5568247985657
M00966,Singapore,gold,711.3538151814103,811.2295499778497,128.24492227216055,104.44562962078919
M00967,Australia,platinum,1174.0313167150664,1040.936304565166,314.23907139753425,739.2417753229329
M00968,Australia,platinum,516.1218307093084,1063.6779215502888,174.9341112080902,136.85287461293882
M00969,Australia,core,237.1683994913971,120.23624857118827,145.54051198971996,2326.57278764619
M00970,Singapore,gold,782.6234706205881,700.5690092118033,98.65373460797109,797.1370145266494
M00971,Hong Kong,gold,829.2409936658142,139.5535004578667,739.9004448760872,135.7240280413854
M00972,Singapore,gold,200.95504926209728,823.775179566098,659.8029153129924,1131.3834443323046
M00973,Singapore,core,164.950116970163,106.21748162768391,65.54511414502254,180.67120715199255
M00974,Singapore,gold,448.1181290161765,98.40019099574567,202.39425190590603,138.38891589556957
M00975,Japan,gold,935.8304990457762,972.4164322738627,217.11615861557038,513.863609041795
M00976,Singapore,platinum,426.96584135377896,486.75388754011107,395.6136626725006,198.45879628761026
M00977,Singapore,gold,403.3940413818939,466.2414570136537,202.16089591195032,200.6059479362664
M00978,Hong Kong,core,471.23255824343204,104.51781548466359,235.05714881790098,68.07752332574694
M00979,Singapore,core,106.28748887045485,316.2372708578874,79.92281933743529,77.00064889559181
M00980,Singapore,platinum,493.75500558406037,274.33411396913,530.4119712263077,548.9158592688256
M00981,United States,core,654.7867110766306,165.56433727268055,328.22500269330095,83.09662466294287
M00982,Singapore,core,756.6241536225207,519.0172972855661,159.93803021343146,94.41562764792056
M00983,Hong Kong,core,410.7337812448588,1518.5311447757717,144.39752400894224,107.09126908718115
M00984,Hong Kong,core,313.38118818468973,1768.259828169748,160.11355707978183,113.41886058955961
M00985,Singapore,core,711.3101790009575,280.3394068190255,325.42825708713985,326.763160827801
M00986,United States,core,301.08498843189426,84.47335294252689,116.9106795768125,290.1166354515086
M00987,Australia,core,661.3978877774543,470.2090507089567,402.5276653524113,144.03684640465195
M00988,Singapore,platinum,277.6123540817353,201.03050658126102,467.9428951124307,257.26755897161433
M00989,Australia,core,839.5260123943926,255.14351430815182,346.4451666366152,118.86500137710101
M00990,Hong Kong,core,571.789799892318,220.96592244592594,152.46585451141922,101.67646191731565
M00991,Australia,core,1313.915975865354,1021.0148331481579,141.29033372164815,63.2668395348965
M00992,Australia,core,176.52585549977928,165.32274944916702,827.2007284806984,401.2308743856899
M00993,Singapore,core,255.65682837436762,329.7486214945514,277.4540543014071,120.54189101370123
M00994,Japan,platinum,3821.640415758086,1934.7779733870584,128.11139387317567,177.2981903886309
M00995,Australia,core,695.1902032987826,1726.2044609008467,201.48836834422735,86.45324440801083
M00996,Hong Kong,gold,168.741376869316,389.15237679342096,839.2456419696947,164.37361975121615
M00997,United States,platinum,827.7254486000026,4374.165493336226,355.37714850172756,605.8920122407865
M00998,United States,core,121.58212177510767,1576.7261216963316,285.8925315188688,126.3838400016531
M00999,Singapore,core,304.4257130070949,126.71096516550223,62.45455150800355,652.9066861539701
M01000,Singapore,gold,920.2436785401621,311.3971542674885,288.55229335260805,840.2751722764127
M01001,Singapore,gold,647.9590018046968,320.9808323846218,289.4775649530398,169.3798372168591
M01002,Hong Kong,platinum,1561.0241810429093,187.8636913002599,282.6330880401372,679.8641735018269
M01003,United States,platinum,832.462606675956,531.5438745085637,464.0032511480365,349.80150430312
M01004,Singapore,core,184.26874518131814,288.64188450278124,498.2068943570342,565.6629221094864
M01005,Singapore,gold,398.91280441722773,449.006074778243,116.21910239793328,67.97516713634957
M01006,Japan,gold,607.5674353337982,1316.282320827204,261.4980077761174,209.3577081531963
M01007,Singapore,core,349.8896768708207,128.81260700693116,49.002844281494085,91.3763812177578
M01008,Japan,gold,2172.34020517697,1390.8607001318796,169.27933448641338,67.8607691063212
M01009,Singapore,core,505.64710969294566,276.451574331395,465.7872014874232,1236.0837885403046
M01010,Singapore,platinum,917.8757713953851,626.2199041034266,369.3769502624206,116.44307440012804
M01011,Hong Kong,platinum,3376.3631720923195,2579.248934790791,311.6616326974313,310.27409212274875
M01012,Australia,core,776.4485739917205,270.38092927989203,531.9169423864462,1822.2278081427983
M01013,Australia,core,891.9087219003243,1511.4948837593952,100.09524934890078,58.76333924237442
M01014,Hong Kong,core,565.3421872085634,379.52660388740287,120.05997748859157,126.39490134802855
M01015,Hong Kong,core,195.29208613464368,543.6120657826382,187.32098971564577,271.43642339574575
M01016,United States,gold,369.2850908167333,185.2048935382704,502.00305406971546,362.0187837853629
M01017,Singapore,core,517.9107386809891,244.43871653908081,541.5098229648113,96.29584459462275
M01018,United States,core,441.49561353397917,485.7294577382234,68.03532377677605,98.7625582245746
M01019,Hong Kong,gold,103.06588410677186,498.1225216289729,114.05710198391618,296.64456267166474
M01020,Singapore,core,882.4801162995918,894.7712922154641,125.84100997701441,115.66582372980541
M01021,Japan,core,349.41887857555923,150.82952113494056,361.43407694314374,934.9298182965694
M01022,Hong Kong,gold,838.8963233801553,276.66326144415467,259.9068947830116,561.8712922299152
M01023,Singapore,centurion,1245.4051776953122,861.516550055449,144.9566700235615,898.0558098825117
M01024,Singapore,core,418.8710826305784,161.72257458244556,263.9182042944256,306.09616650217424
M01025,United States,core,318.23605242057914,233.37552468844908,59.38060159956722,206.33453429884165
M01026,Japan,platinum,1402.0474451284097,2038.020396098602,259.48298163476517,414.5482576737402
M01027,Australia,core,735.081503509936,247.9543614846963,122.92192148728913,283.08281569450827
M01028,United States,gold,513.0500749230971,370.9393502505337,167.9827355309592,187.39680258700858
M01029,Singapore,core,1790.0365105415738,181.83229877066546,253.40019042367314,589.7669977238104
M01030,Australia,centurion,1655.01787035381,2119.3863118077634,474.0721634035878,437.5440767540055
M01031,Japan,core,404.0433958840535,123.55900357075325,91.24957713559516,587.5628877324638
M01032,Singapore,core,853.722937622663,333.67121977085554,141.2279241347784,64.06388547031007
M01033,Singapore,platinum,1856.0714917192668,700.342593783274,142.10416797033395,274.722409405154
M01034,Hong Kong,core,278.4196607094653,298.02195724553843,32.77174441715867,502.66436529630903
M01035,Singapore,core,338.9111308098764,253.72139487930122,313.0517350854527,62.32711579493489
M01036,Hong Kong,platinum,437.191936738498,3797.0270650603748,784.7155723502703,278.1279567654619
M01037,Singapore,gold,1347.479256059435,977.772934766228,434.233833670178,1760.5498570232332
M01038,Japan,core,1123.9989530526243,115.94424652966467,124.09551458077794,1141.7979846435853
M01039,Japan,core,286.55421087706907,289.0263201149253,118.76331137328737,58.68481690798125
M01040,Hong Kong,core,1307.6299565202235,299.52097010907363,43.31233154778324,145.45386918928986
M01041,Singapore,gold,331.6735889812132,533.9690848407504,81.58832045478162,199.672781535432
M01042,Singapore,gold,584.2794538840528,214.90420942388937,221.2833697331009,79.90568011698863
M01043,Japan,platinum,779.8543695279598,1192.6020705319793,214.7014710734846,186.95976853376976
M01044,United States,core,977.1812144003544,97.36563596707708,390.6068189004877,295.76116279198624
M01045,Singapore,core,174.8520804975433,355.3810383928139,326.48803281126146,401.35273268425226
M01046,United States,gold,169.85937437181119,361.22420827152746,184.2097545531233,362.98611103744776
M01047,Australia,gold,849.4783678916442,178.39291037826877,310.4216579042695,159.98690886230105
M01048,Singapore,platinum,444.1883781529755,527.8688142147895,689.8780554582685,813.8585049864564
M01049,Japan,gold,1372.713072509324,793.2317068926011,378.4259440895696,103.51346785750536
M01050,Japan,gold,344.41185018902513,544.799039899276,176.06774216806,76.00425764180603
M01051,Hong Kong,platinum,3413.5077722913484,435.50421424225345,904.1288401755576,326.39165238294504
M01052,Hong Kong,core,794.349319431552,288.38231555011004,249.32903804776856,31.69917379795272
M01053,Hong Kong,core,420.80010375261264,755.3402416847358,335.0255778766568,98.8054465209814
M01054,Hong Kong,core,212.13073281568444,670.830031543739,129.3376097537654,127.01043250465327
M01055,United States,core,1532.7080904054899,85.97767487699747,198.99592140770798,354.50668519147195
M01056,Singapore,core,96.26347108796547,971.3812194474808,55.705781824582594,101.5318461641427
M01057,United States,core,335.5539150115626,183.65888764817063,51.07627348111226,88.9042275461509
M01058,Hong Kong,core,328.8095669186377,877.0396886684746,207.02007223575217,96.47228237811927
M01059,Singapore,core,435.2776621398832,155.87597650838512,142.7050211111797,145.89053530013987
M01060,Japan,gold,265.0198309423858,1052.2775555409992,320.52815550257475,377.6048238082783
M01061,Singapore,platinum,1414.2580802048326,519.7021603610466,910.7868590226293,919.1379271031024
M01062,Hong Kong,core,160.8812564143535,176.05130937769178,220.19587118928047,947.4422511300503
M01063,Australia,core,546.8157159121284,354.2900962170607,137.08700252643678,172.83189401326038
M01064,Singapore,core,649.1827065711268,480.8471133216184,105.20649783423768,116.59206234050649
M01065,Australia,platinum,687.1866692546246,54.779121581727786,516.7523306874472,2989.5223525962638
M01066,United States,gold,802.2291009986227,525.8733842390841,194.54981276557436,99.42664905624123
M01067,Hong Kong,core,374.9438391479887,373.7964018044508,211.14882218183865,162.38890762669453
M01068,United States,core,669.3423403845011,133.03984757696912,74.02125586777919,115.6427200175246
M01069,United States,core,1244.9381372825753,234.44791517846718,319.46063602612406,666.6106768171052
M01070,Singapore,core,175.5371372267773,555.8437426461547,27.605382072550476,192.90612977035605
M01071,Singapore,platinum,985.6769367012324,384.55984713930064,197.9268920357443,505.75176923737763
M01072,Australia,platinum,296.67547615059584,576.8134347478081,96.36249359691178,829.3572381278353
M01073,Hong Kong,core,967.3416432040327,195.7381033928194,110.64002602634741,105.11070562496796
M01074,Hong Kong,core,162.56688749465988,77.78105885542911,268.43004268788013,518.2781270559926
M01075,Singapore,core,1549.6092804956656,170.9097501380449,175.71316565997037,19.584368615384488
M01076,Singapore,core,600.5913672099657,200.50800775001224,108.000170821981,132.82167980128742
M01077,Hong Kong,core,655.4690178266973,229.25096806644504,152.97259394172366,76.31296239740979
M01078,Hong Kong,gold,900.0296421044834,587.1525776810265,159.75646455187848,98.33344786685218
M01079,United States,core,3672.925930407449,1254.072158594398,161.5555348461486,121.87836834269145
M01080,United States,core,950.1353203580928,228.3509060776307,227.15100772329316,278.3695864680641
M01081,United States,core,371.7736066002852,64.81121617651765,313.80870963603485,25.980786525083207
M01082,Australia,core,587.4825214087793,180.21705614335417,108.93075654660058,1073.4866549901446
M01083,Japan,platinum,956.4083275964691,152.82772268573387,772.6007335212327,158.57398845885368
M01084,Singapore,core,520.8871747648224,596.1980172463053,103.27998488523795,102.88001005365044
M01085,Singapore,gold,410.26378762241256,689.8949892236931,54.60406231654074,731.1188820579033
M01086,Hong Kong,core,440.97317351551527,374.05352893524775,213.50687510808913,608.0771941531718
M01087,Hong Kong,core,128.43583566260162,313.8603245419434,417.888020638506,164.50530830991764
M01088,Hong Kong,core,398.19350859424094,414.14990496119935,630.2654446336801,1828.0949860991752
M01089,Hong Kong,gold,808.8247465477073,285.9284070007728,70.39597514881466,400.1593092153458
M01090,Singapore,centurion,930.3452178652248,689.5783995485021,522.878799679791,215.42821307085572
M01091,Hong Kong,platinum,734.7459950292897,819.4670254693997,299.2871948163502,307.283034243973
M01092,Singapore,platinum,374.38913765495425,771.8465806749465,127.38851784738608,716.6686438785761
M01093,Australia,core,104.99055358783711,251.11375446626255,513.8780973664719,592.2928047309845
M01094,Singapore,gold,246.28683897165698,383.48237446989594,306.7925017592893,98.02676764510596
M01095,Japan,core,321.6237961132128,307.47171440728,56.92703917708126,303.45690311210933
M01096,Singapore,gold,419.1595231445779,321.3675019386922,240.29291424319715,416.5046279715695
M01097,Singapore,gold,896.6594722360047,228.23855528189233,93.22756889415355,938.4520439592677
M01098,Hong Kong,gold,1377.0442715699494,637.46288472376,44.2827139887311,58.86636733610761
M01099,Japan,core,255.38415296469233,1120.7913157475061,197.33502423718437,41.83438730786294
M01100,Hong Kong,gold,342.61392399318646,469.7930559042767,102.30816629321993,76.78130151439085
M01101,Singapore,gold,413.2963533617595,391.21474408363935,131.84896751026557,470.69810428492633
M01102,Singapore,platinum,515.3675483808217,404.91976014217346,516.9481526459327,100.34567877118717
M01103,Australia,platinum,654.8237564245624,227.50566036867806,261.17024103293124,923.8072519520547
M01104,Singapore,gold,1335.2138533339876,80.71468111229616,226.86179488930512,253.56128414507967
M01105,Singapore,core,805.6628023298742,742.0120314967107,92.35894656935008,202.7332937218731
M01106,Singapore,gold,861.8877700097272,782.3193010166955,264.29078272424164,189.10349954293574
M01107,Japan,core,169.50905919466103,306.9493380301963,325.9164926115632,701.4181641578127
M01108,Japan,centurion,1718.5845715071619,1798.188307990984,867.6209756242455,111.43632657239702
M01109,Japan,gold,411.5354875503047,911.3826465002936,140.01608797477627,68.8345653098822
M01110,Australia,gold,157.63107033931087,614.2843375117382,345.929921762011,313.594144179711
M01111,Australia,core,486.7266101752845,408.49133113219847,183.8120385575736,68.09264633018213
M01112,Australia,core,1251.319136139687,524.8858369993467,117.7271097785127,340.1497837378322
M01113,Hong Kong,core,498.161743285704,62.24677398297387,202.93658418873036,311.1773464838146
M01114,Hong Kong,platinum,742.1055945763621,963.401665480228,395.4056016828491,193.18928480069195
M01115,Australia,platinum,1152.561572285668,986.0072481770244,264.3036269729474,207.72590299095347
M01116,United States,core,149.17541159094546,130.95883968899125,108.99234167222545,1130.311917996268
M01117,Australia,core,218.1447482896188,100.6493148011023,196.36685046999028,63.621112336198614
M01118,Hong Kong,core,64.790550058085,325.8682294444963,132.7578833872144,72.75946043662547
M01119,Singapore,core,511.889595979726,470.06738975200926,193.3772876900812,187.81284013318006
M01120,Singapore,core,128.218165450999,43.26902927703018,116.16477254501932,251.37334449243193
M01121,Japan,platinum,544.9755798184523,788.0944754300274,210.26586750655596,260.9295842328924
M01122,Singapore,gold,440.3762145627737,442.210845868131,148.80223273849955,245.0393881071722
M01123,Singapore,gold,824.4184366752858,249.3439817637156,348.3415786153699,532.7927294553219
M01124,Singapore,core,107.07188723029935,314.46703437181145,71.9322671341614,2687.023891413868
M01125,United States,core,221.79012244254454,823.2460542151266,185.669735173337,109.93241356222394
M01126,Singapore,core,452.1362397286581,1102.0571600016954,115.98255606975408,49.71462062868933
M01127,Singapore,core,491.88901162162205,797.686593616042,54.8650697781337,83.3313452125608
M01128,Singapore,gold,145.33996736534897,755.874199576627,300.34766602815773,382.4628656226922
M01129,Singapore,centurion,1296.837698877673,283.53894650213584,2002.9575653936213,858.3777795422808
M01130,Hong Kong,gold,1117.0114535630303,642.133266980678,92.25723495404024,274.7575782239461
M01131,Australia,gold,539.9758167714466,450.2554027961917,112.9488200637781,1290.6355453872634
M01132,Japan,platinum,2022.3077469158486,194.0150959102155,117.7408721670285,171.59827206839074
M01133,Hong Kong,core,133.08873323741196,123.74967717812075,211.77744563830083,145.25929670053964
M01134,Hong Kong,core,1875.2767782094295,448.755661593675,91.13003482493329,60.50953544498793
M01135,Singapore,centurion,921.9011435407082,1065.8462164574607,907.3144294116029,177.12658273516428
M01136,Japan,gold,2096.447527464002,1524.6152986232119,152.99460851241145,70.27465741020349
M01137,Singapore,core,320.4588280113922,795.0744543673874,276.53311243000996,522.9266759212375
M01138,Japan,gold,585.4819675318531,409.7412073308632,36.892473890760854,202.93954801067045
M01139,Singapore,gold,241.28693654330615,225.7715539390032,89.69043074090355,1615.597562190054
M01140,Singapore,core,295.5091859603105,273.5135092521574,248.43140973092648,175.3806928542023
M01141,Singapore,core,690.2128824842006,258.173891200152,193.9966774280969,113.2215130845633
M01142,Singapore,gold,868.4330997123121,522.5462999349585,233.62763922251457,593.3610622828073
M01143,Singapore,core,1087.358869013355,192.84652961045722,241.91216238865874,327.00272867017327
M01144,Australia,core,507.4569985580444,163.76168604500697,216.86976278960316,3342.034200341545
M01145,Singapore,core,1600.9584323287074,421.40766195355866,247.85259026879615,303.57187965701183
M01146,Singapore,gold,1375.5611000297965,2049.465438101261,310.0685436344364,767.3036842849843
M01147,Singapore,core,86.55752782542908,207.1793999870885,124.43683291409631,241.59446492807498
M01148,Hong Kong,gold,1360.077994030557,542.9952541195472,384.8202674554402,389.61137789985656
M01149,Hong Kong,platinum,827.406312979671,253.96856819470523,99.84863090806455,175.11093815614032
M01150,Singapore,centurion,542.3090313953894,639.086433728837,569.2323201722721,2152.5323853518926
M01151,United States,core,68.63242308685561,258.6391198685051,96.7881608836917,280.5184334288107
M01152,Singapore,core,802.7547462727305,63.22959076022847,324.1754699670904,227.81090897667423
M01153,Singapore,gold,1463.8885216778501,1546.1767639368454,461.88841037302603,560.699580202923
M01154,Singapore,core,873.7786846764608,570.4645301370906,54.112038134221436,171.3717225461428
M01155,United States,gold,1158.8731488952214,704.8550206266766,202.6115134749362,70.22846819093226
M01156,Singapore,core,595.9101254033002,53.790091490250255,229.45350970097903,244.9720116412783
M01157,Australia,core,151.2613497673369,387.4078092541636,194.56969010270333,52.347809921132885
M01158,United States,gold,932.3582969847989,189.94740293263717,226.02708579407405,652.505601252636
M01159,Singapore,gold,522.9285623889118,2222.9651590924464,207.30887796652465,219.85434679214268
M01160,Singapore,core,797.0057485325482,141.22717706707311,249.57964725436625,116.07821358322268
M01161,Hong Kong,gold,535.4183929302533,272.4137670903714,284.4904112170659,630.802736509972
M01162,Singapore,core,643.9246656614544,270.4323928034894,162.6090417268138,219.234703136268
M01163,Singapore,centurion,3828.328600854157,1950.6547563309823,590.8898628289479,1382.3631519202581
M01164,Australia,gold,2539.93206211027,1131.6555390477674,256.2433600914435,764.7971458411425
M01165,Singapore,core,937.8109635104529,292.2516048619334,178.64084596381167,193.92373809111663
M01166,Singapore,core,966.091689474995,247.3565643718422,93.54591550541149,367.01962096228624
M01167,Hong Kong,platinum,1018.6328156300065,948.6220939687489,597.761298791545,202.92420573393613
M01168,Hong Kong,platinum,968.8454160413564,642.263640935265,466.64013058172895,119.61913928221485
M01169,United States,core,283.89785313612964,1088.531943706563,288.3981172446736,322.24008458790945
M01170,Singapore,gold,602.4373519891668,633.627779042622,332.49218210078095,71.53072982442893
M01171,Singapore,gold,653.053839268479,197.1917680811463,100.0876753412554,211.06965690000646
M01172,Australia,gold,451.5337650679369,429.06720348685667,117.32422656661838,831.4318720696049
M01173,United States,core,650.5703471426002,219.97245810353644,377.99315753485536,361.4448077621315
M01174,Singapore,core,514.3910582138407,937.2638094669569,133.68942100619068,69.00729196980643
M01175,Singapore,centurion,1302.6444029283753,940.1870580983999,741.5831066547396,2063.0776389746525
M01176,Japan,gold,653.7814213278979,361.8410766181661,230.259152725739,183.8976966074158
M01177,Singapore,centurion,2228.267620011186,3624.5718792890316,953.2245228640435,413.4626479566941
M01178,Hong Kong,core,1987.9126125074938,201.2270445525895,209.97700807729515,40.087155609215564
M01179,Singapore,core,964.0073338125866,182.00597227049275,121.7256907412433,125.29296682900798
M01180,Singapore,platinum,1113.068633470956,193.61792704555418,276.56862341217277,596.8075950692815
M01181,Japan,platinum,2332.435354828032,850.4154105343673,239.27013243754277,500.36486073521087
M01182,Japan,core,195.75250806045446,449.7246501223226,39.51042181088682,198.38506784477164
M01183,Singapore,centurion,1167.2210570950062,3598.811366037609,526.8459037063907,1603.4642170710567
M01184,Japan,core,526.8527844032145,375.619682792264,105.4119466935492,69.06042756623465
M01185,Hong Kong,gold,935.2023550390526,519.479560582544,88.57005822212301,128.390988087276
M01186,Hong Kong,platinum,1575.338884635282,2885.407878742211,1380.1152828232725,161.9835878314658
M01187,Hong Kong,gold,518.6232964938645,480.17368559520537,96.36124907344558,126.50760484005154
M01188,Singapore,core,1330.7892392329186,291.3981917663369,79.24516305731743,164.24079414317055
M01189,Japan,gold,281.51350117608456,2387.864112326385,196.30848256774354,402.71552673109267
M01190,Australia,gold,1043.3385810596783,504.6452490579841,202.27671269453907,461.87225203375885
M01191,Singapore,core,866.4674902743277,745.5700004797642,88.39741571657014,282.5764222356973
M01192,Singapore,gold,765.1594276060094,194.248463202533,132.79971786970702,577.5102625780536
M01193,Japan,centurion,589.4667750654238,818.4660774656155,765.0288415455341,2295.869010504523
M01194,Australia,gold,896.671641172498,833.6952427830345,191.1012360166681,1056.9329590968744
M01195,Hong Kong,core,440.8439981259365,357.9447567998818,81.71255764167624,92.47937428166782
M01196,Australia,gold,432.48381054894935,1236.8564095948875,167.9971256253014,526.6294675462857
M01197,Singapore,gold,375.1518736040807,1715.3821070073204,503.2166377033409,535.4656887753412
M01198,Hong Kong,core,98.45128474028007,248.3621546352824,529.5931928710526,312.54895448812334
M01199,Singapore,platinum,1029.2982760545829,642.4180204996312,482.3658160990433,302.0161800969506
M01200,Australia,core,402.94250897201584,84.67661379843902,134.08519056917842,1209.0466790899488
M01201,Japan,gold,408.51663262100175,555.7116409089488,148.3157060437066,254.18987118991578
M01202,Singapore,gold,168.20593069108347,441.4312464378761,192.36064207613285,568.6057696270616
M01203,Japan,gold,1408.9047630500284,522.4220601129882,241.65616110182017,228.70564190292004
M01204,Singapore,core,165.37372746495225,406.23622370768743,329.2728045787741,103.188391828867
M01205,Australia,core,486.7611325142563,267.96153756746264,95.07895771175329,331.59669214683413
M01206,Hong Kong,gold,542.320972952009,1167.483757132734,337.2322186226575,354.8225206126592
M01207,Singapore,platinum,338.81406150410174,1885.4361859170265,726.2946111380481,874.1652962979117
M01208,Hong Kong,gold,178.63578551272545,1239.0622031655175,302.4486455350064,149.09192930945179
M01209,Hong Kong,platinum,4506.873699405631,396.07550408550946,310.2204195116643,1005.0622126617866
M01210,Singapore,core,249.9107795212973,150.60978889179336,164.95045300839448,147.10243734952454
M01211,Singapore,core,279.53021442267766,130.24672381712793,96.98046286481845,40.0898648020533
M01212,Hong Kong,core,1090.0996879323836,328.47285426476,217.73846436481728,681.1374367583419
M01213,Hong Kong,gold,1057.9914215627211,563.2364145053319,439.2232828649268,173.39547864107476
M01214,United States,gold,276.32043808156624,1522.150176592168,176.31205345698206,468.048853878376
M01215,Japan,gold,467.510098870182,601.9704655902638,682.0524701108092,1048.9132742394017
M01216,Hong Kong,core,421.74704647087333,369.01348206373626,251.17301924567852,106.77786663753456
M01217,Japan,core,527.4440297109128,282.7514353746175,338.80797945992435,347.43993747512496
M01218,Hong Kong,gold,1101.789010835151,789.6138929426402,446.2241353228618,1633.2891843510092
M01219,Australia,gold,627.9251747456208,258.0312108963147,515.5868767427769,857.5013962111851
M01220,Hong Kong,platinum,1600.7519281403752,875.5183883908159,696.3530100724203,668.3800290724815
M01221,Singapore,core,409.51411596589827,342.12369071776385,165.31704920165944,218.29528581726186
M01222,Hong Kong,gold,935.7211286936576,293.7906692654392,683.2398312290824,397.8317478946117
M01223,Singapore,gold,959.161536613691,714.1655157894612,215.90919898785933,305.434576265198
M01224,Australia,gold,859.1527087855717,636.1811924004193,234.82143880449993,246.62517905945097
M01225,Australia,core,628.4035863290834,264.21623433095004,450.5218360490571,196.9240883039875
M01226,Singapore,gold,222.73583972544154,150.88489099055957,481.0192098247789,288.1980586702816
M01227,Singapore,core,987.4390557360866,166.53722401827494,81.98531715258699,169.17428521046116
M01228,Australia,core,180.38389046332867,315.9449969790104,343.9777609092319,419.57847522723273
M01229,Japan,platinum,552.7991997428485,541.1820345850506,194.8723068146481,438.82112637174214
M01230,United States,platinum,391.7830495413812,130.97256180261044,423.6292305088717,271.8453769948879
M01231,Singapore,core,284.9404664180821,217.7669172366836,129.44867023396023,214.94725667449555
M01232,Japan,core,1019.0024205356754,183.6757662949151,102.62871137943118,97.24646804684176
M01233,Singapore,core,230.3756940225698,545.7020404782639,119.82298232279426,548.0801519673705
M01234,Singapore,core,1607.605949894429,98.50189958557655,26.22674247428756,385.7990099167739
M01235,Singapore,core,365.95882445428873,154.17767295404136,156.7328980937838,538.8989351216414
M01236,United States,core,330.93493985936567,205.82893395806408,170.8102110727659,138.81144563374338
M01237,Singapore,core,219.4541449140196,1251.4661652837283,91.31605766190268,354.8577401161103
M01238,Singapore,core,890.4911234772321,364.3174575882024,195.73462394539115,566.1589465808429
M01239,Singapore,core,437.7692473818415,335.00196918482135,209.01081190503496,84.86538554324383
M01240,Singapore,core,546.1664752406962,643.4207857960844,469.34454842313824,71.8678056091796
M01241,Australia,gold,302.5039059611885,892.5857595195848,815.9561520607073,387.83065206001294
M01242,Australia,gold,1997.3719942985706,334.2169241275968,194.7553199644365,242.9877584281424
M01243,Australia,core,65.43262160896936,767.197975303501,318.95719867621216,513.5313576750618
M01244,Singapore,gold,855.5753864164708,219.80264757903566,164.9431104249512,531.9420313346061
M01245,Singapore,core,520.9428252793754,172.59680839587165,207.83843424881277,372.5793829005189
M01246,Japan,gold,366.39333435187666,242.44304503427912,267.55478512607766,2426.153575496337
M01247,Singapore,core,475.23595780090733,624.9779768591261,659.0968305663604,258.1138554855887
M01248,Australia,gold,803.5387524178191,154.8147995121157,441.5069800894925,308.2162307491266
M01249,Japan,platinum,783.52308282205,1016.8672958036016,167.8686086167269,640.2525553229497
M01250,United States,centurion,341.6683487198232,1590.442755608935,246.71913274591486,492.37532089704416
M01251,Australia,gold,432.5892588147095,684.77350737673,845.2935611815151,806.429997721263
M01252,Japan,gold,506.5550379109989,2988.2010992168093,122.30696391576338,70.60109685224987
M01253,Australia,core,371.1223291600874,64.97390903325683,190.98928683509345,152.43721122959866
M01254,Singapore,gold,541.9660373747347,619.8598789708076,309.7661385048174,610.984041907932
M01255,Australia,core,183.94903930826408,293.58996257256496,106.18080246267778,141.73610534786823
M01256,Japan,gold,360.46822725982304,438.1966733882436,479.96413944877196,459.65448244567744
M01257,Singapore,core,105.31110288843615,60.38817134066364,327.569506621946,710.4757732184457
M01258,Singapore,platinum,1533.948647047106,791.6474459995646,381.9588884926317,704.5536200626782
M01259,Singapore,gold,714.7738701432205,552.7649091150348,139.36474779809035,487.56366272542687
M01260,United States,core,248.7514729465457,878.3119159360732,83.12695148405479,149.55578981186753
M01261,Australia,gold,627.2334138238788,121.48774193697137,204.34447992976814,165.95272006877727
M01262,Japan,core,529.7576964641607,167.52891520722986,60.47064453570438,35.904056099723455
M01263,Singapore,core,120.30826940389863,306.3118270370106,115.44065049207991,171.3990412603458
M01264,Australia,core,1351.5336431304167,840.8807098499349,74.83441328743008,513.6040533552292
M01265,Singapore,gold,224.24908652893933,672.4349698529902,343.89934314801695,1569.305942463423
M01266,Australia,gold,527.5005474818308,1022.5481875617231,466.99285889772597,137.05750332018957
M01267,Australia,core,697.1098719610234,345.3394805429504,280.9591381801336,250.91066469845555
M01268,Singapore,platinum,337.60786919853143,403.09630041278274,1182.3539221701128,413.6930663607089
M01269,Singapore,platinum,665.1134014488738,1392.392298872861,130.49351787341988,539.6843879632419
M01270,Hong Kong,core,170.16756198934038,789.916128616529,76.32082764180059,188.89126012068047
M01271,Japan,gold,197.8889377052354,1155.2535533312036,202.86274528150568,204.3291151722917
M01272,Japan,gold,835.7976470046095,994.1037473885491,126.43430175079013,260.43845335991443
M01273,Singapore,centurion,805.2705010822189,607.0514909351346,693.9378357282385,392.6981201952355
M01274,Australia,gold,2362.270991124371,589.49545037864,173.4634612557069,76.43280073406986
M01275,Australia,core,191.6670729383134,56.93125506344265,502.5163562513509,191.85236948741655
M01276,Singapore,platinum,1157.2395930002945,131.2685317846705,320.0668107132699,192.2996741875717
M01277,Japan,gold,386.51830659352424,182.67024221136163,109.24391922840972,687.2639401325503
M01278,Singapore,core,635.1628113239228,482.18098192654827,186.04853514562004,277.37289341364055
M01279,Singapore,gold,227.20188558603422,738.2520901699299,606.8297941344543,234.3183427201567
M01280,Australia,gold,223.6517700760489,204.19588611107767,367.87100096468964,49.205244340802786
M01281,Japan,platinum,1885.5931493555934,518.5748200381563,550.6865137652942,254.43533383106583
M01282,Singapore,core,423.01275664015105,324.64256229210264,172.9762479372755,378.7505988317743
M01283,Singapore,core,298.0517851303378,631.8762625135614,207.80936910680967,87.65465151267459
M01284,Hong Kong,core,219.37257056662685,350.98931644903405,84.98904777168806,486.705132066596
M01285,Singapore,gold,632.7265157258648,1902.1592190240212,85.45393545349896,319.16604093910485
M01286,Singapore,core,82.84494631117016,462.1347879674699,187.1952075583666,58.380330034133884
M01287,Singapore,gold,619.8331290915824,552.5723364526868,372.41399518924715,839.6182575974673
M01288,Hong Kong,core,267.26188963049054,296.4098683577429,84.11611428481818,108.18963455485628
M01289,Singapore,core,120.01250801987408,178.3029995984272,95.94219123247115,280.2119136923981
M01290,Australia,core,706.8613978000749,71.9091412689069,108.95135537611921,278.54241844849787
M01291,Singapore,centurion,836.5609839576568,538.9815091545207,215.3704469022168,563.5021158657586
M01292,Japan,core,457.39203931485713,332.89437601886243,58.24120319448058,27.857832412177906
M01293,Singapore,gold,1702.4491734644635,377.5910580524475,183.05061177969512,418.569383361839
M01294,United States,core,581.4584847119704,302.31345547238556,315.63306147228104,174.5116558359908
M01295,Japan,platinum,893.1841859518621,964.6553878048953,823.8419176353401,321.6889864649031
M01296,Singapore,gold,738.5560825073755,325.04697401348955,134.45662528416818,1032.7954269050176
M01297,Singapore,platinum,837.9695880761611,144.34498070006217,248.0512519580611,144.84860632179482
M01298,United States,core,319.9627970431882,974.8020958655454,172.80922987551452,87.3840150879358
M01299,United States,core,637.0456837870435,160.44687037384992,292.4184269728092,821.9618120496315
M01300,Japan,core,477.57672517877035,677.0909174465546,72.0554403145317,398.27770322672717
M01301,Australia,core,261.8494495170179,549.1823108733812,238.24038080550636,138.149689110712
M01302,Singapore,core,873.259281639115,389.84107972119716,136.3310325579153,88.92504168590024
M01303,Hong Kong,platinum,434.9661307719806,305.7056298752967,215.5358290148769,1814.0925667001172
M01304,Singapore,gold,401.4748068425007,128.45846759249994,172.59811178668747,140.48821108771259
M01305,Hong Kong,platinum,596.2504758228043,796.2274455247638,155.61444413627754,161.1295325669014
M01306,Hong Kong,platinum,817.191700339128,1183.7355354540834,301.9299685829413,494.46857973547816
M01307,Hong Kong,gold,922.971300276464,171.88014310390082,157.31088063707665,508.3395533569142
M01308,Hong Kong,gold,651.785487136421,248.47505871969418,121.95517706299326,92.20246949952254
M01309,United States,core,426.82485753838176,110.75055600025486,175.51769432661516,382.8014804482636
M01310,Australia,core,833.0403319862019,55.6622903719096,125.36721037940465,497.0900206393738
M01311,Hong Kong,gold,1229.597219992103,353.25626829199587,280.08875649037117,190.23211084242413
M01312,Singapore,core,668.0999343900368,281.19068190901896,310.0667405892178,918.281106689214
M01313,Singapore,core,1488.5951211555603,499.3196239528676,115.13810548045849,54.32754396863173
M01314,Singapore,core,1489.2301788049815,242.88089320646282,74.90074153424838,542.8386651575845
M01315,United States,core,121.85033210899327,139.0514682879087,111.83322292605325,278.4007402220806
M01316,Singapore,core,205.46344882129682,228.36810226968464,196.4919648734025,360.62395675106904
M01317,Japan,core,442.76624705870023,191.57722883016882,126.48865423218732,607.9234947200713
M01318,Australia,core,346.13438539247164,228.5899032405129,148.9221912957333,469.79019963493016
M01319,Australia,platinum,466.25241800846874,2069.2086688827485,153.0284212932958,470.52790946599623
M01320,Japan,gold,254.44483790868057,481.00706059014743,311.50074477000845,212.05134336182294
M01321,Singapore,centurion,1292.195600490702,1312.9069215060151,683.5920359212956,395.0940903874062
M01322,Singapore,gold,1693.3759115481207,975.7673340835852,627.7649540152717,396.7974175406473
M01323,Australia,core,188.38811051324413,591.4831665718675,68.98082447799398,410.8973639636908
M01324,Hong Kong,core,179.57237423594046,552.0741470666109,55.281219145868356,30.27261406946599
M01325,Japan,core,1302.0546413289303,197.3727596409279,480.56568560433493,626.3785970260325
M01326,Singapore,platinum,658.1873477651874,1100.4008300740927,271.8273316290196,86.99717845420766
M01327,Hong Kong,platinum,1866.115695976118,232.55594139680636,222.23574719903684,1920.5038797025113
M01328,Hong Kong,gold,1363.5923931034743,412.6018239591275,167.53753914181212,218.51624453911913
M01329,Japan,platinum,1090.3003409658634,578.4158444895128,163.71742640610145,210.85182835750945
M01330,Singapore,gold,576.8493056569866,543.6292213829686,274.80391764907574,79.7758691349742
M01331,United States,gold,1053.802435258608,225.15500013781423,525.6649871520683,246.55422661176968
M01332,Singapore,core,138.60492368682563,135.09964120548935,181.58040239835987,102.05693405482411
M01333,Singapore,core,429.11134633065564,330.27711504646663,80.573340187026,138.5832658413739
M01334,Japan,core,157.93227535733743,285.1620510165941,250.255140983799,137.21834225819515
M01335,Hong Kong,core,1159.3015683176566,227.26255115729862,157.44167223826219,90.88360572240869
M01336,Australia,core,344.76563375147504,331.3905040121534,226.96741376201464,117.33847223245249
M01337,Hong Kong,core,269.83159554693407,81.88832088038153,148.25605105668112,115.52087853570198
M01338,Japan,gold,1016.653127962272,617.7996931642343,228.98608213859134,187.49759935886885
M01339,Singapore,platinum,2834.8516674811563,693.0329491355302,285.2689277268704,272.30241167745504
M01340,United States,platinum,611.2135943236325,657.2850970211673,489.81584275517156,351.38982286544615
M01341,Australia,gold,240.19594059189916,154.79180575185535,178.3466290087457,404.3509261697843
M01342,Hong Kong,core,691.0548112260777,323.8964708301326,127.37636010949672,152.46710504043511
M01343,Singapore,core,455.0747920401723,1330.0751685626487,201.0659088519303,384.5276876235015
M01344,Japan,core,390.76119677384844,701.3532605549713,168.22592772305495,38.88144517112764
M01345,Japan,core,199.98074254699094,401.3964548253694,279.673112672944,423.96073530458824
M01346,Singapore,core,863.2822377121927,152.16052027223574,151.52969917743806,85.48585810945046
M01347,Australia,platinum,331.3352864274369,1001.1436148872871,351.2603498784443,248.9912608152678
M01348,Singapore,platinum,673.9848399434703,2159.9510922745217,536.3325500913633,442.3924208836656
M01349,United States,gold,698.516549503851,1667.4091145899483,362.81149210799316,440.9737990873857
M01350,Japan,core,245.86969021615937,340.90961460738936,74.14799802478207,578.9452144759994
M01351,Singapore,gold,765.6337143579681,326.0524014469659,84.07073309283778,139.40435413892146
M01352,Hong Kong,core,721.7506036494003,1134.8526167797643,152.59107769449108,171.4549036794381
M01353,Australia,gold,279.9426634866464,937.5911946459711,260.0217834353526,553.97697631887
M01354,Australia,core,190.82083811400182,107.10438518338817,120.40707380128565,100.13795891081053
M01355,Singapore,core,461.7710190623097,525.0246409944764,71.503459305858,152.0633535403733
M01356,Hong Kong,core,116.14794369121128,74.42531010250775,95.14803784209963,90.91368244878682
M01357,Hong Kong,gold,1218.9045797859676,672.0930042013811,114.07154594966241,226.10479297379302
M01358,United States,core,363.3538209741452,3135.6353931249173,197.9399864620052,44.37415010833296
M01359,Singapore,core,158.0711764289502,313.2212067084004,207.7282257242506,24.94164319108177
M01360,Australia,centurion,2610.3501241465333,767.0009042354869,690.6091114510242,2546.249030483856
M01361,Australia,platinum,1286.522773177197,338.5494112615945,245.5037079838745,839.1017192023548
M01362,Singapore,core,725.3554732208842,813.2117665694948,137.12280225658995,734.7538745904934
M01363,Singapore,core,1078.5110431647352,592.7708615624497,157.8109192982156,274.9965005839429
M01364,Hong Kong,gold,550.5246759583531,535.4082110223072,191.38493212323533,177.26392832627886
M01365,Hong Kong,core,163.65498138096066,190.77244667998406,161.25034927875166,88.55365146545485
M01366,United States,gold,338.0532124759092,663.2648690056221,282.8521563666353,315.8566309670206
M01367,Singapore,centurion,580.2113709287773,4703.699091119358,724.4192377924077,852.8879900297682
M01368,Singapore,gold,2293.327846774652,582.8737217967499,273.9923533625544,351.80976281789964
M01369,Singapore,gold,163.10296338965526,400.6885101415375,161.27026171510602,84.26731706530391
M01370,Hong Kong,core,250.08992877713013,118.9432319345878,139.73695649290417,55.184766329510175
M01371,Singapore,core,384.9524827343902,989.219924353327,87.54198538136905,332.012208310548
M01372,Singapore,core,465.0919829910705,202.99034232563855,150.5300038231004,188.46106322638502
M01373,Singapore,core,1323.1338048035173,130.95470950041022,136.68897362788562,318.4967475769691
M01374,Australia,core,480.1533890160403,174.8438369769209,77.92585442551375,1022.5759310383414
M01375,Singapore,platinum,3472.79025010673,529.3660346100355,286.4668055365839,234.59929165232083
M01376,Japan,core,235.31694138472886,82.44636693394395,40.77989087744173,354.29503273976945
M01377,Singapore,core,674.7843160831604,42.66159941197722,58.523909652939395,485.4818496478516
M01378,United States,gold,976.947605753493,160.4100690030264,270.12931709446974,147.26582450962786
M01379,Australia,core,337.676234741366,269.3545700879745,292.14412101423613,462.21490778373874
M01380,Hong Kong,core,389.7677418715196,263.54799475947846,130.73853618066244,210.93403095273916
M01381,Japan,core,125.60279086461745,733.7617172477156,77.505905572944,109.00482460792435
M01382,Singapore,platinum,211.17902957723663,189.21521866775058,310.4719630252132,380.4247992361274
M01383,Singapore,core,554.8236290755877,295.570450555143,352.5087516543264,560.8510703475594
M01384,Hong Kong,core,631.760651492528,110.36851601732592,168.50886060021904,383.5908334791873
M01385,Australia,core,377.85717731194933,494.18156597799964,105.8475407010631,222.76338268950357
M01386,Singapore,core,202.69383482990546,164.91931209871507,106.96037581009897,116.52398077303198
M01387,Singapore,platinum,1969.704442829818,346.9675206370486,273.76133789546736,113.28841151458101
M01388,Singapore,centurion,747.5494671842808,535.1999133536466,999.0980306614314,2169.0955256416582
M01389,United States,gold,370.8303507441163,264.1436164150289,322.0389729033913,118.35186373668422
M01390,United States,centurion,1085.1904621695837,1707.6514261638386,305.44929216181396,588.0630220720259
M01391,Singapore,core,509.96243668248707,210.99531373982003,174.42033840566506,460.9402043088553
M01392,Singapore,gold,541.6446259872762,261.04232527548425,158.7655004628438,218.21538138898674
M01393,Singapore,core,578.3353510281931,252.5137144527269,155.8178200042726,35.48063816375104
M01394,Japan,gold,464.21172631550183,1129.1319414735494,361.14446974269543,30.217237641344404
M01395,Singapore,gold,335.0003783558009,142.0105477727514,179.91945685850783,657.628726518423
M01396,Japan,centurion,753.6540859856785,977.5904912411503,990.2761605251313,142.91483365417903
M01397,Hong Kong,core,182.31865087499668,98.84703669557916,53.609604182825386,121.11871528748581
M01398,Hong Kong,core,1333.6965289000325,408.3630919076574,112.40179486270715,192.84822995451302
M01399,Singapore,core,531.3298240896899,343.5378971027399,247.72127683963748,72.30754361136235
M01400,Australia,core,408.40898854723923,169.45317235074697,170.5351956716444,397.9165093190849
M01401,Japan,gold,412.9264380245884,1070.609049158663,233.65157858925687,1586.2028579765577
M01402,Singapore,gold,844.7357494973523,379.859187629438,217.76958916508255,216.814207820087
M01403,Singapore,core,356.0679820640963,352.5936821489298,172.09234294902848,88.06499273155528
M01404,Singapore,core,912.0403151781132,205.35536917768084,139.2541008924582,70.40084541781818
M01405,Singapore,platinum,987.081002569672,1899.6247218190738,597.6690917266342,635.8955569295517
M01406,Hong Kong,gold,433.587853041017,311.7965910596994,1364.5865399723054,260.64374630204526
M01407,Singapore,core,213.22221521548695,421.94041483687204,69.20232315958847,288.4497712157238
M01408,Singapore,platinum,588.637368430985,191.9438683551716,512.3131442623838,205.80063014615908
M01409,Hong Kong,platinum,902.3733765132034,232.4842352783625,132.08046354935487,678.3314553095307
M01410,Singapore,core,116.84630065995675,464.35753508538244,90.31077025278911,277.4399849248185
M01411,Japan,core,564.9348228573629,406.81169631973216,225.3640365081424,334.41737590283043
M01412,Hong Kong,gold,265.12640350224564,877.8057387856873,157.06088327478116,1095.2655864291594
M01413,United States,gold,351.1907067160383,220.86181973656517,131.64716937623032,48.87319893210313
M01414,Singapore,core,82.82480938232327,407.30378405701066,63.09289435900993,39.18494255806616
M01415,Singapore,gold,839.1358065682288,635.7860459564712,323.1582087107614,986.0259154679001
M01416,Hong Kong,platinum,832.7231849145919,635.250392788859,992.8108040023186,258.45403496174015
M01417,Japan,core,56.71899572291819,197.26432353078908,102.79444470784695,64.50754737083041
M01418,United States,gold,662.7853623040079,379.6633888243597,291.39381075077824,347.7932240808813
M01419,Singapore,core,571.3009611607175,746.9917396312476,334.870088420721,602.05535953417
M01420,Hong Kong,gold,413.1844561300849,511.8056853984953,105.53846687903795,210.32367403460736
M01421,Australia,core,205.1348824786742,215.63198220541267,63.79070631797492,242.80479838483762
M01422,Singapore,core,94.30551910820628,580.5710309525848,219.95849877541772,72.07432305943794
M01423,Australia,gold,385.41715775002757,323.2114827868682,103.63899318222286,259.8261772964305
M01424,Singapore,gold,100.1976772386865,1098.2416897959579,179.62958177959334,831.2741477670438
M01425,Singapore,gold,904.3937443654496,257.65975562060527,163.81586126187187,277.75360545924354
M01426,Japan,core,776.6633571518041,430.28319555699807,128.8830865122999,51.49961790152569
M01427,Singapore,gold,562.60403077065,579.2870650172753,332.65680235019363,166.53499151077295
M01428,Hong Kong,core,325.2527134411044,291.31093907153746,543.0530573712691,344.91846357241275
M01429,Australia,gold,1064.3731856822908,2290.612860398433,233.30313217208436,1011.0726178187631
M01430,Singapore,gold,665.7718012128967,632.0402414726358,193.0300427119846,1400.0634147333933
M01431,Singapore,core,131.33699024081068,452.99293763501646,463.8661357844022,71.49953134905155
M01432,Singapore,core,202.53646087616067,288.8558828094345,32.44368290348887,660.6617858372194
M01433,Japan,core,349.8371306139427,87.44016132421115,343.61301723498553,517.3749429259639
M01434,Singapore,core,1452.5568124098556,565.7196397176324,151.26080392733627,50.37128481961544
M01435,Singapore,centurion,2705.83456930899,1682.4035360083788,1016.2750359440996,3711.5516011121986
M01436,Australia,core,1159.5781225214307,117.20866725454057,72.7365682897306,152.87905295344356
M01437,Australia,platinum,871.1508392501246,461.5673705210393,596.7053640305184,283.18714786110763
M01438,Singapore,core,440.2122299261417,178.54711554645635,396.6612703991383,156.90710387242495
M01439,Japan,core,166.74384087961252,226.47056677561457,321.02501654317626,25.94973736445944
M01440,Singapore,gold,397.88351356342133,452.06024455870084,358.03222805345496,122.71728914296693
M01441,Singapore,core,652.4891143765348,211.6987805060935,131.20460685418055,39.043604449023334
M01442,Singapore,core,1275.4188906338627,507.91978342458617,118.96904104046529,80.79751393233286
M01443,Hong Kong,core,219.02132083456448,75.22826492118968,228.95298148476908,410.5048278320702
M01444,Japan,core,290.413013377759,1266.4425248676866,118.13064672366932,593.1018591973688
M01445,Hong Kong,gold,551.9734406380844,1026.8188764913211,560.2198101416333,59.20006035452439
M01446,Australia,core,414.0739066684078,321.77301317900873,229.12857854961248,110.99908924211806
M01447,Japan,core,667.5404389270188,40.0332011172529,309.2246649831153,775.3725573349183
M01448,Japan,gold,311.96877161249654,55.951178417741275,89.92200698907979,94.01672892524432
M01449,Hong Kong,core,136.59826751111953,282.85436927243876,123.76451183122443,383.15506274767114
M01450,Hong Kong,core,803.5682179187091,161.2566467387105,302.15957764330983,53.45850641893588
M01451,Singapore,core,377.9032052213558,463.0821680287174,174.3266838682561,555.4570450056697
M01452,United States,core,305.7099522101423,342.15205046963706,292.37264346180325,71.34034139760672
M01453,Singapore,core,728.6673624699123,369.1306757189004,48.44403668440248,76.99315663256776
M01454,Australia,gold,198.08339954436076,1679.2313653646954,398.85685611329825,411.85238773439653
M01455,Australia,gold,260.59083933163805,92.46202593886855,187.92241897725268,543.3254859966958
M01456,Hong Kong,core,377.1968690859767,46.41551650647549,118.5849680657193,157.17356634095896
M01457,Singapore,core,1582.838235082952,243.64367422688298,693.0094444572824,71.71361800959804
M01458,Australia,platinum,595.8203306903176,2583.0369498396435,267.1508276891484,490.54332750920827
M01459,Singapore,gold,749.5188674945273,239.8244709424207,230.5802191521351,464.4648853282124
M01460,Singapore,core,105.9917137144186,71.88743656391757,121.03748232010123,611.7295628607714
M01461,Singapore,core,706.3183196927503,867.1599532121371,47.810306767651724,393.05033277539775
M01462,Hong Kong,gold,938.6596611949607,539.0823678793636,303.150861531996,218.299907180316
M01463,Singapore,core,325.47152145546994,341.7355860005587,49.085435117006874,232.84711594121683
M01464,Singapore,platinum,439.4280501261971,1583.2008352023383,213.62355369448716,321.76732422543637
M01465,Australia,core,1271.366728139751,394.24229095478466,518.0647672628521,405.5998424812471
M01466,United States,gold,445.66771984119305,131.23045361220235,718.7500294409773,138.74475586724282
M01467,Hong Kong,core,591.4305947813999,488.3023840424918,410.5568404636715,242.6770504108171
M01468,Australia,gold,1089.723932207289,990.866465518666,288.8252464720619,134.92164661906594
M01469,Singapore,gold,567.4651573847633,268.4566173620289,79.3730952556168,657.5397088925255
M01470,Singapore,core,464.25108834884117,196.9980557593348,155.2902976645028,110.26156523269646
M01471,Singapore,core,67.10836940604646,488.14982451711353,185.21163479935856,99.64546598406939
M01472,Singapore,core,216.38216075544386,139.30490502642186,221.38328849386232,104.07906680710634
M01473,Singapore,gold,699.5655740345287,342.82058798558313,108.65716599682948,75.0044755943232
M01474,Australia,core,211.1323430972938,382.1872617061832,122.5299369659803,521.0914119004418
M01475,Singapore,gold,424.2257747971723,875.924348551329,133.6320576545964,179.29514193940872
M01476,Japan,centurion,626.6914316728567,1465.9374334596355,958.7060879696879,483.22561102557495
M01477,Hong Kong,platinum,578.2683778622983,274.52086417935686,437.08211703979293,185.45583515692257
M01478,Singapore,core,134.86440205108562,833.8475379774404,63.96374341439078,333.695504842843
M01479,Japan,core,282.36517327151375,143.3534001576556,45.87950363629797,146.48847445592222
M01480,Hong Kong,platinum,2671.6450875943005,542.0219024904441,296.01273951201193,157.64941626092968
M01481,Singapore,core,292.1468836062809,608.5370313523613,364.1803238543191,177.34550804876702
M01482,Singapore,core,429.1012409807946,149.98945188445708,251.56405283632682,306.5518294217493
M01483,Singapore,core,295.2027527617439,418.2969931719642,262.1198062148565,232.29990569514084
M01484,Singapore,core,341.55808099431084,745.3415225474242,177.05102853035436,439.6298665332613
M01485,Hong Kong,core,991.8828922661514,173.25360493498104,188.70544876755625,264.2838629752747
M01486,Singapore,core,511.25682889602336,275.703761629325,283.083773182389,242.68945548163998
M01487,Singapore,core,289.40415768289813,806.7104629301372,51.724458481915306,658.8741188670485
M01488,Hong Kong,core,790.0640978264145,90.2241165796616,143.97874287563465,242.99805334457113
M01489,Singapore,core,1105.080460199533,180.64173914549215,149.00196767683215,131.53916620558076
M01490,Australia,gold,986.2243667053257,576.3563976539212,420.0995610632354,472.39332736021373
M01491,Singapore,gold,549.1271482899724,92.71517641831899,403.4919984236745,122.34616251228988
M01492,Hong Kong,gold,798.0280320204417,257.3533546184763,467.4022839516262,141.81462995669833
M01493,Hong Kong,core,220.33276085502916,893.6886457486683,210.1001910776707,143.76722209135772
M01494,Singapore,core,1087.719114123309,1017.3239354371242,245.14367197216345,378.43787565976385
M01495,Singapore,centurion,3921.098036224169,533.8068101792196,355.99293589995614,88.44035158882872
M01496,Japan,core,247.0904034640132,118.17827614033907,163.5873761841797,156.8049758719324
M01497,Australia,core,682.6445560271793,371.1630333147996,372.89334831837374,66.51937640357148
M01498,Hong Kong,gold,545.100897308821,430.94922772428225,428.25144807792145,172.3792940707653
M01499,Singapore,gold,508.0257203529442,375.0408844224685,146.79015380600603,266.788472129722
M01500,Singapore,core,358.53533958969695,61.864229229819166,71.49787487612684,56.0686672847441
M01501,United States,core,255.22048164577345,473.386079911247,456.54770979705444,88.86338272115842
M01502,Hong Kong,core,232.5557679184567,902.9469803991551,322.14670593946965,98.34810209005848
M01503,Singapore,gold,146.66460952974182,354.2362003581725,146.60688843365867,64.94423657100403
M01504,Japan,centurion,1409.1816387720469,764.4757203682635,576.0057883065645,611.922155547929
M01505,Singapore,gold,703.9638108772718,1652.9047332695309,199.57248458566403,49.33485056714631
M01506,Hong Kong,centurion,327.44760335902976,727.5702731787621,203.00028536857235,896.8190887290745
M01507,United States,platinum,1624.2266237464653,414.9563752306588,205.89686008771363,64.51724730490966
M01508,Singapore,core,974.5214955350314,206.22710727713596,113.88207137809582,766.1023792687421
M01509,Australia,platinum,565.9385924860828,822.1402775547575,600.546502153514,497.0701110857439
M01510,Singapore,gold,780.7996452340486,1215.1761848860872,207.0640982784964,105.79215219550754
M01511,Hong Kong,gold,760.1562915869571,177.27238813124305,291.2193095445042,158.0771683370943
M01512,Japan,gold,568.2893976465487,908.4823811590496,65.57654379329786,53.3093199392032
M01513,Australia,core,371.7545186085583,233.0440481988551,424.66481615294185,156.3447083459896
M01514,Japan,core,335.9714652899694,356.9271373774904,33.91679641723605,539.9543310512289
M01515,Singapore,core,621.0105090802863,123.9096318518432,300.9652535495023,110.87714764190851
M01516,Singapore,core,141.9586503247869,313.51671689154165,82.5092206892072,116.50510191966677
M01517,Australia,gold,740.914577776589,291.1341671686962,307.89943808580495,415.3497301487367
M01518,Australia,platinum,1850.253256936722,536.2513746525002,539.5921452574735,102.99616827057415
M01519,Japan,gold,185.9102652892251,541.5984636312304,158.69838178488328,385.0027779509539
M01520,Australia,gold,768.842395707537,420.7783596172027,211.83972439660775,180.4319690777007
M01521,Japan,gold,440.17457710738205,1002.4462713383242,144.21071535201148,686.4723480101308
M01522,Singapore,core,295.90216962185286,739.1952609223916,203.1864506668264,399.5321496289688
M01523,Australia,gold,793.6058143916065,429.96179389173074,96.38504949759682,365.2194456862342
M01524,Singapore,core,138.16947761091697,616.640906495081,129.95813951788838,50.80266448957648
M01525,Hong Kong,platinum,917.321164243539,428.3259585217008,704.5858681158911,130.07494685260426
M01526,Hong Kong,gold,617.2627069140358,191.8661492823355,225.1057699520458,444.9313229279845
M01527,Singapore,platinum,640.0124725540521,835.7511972404296,675.9899034187057,367.60614742237453
M01528,Hong Kong,core,184.34309693329422,468.4320084147862,404.9498398051416,4768.177489779605
M01529,United States,platinum,3214.319379378149,588.3798457917602,281.40743673304434,195.14463705789026
M01530,Hong Kong,core,240.80451206226618,647.3794314549169,140.38793554661484,507.465796012728
M01531,United States,gold,628.777920985068,804.9639755920783,94.81628792318136,474.7016806846827
M01532,Australia,core,210.19718311992418,166.83125656880426,172.45901972546562,963.5165346212283
M01533,Singapore,platinum,281.59839225131844,1037.872936315027,325.0783356202056,1130.0226458275918
M01534,Singapore,core,502.10948467385424,302.3544773028942,391.9532569202755,442.22064345593566
M01535,Singapore,core,395.0778603186039,1177.1724700085058,172.35146836631316,273.26407658212213
M01536,Singapore,gold,687.826900972668,1502.2493283202323,184.8421916870913,619.5525260566842
M01537,Japan,core,838.2167833373561,265.3755184958567,482.4102677296136,290.19064742968686
M01538,Singapore,core,484.55983908334747,242.05478412616418,518.3091261946546,330.3239492385373
M01539,Singapore,gold,947.8354691644464,551.4169017902567,185.97087764190206,223.9399716234434
M01540,Japan,platinum,1447.6164278916979,1405.6370942316062,776.3055666838897,393.14806789821483
M01541,Singapore,core,933.2287999182038,134.8941912248004,224.4249678848163,741.7476590213308
M01542,Australia,platinum,741.8530818621316,286.1012667979463,180.40564733756614,330.3434641713852
M01543,Hong Kong,gold,510.19322892118777,690.2203249643406,207.84167546664207,276.9663024714948
M01544,Hong Kong,core,223.85956155042712,323.6424580456455,168.8160067986535,239.80643587524426
M01545,Hong Kong,gold,466.63702479909836,309.4795136204796,260.38542914782334,644.8139500296923
M01546,Singapore,core,2411.2555548923883,503.99539244116585,217.85442143191082,71.50215931284889
M01547,Australia,core,185.42151648495033,127.19121346624122,216.31489084654788,1523.373301743146
M01548,Hong Kong,gold,478.22908407423614,713.828813448784,83.40054665019333,132.69090615914274
M01549,Singapore,platinum,710.0281193245593,1333.425613371701,299.8567441845323,127.55161825438533
M01550,Singapore,centurion,354.82981809419204,2678.476178228118,438.1805117702438,105.40162965642182
M01551,United States,core,489.15247356918974,145.79275045575935,330.1402925607595,196.76781643689895
M01552,Hong Kong,core,535.7915692289846,299.4225453693051,203.07274028190682,412.9773904474728
M01553,Singapore,gold,549.8426312836084,342.43907309722215,87.25158281791211,172.25610701951635
M01554,Japan,core,141.04325895037198,440.17031867882366,270.73342533340514,746.0243641377438
M01555,Japan,gold,213.9243352817698,127.64396712502729,173.3572104274343,114.5594238168563
M01556,Singapore,gold,1379.3776448949684,65.67058374131865,386.70887814585603,128.53651697963704
M01557,Singapore,core,278.3961583055899,917.5443624972835,259.2824228438497,728.0623207634986
M01558,Hong Kong,core,317.942921938495,191.29843595396036,324.2931490757737,98.21799787943766
M01559,Hong Kong,gold,1760.3519772807763,649.1452890580271,266.0678868125028,107.016250448397
M01560,Singapore,core,212.93637406678394,286.27189655868364,186.99708161352208,196.69610425276255
M01561,Japan,core,278.51437915578333,564.5450824106002,130.22765491667357,328.47204236261086
M01562,Australia,core,1540.381708512953,104.69708997085013,481.2744907581796,254.87743796625446
M01563,Singapore,gold,884.8734379836717,1291.0703501761336,282.8211137071196,183.86637272765358
M01564,Australia,core,666.7295175640402,430.0451331841679,415.05421820488056,435.54577328692176
M01565,Australia,core,371.810462999758,1025.4069551120463,123.79147455569289,782.5118416549602
M01566,United States,gold,707.2460729883484,382.4610581514232,264.3997058330838,384.95111761274285
M01567,United States,platinum,515.7888951870957,756.750205917439,299.5682785696722,419.58182247935235
M01568,Singapore,gold,376.8377845001087,180.49963710480108,105.39666021365302,1403.148558791172
M01569,Australia,core,1160.108939231677,1141.2262203266216,203.68503600194745,1379.9596807162118
M01570,Singapore,core,978.8851144987611,540.88909256375,246.35622598632943,364.69934853549853
M01571,Singapore,gold,523.2574633289286,215.71571342819774,620.7542126322852,322.2462916811384
M01572,Singapore,core,323.42520527007997,550.0294568784074,210.74932209429397,738.4895282382712
M01573,Singapore,core,324.95588040560574,714.1981522496155,119.13052605769745,249.78919596030798
M01574,Singapore,gold,329.0649099650559,599.9592190888694,181.573901927437,423.15172145927374
M01575,Australia,gold,628.3106909694633,241.55800882596972,153.1496087409981,139.8431498388486
M01576,United States,core,87.20732889226456,695.6268591916669,111.04995915186072,148.10477563293034
M01577,Singapore,gold,503.1296372337811,513.1442217888339,130.00222486752466,206.3210417975646
M01578,Singapore,gold,522.9523794434045,151.03246616610193,225.23855393879262,211.12309160165677
M01579,Singapore,gold,983.7981133272035,420.49854689341475,263.2797550423187,49.52357595839438
M01580,Japan,centurion,758.8364106035112,716.268520260011,707.503293043167,105.06250142473273
M01581,Japan,gold,765.8770057220602,1166.1041118003561,133.7736720636871,163.4006203773816
M01582,Japan,gold,834.1200673460493,5858.893810522111,102.50695644274845,86.97996778397726
M01583,Japan,gold,821.7761142842406,97.89587121605169,111.73085948867939,243.43290469639805
M01584,Hong Kong,core,810.1684544662656,619.8121805741209,259.5846530353719,438.56480814485155
M01585,Australia,core,537.4751630107395,295.37254068302207,153.02138313549736,251.00184813781974
M01586,Japan,core,764.982460610643,300.6401278156829,217.67160768659392,944.6740430133253
M01587,United States,core,1922.2301269347859,531.9990914828218,425.65643363117096,433.00711524582834
M01588,Australia,core,1257.2765934085467,747.6121384390543,463.92785428574365,255.44654658192678
M01589,Singapore,gold,522.146714956611,104.69504512353362,613.7623553284574,215.58678146926724
M01590,United States,core,438.8494823169081,184.71051742282086,349.288007431402,107.37924889551662
M01591,Japan,core,556.0480355228285,55.570434957743025,600.5214309599739,127.46947198688852
M01592,Hong Kong,core,1137.9766063509446,192.18094669524868,113.81635468152805,182.74985439546836
M01593,Singapore,gold,742.6009261839163,530.7947425128962,200.6865394958745,998.9986704733325
M01594,United States,gold,778.5617368599369,527.9171654101484,401.5690443651527,235.64410199962583
M01595,Singapore,core,337.2600609164156,343.3851064567324,131.71457622678105,165.8777748270317
M01596,Singapore,gold,1331.4245810741488,91.47002570044445,231.00119841406973,1400.6424696892536
M01597,Singapore,gold,146.18617710639887,706.7538731279104,298.1907352902793,38.13753707215604
M01598,Australia,platinum,2045.9947226083398,1023.1201145531505,376.6303191493589,220.0728167520591
M01599,Singapore,platinum,1087.54555880478,609.8661036373954,584.1370149756315,470.71972791466294
M01600,Singapore,gold,952.198780857073,441.7819518033737,245.2108478109144,235.23203606422052
M01601,Singapore,core,252.64120932883176,168.19497047970037,189.60250085179777,265.93721635976084
M01602,Hong Kong,core,343.4091741987772,353.6518599304965,372.67680530784713,130.9455424807708
M01603,Japan,gold,434.3266487954845,268.03059548847136,402.8262346159666,349.91174834673063
M01604,Australia,platinum,1504.5455558700457,376.6923427640323,212.20779154052866,1759.1516132810414
M01605,Singapore,gold,1440.6672825112591,552.0729855209344,182.9636523705558,370.98355606654104
M01606,Hong Kong,centurion,1526.8560497384537,982.8073967924582,1765.3695105484117,606.7345810874509
M01607,Japan,core,119.01032298356925,494.07028654959447,97.191967172106,401.44479586420584
M01608,Hong Kong,gold,450.9929037427788,316.39009353247286,492.04514616646,226.8784128963615
M01609,Singapore,core,118.0947151664376,883.9693961108773,131.81195787639734,153.56894545268656
M01610,Singapore,gold,215.57428886145422,293.41194093286555,188.66907167763677,42.48174476532761
M01611,Singapore,core,553.2476193285642,123.35193717344814,89.33093622943468,123.2982874724687
M01612,United States,gold,1094.7491578007273,317.62121531194623,236.75541473655147,141.96242174076755
M01613,Japan,core,1461.1957998499245,202.03632911417796,48.06072606705787,364.9885909746228
M01614,Hong Kong,gold,284.07075324534554,362.57273064752246,123.40128116163191,1288.970930907417
M01615,United States,core,1173.8731671522892,81.66417116399177,165.78954491220185,81.22750605625606
M01616,Japan,platinum,1542.3420419229858,843.7954513088763,124.45722119526133,420.2456989950211
M01617,Australia,gold,207.97668798936553,342.2003386916265,169.5689308900123,676.863477106048
M01618,Japan,core,288.69978978905726,153.2519457246897,121.38943956850045,89.13012189093178
M01619,Australia,gold,1298.968630242107,796.4053906447174,214.70455124872458,105.64270402341414
M01620,Hong Kong,core,163.03988382307153,931.9229835498967,79.63749965633325,1049.6901967659076
M01621,Australia,core,1053.2519012963073,244.06537006055297,236.0171794584522,119.32481978464068
M01622,Australia,gold,790.1264344890541,88.14284427383204,278.3159796940757,235.0758786128287
M01623,Singapore,core,139.46109466830242,69.09714970901557,375.0383023003387,254.7372187237147
M01624,Japan,platinum,2207.226697376155,178.82630950471545,1606.057928169364,430.23212153170317
M01625,Japan,core,807.8079367519998,681.4316940720965,114.27350330404076,192.35524922432097
M01626,Japan,core,278.8739907091901,243.7903082722547,370.58107604411043,51.15471791348522
M01627,Hong Kong,gold,1926.44263408911,493.11540028610824,213.64570430930033,239.96105481616064
M01628,Singapore,core,273.99994366143096,530.7663563183639,78.69152989418959,126.87758277617743
M01629,Singapore,core,399.48923494037143,427.65591710724476,207.85624442808074,663.6914702386533
M01630,Singapore,core,132.80258604715883,137.07634594836938,126.96664613916579,411.0594836283155
M01631,Hong Kong,core,2278.593706103373,636.5090982688508,339.64307620966684,88.58433376959486
M01632,Hong Kong,gold,352.7777650304612,175.57181725565837,114.4526955376904,537.2581048241434
M01633,Hong Kong,core,335.91268842560703,234.15418964672006,93.09708772628616,144.3286958753354
M01634,Hong Kong,gold,384.8122537987821,390.6395672419962,381.38809234987605,218.69613766780012
M01635,Singapore,centurion,3507.031101479884,109.11413995777946,226.7446509158171,605.0631838847527
M01636,Hong Kong,core,761.8961142246031,817.9846666855052,134.59422103954714,64.0646740526956
M01637,Japan,gold,1292.340974567284,292.57148635366525,184.85529838020184,2222.9659924890107
M01638,Singapore,core,753.0564801825506,173.85279987571633,296.31253706445443,107.23693718007931
M01639,Singapore,core,567.34492115914,170.2181770961909,309.6251461239414,79.96098080419719
M01640,Hong Kong,core,440.8425005888491,233.72874014473723,73.76592593837637,84.64709952953734
M01641,Australia,gold,634.115412875579,656.0002555916436,83.51160287401923,36.3862572790151
M01642,Japan,core,596.4471800738827,59.28489177652697,158.24625333176772,406.3171014813111
M01643,Hong Kong,core,969.9621677279513,568.3200866437071,89.86465231616911,216.51449604654587
M01644,Singapore,core,995.3775854694087,518.0283964197797,326.72260803107383,32.03165499371899
M01645,Hong Kong,gold,1335.1770287967586,1041.6328498536184,135.05239176163465,354.0921951500304
M01646,Singapore,gold,553.6201565007115,300.3109650962254,262.2395231730405,153.16472951522675
M01647,Singapore,core,1044.300108947601,877.8470460416034,152.91326350641128,319.3609077572425
M01648,Singapore,gold,322.15748311925876,643.7275870596856,237.57294365377578,157.19945497028903
M01649,Singapore,gold,1037.403514075368,933.2304732945496,327.32979330661897,935.8799908151597
M01650,Singapore,gold,683.7200022399401,319.61174748119714,132.17479540109707,317.02924562704266
M01651,Singapore,platinum,648.0897008462499,610.0878528376065,448.28048632050377,121.85184847706898
M01652,United States,core,131.52463434229335,1405.6111037579215,117.28988324434785,44.58863015160398
M01653,United States,platinum,1144.5287084972258,708.6517201949038,1100.4571350261158,277.28902484574246
M01654,Singapore,core,218.6755152740413,255.02452888586,138.27141466392086,129.58724449390328
M01655,Japan,core,356.7709396007862,167.2715030587912,205.88160845495003,715.819214860173
M01656,Singapore,centurion,641.001365004392,767.595005962496,321.1921049963586,1046.0120212666839
M01657,Hong Kong,core,310.38984322059997,771.0634390272587,68.3713042444561,271.28738128884754
M01658,Singapore,core,443.9096040555808,297.99574553745225,115.86601033787888,260.9191748307186
M01659,United States,core,377.0693441957272,310.0987255325624,72.16591635127811,881.461143433612
M01660,Singapore,platinum,329.8963240618527,1810.7074525125608,257.76975104356524,241.22063848508418
M01661,Hong Kong,core,200.9412019087468,181.8441075881713,114.84918603853947,813.6926599937613
M01662,Singapore,core,141.4235723649537,522.4975159472057,366.61827720295196,397.97204792604583
M01663,United States,centurion,757.6683750080075,873.2829977531919,1208.2554864411754,500.58394814496376
M01664,Singapore,gold,380.2393390924326,417.42064389458227,781.8752965433267,912.6433341706525
M01665,Singapore,core,573.5345811293239,403.98030547950816,192.36178732848876,371.74889768633614
M01666,Hong Kong,core,418.7831149768552,415.1438192687466,108.29921984771097,49.195860176896566
M01667,United States,core,1410.5001925965075,504.81900105233797,101.88416986636953,247.86107024196028
M01668,Singapore,platinum,815.653241283837,1617.3594291556838,637.6936991264373,96.25749958639443
M01669,Singapore,centurion,3404.383877728056,271.0409373106351,337.3939077144884,183.20652420778234
M01670,Singapore,core,438.8520792990747,445.09586765252016,211.4082528496984,403.8696155461975
M01671,Singapore,core,275.93610106711674,77.28980216748431,60.684370549971746,73.1864520272617
M01672,Singapore,centurion,803.5568880804067,1729.8530751465948,587.6734689608421,208.05422311839948
M01673,United States,centurion,979.5448966463321,1894.7478578696096,1274.7358886151442,597.9288032175391
M01674,Singapore,platinum,1534.8382533919255,295.3969424297336,627.3749509367077,1186.2901877713173
M01675,United States,core,158.0321030853977,149.2366840656282,156.4249875872691,31.810647034295258
M01676,Hong Kong,platinum,691.114997222258,319.11444942760266,712.2070822158161,347.0411861058212
M01677,Japan,core,408.4777859125948,116.01454066705486,176.59049762022747,274.19467432415007
M01678,Singapore,core,542.8509560520141,571.9460062972661,113.57797088381457,41.582169415781586
M01679,Singapore,core,561.8250298209321,139.59113509712333,116.24881635792788,898.6646986278643
M01680,Hong Kong,gold,940.9941861588046,681.4534679089313,251.68263648809645,2798.150534198108
M01681,Hong Kong,core,2139.0847684633927,652.0823983470868,216.90780520849498,38.47309540647318
M01682,Singapore,platinum,161.321179583595,270.61527305908606,572.339521770566,709.7660484803607
M01683,United States,core,195.23325228610986,69.67320161397011,125.46165422407735,297.8787506641625
M01684,Hong Kong,core,878.9498902919315,492.26302309320636,152.44786321061656,290.1428577285631
M01685,Singapore,core,1182.2580080243388,468.46149177366095,67.03317819195182,248.04006010008786
M01686,Japan,platinum,360.0218882191312,409.1425616608812,343.1467549917589,75.43416026202432
M01687,Singapore,core,214.57400525857025,658.3130479499074,327.859156853146,157.55918330783348
M01688,Singapore,core,448.6512619636358,322.00767766173857,103.64829112015148,492.5997216972987
M01689,Japan,core,297.6014969144453,211.71828204910915,407.1420836979028,1009.1684872189916
M01690,Hong Kong,core,836.9544514968421,228.7499000898735,96.40818357203646,757.1497720695227
M01691,Singapore,core,178.1578823499175,420.17966613677027,247.53635123086818,617.0573493478747
M01692,Japan,core,527.507204687685,585.0932228779934,103.57686014442898,598.4929553880675
M01693,Hong Kong,gold,1913.584453113269,379.43608440179486,233.24785211538426,524.9317315150632
M01694,Hong Kong,core,257.4768399010045,138.0487518537808,150.2714286961357,550.6329829104211
M01695,Japan,core,238.23468647762408,940.7947232291207,294.42562669531594,380.1632198262902
M01696,Singapore,core,438.95255950020635,252.09295150682806,50.432344414998305,156.04910221688405
M01697,United States,core,630.5408771538655,60.38924104753823,642.1907489724551,256.1536978670186
M01698,Singapore,gold,35.27625870441598,181.38523654005175,213.4910695458506,456.64019334053137
M01699,Japan,gold,152.0610687536518,229.7689261581499,430.7553895471474,98.15600751403373
M01700,Hong Kong,core,360.1633470135943,254.62370818292396,141.42989879760762,215.55126189357608
M01701,Japan,gold,905.160482709075,903.4369656965735,177.45163963080074,154.00356325158475
M01702,Japan,centurion,2013.4232546877774,5035.886675798928,445.3937506278034,549.0626078612295
M01703,Singapore,core,439.5207210450689,223.57323809789628,67.04739904894777,81.6732911706066
M01704,Hong Kong,core,550.4818144320886,76.671685987659,111.0609320590085,158.13137094340954
M01705,United States,gold,1202.6376960405896,218.87483218921602,257.21932298580833,517.9382684990582
M01706,Singapore,core,287.6779686863174,167.0672150711952,85.34681863431246,1100.7242491797736
M01707,Hong Kong,gold,255.1186663502485,444.35548108329107,339.91780533009324,105.26415973890018
M01708,Singapore,centurion,2435.6624376037107,530.2333660410151,1287.7456180949027,176.84157193100324
M01709,Hong Kong,core,549.4960925951112,224.01741926786124,69.40892148432751,67.01249831850868
M01710,Japan,core,1428.7997691652183,666.1742394243958,98.45368377845641,214.20098618324704
M01711,Singapore,core,383.47484204393095,87.45055411935513,190.87565211593397,367.7959580366198
M01712,Australia,platinum,743.3073004510334,1089.7358944271405,339.57722922716965,908.4806492697023
M01713,Australia,gold,622.1904573961934,1512.0090935990463,273.61043266585244,488.8705273848952
M01714,Japan,core,503.1735323007472,574.70851766485,149.29528189958876,120.5473928797275
M01715,Singapore,gold,1224.4556829401824,139.53724312010038,81.2896854925583,527.6432664982292
M01716,Singapore,gold,454.8537591815368,271.19355963695835,104.98815080501868,312.6325708619766
M01717,Singapore,core,556.5023862471536,122.62694604779209,73.29047187265152,193.1187378812645
M01718,United States,gold,2154.3693324558835,180.85720663682267,275.6129731800563,293.7992470798642
M01719,United States,gold,805.9212703413328,692.7445400353522,295.9423533979107,136.7426513945549
M01720,Australia,gold,1035.4405434784208,223.1774694702693,548.4540235776964,363.1722515020268
M01721,Hong Kong,gold,1017.3472090621643,154.34542630180627,74.56266443285652,266.22775518128464
M01722,Australia,platinum,421.91129565764396,493.0166873183561,332.8442997792344,764.5841335606007
M01723,Australia,core,528.9516159396212,221.2403352518057,655.6592846705182,86.81858372925362
M01724,Singapore,gold,587.6862716975048,66.21529118502696,416.7754853666058,134.1432529284918
M01725,Australia,core,602.8181803451222,62.60731365278877,65.38839665183059,2828.829975018457
M01726,Singapore,core,294.12120289865175,93.51833664968896,120.94717116155236,153.99683027373834
M01727,Singapore,core,854.2441022320563,402.4712995202302,204.61971514301936,105.95061565693165
M01728,Japan,gold,1307.290181531454,378.1977115030226,316.48312740813293,171.844945366429
M01729,Singapore,gold,384.1400521102822,806.8619012976402,194.31974190765897,550.3315143398285
M01730,Singapore,gold,421.93490903682874,261.9463658039785,185.67014645504412,137.65075988845444
M01731,Hong Kong,core,524.7334276426815,1221.147628012608,235.78185035393278,229.63857092313253
M01732,United States,gold,937.6283728354846,4441.86145720632,422.8236341129907,89.45465740237287
M01733,Singapore,gold,1976.478184005839,301.8542977418186,231.2404862838989,263.94104620430306
M01734,Japan,core,946.0708065417332,801.023850167459,339.0399987403672,416.30667438287276
M01735,Singapore,core,1602.756147187196,318.0167350273641,231.80848126145648,125.11377220970208
M01736,Hong Kong,platinum,1094.332847355272,422.52076434975737,619.3709551110019,393.18908401050345
M01737,United States,gold,403.4061626791649,1319.562458900761,265.5162897852996,236.93589553443732
M01738,Japan,core,423.6978535870383,167.86614727342265,61.967098935017454,1830.5642201513883
M01739,Singapore,core,1119.809063088519,250.8450831599359,447.3173027077456,118.75024001126643
M01740,United States,gold,298.9976043922374,949.4101060365176,102.8776241464268,392.6230357616896
M01741,Australia,core,631.6392824361263,215.76671372099315,110.15852306730837,78.3889980131584
M01742,Australia,core,308.1275915067087,170.96209122470714,276.416730119384,36.221007486447185
M01743,Singapore,gold,594.8600698385706,339.70237950198384,204.75957689020072,132.50553332908572
M01744,Hong Kong,core,427.5229059290604,614.8369977327152,331.4385453429256,314.769600212698
M01745,Singapore,gold,717.0377480550483,370.10037169611536,239.73574169364963,320.96135013778456
M01746,Hong Kong,core,133.3883057841963,595.7967952694434,99.25955338180005,96.37141996094807
M01747,Australia,gold,814.9217124659143,339.5952809357652,269.0968658883458,421.3042625966442
M01748,Singapore,gold,658.6262842964394,489.0085375354398,476.4244204022916,500.5643309689714
M01749,Singapore,gold,763.9792328430468,877.2226422173384,896.8113807153696,458.07995668130644
M01750,Singapore,core,819.8879915237552,247.0032626355722,266.032914149423,174.67341516790657
M01751,Singapore,core,458.3266857818821,1573.9324567638648,134.50440375133724,523.7888425703813
M01752,Singapore,core,488.94630952786565,435.5261697772151,143.46513635391202,169.2787572845762
M01753,Australia,core,205.90825830008149,471.2067189565596,134.4570916651283,73.24005173191273
M01754,Australia,platinum,620.0586457704155,417.26755930823697,423.78610735418374,510.3407483622023
M01755,Singapore,core,128.07174300377167,475.48964172318415,207.0694838863781,359.4395770334302
M01756,Singapore,core,338.547828637985,256.68885562430324,154.78104873354573,277.4680063206684
M01757,Singapore,gold,752.2569053843956,237.74107813545928,348.1805129312144,573.0259664245522
M01758,Singapore,platinum,415.8065143374171,861.092280056826,533.488549269025,1111.7196758604775
M01759,United States,core,2413.464375069783,142.534611091571,74.45771044170938,799.4870570801484
M01760,Singapore,core,436.0902058176218,160.385130750387,161.64233369034346,107.12315367866802
M01761,Hong Kong,core,735.2265605446214,909.5011498262405,63.19586092176114,453.31068147156066
M01762,Hong Kong,gold,373.1515374059409,202.21624732319222,316.9798359193784,110.8553628998621
M01763,Singapore,gold,131.89252034357466,2771.0945240680426,211.93359274134806,336.13674938912607
M01764,Japan,core,875.9876721781995,158.13417695100017,128.67558692241613,138.9575270889039
M01765,Australia,core,452.8026343285236,355.45416809913553,131.88636239123926,54.03730834584752
M01766,Australia,core,231.45302421419265,601.0970678957772,141.2326070453918,93.4692673001164
M01767,Hong Kong,gold,627.1121031687603,453.27801185586503,95.00975564134119,106.17773040416793
M01768,Japan,core,282.0079930105867,261.6177614373343,131.65527306331109,303.77206271300525
M01769,Hong Kong,core,759.2057327585451,299.4210130674473,291.9887820209314,173.20408709972952
M01770,Singapore,core,317.63533469464454,168.4257459865003,117.46927429737003,446.8633586910272
M01771,Australia,core,106.39471871112772,144.85499521887553,70.96071128794321,170.31370552122567
M01772,Japan,core,333.1042954326343,202.1525350561286,100.46554996039498,183.208511166789
M01773,Singapore,gold,228.00316123728632,793.637308543714,407.2964131054368,623.5946652245503
M01774,Japan,core,951.1472991884705,130.0063349236001,236.14780352310777,286.1058002799842
M01775,Singapore,gold,323.76034682190294,520.8264875153438,190.92152738203606,437.8503769041424
M01776,Hong Kong,core,1124.455338705363,741.7663392958591,165.76750597600875,404.16662869164804
M01777,Australia,core,686.1613923423818,136.2514837673789,88.19354221737574,195.23927780649282
M01778,Hong Kong,platinum,3390.530863859548,869.9992272381348,148.43836835465729,311.2805334841131
M01779,Japan,platinum,422.8472862923511,807.1999001090335,113.92572685851145,529.2181393877286
M01780,Singapore,gold,324.62264548642275,428.3469883738835,640.4699150374934,257.99292094397913
M01781,Hong Kong,gold,437.20903535804104,2801.1889627532582,275.4384332489436,704.1089958730863
M01782,Singapore,core,702.5882548526715,503.1056142238714,245.58403481884017,400.37076401324754
M01783,Hong Kong,centurion,1810.1663556783317,495.6617167090829,703.4649017326727,2138.499739708022
M01784,Australia,core,421.238135459776,375.26212514300164,149.5655536102666,360.1464663470297
M01785,Hong Kong,gold,408.29539656840996,248.48332447808227,145.54815109955607,241.93103502472857
M01786,Japan,gold,372.3118013460198,162.2406017864038,236.5136064331092,241.31044075080567
M01787,Australia,gold,362.5097662997369,395.4463032478573,238.63425277978675,361.58937256977106
M01788,United States,core,361.28010874111936,270.92510053691745,120.26973556545687,71.81082322924935
M01789,Japan,platinum,509.9289801047341,427.33914419941703,491.513752997346,90.94934179702283
M01790,Japan,core,920.207495264926,275.1301199520535,196.4313723498587,157.7388986410844
M01791,Singapore,core,428.98035107887205,206.49908167579053,421.8738709290749,61.20879274909212
M01792,Singapore,core,82.2320632518689,390.0385661284321,164.07996116903527,182.28941888828692
M01793,United States,gold,166.93415493626475,329.41392322000377,72.28633657987193,191.97011499914976
M01794,Japan,platinum,1001.0802038286909,877.2276855084768,353.36863610203136,1405.58590468599
M01795,Hong Kong,gold,1536.0787483484032,1361.9033863358084,298.78153903892763,242.97393616059438
M01796,Singapore,centurion,1712.9217455241487,2092.627333916397,316.88678248651684,832.8966468299931
M01797,Australia,core,695.8074684174491,71.41550704295682,65.91616558953507,304.4815830538488
M01798,Singapore,centurion,1497.2799056876202,1501.5719175899512,265.0458544516097,1106.8314976507606
M01799,Singapore,centurion,2523.108254404533,1203.2668386270077,487.8665113920002,160.65257996170334
M01800,Australia,core,350.4656665302272,122.69321693573349,160.61577144580278,249.5766044598454
M01801,Singapore,gold,982.8588542625718,274.04338077302293,227.62487291661913,88.28949358620193
M01802,Singapore,gold,333.1581616888129,364.74261996398457,232.37945475303678,528.3838368445294
M01803,United States,core,372.6316300277472,598.577771039652,113.38956841489954,161.7325821891926
M01804,Hong Kong,core,488.03634286162367,475.6208070594787,251.36302091102212,1566.826845835448
M01805,Hong Kong,gold,720.6627401394851,125.90526491304514,244.32847153976272,216.5405564207063
M01806,Singapore,core,360.12672657196794,216.59042429056035,226.58594068595008,325.1943612415282
M01807,Australia,core,241.45529284837113,182.64276317428266,229.83675893060948,74.47100491623621
M01808,Singapore,core,141.7234261657322,609.5874772381229,44.58566090341734,124.50785492151414
M01809,Hong Kong,core,313.5288830095059,179.3491608731336,87.1979635620057,600.726179418604
M01810,Japan,platinum,2124.130888610244,974.2054250867627,577.323392231268,504.2079970410152
M01811,Singapore,core,734.0703622330362,204.97850383712807,205.41396717350685,537.5318420729058
M01812,Singapore,core,574.6095600950197,185.90307807640218,122.46346325640299,337.6908504339283
M01813,Australia,gold,109.81742067414194,641.2287955468593,267.45834535013046,234.209649791349
M01814,Australia,platinum,1882.1067836070092,1018.9926082191865,115.4710463013881,176.55108794951616
M01815,Australia,gold,188.22407934015536,327.0639927500078,149.06356153676978,750.9492905800575
M01816,Singapore,core,162.84482572052687,214.9555441092856,199.63661237012622,151.52648165815094
M01817,Hong Kong,gold,461.76077893056447,526.5951483395855,392.9633803583097,197.73938887366927
M01818,Singapore,core,790.9708786741571,948.2767338782083,310.9903928645003,29.64507228529864
M01819,United States,core,321.90766301939954,491.06610030291245,214.53127409658333,438.111979873718
M01820,Japan,core,403.61602303135817,382.8721426840415,176.7435512068193,99.94110971264521
M01821,Hong Kong,core,500.5901426100853,283.697388923777,144.9383003838336,139.80029303418155
M01822,Hong Kong,platinum,161.54447330474864,1203.661578099866,624.4286229885773,650.485925446878
M01823,Singapore,gold,646.145417570918,194.38536618070734,370.1101757893979,1833.8818845682288
M01824,Japan,core,257.57272983539355,163.20090912588947,253.8323702047456,1895.4239719769846
M01825,Singapore,core,227.98254531071888,336.71790786956996,280.1848814311422,2167.564099884273
M01826,Australia,core,290.499301126274,298.6911848880105,189.6298094071374,588.9617033730617
M01827,Singapore,core,519.4110931549474,191.46583526465034,182.26664331057802,108.46539987132105
M01828,Singapore,gold,577.1625464150044,382.6789127209583,324.1788851690364,8.705205910116517
M01829,Singapore,core,660.9409064495252,264.961740925546,294.20640305144445,277.07910299945723
M01830,Hong Kong,platinum,620.1317745665333,377.1553951542005,447.1557958452791,571.7914444812134
M01831,Hong Kong,core,668.9468288231196,75.70838677942352,128.80484024299207,414.102025917428
M01832,United States,core,141.33978872037713,519.7219054754636,70.33976426675623,90.9455244471071
M01833,Hong Kong,core,895.5372345149609,247.71269149991244,109.4422902449155,292.1672547108855
M01834,Hong Kong,core,1866.4238398968664,1228.9959947261102,97.76416193270757,263.3709584721619
M01835,Singapore,gold,501.39425007451376,702.7434072926708,307.62535237457774,290.3539451496392
M01836,Hong Kong,platinum,1117.6881412478517,259.40331213574757,498.96022080533737,371.3824978751982
M01837,Australia,gold,697.2671307597283,369.6884562771945,197.70836686306427,131.36696875808025
M01838,Singapore,core,987.5868171125068,460.37529495517185,52.801519253479704,249.9150623870982
M01839,Singapore,core,564.0701093292384,848.0689339473979,290.93744707020255,134.61269040903784
M01840,Singapore,core,400.06276281162957,82.5090146843544,224.49110108832457,359.94314007863886
M01841,Hong Kong,platinum,3262.5614568075976,375.59549750986235,242.2183780849715,588.502643927109
M01842,Japan,core,311.0780188211789,1220.9409614959716,106.06525810205382,44.14773515676152
M01843,Australia,platinum,1150.7572433339067,1470.012709942816,386.04907689152003,104.90825954855899
M01844,Singapore,centurion,4642.914732877926,2187.542098815451,326.2167309237368,2338.949941093269
M01845,Singapore,gold,2040.5024875609563,116.78840396677927,135.55175734688711,923.1033259668154
M01846,Singapore,core,1051.4785159685098,518.8599112991103,141.06605082917048,570.1605523137141
M01847,Japan,core,610.9179951119481,411.2856948673022,347.0001620455498,186.01400120696047
M01848,United States,core,95.6111519844675,751.0599678828543,91.86037624237291,518.7924153417976
M01849,Hong Kong,core,269.19291118784776,402.93421105906094,149.5746235230872,521.1486346196828
M01850,Singapore,core,170.90858067751736,216.75938610268648,117.83613982157048,60.287272732230456
M01851,Hong Kong,gold,854.8020973125399,860.4205198260904,894.0146080247481,612.4596009137603
M01852,Singapore,gold,2371.5343208018085,1827.147162092669,247.91422930282425,50.64038055181944
M01853,Singapore,gold,487.33942412799695,228.24205479497502,248.51447110560457,391.08665362691784
M01854,Australia,gold,372.1013806538664,1607.8053283526676,616.6377539760799,157.26857140506846
M01855,Singapore,gold,564.5619440679418,430.32487062468334,181.8176886664654,83.7809964314149
M01856,Singapore,gold,777.2114385238202,812.35085502755,221.41792830492028,355.09778247584273
M01857,Australia,gold,787.4474113410882,1304.7372396653734,407.56150704442524,62.388691695695485
M01858,Singapore,core,544.6870998237952,231.79800491219845,92.7662546669527,42.297838145643816
M01859,Japan,platinum,815.5985138397017,2414.138742842954,205.6337304202322,684.3407705817458
M01860,Australia,core,535.1590207003101,155.19436527713378,200.46527864453586,99.70591083736993
M01861,Hong Kong,core,242.33507831462865,125.54690252039963,244.77157116359527,177.14923336890465
M01862,Singapore,core,146.21635112036046,142.61786648417566,247.02006260738807,254.8354025748504
M01863,Singapore,centurion,1188.356681993487,958.8679922792769,619.0900225333714,209.9135306771948
M01864,Singapore,core,292.4482497254464,113.8359081507478,257.34043027269024,229.62954908770502
M01865,Australia,core,470.8983776722102,241.10819247616723,153.51660920638983,166.02857616339142
M01866,Japan,core,234.01584621328945,112.27771356889008,126.03224492779881,332.7466247095363
M01867,Singapore,core,449.26168750344465,572.0195764901761,74.16185443329341,154.1470142438258
M01868,Singapore,gold,278.6141031739571,176.43365935698833,280.6920424851202,39.523454656259844
M01869,Hong Kong,core,746.4372087740157,403.0291939701798,181.57470722414826,106.78495516979255
M01870,Singapore,gold,747.4916757957064,908.0379740283723,93.84607465061083,163.46918789656004
M01871,Hong Kong,core,472.9687787969039,370.011055974122,158.2772860890434,202.10795715109953
M01872,Hong Kong,gold,240.19930768650605,222.13493021063445,43.83613749677855,134.35277085282198
M01873,Singapore,core,970.2427140334968,222.87173377103107,311.58753358860247,11.759445350191557
M01874,Singapore,gold,325.8750692037711,115.98723100877585,258.3115918431473,223.52258806712425
M01875,Australia,core,707.9632984722718,533.1348516960064,270.84086741969935,62.255852564329786
M01876,United States,gold,123.263225383128,501.66684953276894,277.5620707218124,168.50624282091914
M01877,Australia,core,270.8248369660454,102.35317702113586,137.2822381817588,182.17542949540393
M01878,Singapore,core,670.1433143202737,222.23785551259004,313.6973418796858,81.77662052179211
M01879,Singapore,gold,1130.4918243282943,151.58958066163262,700.4847914801359,259.6869477436914
M01880,Singapore,core,239.47033635699864,263.7827775158359,277.25276850810775,263.33814380008613
M01881,United States,core,538.7346835584896,558.0699061601188,465.50248260230813,322.32575306282735
M01882,Australia,core,449.06927224972895,257.99617573913315,79.85049174526092,166.3461970813568
M01883,Singapore,gold,833.3816326064165,774.4255792445587,354.46562608395817,150.66914269422526
M01884,Japan,platinum,1682.1864810605878,140.490383349825,199.6465549152742,1425.3680543701603
M01885,Singapore,gold,363.83778000029656,381.6990164917673,240.26765280855392,411.51700635743384
M01886,Japan,gold,610.3292882487266,497.56773290696134,151.01112412757976,975.5152425419266
M01887,Japan,gold,1112.369919739521,319.7298818775431,127.41829861360112,370.14405790640484
M01888,Japan,core,329.583126870985,611.5136515427405,132.03791304120054,419.12203996817016
M01889,Hong Kong,platinum,2550.6071045707317,1526.2902901853354,523.061813443003,2064.3773189786134
M01890,Singapore,gold,184.27042937694168,139.47508506551486,161.96145534799535,575.1326865743299
M01891,Singapore,core,5538.940902537687,63.81750570477239,217.9578305573816,1388.4701313050577
M01892,Australia,gold,1409.5054959823044,332.022786561111,234.8892328954212,805.8278493284453
M01893,United States,core,133.45496238916448,154.4603640894108,262.6891582781469,50.77742733153972
M01894,Singapore,core,155.55679130253696,190.33307365578918,167.50748400097774,315.4723158093855
M01895,Japan,centurion,3123.1235161164027,748.5774706653089,294.84636672562584,751.9341437734228
M01896,Singapore,gold,1125.996839347868,522.921172255102,165.92836932942402,95.63995353336647
M01897,Hong Kong,centurion,1768.6277993525155,682.3813340263036,520.2074606764938,942.8552680576253
M01898,Australia,core,1130.917838560991,47.05672490966487,100.59748591357254,256.64818789256327
M01899,United States,gold,1106.4860867572997,273.3688054350002,663.7345661732307,58.01422184307475
M01900,Singapore,gold,1571.0690626381931,493.4437941580752,311.3046103978445,92.23110634493227
M01901,Singapore,core,147.39374422726937,160.40899484376303,164.96787170544457,592.3026490607491
M01902,Japan,core,333.37277210747277,261.14399678290084,178.819634399205,542.2441137149028
M01903,Hong Kong,core,440.1286889860223,285.97215816366474,474.1358923325232,103.78672334944146
M01904,Singapore,core,583.6372503967278,257.36182213092457,118.62072017359714,37.136813757988065
M01905,Japan,gold,725.6297230183516,1314.6040346904092,514.2289130061482,119.54515123092811
M01906,Singapore,core,127.21407743246061,924.7218237014085,79.14342599682108,124.12069755064736
M01907,Australia,centurion,1873.5591889747495,1922.016346869972,1017.7580388130153,487.80704950767057
M01908,Singapore,gold,948.2041652677476,1018.9516122774912,171.79084466721338,52.93986316550327
M01909,Hong Kong,core,305.38638975992836,1221.7813273163624,101.73376842277395,40.039166490304254
M01910,United States,core,907.2417679582047,386.7990801493455,120.05204333531607,108.61940599744517
M01911,Hong Kong,core,381.4727510814411,877.0634779912165,397.72663693244687,539.7996700792148
M01912,Hong Kong,platinum,1787.9264262905776,704.0174430508189,852.5968951120116,428.3738555257596
M01913,Japan,gold,292.7516298336783,356.7103536811554,133.3178644768681,308.2772277434024
M01914,Hong Kong,gold,537.2529236856392,629.9571030929636,204.17019930391388,818.362547404395
M01915,Japan,gold,325.1714363120026,901.9391983338221,378.02966757358826,329.7206799163198
M01916,Australia,core,445.6907544267779,303.4612488816447,204.2681075394008,75.20582799939262
M01917,Australia,gold,309.8957049645189,750.0704399459828,553.4079886865966,297.35992361617946
M01918,Singapore,gold,555.255239406602,358.85663378041386,147.44933268953332,70.27508256973897
M01919,Australia,core,436.8682520221022,71.16845335015329,102.37332400725947,555.8183895211145
M01920,Australia,core,1672.0053146947678,509.8643267504923,119.47334403807089,72.64952486917895
M01921,Hong Kong,platinum,315.85964997015674,720.1521989997441,386.9514700332701,1452.9760117774608
M01922,United States,platinum,1417.0179363380716,1269.3308170986727,149.0326720329138,347.06313969976134
M01923,Singapore,core,1122.4975891886368,693.4707037596427,144.0083380882263,206.5718215654219
M01924,Singapore,gold,786.4325242254687,367.01181874471285,131.49651888840077,567.787387880008
M01925,Hong Kong,gold,436.70455178991136,226.08666344332548,125.09566961792432,1270.2639406720853
M01926,Singapore,core,842.8613008220044,132.00266100578176,162.37654364287098,119.45320953223846
M01927,United States,core,1563.803302973212,277.86673331537406,248.16285129937603,56.630000287537996
M01928,Japan,core,262.1476327583721,154.4265377524102,101.12632687173985,197.9041771369179
M01929,United States,core,936.4658389955684,132.07612572129608,179.2704935923172,173.4540921552092
M01930,Hong Kong,gold,340.089602520845,347.78645737862763,178.82265810309127,82.9148596868819
M01931,Singapore,platinum,587.9230549487485,1212.3215433195392,322.372651291727,657.2190576981864
M01932,Japan,gold,878.6092955604155,251.40225228737762,339.6595923110837,199.6617777672167
M01933,United States,gold,123.05531406435905,736.4557466587731,95.19559111398931,213.58443244813486
M01934,Singapore,core,517.5126899324435,115.32662544884668,132.41708414228086,200.1036738514631
M01935,Hong Kong,core,532.223920420698,341.54033502587583,72.42936009551407,144.25990400711393
M01936,Singapore,gold,507.2240936783034,168.29849462971978,218.02287865265794,313.1756939968507
M01937,Australia,core,892.2442277546907,642.8689990174314,173.4757580869112,221.69910118260844
M01938,Australia,core,353.7227356813347,420.2672903464459,90.25572349869081,271.19598603802336
M01939,Singapore,gold,700.7791155677282,190.33210599016758,127.98874351012013,56.62389460073114
M01940,Japan,gold,239.98042710043978,347.21905212988503,241.71342512160956,172.42567325422792
M01941,Australia,core,588.5529749950588,235.38578448212652,284.99958266672405,266.93992751744236
M01942,Singapore,core,122.3984740513291,1301.7708317925828,236.041972287308,51.59189510176603
M01943,Australia,core,517.0711642799181,144.50582030436098,146.84021745749124,45.886702607180275
M01944,United States,core,746.2623770829842,214.33546058942113,132.77874880709575,139.5456913845432
M01945,Japan,core,119.71566307472499,366.48915570870577,393.51649423199956,231.17469525701415
M01946,United States,core,287.55596912982384,506.28835712908995,109.68337214233084,601.6067412273004
M01947,Australia,gold,401.09925832471777,421.6716676567927,325.85193208631256,1071.3518923850893
M01948,Singapore,platinum,475.71250003782046,412.35136031229763,460.1676378570709,106.4756698927271
M01949,Singapore,core,1150.6994560987205,245.6691719425075,122.89913455954826,50.35571931283054
M01950,Japan,core,893.8809216536428,307.02102534025363,73.09396860590729,257.7744183360072
M01951,Australia,gold,1524.095626175845,134.9103807652407,204.75670709507014,176.9573060241042
M01952,United States,core,464.49190138610146,164.61292733818667,104.30437370229488,453.68868263942346
M01953,Australia,core,345.7384620201133,56.48802773605576,241.42401807456056,176.97948453572275
M01954,United States,core,1275.1892005342863,723.9300052020118,220.45365924315487,339.10316307870556
M01955,Australia,gold,924.5015581599766,490.87454918036457,279.0932371907715,229.89099112389272
M01956,Hong Kong,core,1200.9849577808645,344.0598791721642,143.56934454653543,189.68386060509394
M01957,Japan,gold,446.5983834584971,150.2680396895774,215.69288247469777,298.820677140319
M01958,Australia,platinum,470.9748264502156,618.8313519022483,211.41646656886064,706.4482330776402
M01959,Australia,core,194.98663357379624,313.42424381633356,293.1745756395727,642.8282353793834
M01960,Singapore,gold,1116.7256900312614,440.9337420644103,294.8820190726681,42.83348493219716
M01961,Singapore,platinum,519.0808118460131,263.2770838526043,255.26314265068248,1745.455584288421
M01962,Singapore,core,281.13224863787593,314.1158224527424,202.33243375815434,230.6683344067988
M01963,Hong Kong,core,703.2298361232,63.12971539276099,102.6037405838996,494.55086769895206
M01964,Singapore,gold,886.9491493577648,2686.2530556984375,593.7917077054119,335.2409762104198
M01965,Singapore,core,840.7346266226649,162.71446759667387,169.9702425217931,205.72652352112996
M01966,Singapore,gold,662.7240653600613,1626.7232723382926,1013.7172944531669,125.60322223625995
M01967,Singapore,gold,568.6290635967554,883.0744965425895,300.81467548573715,910.2834853446725
M01968,Hong Kong,centurion,564.1459217282345,510.9127963283553,406.7565913885888,1510.6216015481596
M01969,Singapore,core,1567.1491860473905,612.4500543636116,151.75757062675484,297.80989504313834
M01970,Hong Kong,gold,703.4594850282682,492.5751855398333,217.70624854416246,387.8414407406139
M01971,Australia,platinum,1294.4993259193934,730.9626329872104,375.96747234621733,338.4808686570733
M01972,Singapore,centurion,2969.9715265662976,463.254165197411,660.7926089909014,426.00883519351277
M01973,Australia,centurion,2456.8072271008073,2971.8911164328956,393.1476773893399,417.7004263219997
M01974,Singapore,core,828.0201351091221,347.0210682334902,158.44147137352854,153.50366785867885
M01975,Singapore,gold,986.164017645006,278.7829248390244,774.6670192545387,262.51117915915506
M01976,Singapore,core,437.4908810506612,537.5611352856016,160.81061859418156,144.4994720546413
M01977,United States,core,559.9843714017264,1656.4323046850955,174.72109453543675,57.2045685875473
M01978,Singapore,gold,192.77807632702962,256.3842351053776,81.73530291196026,74.07303316648714
M01979,Japan,core,1175.4590962279556,205.7891190238097,50.35752473147131,120.33693041732725
M01980,Singapore,core,179.64593507675326,174.13006288532287,92.74962276725158,364.6869862038364
M01981,Singapore,core,285.4675935509198,123.8240536219895,132.5345855386051,251.6341080017445
M01982,United States,core,403.84603811342134,278.3127628838022,29.724028080738975,400.04411035997146
M01983,Singapore,gold,369.17955319331026,323.502616370185,182.53853054745943,478.58975210711935
M01984,Japan,platinum,1047.257092857559,789.6366047524028,632.3755703045766,1494.6235776596611
M01985,Australia,platinum,384.5598343429071,508.19541804019644,259.6812287736614,2417.8707180082674
M01986,Hong Kong,core,176.50040696485107,212.2276676264463,401.37320650502926,111.92126517756333
M01987,Singapore,core,648.1912369623232,120.66218084819074,137.74830244238186,147.5320757912206
M01988,Singapore,core,73.20163747765083,394.0050122716636,434.4622377917158,386.41076916649814
M01989,Singapore,core,97.39609918254588,131.41264103021285,63.78797627852262,122.25625190679786
M01990,Japan,core,316.3585010291915,446.27052387555824,108.2630366022901,65.90103986374669
M01991,Hong Kong,core,267.4383579105632,390.1845021597833,40.34476454122131,615.4008333784798
M01992,Hong Kong,gold,282.69602244339967,394.1610721611465,323.14278348548726,1019.6001457283733
M01993,Singapore,core,119.26481000447721,385.13151526184424,534.1643187631959,459.93811805622346
M01994,Australia,core,1150.5684083163228,538.7610475342755,193.61935149308096,111.45540930170554
M01995,Singapore,gold,312.32921325583345,558.3199992507497,340.7951016429498,127.02087942962523
M01996,Singapore,centurion,2376.1013395964237,535.1287948562157,1097.4087505509312,241.8014575616849
M01997,Hong Kong,core,865.8314380168628,122.35203391529141,119.04528582154005,174.204308833987
M01998,Australia,core,160.98794576480046,512.1061576247344,134.97208712107576,354.3066930231348
M01999,Singapore,core,911.4699267702583,228.26434827341728,238.0566290414457,99.66177977614562
M02000,Singapore,core,349.8187033339481,661.9914482527776,224.19391828990388,100.9999756458251
M02001,Japan,platinum,471.49702546457934,1768.3612627865243,226.0463913268647,187.25018659914758
M02002,Singapore,core,1593.741142577491,171.92105858186926,214.85588511385032,435.85589389990935
M02003,Singapore,platinum,1406.1677180639801,305.78338792154835,346.6666986655842,1046.8946670543849
M02004,Singapore,gold,369.62574167647125,970.0769383044106,788.650280261769,527.7547976529564
M02005,Hong Kong,core,246.42917406596402,173.74235420700316,187.1708695912715,760.1423959417516
M02006,Singapore,platinum,2261.904633710669,494.1064006714767,674.8350741746185,688.5575303893436
M02007,Singapore,core,195.7510419651722,170.03012322789124,105.82929835869513,265.71965305015505
M02008,Hong Kong,gold,408.9330147785555,766.4477150647018,238.77957014801132,635.9480855138526
M02009,Singapore,gold,2008.857469559619,484.2263652127231,865.1039298469292,109.62070693526807
M02010,Hong Kong,core,679.4672232150136,210.82130934538972,387.5121086079596,139.6685811101263
M02011,Singapore,core,158.63014569947816,698.9252653024726,115.81042072870547,115.88906836985771
M02012,Hong Kong,core,329.804268756891,237.92865947410405,155.4653978130632,431.77939774986453
M02013,Singapore,core,282.897470519616,111.23772885970564,181.40940564619143,152.83314888882396
M02014,Australia,platinum,1288.11130214874,1010.1421465874217,725.5694033884566,898.1623659260371
M02015,Hong Kong,centurion,1542.934908560741,1379.089197228583,509.00460817502193,841.6023281923502
M02016,Japan,platinum,1009.4050125653587,300.61372000952866,915.8315102032053,1658.055262956788
M02017,Japan,core,1154.0749793577022,1091.5792770750763,186.547715809438,138.44574085866327
M02018,Singapore,core,739.8981032775248,1033.745712724511,178.90363283074387,344.5944872433194
M02019,Singapore,gold,62.26995317091951,195.53786632240903,310.9701232145616,1408.5394306349822
M02020,Hong Kong,gold,158.85894514764607,155.233763380118,350.76142008246944,298.16597416738415
M02021,Japan,gold,566.6338642858672,293.3426732707898,129.00814583238326,438.5775647480042
M02022,Japan,gold,153.3526004018089,156.51625078173217,208.59953069540174,122.32263852856843
M02023,Singapore,core,515.3082759822867,535.7662115552778,221.9697588580068,191.42415278541975
M02024,Hong Kong,core,604.5987824771228,191.99296113663587,122.56465956186247,40.10952432114271
M02025,United States,gold,382.9249477449737,183.25451310253285,244.5444780299335,99.35258555826319
M02026,Japan,core,264.9253236766844,111.24000498079113,267.83647161027136,401.3834266267041
M02027,United States,core,164.7078938596035,983.6409757149398,209.9200057233146,44.14638263879064
M02028,Hong Kong,core,1060.4892361010625,534.0125160675116,159.07997896763044,61.580168059709465
M02029,Hong Kong,gold,1305.9078194939075,206.56990221302127,181.62250113527926,447.9180160366356
M02030,Hong Kong,core,724.1396372360219,284.70385155544733,120.0708612522681,421.3497495754012
M02031,Hong Kong,gold,718.3443010383111,790.6853866189826,250.85808255951702,343.85026249958344
M02032,Japan,platinum,251.31884599053066,723.8042278777572,162.84808081475737,1718.537756985949
M02033,Singapore,core,845.5993261238835,378.8856664697431,214.4685860174593,128.8961001450401
M02034,Japan,core,294.3015091465837,215.4680967439875,262.4239417983135,445.07821403540424
M02035,Hong Kong,core,214.8067801477516,295.3762837283246,261.9132944161364,126.67763010661504
M02036,Singapore,core,256.0633250422991,560.8419677593843,126.64507351970943,29.70418338422028
M02037,Japan,gold,350.9240374673957,418.40531758597206,165.04382022492345,139.86923737345742
M02038,Singapore,platinum,646.976300279881,1909.1975040376153,1087.7779719215703,378.72997010096844
M02039,Japan,platinum,1074.6129144434894,168.7749301843207,558.6860848116208,479.97885540954366
M02040,Singapore,core,261.4153185045152,1242.3878508350174,230.65486533614367,159.17100722010477
M02041,Japan,core,329.2274710895128,171.2524277929182,167.20258300292596,292.1018884160244
M02042,Singapore,platinum,1323.6855977716573,1132.249855663329,103.27016511105916,411.54518702301584
M02043,Australia,gold,959.6146948158494,152.33332713160064,94.75734176214405,556.1311048078697
M02044,Japan,core,594.3974756680451,178.8244143434477,155.1115689165267,694.3290071686336
M02045,Singapore,core,825.9613783471074,436.1844321778446,172.01118045462448,149.14137709973102
M02046,Hong Kong,gold,320.8997481796066,214.2432724287714,154.88323491281807,13.157081966168453
M02047,Australia,gold,557.8756933955095,139.35532270573984,526.6603375757294,217.0567729980314
M02048,Australia,core,180.23866605664756,293.9454586800753,143.7954433892532,157.87386024325602
M02049,Japan,core,286.7487377502416,337.5677003793528,409.1628328170491,55.07537192851312
M02050,Singapore,gold,1707.330090963011,320.85383204699593,246.41903127564714,57.9179302854818
M02051,Hong Kong,gold,941.4417941334586,1200.8511537983939,353.1674940615168,302.8744100796429
M02052,Singapore,gold,1065.7768300028624,431.06850521755393,244.2327356913484,430.79235867354754
M02053,Hong Kong,core,523.3892296388308,89.67599818530137,158.88157869759493,64.93408876226056
M02054,Singapore,core,239.73423514107097,246.09219962354788,81.83481687118594,211.3988021654385
M02055,Japan,core,730.8840866421998,602.4457414739838,204.2491977233074,211.49267628372297
M02056,Japan,core,981.4453219069217,119.8019395320932,42.557195038391114,100.75572593603856
M02057,Japan,core,1613.1674379476244,404.4813649253101,48.11232968339516,97.14616396246778
M02058,Singapore,platinum,421.99215300139787,1117.897022154958,389.1101652862362,803.4204807961444
M02059,Australia,gold,126.0469559141762,164.05659269729273,304.93530881549304,93.81718021322483
M02060,Hong Kong,core,487.64930643875283,631.1297563770055,207.10583980023404,120.44370558405238
M02061,Australia,core,189.49764071522543,326.3363246587461,179.70849482463495,3249.9492850542692
M02062,Hong Kong,gold,1304.868850547036,93.08724654829702,188.02221285273853,1705.213590889277
M02063,Hong Kong,gold,639.9677902871688,1890.1905431066648,461.7441981931746,437.4173009607736
M02064,Hong Kong,gold,216.0295463559017,466.78518232674907,391.94564881600104,59.34800611771648
M02065,Singapore,gold,1223.5319804595122,681.3910192390218,88.12790914494097,445.2798393619629
M02066,Singapore,core,1557.095853668048,266.83354430043664,304.7445701758604,87.20523441902
M02067,Japan,core,186.19506919443302,828.5065220922337,572.120443071637,106.93825463691746
M02068,Hong Kong,core,874.8858697267702,158.5816202679881,363.2432686128767,452.5115923462507
M02069,Singapore,platinum,841.79447264541,1548.143815870568,543.0050218920373,323.5594181381579
M02070,Japan,gold,678.0768192861898,389.9680905759308,952.1453938347488,52.394866045246246
M02071,Japan,platinum,1337.452620157411,596.2385332379439,619.1785611103459,514.6323926465255
M02072,Hong Kong,core,487.7604766303962,139.26381982473242,261.6081051380708,95.25965378819939
M02073,Singapore,gold,477.7977760731558,763.337730444565,209.55786165460256,237.72455496854604
M02074,Hong Kong,core,735.9926910291358,1095.541831650008,203.31477458583024,98.79326829824028
M02075,United States,core,1196.4010451054219,952.1195939550103,111.22435331345771,56.222000048669244
M02076,Singapore,gold,444.5175374080017,318.37099081897514,144.18953737753236,135.411680841989
M02077,Japan,core,176.00168979066586,92.29615157097463,126.38469191719831,116.96979649198322
M02078,Hong Kong,gold,1237.616160178941,1104.8970375771294,300.1354998410194,557.3106506246318
M02079,Australia,core,221.07399280681707,225.59351455383288,66.42031349291878,60.11510953832512
M02080,Singapore,core,332.79178759727216,209.4796329769106,507.26546390131597,68.63847577706579
M02081,Japan,core,669.8439906906985,299.65491683763275,146.6011723891622,133.86044541487323
M02082,Hong Kong,core,625.2711800163171,338.968806574404,322.76017836115614,41.84103363189905
M02083,Hong Kong,core,381.3628120224232,674.4047786319405,103.14611613071645,155.5947631689607
M02084,Singapore,core,236.34882547572784,251.48531931160997,227.97834545221792,67.74404817858274
M02085,Australia,core,650.4723813349538,617.1456772116095,277.6977126105766,1561.2117094365976
M02086,Japan,gold,823.1722141491717,764.775829451238,194.09966299499658,192.81830889382792
M02087,Australia,gold,475.70586834692006,581.3461088196501,361.7714944348558,309.813433978778
M02088,Australia,core,356.6007855815594,119.86059270278854,105.37625350659609,218.58503990400288
M02089,Singapore,gold,327.38542208961053,410.9489003220192,118.13144287249163,397.7825748062539
M02090,Singapore,centurion,1135.030214967728,1965.9098506488385,389.0584684687234,233.144500150122
M02091,United States,gold,259.057737093319,666.5949887838084,234.3250109795956,75.25487850303446
M02092,Australia,core,149.96181245508467,409.5717376408466,296.6142053341124,72.30476019865081
M02093,Hong Kong,core,301.26687920031776,907.8106122063647,72.36315451174418,368.08979696435165
M02094,Hong Kong,platinum,1198.2983967673656,733.0035410945504,297.04538625795544,1036.466927157785
M02095,Australia,core,347.2216223879363,804.0266918062648,132.02533798978712,249.9071141040762
M02096,Singapore,core,178.1965940709161,211.6953032533501,149.21725390876827,195.59496646125632
M02097,Japan,gold,556.9981300019925,856.096289062168,142.2741765153557,139.87229322107459
M02098,Australia,core,905.3080030042686,333.0496299275735,208.18251014968197,71.28215329277471
M02099,Japan,platinum,1028.8787636304853,1136.365175714829,588.8129983567824,2270.9897054072835
M02100,Singapore,gold,148.3012445009578,204.63654886532981,351.503168429963,208.84672374868768
M02101,United States,core,966.196764422879,307.7634015586136,172.26032225260093,122.42886483216027
M02102,Hong Kong,core,488.73601861622694,271.52174065378284,102.82052554720035,936.3824919570359
M02103,Hong Kong,platinum,596.8710490441666,1640.2755830652118,91.57234854141876,465.8910172467016
M02104,United States,core,677.2594609072239,342.8547850088035,94.83956730848018,139.55185291879118
M02105,Singapore,platinum,668.4789077224067,578.1868829173318,364.3319344251463,152.22658972654662
M02106,Hong Kong,core,248.17043381355558,83.29866641106814,357.7444662473083,2351.5396440307354
M02107,Singapore,gold,404.722288669509,217.62088512275932,297.6443737564523,261.25075634010943
M02108,Australia,core,226.0140900171273,129.39897813277372,127.36657550319539,109.29531123510885
M02109,Singapore,gold,218.95429079469324,327.2902521271934,76.19286282752886,66.47152750620802
M02110,Australia,platinum,306.99395545230294,959.5399281550846,1683.7072052629567,163.1952942314739
M02111,Hong Kong,centurion,589.6410713641895,1894.8617263232024,1019.7432641403077,515.3042647062703
M02112,Singapore,core,448.4540428989818,221.8456843208271,274.7990805432438,448.030397414154
M02113,Singapore,core,222.9224986288439,1217.9189159997743,179.66007371115683,357.4167051834134
M02114,Hong Kong,core,538.9209567761221,1111.5774908370295,172.20140969314892,392.8908252694555
M02115,Japan,gold,378.6033550392001,320.3450163117713,523.2270398291307,296.9822630176051
M02116,Singapore,platinum,148.3983341499829,1209.2768200083099,282.03339379964433,625.2932504924279
M02117,Singapore,core,587.2676826546026,64.44451330042119,158.90619341099088,316.7253573858075
M02118,Hong Kong,platinum,327.3574546746035,665.393552558721,622.4284315438847,2309.099352790166
M02119,Singapore,core,426.1667485410863,358.25611091030817,258.9616741518405,64.77616658053657
M02120,Singapore,core,227.24775560089424,113.3503334203419,266.439849566549,175.84043758066068
M02121,Singapore,core,454.4129230214854,205.93212889244845,123.2352583687918,440.638892861796
M02122,Australia,gold,92.00262065427516,400.60714348704437,407.4018795129288,518.2665627471607
M02123,Australia,platinum,636.0357849684194,739.1266377023954,489.93852100923147,219.1274319527397
M02124,Singapore,centurion,1103.8897099352973,3181.065571314892,337.8225093926106,1331.1556177091647
M02125,Singapore,core,703.0209464579432,513.1999497591045,178.0334656849681,95.90267682403905
M02126,Australia,core,537.8439194686019,286.02028974107543,123.47932914213573,112.47366260658806
M02127,United States,platinum,1201.2405106726371,2020.7345020685839,367.9753538307363,353.84663205661695
M02128,Japan,core,266.9046640409106,63.44021731369195,326.08382475616213,187.61552778876825
M02129,Australia,core,526.2752504822439,1177.4226177503633,142.68326786778306,109.68026044663779
M02130,Japan,core,270.9302542045232,157.02540550612818,192.9505093312465,77.71857747007745
M02131,Australia,platinum,859.9722441503061,251.5399059800343,130.05126328022328,2170.0729804539733
M02132,Hong Kong,core,593.2361107244617,477.2154922435655,60.356193561693075,175.02718178188024
M02133,Australia,core,327.19023421076326,189.65110768944174,256.47189757966197,55.06632429579655
M02134,Japan,core,551.8327162955571,3587.079508594546,129.98563981787342,166.19226179764908
M02135,Singapore,core,1042.6126944597431,354.803033263887,122.90131022491236,558.8875968655805
M02136,Hong Kong,core,1055.9818082291115,1022.3065730618898,115.58223483587693,47.38743408525941
M02137,United States,core,450.32444426865516,412.306957155798,137.94043769979078,1130.7962294926008
M02138,Hong Kong,gold,381.8731685611455,307.0294618672677,70.60959636460375,171.1137717847613
M02139,Japan,platinum,823.0676067258737,542.3108304148179,452.8785663188132,27.48219088061474
M02140,Singapore,core,792.9236776049119,480.878646179522,195.15634332220222,262.8746608875584
M02141,Singapore,core,783.0003630878696,1502.4519640885933,224.0091874673919,334.00805480795606
M02142,United States,gold,775.2764645945225,334.6768560394673,123.11908361253778,721.3245310759017
M02143,Japan,core,383.96308979398253,311.8683512702483,117.39814444259325,201.72491274357114
M02144,Singapore,platinum,2421.3768420053093,1068.294958915298,630.1935562111361,248.61953406494732
M02145,Singapore,gold,884.5201411570629,197.5307253952299,480.1500197941099,1390.7330604550946
M02146,United States,core,170.53913089412586,976.8369751549309,91.03548955453847,83.64892178498829
M02147,Singapore,core,2595.468903612418,243.17471708221697,598.7172473227083,78.22205999248919
M02148,Hong Kong,gold,280.3576280253634,303.7020068024766,156.48598941903163,311.18758820669177
M02149,Singapore,core,1304.531437205876,349.99126793684405,121.31260222061637,210.3872337456573
M02150,Singapore,gold,697.2557069349193,476.03140006020004,205.2339680052134,96.38390419612094
M02151,Hong Kong,core,232.4204133839552,70.9287531693975,263.53258318338595,206.16697220635197
M02152,Australia,core,308.7293581589196,245.25320867972164,115.8836158508058,285.43535229850494
M02153,Singapore,core,145.89798340993883,229.39217614943593,412.02884432493175,549.5856402269662
M02154,Hong Kong,gold,751.5597037479857,1036.1500574897168,365.33346257437904,297.3491283758074
M02155,Singapore,gold,374.2398484730469,488.09000335406336,124.78326927967619,146.79918601092044
M02156,Australia,core,606.2009025721209,141.22511505744868,139.4230969814517,425.2276858250919
M02157,Singapore,centurion,703.4672426929549,564.6066639779646,601.8833041015065,1149.8584998997667
M02158,Singapore,gold,500.6221115133667,589.120035152713,500.3543957569352,113.42561974710019
M02159,Singapore,core,524.0938419376264,92.54537004885326,77.8967264191525,1292.0675226986095
M02160,United States,core,155.94672032530366,100.87833553157931,102.90560430152877,109.83242004154438
M02161,Australia,gold,1259.8291487111285,579.477936813045,934.6620741684172,529.6476625944626
M02162,Australia,core,142.22240672292938,391.7098105110706,63.33797416038197,58.6137419935386
M02163,Australia,gold,771.6499842509396,75.3877994572919,517.1489704476767,670.233363918175
M02164,Singapore,core,479.02880601310005,419.4631397110889,224.51653575775578,135.9783280861418
M02165,Australia,core,492.2637620066762,506.44380359290875,281.5316458466807,209.58799860968415
M02166,Singapore,gold,532.8938700743553,499.227433552341,515.8635242448038,92.71875912190144
M02167,Australia,core,1050.6352839708456,97.01760146284958,47.72359637604705,56.0070703906624
M02168,Japan,core,486.74791633751533,1089.2471078513408,300.5763899616328,23.711952821220496
M02169,Australia,gold,322.82883829859736,233.7423910371307,278.5370235539542,404.7059435613116
M02170,Australia,platinum,828.6247043501482,800.8566694983023,512.6048546788768,1295.3965466343327
M02171,Singapore,gold,862.5124828375407,292.80058681756543,429.6419970493139,157.68074522827624
M02172,Japan,core,612.4750160372085,570.900517932917,453.7023029113175,362.5795561357494
M02173,Australia,core,418.7880999791551,411.89508259816864,131.43056734750888,124.07461542639956
M02174,Australia,platinum,1441.2825322184606,182.39503231478088,492.0539619588067,567.3660727683389
M02175,United States,core,249.01471183137815,347.4707168077832,172.19459857201534,176.21196031156046
M02176,Japan,core,777.3387785194582,77.77920394364813,89.1332664107954,105.04055174612715
M02177,Singapore,core,233.98868747438664,568.4646281644102,120.585879284016,120.01095617813914
M02178,Singapore,core,443.1226353487094,274.94348841338785,255.45427901209544,84.60040741894743
M02179,Australia,platinum,1456.8706797212828,4986.335120840753,2029.7294270711022,598.0611356315143
M02180,Singapore,gold,277.9835125776928,579.3296778837913,273.1197334279656,76.47499828626995
M02181,Australia,core,308.4630879789102,123.48106741084999,149.46277455980666,282.1492499371935
M02182,Singapore,platinum,1620.3713573488383,433.3766577967481,131.23061613045925,1153.7327089346095
M02183,Japan,platinum,613.0131685137027,447.96789339514453,132.32231652278404,349.26262092172533
M02184,Australia,core,734.0601002242487,407.4890387239756,239.3857022070658,1356.321079635097
M02185,Singapore,core,167.45266437071766,87.60832841047713,178.3127721536721,352.8155269943833
M02186,Japan,gold,2195.0934234980155,103.40234404515816,147.3281126201657,275.7252894117523
M02187,United States,core,454.0923040542101,518.658975245972,370.0499870581839,141.7230464865249
M02188,Singapore,gold,480.0676961681111,1948.015548647575,812.8176078914893,829.8773725497972
M02189,Singapore,core,165.72279273315402,137.85549108268754,236.0630721655329,122.59821466378239
M02190,Singapore,core,783.3592791177435,223.98076561605242,126.93505269310403,165.8966364308076
M02191,Hong Kong,gold,106.5533611110898,2889.679335643621,245.64115310033517,219.45592110449402
M02192,Japan,core,427.75993412388374,1358.732344421855,138.09842368183928,76.90859544528534
M02193,Hong Kong,core,586.3963789680967,385.8463420324219,211.37723002278983,65.75758295284527
M02194,Australia,gold,551.7867672511932,1105.9274549656307,648.891166779176,220.89474790188353
M02195,Singapore,core,360.9646473110708,2018.0835432865601,113.63906714223319,267.69133320233203
M02196,Australia,core,664.4404034748701,824.0520968323686,135.19542217692842,192.84481340391648
M02197,Japan,gold,1143.7127287695228,501.7035221579107,211.92939239046154,530.2979697111886
M02198,Hong Kong,platinum,884.6867711429333,1809.8688743703544,576.1869099697518,1136.994058055093
M02199,Hong Kong,core,524.7273877347783,143.14356260207163,218.12685611301262,282.98626726024264
M02200,Singapore,platinum,788.5086216299879,443.56252768572006,849.8880574640182,660.4964468549352
M02201,Singapore,core,417.64897433293544,336.5694096011701,367.9116519514217,927.7302389673966
M02202,Singapore,gold,425.81049462808767,187.94064512842792,330.1302896067576,341.41331176137834
M02203,Japan,core,600.1259269675631,181.89352845222942,181.97460007228278,460.46588665822105
M02204,Hong Kong,core,206.21909977743067,1425.3791224893844,473.8388094133016,61.771609049809776
M02205,Australia,platinum,985.494477641634,5275.237428863646,463.006452513503,81.17854685258901
M02206,Singapore,gold,1120.4442294159905,341.70160754832006,172.16732606946118,235.31200328837127
M02207,Hong Kong,core,253.37178400171166,1053.0568051010846,155.8989090958828,406.539468938422
M02208,Japan,platinum,1012.1385881716399,2062.600729718609,609.9133520577925,203.97234449867844
M02209,Singapore,core,76.5979867194356,151.1862897803321,153.13963999282376,71.10052165732958
M02210,Japan,platinum,157.37115184245394,227.7847886132693,836.3286439241078,463.52355931749946
M02211,Singapore,core,542.8094690339619,549.8705295671258,101.84665750726683,366.1488634032974
M02212,Singapore,gold,998.944303162731,1060.676703500884,304.32322652617535,38.385266265795146
M02213,Singapore,gold,566.954527714099,208.60990947068254,366.77575916328044,322.21923609780754
M02214,Japan,core,775.494586695286,586.4546824801223,147.48406879133978,463.2232990390152
M02215,Singapore,core,146.45671113049926,147.9644704273256,155.89018447044407,285.1487003848853
M02216,Singapore,core,480.64009214279866,425.10721031359725,262.57834260656847,112.67324681495381
M02217,Singapore,core,475.4399356221734,117.33840243859018,270.52341362152083,157.44608485223895
M02218,Hong Kong,core,447.24730606700905,729.7553149144508,315.36884555790095,105.41478526578035
M02219,United States,core,251.2405124012917,281.3257060993854,431.8255246601934,586.192893779333
M02220,Singapore,core,1020.6076977106603,307.37894018786517,202.08943560625806,444.1452086471836
M02221,Hong Kong,core,222.28438040696258,198.04980401088298,249.70529371778076,113.34415868534059
M02222,Singapore,core,796.5761311722289,271.8407700391803,517.3208189080704,278.92059850855674
M02223,Hong Kong,gold,1745.8091823412756,762.3562757952144,208.18471823858536,235.423362774433
M02224,Singapore,core,430.4323197301639,442.6828169487362,133.60331916077618,98.83467825914626
M02225,Hong Kong,core,321.20018744522474,680.1375493271148,66.5711259006835,85.49842649107978
M02226,United States,core,175.7296256091789,328.9015911207744,597.1411167372394,131.42581427572838
M02227,Japan,core,215.8207862754375,173.78947834175958,200.95192255341712,142.5740053516239
M02228,Hong Kong,core,243.65835001279407,126.72583639452655,473.46817249683534,189.30288031629436
M02229,Australia,centurion,3756.5954797365357,850.6113561964368,1583.0617874069894,165.1778942382918
M02230,Singapore,core,297.85839373987426,205.4264470182928,188.84998523817035,277.127854780042
M02231,Australia,platinum,1174.4953805868006,1006.2005511344504,601.4135349769664,945.3158822612187
M02232,Singapore,platinum,1278.3661891643408,351.5341883869833,286.89200412532824,555.6599427889942
M02233,Singapore,gold,965.1930951339866,675.6461580372876,190.43520572294057,296.8175873432673
M02234,United States,gold,837.1942231624224,227.31853858418182,339.33046180359105,3723.1162726597545
M02235,United States,gold,1722.29969286653,789.554651495656,261.3943311792741,449.4445062429456
M02236,Hong Kong,gold,659.9804141877102,1217.1927540400773,178.61909221037718,89.53292383415975
M02237,Singapore,core,98.1703824219762,200.1004776382871,320.3087677446724,700.4895101537941
M02238,Singapore,core,287.3484674674174,606.211589601468,567.6692718034532,215.6679960490729
M02239,Singapore,platinum,466.99540290562913,1831.0495487702628,368.754942002795,1009.8628180885397
M02240,Australia,core,268.58586455704966,282.24594954716133,250.15801967911327,81.88744691259046
M02241,United States,core,225.16759827608303,150.2918814361319,731.0359607298939,289.76600734535936
M02242,Japan,gold,479.95098592314355,981.2099503553668,210.7226929934769,50.048877936348646
M02243,Singapore,core,209.43989199039723,270.4992105377036,261.0803458929237,136.64469178378357
M02244,Singapore,core,423.1314131630327,447.0846595293781,62.325617999247676,411.8802612782093
M02245,Hong Kong,platinum,212.842483045706,479.4399944727783,518.3522348562258,84.06350357996318
M02246,Singapore,core,853.4604385087368,96.18657556968348,407.2245831450513,147.70689401231084
M02247,Singapore,core,250.53198543057087,317.0868939320447,229.95458250650702,163.94418419800976
M02248,Australia,platinum,243.04992475390176,679.9349204221747,152.68318134346896,584.0706524472286
M02249,Singapore,core,534.575877781203,328.3051029618024,693.5730909120184,394.84325163777675
M02250,Singapore,core,386.98122707840406,312.998100250415,21.71477521979708,190.16879330199737
M02251,Singapore,core,317.77250675391235,105.44328006323468,318.4428387399505,63.05228807267361
M02252,Australia,gold,1213.066626788785,840.504215841564,97.26050678066859,304.15251666922217
M02253,Australia,core,1069.2538132846432,730.5322985103578,121.99431896239417,183.5089852101996
M02254,Singapore,gold,998.7677511252062,255.4834083962566,304.94516362993215,323.75226482416116
M02255,Australia,core,445.5300992538644,608.5313929746859,158.3161937378619,154.33912195397687
M02256,Japan,centurion,3841.425144213934,1555.2285480763135,1021.763328799986,271.70238548367746
M02257,Australia,platinum,1700.7711842219614,1298.2601842366487,500.05129875893834,405.78093003998157
M02258,Singapore,platinum,720.0943046633435,1324.7046778159643,364.80222806427685,226.08620875257563
M02259,Hong Kong,core,444.5945042731443,289.384783776248,91.04353131059005,503.80821332704704
M02260,Japan,centurion,883.7655238117059,1154.3001914985432,166.61646179304591,244.78649122154468
M02261,Singapore,gold,393.67523705557613,1132.131161328706,367.9031174071697,569.0051992352318
M02262,Hong Kong,core,234.95958660803845,618.9261327762762,202.9032412952448,29.113242781160583
M02263,Japan,core,393.16950983027874,2499.862694571616,63.70250321869289,114.1534702696903
M02264,Singapore,core,339.6379156249989,354.52937012538376,99.66663606241553,177.4588045069129
M02265,Singapore,core,96.20245534912549,286.7966396695379,56.9290147692494,225.611633636959
M02266,United States,core,1722.7097612589773,538.6016494357267,206.70075328375478,321.8131894429485
M02267,Singapore,platinum,701.3935079307096,1679.937705998959,633.908834786959,182.76610586979277
M02268,Singapore,centurion,1614.0227252561904,268.15203878374655,303.1324037810534,634.9295041269112
M02269,Australia,core,555.9935208740487,110.5384515448845,223.61510028648598,526.3412189608247
M02270,Singapore,gold,573.7370328720741,742.6805230055054,517.641282581718,274.2748432837187
M02271,Hong Kong,gold,703.8817094640174,249.45940304322363,284.02756358754965,415.7309959222698
M02272,Japan,core,1301.3094566035188,152.93565249516848,130.4129855199915,741.331633640639
M02273,Singapore,platinum,623.8864271967722,662.6637132031736,250.12822113894646,131.57975096533107
M02274,United States,core,512.8935739670701,421.1523868051094,132.181329644303,66.41388208342559
M02275,United States,gold,2921.415510938912,447.2852729595227,255.08802910722036,291.6935573493173
M02276,Singapore,core,704.2294502486263,559.136940504699,146.19116109341184,178.7099099882209
M02277,Singapore,platinum,204.21947286014347,450.90218205576434,339.8998087534863,484.17785970937996
M02278,Singapore,core,274.15837212263034,1897.6532103999518,147.92341180648273,83.84352602296234
M02279,Japan,core,930.8781558039628,322.8251401170271,133.67814676672378,534.998685682376
M02280,Singapore,gold,762.109187278202,532.101756170749,205.40470640303033,549.068159884663
M02281,Hong Kong,core,425.9615165440552,1402.3348087809986,240.52999064901567,306.4261400563944
M02282,Hong Kong,core,243.29518361796997,123.08247875106846,215.3065762482079,67.24110971854573
M02283,Hong Kong,core,216.85107309218287,338.36291466314253,83.80563277677975,113.43187794848345
M02284,Hong Kong,core,789.8509924135565,316.53719999876216,130.07519605031598,88.30351394695934
M02285,United States,core,630.6458142837378,354.01269240303543,88.69000695429325,88.94878785309199
M02286,Australia,platinum,2641.106611780746,1411.046021547113,481.9529665301815,324.2547115813433
M02287,Singapore,platinum,444.08598289126206,772.249919448249,361.8064430212007,1102.7993804651817
M02288,Singapore,core,141.28582792966554,238.2846607740447,189.27212639413383,51.789872930684744
M02289,Japan,core,401.6376941686754,478.00364906989876,586.8862637564464,101.97062851189838
M02290,United States,gold,1261.553398723309,730.5446051486658,200.37690159133538,43.3181476107041
M02291,Australia,core,456.8323809229681,240.55480529774084,245.7915020143882,47.5767508960936
M02292,Japan,platinum,424.39407052833513,1217.9843380008906,922.2758463778226,3119.225905613011
M02293,Singapore,gold,1928.2022279692628,270.8560485809177,192.8213960218779,880.8411768888398
M02294,Australia,platinum,516.8840853038364,1807.6805114242222,87.95946802398421,135.1163276300885
M02295,Japan,platinum,2452.620426601966,210.20794656339635,511.01688651281387,713.7092818530099
M02296,Hong Kong,core,364.6091369362235,281.04288799853964,148.11183546817279,429.51072024768416
M02297,Singapore,gold,2422.078186064273,290.9082808001806,118.23729394375148,664.4567652268855
M02298,Singapore,core,347.02257904586133,1880.3178661096447,157.53701670902913,50.30676235644277
M02299,United States,core,360.70882811049586,611.6758462461601,203.6197601747987,314.3771474210001
M02300,Singapore,platinum,1212.0031432813737,287.93369669585695,652.6351309630041,534.8286288615922
M02301,Australia,core,1189.6666971083287,187.4669322687473,366.44760653220396,298.3720233138011
M02302,Singapore,gold,2250.4749410542354,728.5384797024318,99.47426178666917,400.9720592971547
M02303,Australia,core,1296.737539733452,947.5078519257701,183.89356959384142,251.7551371742691
M02304,Singapore,gold,449.4578227454331,416.27156710818315,207.76272926238835,370.471957256445
M02305,Japan,core,476.75764812090523,817.0078314388426,28.258402032394446,16.655354163597824
M02306,Hong Kong,gold,2999.2897744272386,626.3662179797276,123.78167027620343,398.0594058045728
M02307,Japan,gold,178.1825376436961,309.88778563459056,256.7243861055696,258.0753270780939
M02308,Japan,core,152.63542793581658,133.83033585264718,56.22319457131168,407.93910283395667
M02309,Singapore,core,713.9100206626408,613.5843917096732,207.6265466595814,449.96028083928576
M02310,Australia,core,133.0597630404248,891.2245642634824,65.90172576837402,746.8069478595928
M02311,Singapore,gold,452.0681456807055,342.8864999651034,208.124087461224,447.3061632745694
M02312,United States,core,2198.108633160174,328.6505079661103,197.02864763006195,140.36030000758674
M02313,Singapore,core,760.5007765289021,439.7357922584532,209.47504897167443,54.21044063820256
M02314,Singapore,gold,1268.8642727078511,453.06106771950124,61.57442226618684,93.21721918030795
M02315,Singapore,centurion,1118.0233421181283,1044.906147299298,539.8690805994898,438.3908932581389
M02316,Singapore,gold,5449.270165794085,237.5029072980286,127.22295066284468,245.72832155929862
M02317,Singapore,core,186.5998887013719,451.29363451703557,263.77359084816015,1629.713062739576
M02318,Singapore,gold,1533.0647521415715,196.98458791678178,142.77349508342292,115.18007957355026
M02319,Hong Kong,core,655.7056675122753,1007.9565549241388,135.79859909634555,196.4903169388988
M02320,Hong Kong,core,245.40894095708774,106.58433919350739,106.46697792555797,168.09958963034924
M02321,Singapore,platinum,1238.2946271831252,403.2618063271358,237.79666241526786,233.45059840369152
M02322,Hong Kong,gold,1498.7890170690662,451.65202461980687,333.5784197219486,516.0355255366816
M02323,Singapore,core,479.0020202314178,378.4513311877949,151.74868491210094,594.9716969102823
M02324,Hong Kong,core,465.9340669903843,101.7392303807109,181.71757307582627,564.9795034423578
M02325,Japan,core,621.9516383338839,139.13467767985117,124.51047429972678,160.61756406494948
M02326,United States,core,141.68135456305097,251.8227841808503,114.90347085009618,32.88802721562329
M02327,Hong Kong,core,177.3751567310323,356.1174324239204,242.4215437210053,333.6456138529276
M02328,United States,core,439.8109251027629,280.52063627505095,312.3077621296484,115.08970286577451
M02329,Singapore,core,1116.7125824189343,573.7594630651026,163.04423775108918,36.16972958168591
M02330,Singapore,core,426.431581442611,197.24148407266307,93.524560148409,176.29738476633167
M02331,Australia,centurion,1537.2493904214143,2075.2621675543774,663.7491800231943,143.76468118709582
M02332,Japan,core,263.7998531654852,562.2109517520337,244.68212722473814,108.36374120078123
M02333,Hong Kong,gold,351.58958535989564,460.16276111733384,195.68543310287342,979.5804315428786
M02334,Hong Kong,platinum,1571.141617299225,331.5670424329741,516.0563476633611,271.2333781165727
M02335,Hong Kong,core,702.4650709965842,142.8519132002364,139.43728291736792,251.73827201396014
M02336,Singapore,core,573.1519847930489,96.26907235037088,134.12494599769994,102.1863452432575
M02337,Singapore,platinum,176.4704111232897,990.4486153425222,494.8050370270552,1837.9784603325559
M02338,Hong Kong,gold,360.46067118565924,249.70582130617163,268.86337906260127,209.91603929741154
M02339,Japan,centurion,700.0723555290175,176.0531626915937,1515.1129419516878,1891.2126623753384
M02340,United States,core,665.6517069445521,155.16360722042208,230.23339284843186,106.72747197690279
M02341,Hong Kong,core,349.44408058097724,95.97354775874014,76.25639776852269,79.68569613497155
M02342,Japan,gold,180.89421792446936,251.93102170435253,691.4177693489862,229.92795013386456
M02343,Singapore,gold,835.568301959185,290.9908379847969,244.6791527833402,277.2893700530686
M02344,Hong Kong,platinum,885.9655860324225,773.638409253895,261.36908331128853,233.89778394248646
M02345,Singapore,core,1167.0919950537693,709.7010125023173,244.0994299152601,961.6700555106113
M02346,Japan,core,264.9581835413775,595.747523755463,292.14551766256204,202.97766418560147
M02347,Japan,core,143.65033621779625,1393.4890093996185,281.05492716754185,95.8533146447818
M02348,Singapore,core,773.1965140877699,77.01966934957294,131.33385658085754,96.75282100267223
M02349,Singapore,gold,795.2016318781859,240.55716671854464,241.7914235011763,268.4730195739024
M02350,Hong Kong,core,374.66855372297755,298.5686941628655,143.99607585469283,359.67395012435037
M02351,Australia,core,673.1081595994434,138.44202732088945,227.54809588054576,2342.7100561661573
M02352,Australia,core,162.58228938593714,196.16282232602114,311.87648401178586,217.67064594603474
M02353,Singapore,gold,659.0610286487557,2053.405516074659,103.98160320886245,73.59675143015137
M02354,Australia,gold,769.5012357596374,624.7582867947742,177.35811978901975,418.3916207071387
M02355,Japan,core,98.60685709126113,328.73436268444823,236.0950321964368,164.77096153531735
M02356,United States,core,545.1311184876851,176.42285162052985,72.82763248665026,469.42747661504774
M02357,Singapore,gold,215.26486264189316,411.1260255045837,455.0773057086589,258.1136392278309
M02358,Japan,platinum,875.6616752843381,1456.3057874418735,795.8015611144657,341.20775830362095
M02359,Japan,platinum,157.23178320730025,1460.3722172121659,132.8540228747912,155.36566651487314
M02360,Singapore,core,713.948906145208,123.7115610045555,148.4128275650144,898.6844165035847
M02361,Hong Kong,gold,680.3711868759752,287.34548049294403,87.18961757058204,1033.9562173560919
M02362,Japan,core,506.12637923420124,149.84382179720106,150.8088963205936,198.07943059350305
M02363,Australia,gold,340.8708639374846,1237.2325885731966,144.45469073464503,264.8767911837636
M02364,Singapore,core,224.6429511075636,353.96960317622023,135.81715866107484,109.38986933347475
M02365,Australia,core,684.8021057035933,642.7144135896095,140.45474367344912,31.65336085132849
M02366,Singapore,gold,729.1680030147486,100.57604535449866,431.4458246336358,737.4251484917827
M02367,Singapore,core,590.4858354252797,305.5640626585469,184.9044961723412,106.73072293792382
M02368,Australia,core,383.5204714386229,407.4654752448524,318.43156295773855,93.50943740437577
M02369,Singapore,core,632.4567297013253,139.5232932662792,254.432883883276,113.90683915195198
M02370,Hong Kong,core,110.67312299545276,832.1497579033648,124.3238990673865,102.49250127295618
M02371,Japan,gold,750.0890329222482,297.543934148532,422.425626791773,1173.6791758375484
M02372,Singapore,gold,635.0632886214534,189.0007397135301,185.05624219407193,180.38012229403446
M02373,Hong Kong,platinum,1526.71782257214,516.0151086156657,346.51202033090436,407.2025339139156
M02374,Japan,gold,1042.545116456714,823.98092768349,364.1939545446606,140.48854414795176
M02375,Hong Kong,core,244.01833980286057,844.1328913491285,268.1807409180529,293.84969565449194
M02376,United States,gold,241.80919264716172,88.75809252063445,207.85902354557135,164.906179450331
M02377,United States,core,431.2528319914502,214.82578611280246,76.59584504708194,103.46456837474939
M02378,Japan,gold,312.335976308943,1405.0168536336255,366.1386559983863,491.4881587889306
M02379,Japan,core,478.2257875545394,318.8315159966325,215.93932801395036,342.9918167183953
M02380,Australia,core,179.94477037204035,412.62266898943415,373.82329178174297,326.3701646573727
M02381,United States,core,252.14547875466837,281.06212604441873,154.232888527519,491.28285469224596
M02382,Singapore,core,491.04275514161554,597.9893852115595,255.80523883079678,56.729565064846014
M02383,Japan,gold,224.0239047220114,152.33624651708575,239.79341204761624,175.8699616209224
M02384,Japan,core,249.5349938152532,469.3865220503897,103.26583880838241,171.770245923999
M02385,Hong Kong,platinum,309.78101027825625,655.8854697253241,408.57991300914955,236.21217429146952
M02386,Japan,core,234.9614353024015,129.88880341174863,447.3603681883112,935.7505785186986
M02387,Hong Kong,core,226.3829978594896,251.30965395573963,825.3288092461515,307.0498993375638
M02388,Singapore,platinum,1216.8393328634154,269.1870813129429,234.36201488018062,492.7419686461439
M02389,Australia,core,508.94067442505644,140.74953905865553,144.62121566219315,124.52019023861773
M02390,Singapore,gold,443.95444280191504,317.5630385576062,305.4305607677125,343.8961107477407
M02391,Hong Kong,core,435.61833072022324,56.86659665477842,189.38751551385482,163.4730470961757
M02392,Hong Kong,core,1006.9484744526077,193.97102227073913,158.2090673381887,121.41652456442566
M02393,Hong Kong,core,450.65473224104426,723.4194106115672,349.09652056252,22.14734899533647
M02394,Australia,core,538.4916936977932,1997.0038288079118,159.86362890916274,252.6128719734616
M02395,Singapore,core,312.00799109290165,596.3230323051828,282.77539806832425,285.79671759694276
M02396,United States,gold,307.66483114298836,336.892941317458,660.3953353467232,66.92090370397578
M02397,Australia,platinum,1041.671240662269,1094.7866093500995,286.82313691518755,154.16783747619323
M02398,Australia,core,490.30671939767393,70.07643695672516,298.8804382002866,31.483024274656813
M02399,Hong Kong,gold,1792.5198474769845,1017.1219409737931,352.59085060551433,156.12828642456344
M02400,Australia,core,811.5594138257895,591.2849062158972,315.7297158172381,46.95472524823672
M02401,United States,core,373.2856119595913,252.391648864156,162.43896556566682,42.00642372864818
M02402,Singapore,core,1604.109842123559,402.12090591442717,109.6426008640891,42.78183025558898
M02403,Hong Kong,gold,251.45827529800005,3576.79768535703,248.83546167759366,805.6639232254383
M02404,Singapore,gold,762.0801593535298,468.3602204853681,550.051296103643,240.44632511362556
M02405,Hong Kong,core,369.8997573802318,272.89294717110937,130.87157522269308,190.9225646074357
M02406,Hong Kong,gold,549.9386251093092,124.86190178414846,325.3170890878021,269.66022936732804
M02407,Hong Kong,core,1510.1027593454783,167.746903310335,224.130676826431,109.51938845933554
M02408,Japan,core,783.1832246305827,198.7636287886695,182.66368637720907,398.62693761747687
M02409,Hong Kong,core,68.57016390547054,377.4595607166924,263.19620102304486,197.14335421477847
M02410,Singapore,gold,172.75845269080915,423.30272313310735,280.486099613505,230.63714989928084
M02411,Singapore,core,485.1701542026434,709.0455274210466,89.79856328562292,456.90470722795703
M02412,Singapore,centurion,688.0317157370777,180.4516125419848,1195.2160027195866,470.60398570664006
M02413,United States,core,327.11324643689386,196.05760128625334,170.65533399895185,168.5854627102176
M02414,Hong Kong,centurion,429.79806147484254,599.296530105182,247.24160224343638,1297.1878585709999
M02415,Hong Kong,gold,195.23225096200653,300.69809065797443,80.88833585935834,350.89266778324554
M02416,Singapore,core,166.26474457263313,84.50981030342008,258.8046936738893,309.7981172549178
M02417,Hong Kong,core,419.33541583203584,131.12419370449766,182.7691881222086,337.84561001723125
M02418,Hong Kong,gold,618.6703792783036,1903.3727218464667,71.12021233817597,99.97437912593409
M02419,Singapore,core,370.75147363573734,751.9733265665351,302.867211053837,145.74502503992719
M02420,Hong Kong,core,366.3627716628855,146.62204226522087,74.79021600623115,222.56740630800454
M02421,Japan,platinum,393.46072816076895,2098.394655990303,493.59625936972407,344.0823099844234
M02422,Australia,core,2083.0664709404273,283.63130685613584,269.2715485703914,99.16671355329359
M02423,Japan,gold,1578.8160999019933,701.6716773185115,75.81755855307891,290.38327180059184
M02424,Singapore,core,432.03967404977226,711.6930815988718,242.7238685244579,283.66077409921667
M02425,Singapore,gold,717.2655230379042,329.54501263480364,102.13663445562958,68.8241228436118
M02426,Australia,core,513.8185780425399,290.65650692769856,334.1167418351104,191.56929049795102
M02427,Hong Kong,gold,694.3658231968162,337.3207147850375,206.97173980891304,521.2479040091926
M02428,Australia,core,225.37722839292587,274.50776508047727,263.7073184848716,147.9312678297331
M02429,Singapore,platinum,469.39196228394854,238.26198847594188,625.6094440478802,373.01423833860963
M02430,Japan,core,493.17758881976954,194.66052920564698,102.04303841813643,46.48604297628144
M02431,Singapore,core,247.76023387501954,91.55272176642143,96.95600280463199,273.70791716725853
M02432,Australia,core,522.6258439994742,393.78164195436773,276.9901287913792,99.43169484586383
M02433,Australia,core,487.56359759341007,90.46344740907202,194.71164862011085,438.3569691390403
M02434,United States,gold,635.3482973558074,1918.3922422657577,251.30832677694906,1061.9279475452643
M02435,Singapore,core,411.72475947164435,276.57174482175554,219.1924052379092,286.99458670330984
M02436,United States,core,187.16097864960952,29.402702236899064,193.3361400578363,230.99503714171635
M02437,Singapore,core,286.44591983592017,274.52068120716905,73.51729661604747,605.9038998367622
M02438,Japan,core,322.5683920717144,183.31175521083824,310.617943230132,190.07741538878753
M02439,Australia,gold,1427.1161527170686,662.740330197881,122.56116853148784,821.1750890879762
M02440,Hong Kong,platinum,2296.3137786605635,836.4502148148322,582.9245603334696,142.51259689918706
M02441,Singapore,gold,1505.3332503657123,139.9702986687719,577.0120120655864,79.07592619589698
M02442,Japan,core,265.4605352543531,467.8638797491891,166.84378049350238,55.319482818349826
M02443,Australia,core,177.93054435455994,92.69757652919976,303.33725977318863,171.53483775153038
M02444,Japan,core,401.7197904652346,528.7688799885973,83.09527460938594,58.69657481775274
M02445,United States,core,765.1093040665646,788.3355352750672,324.4199605306831,49.9433186298591
M02446,Japan,platinum,751.4312574270564,1001.1590494838183,330.72253104178577,549.5252728716868
M02447,Australia,gold,572.5197564594223,433.89596495472273,354.9724508314971,362.71023048300066
M02448,Hong Kong,core,449.3223962117419,444.1601601201128,304.8574692711957,220.52846096190876
M02449,Singapore,core,267.2476531764011,54.93325982991919,227.31540995519347,123.2352865183634
M02450,Singapore,core,604.4417615866747,374.3729909316453,198.79089293436547,194.3002493328879
M02451,Singapore,platinum,491.5901544604708,346.41184922080606,779.5764022870857,56.89453262821717
M02452,Japan,gold,223.09214037706172,380.3376218999354,364.5915691101744,274.1503511961144
M02453,Australia,gold,363.81439032463686,445.67246115355226,183.53456429688183,437.92769031744695
M02454,Hong Kong,core,1059.9986014124013,201.35598674033608,251.56105497760439,199.97022870906636
M02455,Hong Kong,gold,2867.2657136280973,1139.4104966175755,769.1971999956919,175.2697192025974
M02456,Japan,gold,402.6389955604836,84.41116793790107,104.40339131536233,106.637925897515
M02457,Singapore,gold,769.5974561123284,550.6836733341291,135.34097986318545,292.8501688318181
M02458,Singapore,gold,534.6573244763238,277.64048735513467,276.1122202975368,185.1063240860812
M02459,Australia,core,517.6134128525797,213.63966279690496,210.40638473241154,25.866383225158362
M02460,Singapore,gold,767.862170296477,586.725294449098,379.4346522530841,307.0311838101041
M02461,Japan,core,1312.9909191285321,327.8838590856861,264.4884466712108,143.95134197373557
M02462,United States,core,699.4749145936348,282.4470692399093,439.7219521493546,94.69741976442138
M02463,Singapore,core,688.2027049305607,162.55482013788352,285.8492045695313,1002.3572800898032
M02464,Singapore,core,605.2051236417811,481.79121895513174,95.2355490609874,248.78320197786462
M02465,United States,core,599.4696856315501,787.6198094835005,257.06352261784673,238.7785817539619
M02466,Hong Kong,core,902.75135162459,510.0369698086034,145.45083026955646,202.09958900926995
M02467,Hong Kong,platinum,1103.0818867347873,581.6816670951127,173.22588499547305,407.99158355450743
M02468,Singapore,core,400.281470333004,556.435659558142,556.1915531106004,60.712781170842504
M02469,United States,core,395.1916038066536,108.70479400384161,65.2187293727091,180.69062325636
M02470,Hong Kong,gold,350.9914046557175,1510.19449452929,103.84924664249382,459.3182799564798
M02471,Japan,core,72.20635325084457,3805.222147018878,261.26409878946833,731.2637139304574
M02472,Singapore,gold,339.7698018920039,1241.6564970128484,252.0664819355905,130.00430693558826
M02473,Singapore,core,438.00093760022054,281.0025936872304,97.89173846348068,493.1713197801213
M02474,Singapore,core,576.5587846274652,614.0800107688262,388.2846399950021,119.05666317912153
M02475,United States,core,723.8401945993883,157.99914977914437,192.65304319322618,501.12435395581235
M02476,United States,gold,292.6679765644013,274.11189118699633,233.4057282053569,226.76161029413512
M02477,Singapore,gold,169.49394787172628,279.32080707845114,468.1702968125352,179.7587743209399
M02478,Singapore,gold,329.5161158903393,676.6818761105061,273.0311570089554,725.9500313333214
M02479,Australia,gold,1609.73006616545,564.445145947155,186.02248489052565,562.353467599241
M02480,Hong Kong,core,365.7465100323278,421.13982783590546,219.42074333402468,147.92998640213582
M02481,Hong Kong,core,434.09554981570125,1062.0352037333002,106.92959010729476,320.44515928121484
M02482,Japan,platinum,1327.4476877927625,1266.8175096057907,570.543627747662,278.4904352881134
M02483,Singapore,core,861.0280013014149,378.85289221314065,109.82537292912181,532.2214263797894
M02484,Singapore,core,505.7287232676397,352.2660386512356,183.33140278861327,416.6457356415101
M02485,Singapore,core,187.63303128124693,186.02905816953609,379.76450559057923,215.39615700198203
M02486,Singapore,gold,721.902753947834,184.2803772232564,474.09613033765953,756.713533145957
M02487,Singapore,gold,121.5473737101699,559.6730070414934,972.1200270372811,64.58668892110263
M02488,United States,core,779.4884859719396,518.4918295017767,678.6802778130042,145.58128102141086
M02489,Hong Kong,core,155.66998788068497,440.9371532302338,148.0721809647565,1077.807616831958
M02490,Hong Kong,gold,162.0761484181326,322.92540032675004,193.7939358968605,150.90913117534703
M02491,Japan,platinum,642.7885170093765,601.9349338431149,853.7339140574018,1180.3036447852066
M02492,Japan,gold,262.8889729929901,426.71815910841065,203.4329361089811,240.81014884553434
M02493,Australia,core,619.1876712524498,520.9810305781303,156.24402473513663,337.2705502062516
M02494,Singapore,core,194.97502533360156,1066.4827774752189,197.78820444909786,167.4631252198114
M02495,Australia,core,889.2729987297625,790.2245412394782,118.67739405692011,203.56447272056982
M02496,Singapore,core,217.71159111395698,588.5458671498174,582.7825353918648,74.68572900278369
M02497,Australia,core,86.00360962570464,403.9534821535964,128.35883983544554,280.4695362288034
M02498,Australia,gold,1352.513484303067,494.4389144758629,87.38549950484565,18.277279438608094
M02499,Singapore,gold,636.9396891690204,243.61607730736785,344.10127264239816,69.91874166265913
M02500,Singapore,gold,586.5970732758622,889.1072229918602,571.699938513601,1333.4344336216511
M02501,Singapore,gold,532.717464755394,1029.890134153299,245.1403936016626,452.3736228337234
M02502,Singapore,gold,556.5344412009267,532.0099513086151,340.90423025422626,40.723047467319674
M02503,Australia,core,430.84689110596577,50.32462477681371,116.41352921942786,190.1545877380165
M02504,Singapore,platinum,493.2846534140592,222.49014006292168,1247.4507441421808,247.76058656694062
M02505,Hong Kong,core,775.8567929850241,135.99390917737475,116.6985244737862,126.16326784337302
M02506,Australia,gold,581.481407932932,969.3330715172278,368.35529875058677,213.66999315852433
M02507,United States,platinum,3824.5718648268476,1082.730848536426,756.8714747672478,671.7400507082398
M02508,Hong Kong,core,434.08167904203697,213.78607488786375,264.8111597267394,66.14584573662775
M02509,United States,gold,843.3394900693158,984.2391350839215,95.51651662868142,312.70872359929155
M02510,Australia,core,737.9474761319921,201.72396454022237,296.5829411381922,47.95635685388884
M02511,Singapore,platinum,7303.480023418638,312.0026352308203,159.95438130840793,318.73710107352116
M02512,Australia,gold,1336.6195290765293,471.382149082356,172.77756515226145,134.17642683454181
M02513,Hong Kong,core,331.30290999114925,1024.5884966805681,234.53191514410437,419.4369986404286
M02514,Hong Kong,core,253.99796640934787,284.8760353804287,150.51618599653156,30.805053803939135
M02515,Hong Kong,core,1373.6098906457676,751.1541667567853,263.3086332435394,251.58489949185937
M02516,Singapore,core,429.2988067747236,110.4730703124608,520.8386693142585,242.66899163889488
M02517,Hong Kong,core,265.56656206279,518.7632142935394,146.52535162801445,126.50690770703102
M02518,Singapore,platinum,488.4268798124092,1464.9370784402015,361.6319306220531,178.93316243054556
M02519,Hong Kong,core,539.5589682761519,198.3770404399679,144.49046618532222,32.2489713134644
M02520,Hong Kong,gold,774.4126113827199,233.2954792285395,411.8504735982262,1373.566229069705
M02521,Singapore,core,373.10562605441913,576.4196608444569,158.95533279641785,187.83430437038777
M02522,Hong Kong,platinum,464.0171076830915,402.62235185851665,463.02554745556466,845.692677509012
M02523,United States,core,521.9523510154951,191.10435031233084,239.04498940787641,280.8896918744445
M02524,Singapore,core,548.3858220918761,404.8094540678996,201.79366501041446,71.14833309066248
M02525,Singapore,core,170.54944559449228,233.66777851791562,393.6323362718822,247.90981561278622
M02526,Hong Kong,platinum,280.6926838417985,804.0179452323231,206.60651331988979,458.0750989174207
M02527,Australia,core,320.2737544693875,271.16496306177385,287.0134285742394,1060.6656934305877
M02528,United States,core,377.9369134668653,752.6691266051647,151.146748697038,146.98909713150334
M02529,Australia,core,1720.3833806637208,1321.0942597287406,71.18043582954814,534.1028839910197
M02530,Singapore,gold,465.88144418038127,796.7233554696141,53.07842049922429,1711.9458213572914
M02531,Singapore,core,425.4125959815958,891.6148641145722,174.4194122195695,71.76298582796957
M02532,Singapore,core,229.19150832421036,137.19249548465288,177.84368867029755,567.5196047651598
M02533,Singapore,core,818.0169790384247,510.6338816242619,64.1279268263431,233.28945689032898
M02534,Singapore,platinum,2244.9602774582927,473.7889118850414,439.1222882100736,75.09791086213619
M02535,Singapore,core,226.99404840103787,230.89375007855386,194.66483644635048,132.19022518557117
M02536,Hong Kong,core,137.22289053754878,1239.5820002123673,63.62061686226453,154.87848400123332
M02537,Singapore,core,952.7627183115924,91.59779048471668,114.03850477005348,1349.7104453859683
M02538,Australia,gold,774.3078027234388,322.6759243940075,300.65005850805926,2724.0149685254646
M02539,Singapore,core,999.9070501887614,544.0677363474665,116.5637568513228,221.9683506938936
M02540,Australia,core,434.9974790062919,157.40862407828132,188.06510018811676,418.19149665601475
M02541,Singapore,core,422.2854714028207,598.5232424788941,110.78693500610717,52.94488307683358
M02542,Hong Kong,core,650.2227862547555,538.3765628261675,333.538530074969,209.3447341674488
M02543,Singapore,gold,2205.4168311177814,475.5533425546271,172.5289610353308,352.4536611739548
M02544,Singapore,platinum,691.574227784531,546.4872882739833,299.42415756972457,132.6010856511261
M02545,Singapore,gold,336.05699781777463,279.83591360251137,398.50557936582436,417.98516775140183
M02546,Australia,core,299.70147734702357,100.85693046145643,391.6249960007971,229.2984696952547
M02547,Singapore,platinum,1844.7602323239375,728.0604304595549,257.62667260709367,285.8445554989323
M02548,Singapore,core,720.7954074566675,833.3887323685383,199.7631537818768,359.9575808420905
M02549,Hong Kong,platinum,418.28915179963167,726.3745327543024,399.9004445976793,276.5419255623032
M02550,Australia,core,129.7126292929359,545.4874556251586,143.19946954262238,88.88380637563769
M02551,Japan,core,676.9416324098343,100.09883690807041,171.81215385729487,70.47834714857004
M02552,Hong Kong,core,716.8407720920943,124.1381803417819,241.43259934893402,160.9288182020193
M02553,Hong Kong,gold,275.4170123741672,107.63576660373306,290.4293294329217,264.31717898225247
M02554,Singapore,gold,168.54257139908177,768.2394517214997,343.0777949766268,105.05178694848901
M02555,United States,platinum,309.8937757701893,1382.6107355491722,235.2933666123045,215.6668580420822
M02556,Japan,core,261.03242616358744,198.91282292752925,308.06827500210744,217.35886780976602
M02557,Hong Kong,gold,1120.255001843427,748.1309126163276,246.04678875328273,472.4304817809899
M02558,United States,core,1052.2861938432873,272.2227745536286,148.47611517902655,141.6619333909469
M02559,Singapore,centurion,5241.706417395781,1524.956046239306,322.09675261402845,160.33966551922853
M02560,Japan,platinum,1130.5889285924916,202.99222706562074,224.46450696596906,308.8495859215691
M02561,Singapore,platinum,1086.1593395309824,746.6783183122749,292.25103145028453,68.70884323325305
M02562,Hong Kong,platinum,2213.1464504067612,707.5149916371026,300.8976445111274,1367.2740198894535
M02563,Singapore,core,161.81745298407733,1602.1499823542802,117.11972212608231,490.65863030635956
M02564,United States,centurion,1363.8463817717134,290.02586451975816,476.20259519891044,665.4597323669141
M02565,United States,core,1260.9091318631206,226.44135112028422,125.32276679764487,288.36964479166113
M02566,Australia,gold,772.2958138034625,196.21057750137618,266.79362313714586,724.4741697673479
M02567,United States,core,446.16488445080535,123.00726722969364,272.43096102171995,295.1167156037828
M02568,Japan,core,86.6961134969282,162.7386022071683,306.7391295790797,926.8052445720608
M02569,Japan,gold,200.36196229380764,816.0915882452864,245.1609800782873,106.87432653455703
M02570,Singapore,core,613.2237283149572,646.9104177682107,139.0680791659995,188.26170015595577
M02571,Hong Kong,gold,838.7263102396373,5437.5438439368945,248.8141959461245,199.99541611422396
M02572,Australia,gold,494.8984878275592,753.6362254416628,1435.0851092271635,145.33168297739698
M02573,Singapore,gold,275.53394523214826,530.6625309533126,226.16323123456561,343.3976143469746
M02574,Australia,core,899.6952978849373,660.7759971764582,192.8234361053033,138.8846457572224
M02575,Australia,core,175.30435164914996,153.29235491146974,112.12414257541694,152.1199716774015
M02576,Japan,core,221.08531841741055,104.48811469315385,195.09507195747383,241.0128377242521
M02577,Japan,core,406.5029586982287,155.957661718059,146.5623225895502,239.52250439092836
M02578,Australia,core,817.5583452856035,290.2212307319757,102.4031445779389,142.16220257633768
M02579,Hong Kong,gold,720.6130783556885,237.31350132504937,497.35127280942055,692.6640526424108
M02580,Hong Kong,core,448.38272180601524,1249.2500811077546,228.28574102600138,250.94720856284437
M02581,Singapore,core,192.42176228899524,123.06132206342022,219.64485503235917,489.4145960517121
M02582,Singapore,platinum,773.0745918562045,405.351542811285,410.67809228073537,953.715518208015
M02583,Hong Kong,gold,836.324688388837,293.8003375564927,235.75807509758414,45.11413482089155
M02584,Hong Kong,gold,1413.2446062835195,284.2350077039526,340.69998335450964,195.09126031916307
M02585,Singapore,gold,671.1013296970369,903.883025579985,161.3535282631939,303.25447026152045
M02586,Japan,gold,682.4410618739391,983.5454915732564,132.53261660768405,337.51920696542487
M02587,United States,platinum,405.85235883269985,1387.3004469785553,400.9444404245837,160.68096804645896
M02588,Singapore,gold,123.91076738128886,322.8763299463944,241.36422506811394,67.35350085480464
M02589,Singapore,core,239.48325380679475,2672.658869866829,85.15801529258488,129.47609045118426
M02590,Singapore,gold,994.808917640307,3122.4260105483327,230.2568796718261,949.1940077818917
M02591,Hong Kong,platinum,197.34785938205724,1239.8113749707832,640.5727869736564,1053.9532665427528
M02592,Australia,platinum,416.1433105567919,193.13835526796117,1111.885231963134,1610.687734864081
M02593,Hong Kong,core,135.15027549775914,236.00678865021516,297.0078275447145,152.11589912867984
M02594,Singapore,core,190.69943923398122,363.4470292210138,191.29359159408892,358.22395682009943
M02595,Hong Kong,core,51.75001045874191,133.04728448673157,77.48517399038568,237.0808067181939
M02596,Singapore,platinum,438.6495703739389,805.3763329687984,563.4609389820488,360.98217054416364
M02597,Hong Kong,platinum,1115.5184380557357,949.0112647087382,817.4960504218134,1320.8101208821236
M02598,Japan,gold,142.09973444029555,432.5868173529399,64.34687525981974,239.27074717900177
M02599,Hong Kong,core,1431.4036340838159,386.1691725726976,111.56540966451581,311.57551019716266
M02600,Singapore,platinum,913.7108168287374,2919.65394514919,1093.2482165747472,1240.6737712723138
M02601,Australia,core,271.19568596797194,353.6578095134727,119.129342465529,540.4324301736542
M02602,Hong Kong,platinum,600.8583691906891,1309.8329578599266,421.1362199882546,495.345992022417
M02603,Singapore,gold,1070.787353387197,799.4328805791732,243.17314104184055,201.5548233374165
M02604,Japan,core,815.296976131634,115.47873819443147,92.21606395943749,1098.7028865391394
M02605,Japan,centurion,3029.600207339137,1167.1907843299232,688.2779713482382,1606.4887546047075
M02606,Singapore,gold,1533.0033628882206,99.44659188968784,83.16928188692474,475.3262374548513
M02607,Australia,core,594.3495746185739,162.1501388004062,262.12823122513703,33.42262533178441
M02608,Australia,platinum,281.82394206176406,1894.3554188376697,399.1690190459543,76.87522774716811
M02609,Japan,gold,765.9110593428096,232.69279467234153,226.5614429829743,221.39635898327333
M02610,Hong Kong,gold,972.5264596188837,2214.7548869787074,204.6424120644191,127.77971287281798
M02611,United States,gold,473.4336546132908,164.27221408444555,251.2996873816092,501.417932219213
M02612,Japan,core,371.896072657321,657.9695997601589,92.04103606311652,420.85768625678094
M02613,Japan,gold,124.6249064322056,1123.9027905988414,502.57050698806023,284.42517331295926
M02614,Singapore,core,313.3514203829401,411.6861422410291,197.01875317568326,247.43124626247342
M02615,Singapore,gold,1569.6593963705313,336.9351576647772,455.77314629845995,463.4416397545766
M02616,United States,core,897.3348906902274,1335.9798387377332,251.87540064289516,661.0935964364476
M02617,Singapore,gold,448.91749326213693,276.1582704857021,136.63277017513573,110.22491888907254
M02618,Japan,core,564.2025436552499,417.5648414382927,148.19422067498147,242.52617134777165
M02619,Singapore,core,526.2226491142949,605.6452470077575,153.96847065296458,313.47319371029994
M02620,Singapore,core,341.37796867560894,1767.176871262045,256.37518947755825,298.8099744695519
M02621,Hong Kong,core,534.7485135228808,222.38778922653268,129.73366152453002,232.3202469253645
M02622,Japan,gold,383.2264771921893,3983.7362347458597,128.10878744550723,193.01395242617062
M02623,Hong Kong,gold,1224.1614908303054,188.76406851376632,135.72730131104595,459.44695717928255
M02624,Australia,platinum,1480.2652888290806,2441.865020887236,135.24066746488631,1478.8313320449806
M02625,Singapore,gold,1033.128376761298,1341.919085637249,328.85573381525677,181.79335402630758
M02626,Hong Kong,core,589.3697450662116,1453.3577426402196,220.9817133015693,460.7383110564745
M02627,Australia,gold,513.0348919303453,1074.7544505708695,324.9039580255413,111.62252154724132
M02628,Singapore,gold,299.65600081911396,481.2180619218406,213.19439213414933,450.58892605793676
M02629,Singapore,core,256.3652645984768,558.1321178704742,131.2080273782897,512.9527344325829
M02630,United States,gold,560.7748130268573,720.1620963870843,287.38833974284074,151.3805574890505
M02631,Singapore,core,105.61864934110878,1791.5445542601615,294.47355015080575,84.54279295766361
M02632,Hong Kong,core,271.7637875859803,288.29178645230684,327.31245219867014,84.63625907323922
M02633,Singapore,core,507.5270433618059,76.4917003835042,139.92221638840107,90.83680958081119
M02634,Singapore,platinum,1876.8577504045788,237.9145979894015,351.97839268347036,84.54627415363198
M02635,Singapore,core,273.83597736156656,276.7939232626603,241.03511854015179,1451.7142298076672
M02636,Australia,core,561.1400182958098,584.4828643837983,242.59126568561618,115.61184808566357
M02637,Japan,core,66.66106190536831,242.46682827471514,182.89212875509895,425.6066132928404
M02638,Hong Kong,core,472.5896842417615,137.68614122439413,171.18702152835698,60.873098942575
M02639,Hong Kong,core,1080.4066627826344,442.067499172846,596.0802628617994,884.0132593821498
M02640,Hong Kong,gold,502.86756909920916,321.8448804838713,397.12114323156436,374.1875353081437
M02641,Hong Kong,core,662.7674574373095,777.2473893521934,152.77609579167628,195.95234654071874
M02642,Singapore,core,426.288185854892,553.6287506804571,506.19125989354006,26.730499107562913
M02643,Singapore,gold,428.8633878566062,880.6796834790622,201.70426487537443,158.97977430647853
M02644,Japan,core,1265.5294802585554,241.88699264164194,86.9322947913997,153.48160429055068
M02645,Singapore,centurion,1504.1118554695508,1989.1912202896276,2365.5865535636276,101.3158478140028
M02646,Hong Kong,core,320.99940541408625,208.8611245728392,331.4969589493752,327.13635915897976
M02647,Hong Kong,core,312.35459521592844,147.05299568199356,313.62944890104967,205.03081280180115
M02648,Australia,core,847.2015819668298,1060.7099383328252,86.26152443150941,57.32183578555317
M02649,Singapore,core,340.8053143227115,527.8132413410691,159.26721645170838,78.82692712045765
M02650,United States,gold,520.8838210221791,113.69846691648938,193.71032020139342,850.930488685497
M02651,United States,core,87.71573128975196,357.82177799902666,40.692524644962035,482.1445243492963
M02652,Japan,gold,1249.9456892229916,1091.907123855683,189.65615976945585,850.6151546339316
M02653,Singapore,core,553.7562494899441,143.63437597155203,165.19826818169253,300.85266611127594
M02654,Singapore,gold,488.296747196018,381.75023022978,248.87781605237626,217.3434713419573
M02655,Hong Kong,gold,401.35249093164816,601.0631710804995,491.4462996258202,521.305610550109
M02656,Hong Kong,gold,446.1909242708993,544.304243700199,271.33610472862716,520.6118523235187
M02657,United States,platinum,5381.439949089242,210.0673960022288,386.04145312382235,1421.7374726310497
M02658,Singapore,gold,246.59973286310304,546.5742183367721,356.1412552072459,411.5825784490994
M02659,Singapore,core,280.31927792255294,554.6906234513662,124.53750770105624,232.1415865539001
M02660,Singapore,platinum,1170.7954475079027,922.4555127076694,225.98433227401563,220.4722809876286
M02661,Singapore,gold,183.27078269294364,491.0911814381588,216.0773155844988,1409.485372052687
M02662,Japan,gold,1062.1328185971688,876.5527102269376,318.8889548912984,193.87462314246523
M02663,Singapore,core,248.0519462413331,326.34110969491496,123.02779638380552,400.8203731482794
M02664,Singapore,gold,868.3333773965177,906.1224509316288,247.60605469378228,173.13927406696303
M02665,Singapore,gold,403.0941228317829,109.8627711186767,342.88851201063954,882.8051428739188
M02666,Japan,core,304.29708242523236,260.907171991084,270.06471908420593,130.2888586717329
M02667,United States,core,506.0289017581657,724.472700672392,54.342807329675075,1096.7292012011646
M02668,Singapore,core,464.8879940927399,183.0587387476135,139.499121354051,39.855649006037154
M02669,Singapore,gold,209.35046702632067,383.6052049850591,422.7219243744608,239.90636124849814
M02670,Singapore,core,876.643142528874,1356.688459710697,364.96391648879035,225.60181314478822
M02671,United States,core,679.5303511988695,248.53248464809423,59.23103317988856,121.92101985410822
M02672,Singapore,core,1555.7726988554693,436.41699326977005,121.757846177057,87.87869937987249
M02673,Hong Kong,core,123.8022673030903,265.72867358741263,90.22488264708039,114.98138577009362
M02674,Singapore,core,834.8548901664066,610.0362731465418,152.3900636364835,52.16962224090942
M02675,Hong Kong,gold,897.5059751921688,193.22201584423775,209.80397093003083,353.5704202882878
M02676,Hong Kong,gold,492.1420466186324,535.8400025875253,342.7825929159168,348.2537101335954
M02677,Singapore,platinum,752.6517633747461,275.9982034659786,123.86463964819264,2913.893533870342
M02678,Singapore,core,386.33894514627116,96.40017716544895,56.27238086455794,291.88196147268303
M02679,Singapore,gold,461.6471941076633,797.1535447444685,289.85212813342605,87.34940267569388
M02680,United States,gold,230.81090025363486,89.42200967910455,242.6523430988169,265.02844350053016
M02681,Singapore,core,890.8975849381645,228.4272994171521,304.5296480618931,500.2462047045202
M02682,Hong Kong,gold,591.1836408982768,223.97611256368455,401.98937298673553,389.68756520588545
M02683,Singapore,gold,358.4565243708211,331.85247561993634,216.9109952766959,198.9623789627992
M02684,Japan,core,930.049864211255,535.8875153506838,235.95685953871762,39.833057167848395
M02685,Singapore,core,274.12482579748723,1856.3583960867263,134.80401583135108,258.64894541512007
M02686,Singapore,core,282.34234259914064,500.3682557177914,200.4208556329728,191.14430452304813
M02687,Australia,core,538.5412835036752,57.63913180614572,110.84555899661368,1525.729887954743
M02688,Singapore,core,228.78335932899682,1185.5300884998112,168.12469446066547,365.88792491019444
M02689,Japan,gold,989.167417479474,201.5977931507149,103.47011536674553,78.0498019425412
M02690,Australia,gold,768.6099237655467,439.0637697585891,234.61414971332994,1311.268483829999
M02691,Singapore,gold,115.23325116767936,139.9644653174048,98.32996777086076,511.1655351794032
M02692,Australia,core,385.13065238948417,210.35262564522088,114.04327777743335,38.74922584469045
M02693,Singapore,core,230.33184082265348,586.2792429704959,106.35806677520068,153.65233083875322
M02694,Hong Kong,core,1132.3935098955,299.19312796861965,56.84880977528358,128.52010511304857
M02695,Japan,core,479.6270641782002,700.9999875275194,120.47296150165671,319.8009986503996
M02696,Hong Kong,gold,427.2822162203244,342.55617737999194,189.73451165466284,255.61524229445084
M02697,United States,core,237.31792010043833,391.69718627969263,70.37829730508072,327.1605917574063
M02698,United States,core,435.5571418123493,607.1387356673015,137.88039495553426,230.4516945680054
M02699,Singapore,platinum,253.47421132131353,1352.8379606323006,289.31827848082264,538.5866264593773
M02700,Singapore,core,490.9507568369479,278.0992051970054,106.34583653877387,148.92311566720957
M02701,Australia,core,367.9149287475968,358.7077442846461,123.03749457365022,118.39907985797625
M02702,Japan,core,691.122616795009,224.17673337946795,127.03481745172799,356.61227682804935
M02703,Australia,gold,452.0062131709364,501.4297158186941,59.56829621997595,330.4141116518696
M02704,Singapore,gold,613.7623721968754,219.3384060557649,289.447440551562,393.43208347474035
M02705,Singapore,platinum,581.3194022382977,1156.9863535350532,1457.6745297692034,3217.5389978654484
M02706,Singapore,platinum,239.87824085359716,2389.9979024844883,320.04536002742503,993.7210613181106
M02707,Japan,core,94.49886575450257,294.3159426449771,123.76655613305725,48.676976472590255
M02708,Singapore,platinum,344.48810639949113,1351.027595412946,168.61299309893909,174.25081279297495
M02709,Japan,core,269.6143769797884,115.74026595448771,111.37729992204474,244.26068488410243
M02710,Hong Kong,core,597.9014244355832,505.4555076912043,281.51314408090883,254.0138233425391
M02711,Australia,gold,890.7835772717505,990.219509569655,121.0856414588965,392.51274080170805
M02712,Australia,core,561.980243658849,181.46408258508038,139.59908494049296,726.3076525362592
M02713,Singapore,core,688.5437719504271,642.9471557945144,114.2479442577547,152.2597863480137
M02714,Australia,gold,3327.7685584476644,250.7509655097353,323.8995113235655,1182.6421295041832
M02715,Singapore,platinum,1366.6727004154222,215.62051358456367,301.53983584559757,253.21611453441784
M02716,Singapore,core,464.72635498956976,374.58650035393265,181.57835635245485,198.27718108212972
M02717,United States,core,492.8104794109662,188.52587335931904,151.86623735165367,193.89133186599688
M02718,Singapore,platinum,876.0698107439546,951.8861513982519,274.2991611218866,1550.9160294194307
M02719,Australia,gold,167.61926520913875,2084.570142384619,682.7822141269986,796.695974394142
M02720,Hong Kong,platinum,1243.3842249032152,176.33494840922788,633.7054198075872,163.95369248393536
M02721,Singapore,core,607.2406718109404,250.06073813836738,151.63424803751394,135.68929082843073
M02722,Singapore,platinum,2447.9359684524056,681.6522193512483,493.2177805755201,218.85296928582437
M02723,Australia,core,354.89706688559204,805.5089614349465,115.0210504062591,152.95315254522447
M02724,Australia,platinum,1080.152460047857,726.866514343546,136.5839096697901,442.6510552072442
M02725,Singapore,gold,574.4885602881042,544.6217474221324,293.68469261871235,645.8731537130952
M02726,Japan,gold,438.9509419587892,438.93548129195966,326.48206148977556,2136.260323864973
M02727,Singapore,gold,700.7949974719966,817.1751129307711,79.54547649138868,442.08587742120716
M02728,Singapore,core,593.9250724993216,136.08043254411348,106.10613481899814,95.85633312353094
M02729,Singapore,core,410.8299829543495,571.941279887041,152.73028257140348,303.42520381716815
M02730,Singapore,core,905.856800154192,93.31047198517464,182.47747160404367,109.29064871921605
M02731,Japan,gold,101.79963494238812,73.21423321849127,367.22339569828483,44.04257481565377
M02732,Singapore,gold,533.533175374433,2291.194843513786,248.30339052955208,473.34785012633864
M02733,Japan,core,497.83949008093634,631.3456479811613,255.70230320189623,153.88064802722204
M02734,Singapore,gold,893.7138761064358,458.3058830093291,197.8235760819424,205.82695835731028
M02735,Japan,core,1162.281411654267,233.10218880495324,294.34252921646646,207.47648504749102
M02736,Japan,gold,2648.82551494372,243.33984783812718,530.1594531228619,176.73627006008812
M02737,Singapore,platinum,6089.660211477935,1874.9384554749447,87.07045403945628,127.95907351509283
M02738,Singapore,core,348.8081404413387,278.3373482358827,238.0929618364532,278.6053327253813
M02739,Singapore,platinum,686.9544746786262,541.4303427754285,331.72502433099356,666.693490212469
M02740,Japan,core,649.719053198514,271.89421912190164,148.25581916284747,565.2920455207621
M02741,Singapore,core,303.90410756661447,143.31940640084045,281.7170986575457,172.66135718129266
M02742,Australia,platinum,770.1490642964611,429.8636974517703,256.1114284428021,281.573404861368
M02743,Singapore,gold,620.4542508859726,219.3334770136847,240.973661238063,136.38418788030032
M02744,Australia,core,460.4217143266183,1003.4787184929021,65.39912190146184,65.69905546637814
M02745,Singapore,gold,412.4789789779905,709.023557009929,202.50455037431627,1091.9627170778417
M02746,United States,core,1043.7388660772842,448.428002007954,129.87734832975457,116.1988128310668
M02747,Japan,core,210.45042177767576,922.5045007185245,137.06442616807374,41.79206428833597
M02748,Hong Kong,core,1165.7692226198185,310.68928172672094,401.20019082510606,146.95746206685266
M02749,Japan,core,651.137691828297,448.3005908845605,234.1614271634867,233.56172121403588
M02750,Singapore,core,505.0599682615171,323.6442079395986,301.98226058088426,1335.4407905831786
M02751,Australia,core,368.4195058850334,192.78910190349728,349.05727286033544,45.117715775704774
M02752,Singapore,core,821.3930515070472,1105.0367955817796,400.44836480834664,257.58961968115597
M02753,Singapore,core,771.0620346278033,637.6071874626911,103.8264955546889,107.17948063424492
M02754,Singapore,core,521.7862259445535,5270.689337336883,177.48725027606645,143.29725786484536
M02755,Singapore,gold,1293.667628606825,520.1608935598248,270.44796138605165,862.3457364785185
M02756,Hong Kong,platinum,652.3611468918917,490.9023565333896,257.9414600471299,70.87116188726212
M02757,Singapore,core,850.8628563857342,299.4514920474263,101.13605669724744,336.9461130155677
M02758,Singapore,gold,262.5714359857871,900.4432708644289,224.3588668657917,61.523979905464095
M02759,Japan,core,300.97604609136084,523.4541099572999,161.5958393890036,364.5163262187444
M02760,Singapore,core,674.0529227452449,252.28283885107868,143.69485659281617,211.17868056637613
M02761,Singapore,core,855.1959297549398,672.1894054853304,135.03027881053276,262.2659776355922
M02762,Hong Kong,core,295.8275148492207,228.81636393205673,378.89870593796763,496.8966598251956
M02763,Singapore,gold,458.58291068645195,736.3393406006215,97.01162305466258,176.26006410211912
M02764,Japan,core,93.42834536724571,469.0396522684651,109.05863934590585,64.39185025811989
M02765,Hong Kong,core,995.1708236890748,510.14545543307514,622.8154875013956,181.56148245436876
M02766,Hong Kong,core,198.85047921789536,821.5038102389087,147.36390405255747,15.400452056419363
M02767,Singapore,platinum,589.9243193377376,754.4218771370959,116.1331219128202,108.30285887218321
M02768,Japan,core,430.66134346023824,360.1564779431057,90.96153631535232,51.699168541719324
M02769,Singapore,gold,755.3582103027111,157.72769490923244,110.30164787232121,64.9901323158347
M02770,Singapore,gold,301.45959416369357,805.4625053315757,281.90002807539963,512.9176488860803
M02771,United States,core,595.5185709111176,450.04347978570877,170.33010546408454,340.35617711396543
M02772,Singapore,core,1216.8431287252363,573.3507778052705,362.1403360297591,68.3225323710907
M02773,Japan,gold,1173.8631613022526,1265.7511427202267,318.3561544129544,988.3553487740138
M02774,Singapore,core,201.1871605420764,99.12642807177454,73.09462853291487,45.25170788890914
M02775,Singapore,platinum,794.9446029603835,727.6448849390655,551.3954359698806,185.48073799010385
M02776,Singapore,core,1358.8583147896486,589.4973097503035,127.46190646858885,66.88670231662938
M02777,Japan,platinum,473.46509275364383,824.5127509602976,606.5002319077611,1348.8024510412138
M02778,Singapore,gold,1612.676064280697,315.7128696157789,167.19711598569717,152.30634174337402
M02779,Japan,core,769.6997969862248,793.3664589850698,248.76111846397103,149.7178027956132
M02780,Australia,core,241.8160300893817,104.40777855187778,87.24064783865461,34.728888707738285
M02781,Australia,gold,458.6374315436184,658.3353162911578,204.2757352835315,100.27979775773467
M02782,United States,gold,492.76805895771673,1224.0265472331732,152.9425543639352,183.93425323079737
M02783,Australia,core,648.4497479816704,263.6192954196319,169.21851934692486,99.71327036284848
M02784,Hong Kong,core,423.04228288864596,738.7225107535006,458.92341774526847,230.99971115258944
M02785,Japan,core,741.9760868305517,163.47667314033387,194.42799500774586,205.8238001329984
M02786,Singapore,core,485.93269469326606,1736.781410204308,195.08329088085037,1545.1335979975984
M02787,Hong Kong,core,549.0236850962581,135.07178131939247,272.9629047131854,116.18068570107616
M02788,Australia,core,304.58657133159005,281.34268849285195,231.1749970924467,407.23515221504664
M02789,Australia,core,121.27415783120355,186.69264689818948,382.1124220020299,365.7131551367807
M02790,Singapore,core,809.4967812558073,196.85341576755286,68.14941784816494,51.84919495339465
M02791,Singapore,core,1546.56528438646,86.58090053201877,107.89175996931824,458.7225490117323
M02792,Australia,gold,655.6613234718916,1257.0652749513142,160.56223732149004,356.19960858505306
M02793,Japan,core,143.74516844696439,979.9327959593622,132.64339524133086,82.70620386337647
M02794,United States,core,474.1477670167104,188.89655096595172,157.54969547138964,1752.5310585350394
M02795,Hong Kong,core,380.8563883660272,174.7828864747575,195.13235278844598,57.88547772124789
M02796,Singapore,gold,1119.781613295505,1167.7791066059885,178.11904814383215,105.87608840512712
M02797,Japan,core,756.0445614367811,222.42065143481145,220.4239507719354,111.56841583986882
M02798,Singapore,centurion,416.1465360699507,441.7456284780002,1086.202364966724,330.67401808353526
M02799,Japan,core,239.9418655166812,96.95414647280731,339.64200799926874,897.3301901525144
M02800,Singapore,core,919.3938595360331,475.29027990367723,50.687210277582565,305.49087790403604
M02801,Japan,platinum,540.4434109702214,1014.7569801408185,327.5758195970506,279.06728437567244
M02802,United States,gold,838.6146868587389,404.1930722378073,617.7428698758849,338.36408077377087
M02803,Australia,core,978.5343341480435,316.94000857219606,1161.2708275046305,57.51274484886801
M02804,Australia,gold,512.7821529530387,221.91240168493252,544.0502861301972,311.99977238674495
M02805,Singapore,core,134.00064600998675,137.46842756174593,158.1516638676534,408.0449791435919
M02806,Hong Kong,gold,904.740318187032,1538.5298077474486,194.44017402783817,363.1900333819985
M02807,Australia,gold,3756.2585029373163,308.3483802302793,160.7897180277306,120.12842430202534
M02808,Singapore,gold,122.99181298931968,96.75384848018163,319.0675836136086,74.79116890607472
M02809,United States,core,947.735851566036,69.57663537057475,172.0604229639897,342.9330338693331
M02810,Singapore,core,148.34504823450249,492.0657493120065,159.68416222746603,63.20262462728791
M02811,United States,core,1056.0629952020809,180.47742413184258,146.34392950348035,639.3560082963442
M02812,Singapore,core,365.79294855525325,372.6476026913727,118.67963340531644,104.22884094518459
M02813,Japan,centurion,2329.708268165887,1422.6586028563597,712.0175676376242,1332.6737111321245
M02814,United States,gold,142.764659316903,1251.5899044227858,332.3404167785187,497.8640619676033
M02815,Singapore,core,573.8171219278976,250.88551404790462,145.73042449037538,93.3349850627264
M02816,Singapore,core,548.2241710402631,72.85552059398624,284.06809050368923,175.83487252279164
M02817,Hong Kong,gold,1083.9656137263253,77.63792761245689,204.759570983315,632.5319189745093
M02818,Australia,platinum,481.58396936018244,270.908715680683,339.5211238437335,431.0987527304293
M02819,Japan,gold,1082.7504832891714,453.68020572077654,212.87574490403452,544.2758357819866
M02820,Singapore,core,197.0395382763783,239.85837043182457,121.7826461427105,847.8708008432475
M02821,Hong Kong,core,1486.561050609327,65.32293202747697,244.308197130203,315.49905023717895
M02822,Hong Kong,gold,550.1664430277355,740.8341484697278,547.6125649931186,377.00867435320316
M02823,Hong Kong,core,294.0074691128253,810.6671489195927,257.1413118929833,94.16045711636833
M02824,Singapore,platinum,1287.4727403559618,269.689974258484,111.84352201785961,74.66588264092155
M02825,Japan,core,367.6973390731143,89.25639422086077,121.28740723596192,71.9347901187015
M02826,Singapore,core,687.7418396604695,193.9378563201174,154.876772064267,1047.090679307899
M02827,Hong Kong,core,1651.6229693470411,327.69982217799924,129.36204563018435,140.57713333144804
M02828,Singapore,core,110.7885770761294,425.4116450891159,55.59868796408408,728.3299570615885
M02829,Singapore,core,186.07552559276888,332.86161768538,180.04031070231096,352.471928734327
M02830,United States,gold,991.2877458043375,77.94522152465235,99.95882185174862,690.6600887917031
M02831,Hong Kong,core,150.43773512238323,353.1940971097269,84.53434941153523,884.9670208616158
M02832,Australia,gold,985.5919429487203,305.1311744243762,345.9954523813855,354.73962007465593
M02833,Australia,core,300.60529118448875,234.74258491587497,79.85382254077659,61.5366082662054
M02834,United States,core,414.87580277852965,180.81346093316495,265.65033359613267,953.1518932003332
M02835,Singapore,core,212.7162657420121,1049.8176414967604,61.49942343436234,244.77101016888352
M02836,Hong Kong,core,406.22234711863916,252.96335114216703,139.4690100960282,234.59781314205574
M02837,Hong Kong,core,887.8378136626573,798.3421388329136,119.6365720684581,470.2267648184884
M02838,Japan,core,237.85937219317609,465.2064567706054,334.45409515338525,125.75634484524141
M02839,Singapore,core,519.2759870604169,187.77646996200596,357.442359755397,72.55291607544878
M02840,Hong Kong,gold,283.61289426426663,162.2328323310388,875.3845543527743,2641.884883933514
M02841,United States,gold,914.4703521837035,513.470797935612,317.44432472455753,71.58709994591274
M02842,Singapore,centurion,2032.9061478014478,1430.781495687426,506.71089404487054,634.090304724457
M02843,Japan,gold,2058.0875985262637,724.8690007640865,1317.1467880287605,56.637973633288546
M02844,Hong Kong,gold,340.28321997975956,362.41474875398677,178.12848745322552,507.36770185699504
M02845,Hong Kong,core,553.9278716110774,725.5830411497915,116.20191519668032,579.3216656473496
M02846,Singapore,gold,554.5183296631274,134.64162180143282,386.49342611223193,87.52972137457478
M02847,Hong Kong,platinum,978.6215013232256,120.24448653484058,886.9882639741646,142.7560054424924
M02848,Singapore,core,174.319947511671,91.49399789401183,266.3772625952725,242.78359550345687
M02849,Hong Kong,core,993.4309403988931,139.13358298579774,216.66121789366767,80.08106958044468
M02850,Hong Kong,core,577.0445400234922,293.52246168953565,248.10124424647063,125.86265011481379
M02851,Australia,platinum,1845.8053323359923,525.6190666340526,257.55647856484353,359.6749972116871
M02852,Australia,platinum,620.0830891456721,167.5671501469851,471.83301365246325,920.4671327409391
M02853,United States,platinum,584.1503107678951,1464.2155045933903,250.35428602808136,223.25095005980896
M02854,Australia,core,503.67192915876944,363.2796619592317,69.34925385522891,22.340591369171566
M02855,United States,core,427.8124158824431,220.1905207428086,418.4543721619018,72.13714851491953
M02856,Japan,core,798.1658484839988,91.67537370054023,214.64781806627636,487.2117893285449
M02857,Australia,gold,1068.048426226143,748.8008405105084,677.6082898312178,269.7344893361602
M02858,Japan,core,284.64663270487364,128.2150511603117,146.9840318608505,62.13185688374079
M02859,Singapore,gold,1408.64506978234,555.0101683361794,284.1628275252739,149.9935810054443
M02860,Singapore,core,865.3302732551649,65.26356209526705,88.63898205637983,88.43681696977606
M02861,Australia,core,697.7520222840382,576.3776447095912,159.00246414121156,278.7690215373795
M02862,Singapore,platinum,332.420437207938,573.1488995073544,373.29082624099095,274.5914436917785
M02863,Australia,core,716.606494004346,162.64157097595498,71.81030966850639,206.42979565477108
M02864,Japan,core,830.0828011188869,215.16099577314176,223.88114796925387,373.4811848489886
M02865,United States,core,311.1594250753152,207.6434150348333,216.5754852819573,192.56630885078943
M02866,Japan,gold,256.1558466574807,238.26267124094474,162.0983498721854,127.62433707274671
M02867,Japan,gold,738.4612544719686,2922.891581106215,256.84660820897045,111.52601259216738
M02868,Singapore,core,293.2405877401105,310.9534241699088,243.66719329856977,345.81076506427934
M02869,Hong Kong,core,239.5225772622081,270.36788283155937,147.21574773073263,267.9513252968721
M02870,United States,core,346.72772250901505,2425.645880254001,321.846317099176,192.72213859422183
M02871,Australia,gold,825.342622153195,427.45750042441773,776.5308850875226,788.9097065703209
M02872,Hong Kong,core,899.9032808945668,343.2402926087986,68.82948442207928,226.00989641797088
M02873,United States,gold,505.87262061282945,2459.9800355808366,599.9769333957861,187.55784914479847
M02874,Japan,core,249.23381285114786,223.52356507772694,224.72683796761575,313.03474038885054
M02875,Singapore,core,1298.8685559514688,431.5313024140191,87.09990301436855,334.0392234807147
M02876,Singapore,gold,414.907859527603,606.8638936378157,337.3161961675532,360.24535450422906
M02877,Australia,core,259.52447481782264,519.2190317910756,227.65090866487787,124.94881574611168
M02878,Singapore,gold,1968.913369453013,869.9708057505895,257.2575961670479,915.18585446033
M02879,Australia,gold,648.6003664604997,290.85353337333197,384.7614501956819,855.8900457942962
M02880,United States,core,450.96147207097675,606.1320700601221,84.04638084126978,189.88113738240423
M02881,Australia,core,542.1504642065951,413.06439174482654,116.52181544928872,68.90631904364292
M02882,Singapore,core,1139.4839295241625,284.46003975236425,78.19593230428511,392.9130713933708
M02883,Singapore,core,515.2403023912927,678.9520853255883,578.2884057734584,218.3298803501189
M02884,United States,platinum,1573.0799268923463,1365.484697147383,665.8175196853495,762.3513870586221
M02885,Singapore,core,483.79161031307774,260.36107252538505,395.3506046343178,119.96772052920673
M02886,Hong Kong,platinum,373.35266607439945,344.5286037704283,317.1765352310834,391.95595401224006
M02887,Hong Kong,gold,1580.232532300758,635.5436501381168,90.67111365905886,464.0095105317843
M02888,Singapore,core,471.17561233869077,378.24378401844734,150.36607022555194,46.94609619804534
M02889,Singapore,core,264.06383724385415,505.2663285397427,179.78981825612593,64.74725778323105
M02890,Singapore,gold,470.67926748596153,1673.4827961421283,231.17703295766964,992.7139303332419
M02891,Singapore,platinum,1015.3824668506342,1111.7444426005636,320.47409805987905,322.94338230233046
M02892,United States,gold,1154.432979649948,1988.4460414913524,284.5081409945222,211.41795272804757
M02893,Hong Kong,gold,145.29918705781702,540.696308495102,447.38982649472285,111.79903957844215
M02894,Singapore,gold,2116.9523358946717,376.87387847454335,684.346261226639,1457.2396200059598
M02895,Singapore,centurion,1970.5327342509013,1655.2672507912466,281.55102708856,142.78383848799677
M02896,Singapore,core,375.80703927563445,243.25956308035177,151.9448152126585,118.7907169776644
M02897,Hong Kong,gold,857.9489977870829,824.6371717167593,91.16140128093544,341.42857075892334
M02898,Singapore,gold,666.0501602696258,187.55970060537447,203.7478412348718,5635.009968291367
M02899,Hong Kong,gold,474.35008189796923,504.12295686064203,261.9627270947388,62.95595191837963
M02900,Singapore,core,364.5697150070683,227.38594243412578,448.4802073573519,130.03787306476826
M02901,United States,gold,493.41986798358755,532.7303969494893,597.8021162959747,469.8418287551477
M02902,Singapore,gold,712.4144432385488,810.7981676756856,298.40729563862203,323.2764295980503
M02903,Singapore,core,344.22661517752357,167.57261718569762,340.70910363714364,149.82207820389428
M02904,Singapore,gold,394.7681122969982,574.3910717558018,798.7854552698477,542.6202802744068
M02905,United States,gold,255.45238814840832,464.5546814944385,130.5687189460185,80.72469639629797
M02906,Singapore,platinum,637.616031989951,668.671912221438,619.4307275252995,408.5113212314844
M02907,Singapore,platinum,952.4296100013104,4064.431642190191,262.78092036491245,573.9325953129025
M02908,Singapore,gold,707.4148917849093,447.1132837808274,109.47165887400422,217.56535766085693
M02909,Australia,platinum,1148.6782874418836,338.7148090728786,405.3489166634163,96.91044090022793
M02910,Australia,core,273.16018658341187,216.11273751639908,227.53700128997755,1233.7979341846699
M02911,Singapore,gold,762.2671564642064,1360.2018205124973,304.26610703451314,126.88717436666006
M02912,Australia,core,938.0092978438851,137.8513216991094,107.54717893781044,150.87810016646688
M02913,United States,gold,376.24573179496184,956.0678592343633,247.46604150849154,184.00374587656702
M02914,Singapore,gold,463.6891335564891,345.5084788520087,208.4410754935628,534.0526876798684
M02915,United States,core,484.3109610319294,535.7694409851393,56.735856086759384,991.8119684960706
M02916,Singapore,gold,392.35729684736424,681.717622876273,161.768378582766,61.091283621591565
M02917,Singapore,core,392.5942317726712,262.17852641279836,134.96277110206742,383.9639038342986
M02918,Singapore,gold,245.7352009091197,95.16060815285034,201.3321494972355,503.5057895729786
M02919,Hong Kong,platinum,465.8654729145152,881.3948652371809,376.4789885313823,606.481906113498
M02920,United States,core,911.5374601293767,161.3900791858597,406.4007340542294,252.89442440228862
M02921,Singapore,gold,1704.8828330672904,259.0511873442756,372.61868924401045,119.20011791048331
M02922,Singapore,core,281.4061232845934,245.70752050257624,227.93488254948198,123.95325787560111
M02923,United States,gold,790.1902304372835,909.7188623015606,483.5123313773519,193.34177120338856
M02924,Singapore,core,92.22088389150156,200.2455211582127,156.91070067117408,170.25868461292768
M02925,Singapore,centurion,358.6659106490473,1284.3961608721345,771.2325792527469,879.5094353126314
M02926,Japan,gold,1194.3185413914937,799.4655421077558,232.04610467082003,722.1498085188113
M02927,Singapore,core,275.4190966212967,408.8236908191327,132.35562796083835,46.928203268555826
M02928,United States,core,374.87801914532605,304.6584898626193,76.78014283067121,104.46330669091479
M02929,Singapore,core,231.53649340540744,889.5187192467739,258.0580274747316,502.60451893849716
M02930,Singapore,core,788.7404982353738,482.0982073747432,94.5638245501776,77.58716723329307
M02931,Australia,gold,1602.3377260843722,503.8621669980617,411.93340518426027,334.33859898438425
M02932,Hong Kong,core,232.6937538817069,130.75418878563923,69.75556721494127,39.33061348404418
M02933,Singapore,platinum,513.8513134376624,277.9924932433869,376.67007749702566,857.5866770023313
M02934,United States,core,459.91061059904064,771.1044062409934,193.15321146135503,325.8296887422463
M02935,Hong Kong,gold,1306.8727193776194,435.1463505977048,111.51948591257107,86.0863209348855
M02936,Singapore,gold,941.8118020660908,938.9549440041982,105.6550514520011,51.230454242778826
M02937,Singapore,core,90.994748579224,370.03819692419177,424.5308326416255,53.51770179857516
M02938,Japan,gold,606.3133552259737,151.58750727758613,156.68680053089804,321.5745610621857
M02939,Hong Kong,platinum,313.17713882765054,792.6179700878819,397.93235915495325,682.5955343515001
M02940,United States,gold,396.3589086171911,371.5684827354748,248.0368042647617,182.42075716265336
M02941,Singapore,core,652.6625545616481,719.7645767789928,248.40643659997514,304.8575279411713
M02942,Australia,core,2423.602136029363,419.9690919960208,197.15220671563193,63.19423273300357
M02943,Japan,core,288.1172152690339,497.11169120974984,180.7412767191119,144.08218807518375
M02944,Hong Kong,platinum,252.7203813406522,739.8735910217744,1944.8330609211016,685.4976162830872
M02945,United States,core,272.0571359686518,130.76949281922595,95.93028667303912,722.3178151328416
M02946,Singapore,core,2590.167547689528,123.69737859671356,188.68944909611434,227.2829785194205
M02947,Singapore,gold,488.04721503800477,422.1500617359588,307.64761201694876,2059.133154198687
M02948,Singapore,gold,369.28786109643903,831.7346844666783,98.52089649073322,70.63653132519426
M02949,Japan,core,562.2482643669381,164.27170716253138,137.25759163135902,157.83527060409915
M02950,Australia,core,306.44522145699534,80.52951982736266,61.51828431328154,675.2206616912989
M02951,Hong Kong,gold,1348.0022744949765,1602.2500277767901,923.9211736929249,686.9029483454115
M02952,Singapore,core,562.7136975610689,119.63565170889356,116.24238139820936,194.78785094110825
M02953,United States,gold,312.65034178558125,1670.3359082812638,498.15917574384366,245.71117539032923
M02954,Japan,gold,890.708668064434,1015.3747370950127,415.2651985300528,192.294670972591
M02955,Japan,platinum,795.3050062134428,3390.2315757149045,463.7902676538202,441.2661518664583
M02956,United States,platinum,610.538321853945,2111.483049598327,152.2114741967613,1267.4239535751624
M02957,United States,core,80.44026113678203,190.81459349124987,93.49910570218763,326.516890005727
M02958,Japan,gold,1185.3257468907195,327.3821527596432,228.17757363022167,101.2217962178774
M02959,Singapore,gold,894.6391166993911,277.32439563059273,99.3993139218041,757.4677964564967
M02960,Singapore,core,220.48418314475634,349.48441537082033,126.8378485442457,354.1571095104958
M02961,Hong Kong,core,307.42358683225837,188.01385049249984,230.90677961130612,134.0481649213603
M02962,Singapore,gold,958.3757677038677,353.9580859223642,237.11193119083754,330.0823371007182
M02963,Hong Kong,core,417.93344780029304,330.6626696738816,203.45886022858264,1215.8148856938117
M02964,Singapore,gold,871.1688732473646,1921.200678138139,648.1406069188487,66.0653304133649
M02965,Hong Kong,core,175.4338933728745,96.92879403936239,103.90960365867468,633.3426522875425
M02966,Singapore,gold,741.9148337953957,488.32934504492687,197.6335094474736,549.0698206168536
M02967,Australia,core,727.5055024796253,1109.921346723741,277.80713624545723,95.96886143436487
M02968,Australia,gold,287.6345281270205,278.3330992409256,216.38753137837378,393.95693610122925
M02969,Hong Kong,core,220.67129139182398,141.8811609810018,129.80330034010842,359.2087252849656
M02970,Singapore,core,683.8716257903201,133.01741547518296,257.0209795861897,616.1520348224178
M02971,United States,centurion,2280.892544912125,2969.601104259335,651.4209615545082,276.5933859141527
M02972,Singapore,platinum,770.3667281965884,253.66989048550386,1554.234986254583,161.2596958279575
M02973,Japan,platinum,1004.9872377834855,2008.3826311298249,895.8180864565485,64.3720697325537
M02974,Japan,core,363.3883880303456,109.96542121578375,172.68714050653193,162.52626595306535
M02975,Australia,gold,169.15682041901874,483.24556698530256,237.27677359492642,27.691119854949182
M02976,Singapore,core,176.25421430277981,220.74221386467914,363.9987995254659,151.69832708727455
M02977,United States,core,931.8051821916672,144.46516002724954,170.00172734262168,481.10704340107065
M02978,Japan,core,936.7614144750374,170.29567349454857,447.13555391895403,831.8671016921141
M02979,Japan,core,1258.6568005859037,455.8948498743173,112.9772753995819,222.85202871019902
M02980,Australia,core,826.1621162846059,172.8330955455684,99.52867165366939,723.8877674858564
M02981,Australia,platinum,1920.65335735291,957.6127322562825,348.73784280540764,181.98949454659595
M02982,Hong Kong,core,419.1409785690378,923.2072606972262,322.2542703941734,39.37532476490972
M02983,Singapore,core,612.6514150372202,338.0568493550596,133.20437759851708,118.1819353393626
M02984,Singapore,platinum,834.4148867908309,268.46450631503507,135.7084638892771,696.9625310241232
M02985,Hong Kong,gold,871.8572800650604,349.5696466762164,321.1537051309647,189.45377016828908
M02986,United States,gold,1361.5803730862874,419.71419328801665,308.1710052411968,88.48282190940247
M02987,Singapore,core,383.6691143351307,182.7630825536587,122.98291594162784,316.433255148922
M02988,Hong Kong,gold,243.89546744979427,292.12522971745705,329.3986632786695,464.2504139604859
M02989,Singapore,core,118.95606764925853,664.1591920710888,297.5559760835106,228.97143423497312
M02990,Australia,core,418.66419246173217,100.97299627470572,182.36939408719297,222.99824095343388
M02991,Singapore,gold,531.505465016635,217.11734498422535,128.59115163809696,102.99019733089268
M02992,Singapore,gold,333.0604654001353,350.2432784356497,593.8477956321487,166.83516254415326
M02993,Singapore,platinum,1570.7259405645561,1387.4118737237047,599.350150196572,483.314329859332
M02994,Singapore,core,992.1547566595699,687.7251318197224,148.03792760192835,106.69130652691175
M02995,Singapore,gold,365.5484032050616,186.4617998219536,176.1600268310014,448.76866976873407
M02996,United States,core,104.91927050732697,116.01551497302366,149.07454822871904,492.26211987071855
M02997,Japan,gold,1505.7159455558945,1142.9678272455494,154.9843876731317,255.39706248766092
M02998,Japan,platinum,984.9258726893692,4093.4577736844203,467.7861600777147,3612.396541521516
M02999,Japan,core,399.5374766667591,157.4465521005395,126.80302530103309,127.31352670984592
M03000,Singapore,core,1015.7181721313419,463.9155090249262,161.58681217224145,439.12483032309103
M03001,Singapore,core,373.58709033426317,84.75552621995227,199.6584763786683,12.685906706550163
M03002,Hong Kong,core,314.2366957949432,793.2681358662778,183.10797280147372,109.97012720718126
M03003,Hong Kong,platinum,1462.6536318246167,560.1584089372036,480.1516066196425,332.4446904426024
M03004,Japan,core,152.27214258871558,275.1008233682386,143.76435799420477,375.6205414717174
M03005,Singapore,core,848.854435182397,172.15524093305442,263.83924439953506,171.27771969457783
M03006,Hong Kong,gold,493.5947405188886,248.01600937219192,1086.956405212664,683.9458940651567
M03007,Singapore,core,466.1132609915786,111.55172291626002,243.35912967842452,413.52442846713024
M03008,Japan,gold,176.19332937450687,984.4410655674916,227.4428787470469,211.2155569464102
M03009,Japan,gold,554.5801240127789,269.61294214820623,349.6976290795519,508.57825478009977
M03010,Japan,gold,670.6726980500327,599.0230401113625,338.53292478905695,47.622323062316
M03011,Hong Kong,gold,605.5869259518785,152.71967125515522,172.37652568415012,158.24650654964145
M03012,Hong Kong,core,173.59316142524182,160.31346334414175,253.19106669623304,171.84993803691202
M03013,Singapore,core,1242.2991671793568,96.50527249952802,580.202973652831,129.76658262826356
M03014,Australia,core,256.3577818348707,1047.299825163044,187.92232955876835,25.03737055050809
M03015,Singapore,gold,408.4704592896596,410.43741406880116,453.24928971539634,575.1787946937827
M03016,Japan,gold,438.77390265152354,302.0092179150958,101.86535166753082,79.04946078347933
M03017,Australia,core,427.9788377310603,257.07490908668274,191.15484682993147,158.03046133756462
M03018,Japan,gold,550.4286377480353,2477.225048814174,180.00711371226885,201.22747943317123
M03019,Hong Kong,core,551.9447757847059,105.25267136342032,194.85510432891272,160.74007403201128
M03020,United States,core,326.33486813838,122.99964217967481,273.7219609650843,318.9530269648038
M03021,Singapore,gold,870.3020512370023,479.17169141336393,492.8429986441496,413.75028116352263
M03022,Australia,core,447.0688029858638,277.7099298491138,112.13184047408984,95.50408837759218
M03023,Hong Kong,core,300.4021124196762,230.74419267696993,1417.2787505471451,308.67807381687976
M03024,United States,core,524.5374985222377,695.06692803901,256.77657635424595,986.1063864836265
M03025,Australia,gold,802.0954878862648,593.9976625613884,90.13813072230678,373.6926744520474
M03026,Australia,centurion,1239.0795664159552,1100.690291132799,1041.6886101956973,1874.8717743761163
M03027,Australia,gold,658.9385301712725,932.7343780053809,71.95506715652891,172.93840698038767
M03028,Hong Kong,gold,426.87911171818956,481.67702231103607,306.12895797243874,293.8459959055996
M03029,Australia,core,157.18464899127028,915.9980668966136,193.60936549916457,385.7152383446065
M03030,Hong Kong,core,466.41470687343997,216.158236883594,46.81914804323931,69.13534080265272
M03031,Singapore,core,175.82230951589545,694.9014706571289,199.59824062418372,340.81083734375517
M03032,Singapore,core,207.5185260338169,503.4039341541989,187.81601501607588,49.81299987866071
M03033,Singapore,core,498.1930147310922,315.67301591596583,195.81353767651143,70.58550497246748
M03034,Japan,core,540.2146321294971,136.79513665908812,96.87753732780651,680.0001405388202
M03035,Hong Kong,core,224.0427821398564,281.45927399349176,119.85098315272847,523.9816455477574
M03036,Australia,core,266.55165398272356,63.42999855542763,343.9806000409759,722.7119532756907
M03037,Australia,core,614.0784815162567,265.37864504684785,191.692967317435,1584.5388533474347
M03038,Australia,core,505.6308692078501,734.2554400334874,480.0151040255352,80.40307347371055
M03039,Hong Kong,core,1124.5057163081117,66.89925045790042,419.46629164597795,583.0438582210456
M03040,Singapore,gold,220.1864503722437,1115.3256851462497,179.68620230239108,81.93189949280858
M03041,Hong Kong,core,186.7190000905196,82.41524815205646,551.4340403253948,157.95631604385025
M03042,Australia,gold,245.1731737257027,1015.8509421329002,245.35787533831237,247.7308306080239
M03043,Hong Kong,platinum,585.3303641159447,10235.610810969632,344.7059402303548,776.6964322695411
M03044,United States,core,281.63525990705256,757.3149488931244,278.9911199310964,92.72643806593874
M03045,Singapore,gold,617.8533445827102,802.4292678142615,289.8421217047055,128.5904000394697
M03046,Japan,core,896.1292890351382,209.4206401320188,491.79894901381215,276.1034670449305
M03047,Singapore,gold,866.7812769134288,243.15666092010272,185.80125766452264,447.1593389126866
M03048,Australia,gold,331.71492563685194,1309.4306398225544,225.6214090991756,1034.183568054279
M03049,Hong Kong,core,97.40839930198077,245.3896948019813,206.11420595179675,175.2563058220349
M03050,Singapore,gold,211.33363406224427,362.726091631592,209.04829268910348,116.7775381241479
M03051,Hong Kong,core,107.48231460621268,1498.3555352175747,434.06505803131864,130.60890755762654
M03052,Singapore,core,308.199656060417,96.30038860218559,121.71439233295038,249.99219083331576
M03053,Singapore,core,529.4303522550636,283.6300712987281,339.5644663692217,202.6070946037168
M03054,United States,platinum,534.9377980345998,1267.2446837365549,479.31210460244614,133.49371940695474
M03055,Singapore,core,387.3762029429663,218.26689245036664,195.068353603985,71.76108989664675
M03056,United States,core,503.7332631036312,162.7340404123635,97.7287927285906,370.2147309526115
M03057,Singapore,core,139.7559321493275,438.8125337818093,71.07183565006697,619.575920593229
M03058,United States,platinum,1056.3364389353553,533.6318558790634,192.22026970112455,116.59187034461695
M03059,Australia,gold,255.3305826769478,199.9136844664498,91.35765659116446,1131.8118592661383
M03060,Japan,core,588.2733454056538,530.1269752470173,606.8348147535088,54.575900040204935
M03061,Japan,platinum,316.13856967013015,144.41498061993985,217.6906854133134,586.5330333250103
M03062,Singapore,core,251.5845224056356,97.5486754819172,255.79444893537487,187.65208884788228
M03063,Singapore,core,1208.3919211089935,404.27484497631184,60.92532987502378,91.97531595524987
M03064,Japan,core,511.71115548022436,643.688635829953,84.17507695679244,163.65173545208296
M03065,Singapore,gold,568.5641919975529,236.24040747913173,145.3889615967439,573.0339690921398
M03066,Singapore,core,489.18974800581816,261.6503380521554,275.70743003790085,363.56266338706826
M03067,Singapore,core,126.27615850545219,315.50078367230117,330.5405364651908,42.68877175111097
M03068,Australia,gold,500.24960689439325,228.86917643178134,136.51810829490518,86.3226917637792
M03069,Australia,core,247.80183691214415,104.22223817430371,113.28736547593604,197.82861829877095
M03070,Hong Kong,gold,683.0063993174693,236.47274058961122,596.6377527548534,662.9587591370889
M03071,Singapore,core,526.4390992706332,244.1591530987837,371.6454988049369,827.3049903881009
M03072,Hong Kong,gold,800.5070111151213,1301.3270811046077,214.50246378984778,233.5042332338542
M03073,Singapore,gold,181.37183486870217,383.7010874265114,430.1614112642224,884.4053356224063
M03074,Singapore,gold,635.4602117532932,87.18465114572837,285.2309243671902,282.764172620079
M03075,Singapore,core,1041.4417757743413,144.63323592034723,35.65673245125296,663.0775912778978
M03076,Singapore,core,348.17060577662824,73.95657645828084,192.87986170996058,493.467391245986
M03077,United States,core,374.5404154351305,291.78878490227174,83.54486562122263,196.73956220732455
M03078,Singapore,core,195.13228933642506,591.7996577471714,137.93817209406632,53.09348776946676
M03079,Singapore,core,150.95373071377387,347.451329595109,126.64605509190069,266.38864342858807
M03080,Hong Kong,core,177.16044604808843,186.4243395178547,102.92444293069208,1225.9817126731818
M03081,Australia,platinum,1394.6940759705703,103.15804868130228,211.60361230287623,268.41131306709025
M03082,Singapore,gold,750.0530157037654,516.863495365936,197.33159241377393,500.79083173622075
M03083,Japan,gold,373.2552696467454,359.4433096807049,186.21293068384222,198.26492511785636
M03084,Japan,core,1051.8176305951354,245.40241814785716,89.37015649453784,65.2590279405564
M03085,United States,gold,208.34130680387665,352.32981874063233,497.0454528553539,152.56965659421812
M03086,Australia,platinum,1159.2114851181855,796.5867621925784,702.9611643277153,539.1468862608564
M03087,Japan,gold,848.9577012314882,255.36187617458074,142.79983857059136,295.0846921091667
M03088,Hong Kong,gold,1138.1295566790618,424.20019772768705,269.63493539899395,389.5785226463161
M03089,Singapore,core,559.8497851539042,147.73313533873574,256.15877655096835,71.4270837023221
M03090,Australia,gold,163.80515290257546,211.30236646178514,224.45769836932553,286.08965109240205
M03091,Singapore,gold,455.37976293482683,348.1598609850954,1089.7122038575326,360.29203805085115
M03092,Australia,gold,569.6180718783737,584.0119527964171,162.34964565969332,71.51471439842659
M03093,Japan,gold,759.6784015482885,840.3798475140668,262.9941887369811,887.1644405465877
M03094,Japan,core,271.69394912285316,353.4134931437319,117.69232019309675,857.0424152915025
M03095,United States,core,294.32079591756457,235.7226918184744,118.00528313941521,44.42335303753521
M03096,Singapore,gold,574.5831527303143,532.3050715148211,204.08379501606254,927.3744215412426
M03097,Australia,platinum,845.9446200259486,213.5104934179512,290.35310383886497,275.07988835154407
M03098,Singapore,gold,302.01422371634595,352.3159076582942,306.70997625311503,123.77240286435111
M03099,Singapore,core,612.6250130170083,768.2322374391082,67.92433774494276,274.8051825098815
M03100,Singapore,core,479.0346487794077,145.93670125269313,136.71553667600287,155.30546500446766
M03101,United States,core,318.05127655718303,231.6460593720484,118.70824264927485,206.85456089498211
M03102,Singapore,core,386.2760262462461,359.62609550679866,328.64837063471145,105.01948842674902
M03103,Japan,core,1234.1179398405543,946.1723725176425,148.43697098050438,272.10737579750787
M03104,Hong Kong,core,1074.9444416461974,51.96773730566042,515.7277099969907,442.1688920282299
M03105,Singapore,gold,1478.680914147962,1120.9383474695117,133.93846411123508,532.5967490407558
M03106,Japan,core,611.1505802092738,367.0226154962218,149.42215638822097,201.55194994044814
M03107,Hong Kong,gold,673.8283677688993,2192.724119676108,515.8071112467273,294.93642290267246
M03108,Hong Kong,gold,528.7641853963871,410.4713555714551,78.57125043907891,198.33841939822227
M03109,Singapore,core,437.0450990829197,259.6494888630618,123.85870628096396,297.70871332842785
M03110,Singapore,gold,1150.330052949772,385.26769614867885,291.45353656214746,845.9891162923251
M03111,Singapore,core,861.0205751138466,116.14409049109176,89.91522858737973,630.2205374801335
M03112,Australia,platinum,1163.7704901956665,2656.0180221371475,245.74627221821942,708.4360675678616
M03113,Singapore,centurion,5488.106289024248,1484.4844524546957,402.28023925725205,1459.2282656074703
M03114,Hong Kong,platinum,210.83307970335727,805.1186366903383,176.37978779696348,269.79330389096
M03115,Singapore,gold,814.749920053603,318.4807758052316,505.1107785982417,327.6098329880252
M03116,Singapore,gold,516.3563438083654,226.25873508113617,171.34238012325451,47.4827567596702
M03117,Singapore,gold,584.0163573040402,227.78404830587795,644.6454926259827,126.82231218613221
M03118,Hong Kong,gold,1126.9652240587725,144.81251260572236,278.3187053810448,34.661806984804926
M03119,Singapore,core,279.01904611576407,374.46791329211067,376.2616857944957,514.548944333942
M03120,Singapore,core,478.22600319940824,336.79195421537725,225.38835936700295,166.042660756429
M03121,Singapore,platinum,367.52219239475727,861.0852895466763,279.4056242040783,415.78347482783374
M03122,Australia,gold,328.4927436754857,158.2306601824647,75.27916017092056,86.14215865998041
M03123,Singapore,gold,498.6633345234023,163.42798353336565,105.07460473961449,394.27355974631917
M03124,Singapore,centurion,1299.345725511744,777.6166593939433,568.8599177031684,6374.254420647911
M03125,Japan,core,814.8171577368181,264.5250587562148,107.58653815657797,88.73837611390596
M03126,Japan,core,522.3233055911584,88.1290234544759,113.84626802905672,204.71011547266815
M03127,Japan,core,726.6551835176879,515.2331008562918,126.54542512373921,85.23154890576023
M03128,Singapore,core,591.5689825499833,1109.4174732305137,372.5294473922025,524.0177696550822
M03129,Singapore,gold,763.8762355822081,360.04788824093293,314.05663190380045,310.3428068978556
M03130,Australia,gold,285.2340526962001,145.84389239276553,135.82556847640458,546.7391859703722
M03131,Hong Kong,core,377.1046688933657,753.5292529598395,182.29348484095797,22.9849364120445
M03132,Hong Kong,core,237.75479497057987,760.130067874514,90.40659298494036,115.50033961136002
M03133,Singapore,core,585.3700577142907,107.51979257957267,118.44584941802027,182.94201657073128
M03134,Japan,gold,704.6277064174369,579.1583075721418,133.45697787510272,487.3679839885534
M03135,Japan,core,356.7154984330448,141.71518865386363,87.83344590695447,176.8999860599698
M03136,Japan,core,413.09641249705805,246.1127734646472,111.09650151428497,63.33531130624027
M03137,Singapore,gold,698.6677621461847,488.7386799491841,403.9098348808716,183.70113787406368
M03138,Singapore,core,219.61911745979648,755.21050161674,100.44808376927071,792.9083399283974
M03139,Singapore,gold,456.0876969389768,443.4616707089272,258.41870613882736,675.4599019275305
M03140,United States,gold,2158.8084734275703,581.0667208849227,456.29439054645576,517.1615682150154
M03141,United States,core,211.8805594397744,634.8021101359394,175.88453137016114,494.1529467006672
M03142,United States,platinum,735.5531373110776,407.00328432630477,270.8008889314056,713.5287028559762
M03143,Japan,core,186.75984576648978,155.07124464939292,194.22994299536708,249.6624554776591
M03144,Singapore,core,163.391351810131,565.0128836855777,199.73552559899466,51.2066918239925
M03145,Singapore,gold,1429.1263407565546,244.7927110285191,555.2890344361938,597.4877219270267
M03146,Hong Kong,gold,574.603354961567,233.88960968720275,238.55762178341277,333.3390800487361
M03147,Hong Kong,gold,289.1622102904966,250.80397859205485,243.023816980822,240.57230420663043
M03148,Singapore,gold,402.78054106663177,266.0178217533456,66.60317540060387,44.74020731865705
M03149,United States,core,752.3420722112193,342.642999903781,191.59367765747814,127.90979466800852
M03150,Singapore,platinum,534.9652972335276,1827.7197320770726,516.3555439163504,288.3761786256638
M03151,Singapore,gold,1137.0375493660001,697.9604446618712,484.76440438182243,2192.5702723804197
M03152,Australia,gold,349.78958509295137,156.6669912338435,524.1396043364541,424.9548578836511
M03153,Hong Kong,core,1403.5591265970293,718.8538987778751,168.94388211205646,52.78622304746952
M03154,Australia,core,180.06169520965847,509.85831949362785,160.57608904256733,306.08435010355765
M03155,Hong Kong,gold,408.06045025720897,1002.7447828150775,206.34403928628672,67.6422436161721
M03156,Singapore,centurion,2286.840807595069,874.0040021787129,643.8668744478153,2120.284903708783
M03157,Hong Kong,centurion,1369.0562853529407,2056.3920781363404,492.825998039627,790.1004620753779
M03158,United States,gold,674.8439974964645,961.4852332045027,169.0932370367277,265.2559215815377
M03159,Australia,gold,354.70772823480945,470.86572003404376,99.08415466851253,138.35407117300468
M03160,Singapore,core,742.3589797076099,1707.466645291814,247.58796024585197,713.3328561713669
M03161,Singapore,core,392.19222050118236,1008.3928678095419,519.5607638893231,224.90955110276656
M03162,Singapore,core,446.99579643387864,687.4725942989362,195.24280575595253,831.1407714537798
M03163,Japan,core,661.1283080937023,626.1619687765725,164.1106848064462,429.16090027687187
M03164,United States,core,855.1678825632989,187.38733801769618,114.6755620578588,202.48198161088766
M03165,Hong Kong,core,218.01274022736808,644.0897247862451,435.20623433815683,346.21603598700653
M03166,Hong Kong,core,191.81583199330095,747.274819005325,209.1990888545706,135.4927840159303
M03167,United States,centurion,1496.5187552802197,2608.8570365293976,387.5684939663859,740.3668103439054
M03168,United States,gold,334.8004755655643,199.4067862627342,467.78831242236333,238.82636702220978
M03169,Singapore,gold,390.3391512334152,377.87422709226934,254.97701374126314,27.915864681796187
M03170,United States,core,170.25209882137136,474.61158035301276,163.80215039132642,171.14825589812892
M03171,Japan,core,1224.7003533532568,603.8989695462294,209.7703505778722,97.27469641051049
M03172,Japan,centurion,1444.6396551771104,736.7892816674849,851.3354023986104,921.29327149766
M03173,Hong Kong,core,369.8457634111819,148.59976977543985,158.3321850636796,74.83262817359261
M03174,United States,gold,1497.6897004762955,214.5534131541102,134.95878974980607,589.4815141880212
M03175,Hong Kong,core,232.922481782123,495.4339224574643,130.7439509862854,136.82258054913564
M03176,Japan,platinum,718.8167777247776,443.03994521292003,516.4976731791096,1452.7146500900612
M03177,Australia,gold,731.5097363724726,206.96855074995898,297.66122808176215,667.9476849192199
M03178,Australia,gold,184.56882217057935,440.2313788229547,319.5633427703214,87.60702510739192
M03179,Hong Kong,core,466.1403293889253,249.6164717171074,41.252372442914684,36.87217053230148
M03180,Singapore,gold,628.1843763691622,431.3099406454759,413.92575655580765,326.65671988716093
M03181,Hong Kong,core,1090.0866379778322,207.67611166849898,87.4899995836883,386.6124869833146
M03182,Singapore,gold,548.780144090935,350.6786098442347,457.38502244505526,372.60481769782746
M03183,Japan,gold,886.5271287698585,1040.3516935127784,135.54700590685457,56.05777757482351
M03184,Singapore,core,361.307586354631,941.2457249385518,603.8373701063118,235.40098038448747
M03185,Singapore,core,179.59886320793345,494.3227977226472,121.86135952166948,191.94673183548795
M03186,Japan,core,295.47433956066044,1028.4659854407548,583.5117604683323,133.01155760198134
M03187,Singapore,gold,1288.2773709661133,546.6491823584606,372.4773988731109,340.9710683536375
M03188,Australia,gold,824.6508759835795,358.86501100394446,98.1056228418402,1844.0125639966536
M03189,United States,core,216.74908909796233,396.97486207478323,71.72198743655606,139.17791123382065
M03190,Hong Kong,core,320.62777851092613,430.61473652434415,95.6388751692465,109.13932927729078
M03191,Singapore,gold,493.33788679275807,2263.4586604647,175.32143144405887,125.63868227080755
M03192,Singapore,centurion,1104.6246732270492,471.09806076097317,677.1501480456111,760.9510144825949
M03193,Singapore,gold,609.6376268731436,528.2490424550458,529.1111799904232,815.2311365149837
M03194,United States,gold,314.81953850736113,355.54386574730955,378.08551483771964,356.7775595347611
M03195,Australia,platinum,4219.7866036879195,465.442046683398,427.48864683904253,647.3913494581222
M03196,Hong Kong,gold,356.7465100568565,1540.089464335204,200.93855258751844,128.06133653366828
M03197,United States,platinum,663.2001949504428,771.1095825349182,1085.272346734608,533.8605576548593
M03198,Hong Kong,core,468.75901324396335,484.3134931410404,409.3682860432915,117.83993453453935
M03199,Japan,gold,461.85198157963856,112.98579393816773,654.0733336323482,951.1986671158594
M03200,Singapore,gold,734.5697449304954,929.4264515079205,290.0456946539038,158.09400553865837
M03201,Japan,core,242.9836436567105,529.8305322638723,104.17657052506372,78.88184784726593
M03202,Hong Kong,core,611.2865375675534,571.3349518066468,210.78364957512758,59.00200561359463
M03203,Singapore,gold,2193.1860664564647,813.6870832773743,118.57373473994433,204.26722178479164
M03204,Singapore,gold,290.2631050409093,349.16592829636363,135.38367299670597,250.05200272315676
M03205,Hong Kong,platinum,1346.1695032865296,156.1112625113076,147.10122509765625,134.1849148456732
M03206,Hong Kong,core,897.3117293563649,496.70190792728204,97.091162664124,1411.0800227664827
M03207,Japan,core,83.09907243973056,281.0228018739464,133.98098466391073,80.46016173645108
M03208,Australia,centurion,870.8007209706941,643.86552826512,1039.8214201579785,381.72493024477785
M03209,Singapore,core,214.47278297283967,1114.4277759831205,320.31842612667015,118.42816439909186
M03210,United States,core,417.45705074395727,501.72060180747195,144.92243371418832,282.629262063559
M03211,Japan,gold,550.1045052388656,986.537639060846,226.28925991507046,629.8376982074969
M03212,Australia,core,139.03892702315622,118.68966874024294,78.41170294547517,164.02447508949788
M03213,Japan,gold,1092.7133209570409,392.0555950470739,357.76413718536025,54.212023623991385
M03214,Australia,gold,635.8313488538159,730.33146617452,628.8393626975184,337.62491761088853
M03215,Australia,core,311.02630680059343,164.28904633753112,550.843158020423,26.83219298557446
M03216,Singapore,core,225.75436195934773,214.55685953530985,169.46004355424654,144.83635873843266
M03217,Hong Kong,platinum,514.4994700364857,317.8769117432116,453.52310506131215,178.81460377256715
M03218,Australia,gold,202.884533853394,385.08281288047465,188.79875456669623,255.21431711899584
M03219,Singapore,centurion,2249.910605364133,4269.191815108335,389.84997571864915,559.2277710504219
M03220,Hong Kong,core,324.6553206842912,127.00675094284026,147.10103334607211,102.051778727166
M03221,United States,gold,306.70472482352415,416.7986280802111,568.5006591291884,184.50105042762283
M03222,Singapore,core,749.3865402599657,247.6627183828278,285.87117665913934,26.48083683931513
M03223,Singapore,core,311.47620387066803,261.0402369534465,190.03322212277106,268.7200448447666
M03224,Singapore,centurion,1620.6419802954695,967.28600300641,1203.7439430914108,567.3362947883063
M03225,Singapore,core,238.1845754778779,242.42206857571395,101.36120467882132,272.60191258740275
M03226,Singapore,core,548.5106730740067,71.30925897541637,49.759949163767836,255.75225380613125
M03227,United States,core,425.6967856732135,143.52253449186682,263.45327221271526,454.37274111464455
M03228,Singapore,core,484.20216793301785,138.26923865999663,160.81921896233632,287.1896494410982
M03229,Australia,core,638.4781898733311,448.1881869024785,144.4810035246736,185.0071031387147
M03230,Australia,core,99.20690424762884,102.56140227795706,243.51874560336572,164.36516679521452
M03231,Singapore,core,628.7075499709135,273.3130396306499,290.0016797128313,150.35155186236804
M03232,United States,core,390.1478098175299,273.59926837130956,387.2408871531844,49.392723889547185
M03233,Australia,core,569.5123901643954,1323.5444907388398,132.0295883111602,92.78718709059777
M03234,Hong Kong,core,324.5840225406448,291.52520179013516,92.88013999162622,99.83087224866738
M03235,Singapore,core,406.76988915010475,691.9598547706046,113.0549272070468,88.97467640767589
M03236,Japan,core,501.1163281600988,320.594169016832,355.2757885348868,1301.456106525739
M03237,Singapore,gold,127.45242478935558,422.31921164336694,167.53671343831152,125.23703576672719
M03238,Hong Kong,core,328.81650406785974,183.1766959245603,512.1491181204254,310.78877973855003
M03239,United States,core,500.7757842987141,152.32262050733846,153.00961110535127,42.67655028864694
M03240,Hong Kong,core,994.2175221990591,172.69436271873326,293.74633348622166,172.75962296533717
M03241,Hong Kong,core,294.54142015141997,152.97333318773065,290.4013361282446,427.728214671476
M03242,Singapore,core,474.7587942541744,562.892582539813,68.55473967134947,45.5132458582244
M03243,Australia,gold,353.86503583419665,1069.2333341457945,432.2622159279181,306.60998404880024
M03244,United States,core,359.7220846085323,504.7974603297898,492.85780602602284,67.26349291983126
M03245,Singapore,platinum,704.4406726352033,450.87926836460224,266.1382558611811,933.3731837294226
M03246,Singapore,core,551.6507332074564,237.53811871670348,98.77199509207875,340.44670419284597
M03247,Singapore,gold,1190.2513124983636,249.6927048530358,480.5582058761771,170.0332090701776
M03248,Japan,gold,674.3874582342276,440.1696814710947,239.17530404035895,156.08833658331568
M03249,Australia,gold,1716.8025208405961,900.8221866934696,491.1520083267455,219.7360591484143
M03250,United States,gold,994.4890757183841,267.85202555861144,206.62867957310115,251.87911686128476
M03251,Singapore,core,785.394299148827,779.4002015612156,344.92569719448227,269.855780752545
M03252,Hong Kong,core,188.5200792598043,274.25564644942494,176.11035039485287,222.75155022734572
M03253,Australia,core,260.860705682011,1612.1081126150366,136.77135134845514,40.41380229146262
M03254,Japan,core,1118.4336107212491,1142.7653230443511,74.56477777147305,329.4594450099942
M03255,Hong Kong,core,343.2418528177904,594.9084613519844,235.86223113703838,597.7883280232224
M03256,Singapore,platinum,427.48024581052266,242.78992998388097,482.66062010863493,247.09468351657551
M03257,Australia,gold,362.6588423483887,418.59441656758753,84.2266384350085,46.274927420270586
M03258,Singapore,gold,511.07429138249535,1742.377444542574,306.66050682665525,236.3921050366407
M03259,Singapore,core,325.5794300437344,230.09328718998935,90.85893559120593,1018.5867815390684
M03260,Japan,core,358.6713825814026,839.7966625116295,129.45471508384767,135.9058315061267
M03261,Hong Kong,core,350.8490368300182,75.32268123675595,402.4580812406848,31.06440354224632
M03262,Australia,core,437.5958748065413,258.47864624687406,480.35239805534155,248.34327587663174
M03263,Singapore,gold,569.7678699303676,284.4341173875984,249.2054044253505,241.8986492058901
M03264,Singapore,platinum,363.9334574010529,218.95552271115176,194.29507780502075,6498.438560034412
M03265,Singapore,core,618.757518965621,239.77116466871266,107.3258625464408,245.67733182649965
M03266,Australia,core,354.45527010904425,140.3654841808102,183.18497320909464,713.4616916693824
M03267,Australia,core,619.2733970047333,350.89659374721856,181.2975810087138,169.52083917806044
M03268,Hong Kong,platinum,820.8097658744679,1810.502459233133,188.91667917319046,83.93573381545292
M03269,Singapore,gold,1680.7978519577155,537.3242806039784,200.48384922289074,532.4208203139574
M03270,Singapore,platinum,830.675528511605,878.9531664081,281.79181020590346,220.91412254882164
M03271,Hong Kong,core,293.3951627772395,255.48984112308452,411.1931762919709,117.17390621635755
M03272,United States,gold,1708.3491380816022,416.3240587763198,188.3647002985776,44.94454998699159
M03273,Singapore,core,278.5428161402469,141.94969751344723,128.9176135411529,413.54162400280023
M03274,Hong Kong,core,959.313383213894,396.18050052976633,243.0526549415,197.56109429774835
M03275,Hong Kong,core,611.9235503144328,134.16755302312697,109.78035043873655,180.25707813304382
M03276,Singapore,platinum,724.6461040151154,591.4403329501473,1103.6563576417414,654.7207639266876
M03277,Singapore,platinum,863.9170774391656,1431.1892079985403,165.87649495510237,3516.806662748764
M03278,Singapore,core,836.2512331445377,586.22774195564,107.9418229373455,191.36933956252884
M03279,Australia,core,1392.706474908912,1945.0689008999486,173.83163432156064,635.6887486421416
M03280,Singapore,core,358.87745386253874,300.3401371971499,165.76482492217568,671.378601534146
M03281,Australia,core,143.57505657339303,569.104779381716,89.98734739722072,358.25572820516277
M03282,Singapore,gold,847.3284325367553,63.494064862208376,189.0446017604974,307.15610908455386
M03283,Japan,core,301.68506898382986,420.31366361277816,493.5831819469069,36.53871508822221
M03284,Singapore,gold,124.58412827261657,248.58318069062045,813.1450900457893,123.56484652608464
M03285,Japan,core,868.0232324426719,448.09909784495244,162.5156659739626,39.777335948879944
M03286,Japan,core,721.8626079861385,318.46360970014524,56.50904716396981,174.9395460593064
M03287,Singapore,core,696.6435622021153,971.5757378498548,118.09792608964273,408.87517197796694
M03288,Australia,gold,719.4777603821766,724.2123239738061,126.2587128502544,301.14631816414567
M03289,Japan,gold,198.82094268803635,865.1851752025576,520.4017559660717,516.1100812854668
M03290,Singapore,core,357.77815803637355,2446.501023752426,257.5260683102475,93.46678401150099
M03291,Singapore,core,404.1926484939481,445.7839164791271,166.02986701871677,98.9685206363589
M03292,Singapore,core,95.71159545725273,296.352163937386,166.76754236206017,73.82489709562323
M03293,Japan,core,93.77440023639258,244.50270619617754,458.6108859202629,300.3494273279715
M03294,Singapore,core,662.0268237328845,225.3309918420391,688.0018952298128,572.8363496345971
M03295,Japan,core,191.37021777274182,296.3410969241446,112.20915016637043,351.63083039760824
M03296,Hong Kong,centurion,1818.483343778527,831.0837382590382,1543.049610361547,1327.3969831636286
M03297,Singapore,core,514.5132855591671,284.78514160854803,184.86363680403636,412.32836267106114
M03298,Japan,core,285.146682368662,122.18293310716848,18.58158491033312,85.96302760107207
M03299,Singapore,gold,541.3002111167692,280.01369813222004,200.06902890158784,338.78778720165013
M03300,Singapore,core,587.9709425010756,483.55703907827376,105.7000631365145,31.39424886440009
M03301,Hong Kong,core,266.34720650386055,234.68654837462407,221.45703408240084,121.82436843724548
M03302,Japan,gold,133.51042842811208,110.69121593191129,171.5362373989025,315.9751022498254
M03303,United States,gold,320.72658701976786,273.08585591116935,209.207359396084,270.1799195116549
M03304,Australia,gold,979.3022235394499,1589.2658739878977,274.35898696010577,205.17670429148794
M03305,Australia,core,642.1639440391939,466.17302451989104,138.90272139874347,209.8773775647555
M03306,Singapore,gold,177.90719241685778,741.1726745007722,295.5608426946169,852.4219760405407
M03307,Singapore,gold,184.87358558114752,947.8591191152025,814.8459579892633,86.73737843364746
M03308,Australia,gold,439.5580832752737,208.64825281120446,121.7709969672451,295.44136307693077
M03309,United States,centurion,2175.0621046543506,634.6949234370878,282.94781429436483,1065.619471863793
M03310,Japan,gold,293.44929411432054,1050.164242046451,317.5834890396397,115.38742973584877
M03311,Australia,core,715.5283282060983,207.4672290587938,98.58423047235974,258.0457711661008
M03312,Hong Kong,core,578.177684697698,172.4761744564762,98.88891180328794,61.66456172671348
M03313,United States,core,848.5119261421885,1507.1420508770475,352.47685813887784,100.22667812429674
M03314,Japan,core,469.9096878573191,218.7611308816141,97.90429937961493,296.8046925695697
M03315,Hong Kong,gold,735.4033922986265,2402.390987463017,141.62848905298517,430.7681013599651
M03316,United States,platinum,588.6645453856236,338.64245636821255,374.1899660594071,113.39745326029093
M03317,Hong Kong,core,1094.2983335415568,239.177402692581,494.1903667426901,201.16817237373186
M03318,Singapore,centurion,4562.648324370194,917.9590151795026,603.6300708921507,522.8093478171518
M03319,Japan,gold,376.68304934844934,241.4334614319591,159.45793218568528,380.0243307063122
M03320,Japan,core,360.9473158758661,351.81342844201777,186.92489253557943,101.14886519946178
M03321,Singapore,core,333.2878809080701,947.8967343661312,389.5886771180895,249.15941549614604
M03322,Australia,core,194.47341178714436,526.6410380675051,237.57812421019858,185.3040815322469
M03323,Hong Kong,platinum,395.4627588013127,160.97865114559687,313.96765388954805,913.2226038491106
M03324,Singapore,gold,578.8950956983484,381.501986406118,195.61403253297954,226.16901688355537
M03325,United States,gold,414.7594118959805,633.0776803662653,119.09274619728416,708.2041445508437
M03326,Singapore,core,873.492863227846,342.6613037651763,50.013443662204786,185.92058392174496
M03327,Hong Kong,gold,337.44486578905287,1141.4621698939593,79.03873845949717,1270.4770043694987
M03328,Japan,core,359.37729035556436,296.92183264936676,109.15286209880698,516.8005414062835
M03329,Hong Kong,core,250.79396580205133,915.7570062341814,115.23635947300512,288.9189054871874
M03330,Australia,gold,258.35264498074673,1365.9430302342323,251.73428228348416,61.75530263640304
M03331,Singapore,core,248.49494800615338,106.26907012122378,216.6699288131992,329.9379550374152
M03332,Hong Kong,core,242.14554249272604,526.8244769168377,117.87476041861484,82.70006368165025
M03333,Singapore,core,819.8197363416044,241.61266746872144,58.01664378261805,239.23678922758333
M03334,Hong Kong,core,1129.4241462050854,290.59011818735405,53.63698134334654,70.91978443902396
M03335,Japan,core,343.0129156392131,156.146755783122,151.42035958557585,252.47858163456857
M03336,Singapore,platinum,351.05642130617565,107.76761848061905,208.66786330570886,1142.1441630091888
M03337,Singapore,platinum,1403.3536449826343,952.3311252910324,313.53176023567636,477.1481272718041
M03338,Japan,gold,183.4349872713435,344.0287410795756,202.57833075468872,86.59550022074767
M03339,Singapore,gold,644.9847878695283,215.44000843392953,403.97259938193434,422.5556281927204
M03340,Singapore,gold,2665.711839794019,430.0085571802715,660.2118675698354,414.1381301788877
M03341,Australia,centurion,863.212402404919,3517.4247263593647,154.63755054421037,816.8908076880119
M03342,Singapore,core,503.0055282124329,499.9141020515237,424.93013069705194,39.11145348966611
M03343,United States,gold,1038.5389193984909,1211.180345534198,286.3414668294604,400.23032241131693
M03344,United States,gold,922.307726283671,778.8877345118145,429.5156293628729,302.26956856626293
M03345,Australia,core,268.7882845882761,807.1903981604722,181.901512176062,566.7870617748376
M03346,Japan,core,617.4826442960705,401.0388946057972,420.81425955262404,122.69850556752087
M03347,Singapore,core,501.8900748320862,153.46313980021804,194.67646878463594,305.458984776899
M03348,Australia,gold,335.5760889374011,267.49928298690435,198.82310259634573,52.26365690041102
M03349,Japan,core,510.71987818415937,302.7220447975931,247.14362353042583,232.16489894129197
M03350,Singapore,core,310.8755525074166,289.5357010850763,443.1645170464332,457.62818859676935
M03351,Singapore,core,706.3806791648776,104.18372863677111,73.18993351266266,117.76681493493862
M03352,Hong Kong,gold,309.19409840354604,502.305647907139,280.88969296571594,522.0491500406949
M03353,Singapore,gold,584.4846249062196,87.72542988171682,579.1179177034413,1056.1380468152472
M03354,Hong Kong,core,503.16362329798466,858.9167245371374,137.21678093906397,579.7408315457005
M03355,Singapore,platinum,3240.38686638717,1072.242937317026,392.11620495265663,223.1174770771662
M03356,Japan,core,949.5379511705238,469.3670364527542,138.69466898951424,202.13559241393085
M03357,Hong Kong,core,244.04084031407987,356.31798654462597,88.07164020268483,193.32400523383478
M03358,Singapore,platinum,1109.027105847958,446.5535234546575,392.3915633627034,1063.2455169733319
M03359,Singapore,gold,820.5471427007006,433.595606073857,301.05802726638706,519.3104658542462
M03360,Japan,core,443.5901105557165,294.7780056818895,86.8004790585168,1353.019382504218
M03361,Singapore,core,578.8125291005576,316.29626507318335,146.40442732620082,501.05753987006875
M03362,Singapore,core,376.3371820464816,147.7207339908215,259.5123392166951,498.74413539171417
M03363,Hong Kong,core,1567.951504774542,53.9375285682088,248.0695574604844,250.51821310618104
M03364,Japan,platinum,715.754181236055,601.9423117222697,268.59067666460254,248.8181320511724
M03365,Singapore,gold,328.5008606219313,975.5107383863631,165.10989308320282,199.91745562389124
M03366,Singapore,gold,178.11445566165784,1180.5943399979628,441.553255414072,37.561574457326934
M03367,Japan,core,811.4274995721958,1752.1859712973574,143.44374460902327,53.12247004545367
M03368,Hong Kong,core,725.2088347668556,1572.5578546295967,114.42213699833137,765.3836675592901
M03369,United States,gold,194.5870705402604,201.32656678207493,607.686406055539,470.70873294182
M03370,Japan,centurion,4214.547778105535,469.7297366460478,830.0820753614539,504.4397907102252
M03371,Singapore,core,570.9296978217404,426.44044982247476,130.52786674316596,276.2395853533279
M03372,Singapore,gold,584.6828480224564,285.10939150870445,96.04355883270519,75.0407798177291
M03373,United States,core,566.8441313620168,682.0456258412502,132.92888621253326,1967.5493874568426
M03374,United States,gold,1230.9086293964406,104.17654641597545,131.57169148406922,683.9006443915756
M03375,Singapore,core,244.69071334824906,1303.9696130142042,229.85468009282246,155.68459919136254
M03376,United States,core,214.08547404798531,178.22706257453578,417.32508847509007,194.18292632543944
M03377,Singapore,gold,1372.6656547607283,3017.1004919274933,387.6913874408314,136.81572573186142
M03378,Australia,gold,887.9727863968014,1744.4935197562409,213.95254181323008,140.749920177542
M03379,Singapore,gold,237.35366998464463,142.1855883877711,48.483182878836196,334.9498058488032
M03380,Singapore,core,440.39294636766874,351.7608510844031,167.7090846943539,144.10610334304016
M03381,Hong Kong,core,296.4578432242114,81.9890733266541,193.29722836443008,1470.0373564455988
M03382,Hong Kong,core,612.1665226139088,98.84036493983376,127.66875947852634,321.87743273858655
M03383,Hong Kong,core,498.6563001899894,399.14722959338144,210.10430997441003,178.12329220417436
M03384,Hong Kong,gold,287.6274206134831,186.41986526772575,179.42339311682682,306.10143846176715
M03385,Singapore,gold,340.3752507236337,297.506214992727,172.13742999494536,545.6331924506386
M03386,Japan,gold,159.2459360664278,102.90449949517014,125.18278474426228,88.73937715162363
M03387,Singapore,platinum,527.4365974140502,1347.3209263785755,648.3335518460162,272.7095697261441
M03388,Australia,core,480.91605860334585,123.57427051495311,66.69552712071042,92.77899063831262
M03389,Singapore,core,727.1094097277432,1183.717531443609,337.02402085439985,115.19271479106948
M03390,Japan,core,328.5449895398282,858.5598875520376,388.03328875358415,290.7395656588498
M03391,Singapore,core,1206.2577305917468,744.4894837872544,133.4218807860446,434.6421183108634
M03392,United States,gold,796.8600316496226,850.996196726904,318.17088971464744,162.07903112094058
M03393,Hong Kong,core,446.16198767431274,41.99430376792215,280.5015260748207,974.1458890939658
M03394,Singapore,gold,579.0010039477638,272.8588625104765,175.06122512507014,333.28641191566925
M03395,Singapore,core,1667.6969433813047,313.00596219255385,450.8048346155402,472.8992487552769
M03396,Australia,platinum,1399.3518911467868,442.05118786705805,360.6785052426975,413.9643777572052
M03397,Singapore,core,115.89612361619439,129.71902816678318,201.75990896410872,634.3631254770199
M03398,Singapore,core,285.8995669495968,721.5011525946195,168.88737037379786,349.4258926658003
M03399,Singapore,core,160.47373029557662,2050.2440487079707,134.95694074363578,145.5496158318481
M03400,Singapore,core,1209.8425616698948,413.98735323490337,52.29565754331144,221.18576339898183
M03401,Japan,gold,293.7722873632281,834.23852446801,89.67416853512165,210.46485920996878
M03402,Japan,core,964.2402807928609,518.3798423577127,99.42192668563247,119.38724587284204
M03403,Japan,core,87.05613337021201,528.6426795888538,172.62190172491785,150.66047703427938
M03404,Singapore,gold,410.00647823689036,138.16733009037017,121.14852876286473,268.83261786560126
M03405,Australia,core,544.4355907243274,374.61295194467476,184.16917314273556,150.97064446724164
M03406,Singapore,core,1344.0626024566277,2136.1790207176014,197.61045610713364,314.78373364019626
M03407,Hong Kong,centurion,1097.1275234288664,1673.5865846730533,627.2953767298627,493.6816996364965
M03408,Singapore,gold,1417.359628390542,795.2494099703368,163.28583608715894,599.4074037645655
M03409,Singapore,gold,814.5579823663343,637.3009898470737,344.04984516695106,792.8300570373729
M03410,Australia,platinum,731.5228277005328,1692.6312158950252,1358.3048707492267,439.42082927284156
M03411,Singapore,core,754.8070266464597,240.24177450551247,187.7941486186808,47.959368972715495
M03412,Japan,gold,618.2971436464957,928.56703161802,270.0937755276741,748.3734298884557
M03413,Singapore,core,715.9630797536029,101.80046910649122,274.44197254515194,87.1365508053513
M03414,Hong Kong,core,748.1937157397381,165.57210570900756,81.99888027348787,532.7923117296069
M03415,Singapore,platinum,891.0424893198319,697.3217195088046,521.2779357963606,2178.334703033128
M03416,Singapore,core,618.3589176455558,649.0486454848428,116.733604380672,170.88328899755476
M03417,Japan,core,399.4221680218649,387.7119922017089,147.41104552692096,628.7735848126283
M03418,United States,core,510.4717945676151,138.67911542991874,73.96848128896086,43.843768046301456
M03419,Australia,core,220.547776934298,63.21085413517194,225.65293809046142,45.05625776045872
M03420,Australia,core,73.98648534614672,1500.7290119466852,269.60653660949185,290.6977090181001
M03421,Australia,core,513.1334123352049,703.9300510784301,125.45942741765963,165.9141011392796
M03422,Australia,platinum,564.0576654448586,1406.8698959038907,202.98803301743862,1628.764347940015
M03423,Hong Kong,core,557.1943441415153,413.5632899980045,161.5772855664636,127.18495832430438
M03424,Japan,core,962.05645079988,130.92496550161212,242.9737710562096,343.35650432503184
M03425,Singapore,core,209.5586999674584,1685.9630857852924,470.91000402629845,32.830785661894865
M03426,Australia,core,310.2462275574812,322.14846520727883,99.61734458698771,257.32637970205013
M03427,Hong Kong,gold,425.3229680493794,1196.2754943298619,148.4151685387305,185.05000303176752
M03428,Hong Kong,core,337.8040860167651,721.7160480216692,127.69979385982693,243.87083302977
M03429,Japan,gold,540.0528750508262,641.5788495722355,375.6293859073161,372.19342055315025
M03430,Australia,gold,476.3102356800762,107.88744809847135,389.23769620434,249.4311664675783
M03431,Singapore,centurion,1070.954040367697,3164.3985375890397,560.0124471484521,456.23610588006613
M03432,Hong Kong,core,117.86729395445691,639.0210271817912,342.4202453768665,129.67277003176437
M03433,Singapore,core,338.44451221810465,338.10374943936665,220.16813256327495,157.5633157968388
M03434,United States,centurion,1316.8316770473618,506.67640910928935,272.96185041486973,1715.400006507161
M03435,Singapore,core,1282.637051166684,121.4433617247149,79.9803177512365,349.8526461400707
M03436,Australia,gold,504.8868500623611,433.0181011268286,348.2698474320552,196.59387020363636
M03437,Hong Kong,gold,574.5667004635501,235.55341866733878,298.0375336607901,36.59437500811627
M03438,Singapore,gold,326.5921143328362,362.84669348016166,227.03760522824183,1418.0867520374939
M03439,Singapore,platinum,1198.9880466202897,622.1894698560545,494.37615135880964,464.2084830331525
M03440,Japan,centurion,3600.3538617494623,3205.9859847091634,774.1503831495403,878.2165492938044
M03441,Singapore,platinum,1430.7875607081608,397.49087896465534,324.1523869283044,181.06736162543
M03442,Singapore,core,756.0101089436065,112.43259069400891,513.1904081128619,216.12271651428975
M03443,Singapore,core,775.8786780497726,210.3820466973136,288.1614793111329,251.11189318533079
M03444,Singapore,core,178.48793849357975,320.1119231630437,126.3452654889115,127.34922408159423
M03445,Singapore,core,114.63243028527714,428.9873469404477,251.77838323893513,234.5157358208249
M03446,Singapore,centurion,756.3375451960121,880.7287735967254,390.5805165288123,838.7598679427111
M03447,Hong Kong,core,773.3913669776031,104.15696446434221,212.08610342782958,102.44310305509707
M03448,Singapore,core,347.02640772213493,486.09649119393663,114.33802635787806,373.9433660957829
M03449,United States,gold,897.5030136018764,773.8872076332218,80.25477387842858,1358.2995025945468
M03450,Japan,core,319.34846371635973,527.7660123127127,418.08391784511736,476.89540307176827
M03451,Singapore,platinum,843.5953613247327,1406.1679534162572,266.48016949848864,342.6318957957651
M03452,Hong Kong,core,393.50640119815404,781.7512304624505,183.85335058776536,91.49676242729063
M03453,Japan,gold,1518.1348578796137,960.661683707434,139.79839808147022,110.08855066994239
M03454,United States,core,121.47105936513834,102.86154659979701,85.57167937317452,129.68892620809956
M03455,Japan,platinum,934.686277455759,3605.550224162934,522.9889681094653,164.6176992727602
M03456,Australia,core,1462.6782967575734,55.4441168006886,285.18186697713566,270.3195728438639
M03457,Australia,gold,1501.1966333119028,945.8598772492865,798.8027952660835,453.32590090016043
M03458,Japan,core,378.3029666103833,871.5090609244824,72.88143184208697,40.18321585207088
M03459,Hong Kong,core,1018.3633332413063,124.65672756688487,104.56817591164376,119.428469325532
M03460,Japan,core,403.29310048492823,529.2539833396396,59.47173500097966,567.7326514889969
M03461,Singapore,platinum,492.2011179152619,573.9460622206223,225.9607512368813,214.76093740406782
M03462,Singapore,core,233.53703836725546,323.84368421093853,153.70436359757883,265.3737365065608
M03463,Australia,core,867.9157004172596,613.9291830851934,320.3127381997533,330.8205969533141
M03464,Japan,gold,507.7814759566092,364.14054217546703,163.38327332975,928.2752708372731
M03465,Singapore,core,418.41890053997855,1293.2704584175103,313.14544019211775,107.79804555872452
M03466,Australia,gold,475.71235173880547,1622.7447571845105,216.42185785249646,392.9233035057511
M03467,Hong Kong,core,780.0157486539317,459.58544121784655,184.6710222464747,401.40218472391007
M03468,United States,core,487.2578168095647,461.52740032788546,86.8980679989264,68.2746751721694
M03469,Singapore,core,286.2975918051486,307.27415953941835,315.2831848010122,204.32693761204487
M03470,United States,gold,501.1539931974306,198.50398242925678,39.45467030716432,104.07550407548
M03471,Singapore,core,89.46891699829393,729.0142896716227,161.02130230649493,234.60753464798466
M03472,United States,platinum,443.22506853631205,550.4458276315728,204.08719838030825,498.7725333923746
M03473,Singapore,core,282.24857963218284,79.28625437500206,176.16500640734867,246.01542652061997
M03474,Australia,core,423.6622863381425,218.87913833031396,210.82909679752868,137.41305689842798
M03475,Singapore,centurion,898.4958768537507,1727.1328180791945,1712.5622040648375,1945.482069501792
M03476,Singapore,gold,812.7689120339753,388.40830211460104,183.37204810843488,611.2591336734182
M03477,Singapore,gold,224.6924776614582,139.07203357789894,377.0447507580589,249.3755532290163
M03478,Japan,core,832.8267772905587,288.13949579700244,297.1026586659242,1126.326316753606
M03479,Hong Kong,core,539.186021353358,578.3492263647857,181.3490625753181,73.47847286632664
M03480,Japan,core,168.3703051627978,370.21506792710073,135.4650740581757,225.0866955722246
M03481,Singapore,core,282.07842998108396,181.59127461228886,144.71434671268193,773.415205687699
M03482,Australia,core,395.3936260631353,439.6149044315833,135.90011820979686,324.3664668328556
M03483,Singapore,core,1025.3494276080157,467.5573301341137,57.842360655116536,124.13771881310849
M03484,Singapore,core,959.161142196223,162.4061465203239,406.1068259290803,82.23577555419887
M03485,Singapore,core,164.54570392240362,1255.9102997952875,183.4352648063548,200.42390594277913
M03486,Singapore,core,329.0320457720219,118.41690281787814,173.47420979162735,158.1569529049326
M03487,Australia,core,925.230948117417,553.8301173441258,247.82735953848493,84.21920032261269
M03488,Japan,core,155.22011724334925,153.53341092073057,361.12791081506856,95.85524635838748
M03489,Singapore,core,296.8720125724938,369.1007812342321,105.41763914266278,223.74399265265214
M03490,Australia,core,309.3953182442773,378.3935476129119,134.43413762218003,223.3430277308933
M03491,Singapore,core,151.17991061240716,565.9008544238848,323.9866174189311,277.8503636847542
M03492,Hong Kong,core,697.022772284008,2252.8538807527066,115.99369710441995,318.5959165456877
M03493,Hong Kong,core,250.43631153862515,82.48460341600428,394.3464969410447,70.5742327176558
M03494,Singapore,core,265.28712690544404,41.508317898107315,306.3053158430222,187.52865538747892
M03495,Singapore,gold,1016.7849053843578,135.94936761010206,50.981686131096424,82.15135572875496
M03496,Australia,gold,547.763461081268,205.41615172952214,174.36718758280722,123.68900093191893
M03497,Singapore,core,2323.6236555455675,653.1904604724408,512.3239471134436,249.66134122803132
M03498,United States,gold,172.99682580651643,167.5096828455042,196.29031019407117,250.3145810775207
M03499,Hong Kong,core,244.65203444172457,168.2072710974149,164.03860016368986,237.97382351059778
M03500,Australia,core,525.8127410124862,428.25895563929345,110.56828853439218,64.64050888403835
M03501,Singapore,gold,257.4359170790001,477.796568646832,374.77334312746245,189.2830593423645
M03502,Singapore,core,381.70620443761345,343.0410866214981,130.02769385877627,191.10089237662257
M03503,Japan,core,1230.6811089532405,316.6485903023422,139.78200545716038,371.9739224993167
M03504,Japan,platinum,1399.950635559144,2807.148992241358,438.08092968082104,384.5670109346808
M03505,Japan,core,290.18882211292146,326.2519600749663,113.06016772016396,574.6509198291614
M03506,Singapore,platinum,2210.169727784896,224.08835082456787,523.92239098298,539.1796569392385
M03507,Japan,core,679.9694158607194,382.514764833925,270.0832188729873,98.63940080954315
M03508,Hong Kong,platinum,1021.4401575230723,350.7824669125346,229.892206854386,137.22830915206242
M03509,Hong Kong,platinum,680.0493952699337,489.0407422607773,224.32169667385077,493.7780300427666
M03510,Japan,core,275.7069911689222,200.43635771890058,97.32746943114512,132.92764013241182
M03511,Japan,gold,738.1666560880105,639.5441065890836,366.69268610936007,372.89809289421805
M03512,Singapore,gold,800.3766807097816,1279.8824760669963,186.95363644584023,893.745495020979
M03513,Australia,core,534.8096964875532,639.1187677039628,111.2494373508256,95.13509658375392
M03514,Hong Kong,platinum,2364.8337735914465,204.21863291306244,723.6626868801928,178.5874031573554
M03515,Australia,centurion,1425.1710674380067,1805.535193446853,1688.846929673393,288.65122766755036
M03516,Singapore,gold,662.9433036311124,326.0579993137687,224.0696798690586,98.58491997944789
M03517,Singapore,core,381.30191444918427,159.07910772717207,87.06648848268823,92.57611882045683
M03518,Australia,platinum,1188.6233527810955,2412.218413127069,478.327830972887,311.9063126692429
M03519,Singapore,platinum,853.5954588542406,720.4750774102786,786.3344995535183,676.1302437995367
M03520,Singapore,gold,121.53803637832527,1323.7269333216273,148.93415226833864,143.4034276346808
M03521,Australia,core,560.1655377357711,277.63532312555793,46.679510287528466,106.48606409519527
M03522,Japan,core,434.46277704187713,184.53216191766919,181.2004763796267,103.965894381445
M03523,United States,platinum,703.6809770239246,1968.321913014626,301.2371880151558,1214.570963062478
M03524,United States,core,843.6510905422207,224.2867872276889,326.0962386848285,65.1805037826771
M03525,United States,core,297.0314317134919,309.21162103549113,142.3824092404411,148.52805423765395
M03526,Hong Kong,gold,810.3987499032304,729.2760569274039,456.20172664802715,249.88867112740624
M03527,Japan,gold,581.2229667091286,2971.9807710455243,382.7372922185488,383.0706128695783
M03528,Hong Kong,core,369.2368560604744,800.771195497098,77.67521145863485,157.58350375188945
M03529,Singapore,gold,1633.7336119384333,744.0697924305081,171.38878529039437,1782.8355119214098
M03530,Japan,core,391.07754043692603,266.110264082276,167.3187071393928,118.77559955768267
M03531,Singapore,gold,276.3042345936335,472.1902747649594,330.0022256576448,149.61156004273457
M03532,Singapore,gold,480.6582703612678,226.6051356041509,160.07452476116785,299.49839915585954
M03533,Hong Kong,gold,1397.4983834288937,237.2762127970933,150.76746984704212,1935.5054706200685
M03534,Australia,core,988.247803297519,174.85965997629222,98.03301118476408,109.57270637983888
M03535,Singapore,core,543.5576978607123,158.96644161922117,180.25637012913896,714.3318665888901
M03536,Hong Kong,gold,1055.3146399721377,405.92257804092924,197.2557329808444,312.31612163884694
M03537,Singapore,core,955.5157403969982,305.3832402423946,170.64056074752722,52.29930112996977
M03538,Japan,core,127.3261453200777,214.97489794647254,688.0233470413091,133.67321499571906
M03539,Hong Kong,core,272.05115811642816,263.29272284288186,106.54733054648635,443.533272222303
M03540,Hong Kong,gold,760.1758463656175,585.2267078569723,197.2591308929614,523.6397632632841
M03541,Hong Kong,core,337.97024770567486,358.51486482876106,180.74087325930324,405.051029757772
M03542,Singapore,core,399.74173536086647,471.96058026341103,113.48473905800016,435.81549654026384
M03543,Hong Kong,core,177.5853041016543,118.33301104301756,260.24138345547533,445.78262479623635
M03544,Hong Kong,gold,923.1428902800358,369.56002895575904,290.1315496768932,604.1712141920009
M03545,United States,core,1053.1268899780034,106.37780277709027,272.391595047838,92.1043478032996
M03546,Japan,core,328.5644732960872,868.0761148182821,177.74538988609274,283.23746737139237
M03547,Singapore,core,844.4981957400846,155.51166916871009,171.54219865989756,257.67236748471464
M03548,Japan,core,293.0136932943459,177.512952950898,113.08568458958106,623.7652662019577
M03549,Hong Kong,platinum,2780.6477083198874,476.4380679981458,899.7783024756085,237.1232158798603
M03550,United States,core,590.6730766021942,129.43198249196226,101.61247835245874,139.3768914638829
M03551,Japan,core,271.4448183873871,64.6386876069192,120.62011619218734,125.54810335860233
M03552,Australia,gold,541.3895071855276,67.67871903047113,284.9604225652809,3887.359491583281
M03553,United States,core,1672.6113567623208,1120.461193630153,127.635977063286,151.78020768176174
M03554,Singapore,core,145.77618420839377,569.8890373433646,113.96933447224802,570.8227448960492
M03555,Singapore,core,349.35633473052866,255.6477093961548,145.44485362557248,760.2652455110762
M03556,Singapore,core,464.4521534699824,148.55456267800582,118.34211475314906,364.7397368951288
M03557,United States,gold,1369.65329890103,1617.9323423576548,130.386290577114,72.04660853661818
M03558,Hong Kong,platinum,371.166847535056,613.314552246299,381.91006199765275,771.640646953799
M03559,Singapore,core,293.11342834831527,69.10324908012265,104.50625917406828,166.50751228138907
M03560,Hong Kong,platinum,1092.0797733001941,1201.3796512105496,262.69315544089585,202.9266528190702
M03561,Japan,gold,1424.82340952298,220.36378990071918,112.07078582925325,201.65478113786895
M03562,Hong Kong,core,346.4902478660288,289.62246499146363,233.48090452953252,538.2779984080194
M03563,Singapore,platinum,764.391468628007,1736.606907098427,423.4185686380659,416.5200902801097
M03564,Singapore,gold,447.99064575710725,751.6539904087491,414.53115244770964,1599.8440586076229
M03565,Australia,core,264.14487353153277,386.72180946824744,158.464585467124,973.0201803372156
M03566,Singapore,platinum,2366.9074678179704,145.50956582796454,147.84395985212763,408.39351000246825
M03567,Hong Kong,centurion,2090.5085774751956,4039.656858410401,804.0808508115623,688.7679860927788
M03568,Hong Kong,gold,1470.7609512106492,1252.9673061319284,288.40411597778717,535.1579544460944
M03569,Australia,core,1191.3960862374029,907.7002280792915,74.16068476534328,101.16006510117793
M03570,Hong Kong,core,627.2318985110894,253.50719743167647,98.16715062752718,157.69636402982917
M03571,Australia,core,240.5305115870942,299.87745296604965,126.83924975505111,178.5437228168432
M03572,United States,gold,572.5927414853396,373.4616617444417,200.83696692478668,328.9883572226642
M03573,Australia,gold,456.60891653607723,469.0838169235119,303.66662804289064,194.40719505361213
M03574,Singapore,gold,351.3975439177398,186.2655122136793,307.8470042873145,362.95719760391523
M03575,Hong Kong,platinum,1468.085235502014,445.3594581304951,265.56179684867794,354.6698642345502
M03576,Japan,core,379.16153539625054,1924.1274659942662,136.42123809034786,134.49871006908464
M03577,United States,gold,214.1422041750853,278.84762640414294,193.66126631297342,451.40434661940844
M03578,Japan,core,239.97693353756162,232.7701766695049,134.92782777035202,774.1751936884699
M03579,Australia,gold,263.72484397534083,1910.9484412399734,489.9519557760563,123.18895691740734
M03580,Hong Kong,gold,503.7618673020066,312.8212555888392,97.22537881345987,613.7155222326178
M03581,Singapore,core,1453.1494340099016,956.6919130257106,162.563176028428,313.5893087296213
M03582,Hong Kong,core,280.44913469882283,105.24120256585906,91.46995900368309,153.883930445889
M03583,Singapore,core,797.4812253173351,690.0663646100782,103.47160866956415,213.2813532154584
M03584,Singapore,core,479.236677499041,155.65576275686217,60.02145532892938,1641.1844217038624
M03585,Singapore,core,595.5068811919613,565.0062552173081,269.92942944168817,279.8600019914737
M03586,Hong Kong,core,93.19060169110413,869.1000655087953,33.21756720974143,107.6615529158879
M03587,Singapore,gold,2175.826954945155,1407.7966200012042,153.142310920527,631.4023564347854
M03588,Singapore,core,246.33699275618326,355.82201199087666,188.43002619511688,97.02471046070373
M03589,Japan,gold,1299.8864521788346,234.65187507698528,106.35108571078175,250.39802178808887
M03590,Japan,core,193.79177913769394,503.2331019255132,67.87578116300516,218.54060788037037
M03591,Singapore,gold,542.6752118744516,396.77799522337835,63.90874583105399,613.6000787774516
M03592,Hong Kong,gold,1381.618962850902,296.3520437427079,131.70502499376116,285.067703268298
M03593,Singapore,core,130.29138889832404,1967.2006690459837,352.09098088792774,98.46196773944023
M03594,United States,gold,430.573636487122,199.88645191227792,161.0012979811332,56.828997744169364
M03595,Singapore,platinum,401.8176765652858,755.0839398631935,225.8312603947226,1472.4691979552713
M03596,Australia,core,880.6705949383224,124.02548422545267,210.97118170732261,114.83141742227083
M03597,Singapore,gold,932.8297557306312,175.60733845740182,343.73541039662445,180.90282583901276
M03598,Singapore,core,357.506403172954,120.38092944221079,344.63726029819856,354.7193267067721
M03599,Singapore,gold,519.0417121810414,245.05696019550996,466.4536012966671,447.6570735503157
M03600,Hong Kong,core,699.8861637746185,192.37268709518932,196.06483824698225,261.6624303212464
M03601,Australia,platinum,846.9348277112138,286.89074175486206,243.60385800220288,299.8991530466974
M03602,Singapore,core,355.4039799410466,81.17626281792005,104.60939685917836,223.88936132651713
M03603,Australia,centurion,1176.136557935058,1712.64673003105,1299.7519836088095,2574.442640274923
M03604,Singapore,gold,454.3178857926466,386.75454323201194,76.70746190692925,111.9473111641903
M03605,Japan,core,571.6600389022251,298.8526431919301,375.4903244723612,280.93869345674136
M03606,Singapore,platinum,1447.6698899574342,502.5290452968283,207.27313405658927,593.9530451525319
M03607,Hong Kong,gold,538.4297497200138,3402.340793164971,241.93168759486414,80.82123793877196
M03608,Hong Kong,platinum,664.609837050037,637.368533333713,142.03975819751426,181.8778087817365
M03609,Hong Kong,core,836.4146158099602,620.0100141266051,74.80122181479955,206.64878158205119
M03610,Singapore,gold,725.1740137127516,1487.2725355014452,258.24771150856327,229.6854396207511
M03611,Hong Kong,core,247.9057114803456,327.00786818440787,258.96609160754787,83.58940421512393
M03612,Japan,gold,417.7339986953953,308.6678030907163,188.32116380803333,2579.157531305598
M03613,Japan,gold,527.073030833796,98.93060944526106,280.2076646439594,163.05228424349767
M03614,Australia,gold,916.8303677193627,73.56749700995034,163.41049177556206,253.25013573726707
M03615,Australia,core,520.935054973268,81.20275009921694,249.0463318032412,266.3194238946777
M03616,Japan,core,288.5070928146984,189.86833217325406,132.56727377618404,235.64273927040642
M03617,Japan,platinum,629.3745309607344,534.5259597495119,193.5093532110511,450.8101910491007
M03618,Hong Kong,gold,268.9479484792267,520.2756315134404,368.23159256183953,175.46956533106425
M03619,Singapore,core,338.8299494785425,238.7067779622766,229.3967292358975,131.487379116204
M03620,Hong Kong,platinum,1222.333130847325,405.41598670278063,367.78364874121746,965.6748611912063
M03621,Australia,core,273.26319880149487,171.11605464170773,264.6474048593316,423.4468332405173
M03622,United States,core,525.2358049798023,347.1399243526642,98.89424065876572,138.8791816543783
M03623,United States,core,387.0388619046724,223.3529403798759,79.61905191901606,64.94376492338766
M03624,Singapore,core,713.6167821208074,555.6151291807172,94.85327339319257,350.3860507253517
M03625,Hong Kong,core,556.1315727567337,316.8356374284823,403.0230124098084,100.555349962838
M03626,Singapore,core,134.169974746415,247.8160806659355,126.59544883392778,272.6348753872283
M03627,Singapore,core,394.1066150364388,252.95428555893685,166.087828641785,120.37118749439354
M03628,Singapore,platinum,165.669574350137,417.1307640654613,921.0300783792941,140.88199267494045
M03629,Australia,gold,567.7481724868246,397.8559557153028,279.67236647729965,292.4718770099524
M03630,Hong Kong,gold,850.492021830005,77.79959058995861,198.31073297198475,262.1255797665515
M03631,Japan,core,150.10098994140554,282.02609717744696,160.52935427096418,79.03499294350682
M03632,Singapore,core,288.22388234124173,107.74194027159626,199.9245197576023,350.57375835682967
M03633,Singapore,core,277.96525258204787,541.1304882599006,313.4887768765042,188.68050922381485
M03634,Australia,platinum,798.2433485662525,498.934601690216,197.72695008518272,262.98630144514755
M03635,United States,core,176.5181316280714,2277.4489562445237,130.28622479477787,136.7864981442894
M03636,Japan,core,584.3570527095526,261.5609945566009,115.91990116807983,70.54516153227708
M03637,Singapore,core,450.67385128194456,155.15323243675985,131.79850334537338,329.36131438410905
M03638,Singapore,core,185.71328570137717,385.8453573931901,130.35643109852117,147.93661170231496
M03639,Singapore,gold,505.3927634242967,554.4651757130579,210.92559370974186,101.12661675204484
M03640,Australia,core,483.585039234372,227.83824354196412,153.91737734861678,266.4319775557504
M03641,Singapore,gold,1017.1404502289314,558.866443308453,405.31875296151696,290.8946245521034
M03642,Singapore,platinum,491.51951112465895,755.4017091554292,372.4092645417909,287.0099914515302
M03643,Hong Kong,core,873.5172317216726,527.2777690562436,165.6902376286779,137.3619048942972
M03644,Hong Kong,core,478.91437895388725,371.2295563603144,98.12977724127427,145.8842011973806
M03645,Hong Kong,gold,160.1437632619765,1405.0392036803228,803.9448880260626,136.72665062912685
M03646,Hong Kong,gold,866.1521077110204,388.37442110195855,96.28230394837057,89.09612554479729
M03647,Hong Kong,gold,929.5749818029024,1398.9128999545997,415.84473910667907,87.59024396349479
M03648,Singapore,gold,255.68580702384946,172.64633791722054,407.7512864507249,431.6077682441066
M03649,Singapore,core,268.95737534924825,268.3882870058359,178.86479843927455,51.782737160178954
M03650,Singapore,core,483.2546739301777,492.2624017396376,144.39694044229094,167.7290095185896
M03651,Japan,core,875.6301450254821,1080.0167152959536,217.48515745078956,378.51617468746355
M03652,United States,core,466.5158968340351,723.4109622503911,263.820509308888,292.4213950260344
M03653,Australia,core,745.6598613240187,58.15298332553498,87.82444144877131,88.0706329446071
M03654,Singapore,core,569.5232868768826,198.5220808860644,144.20425496776156,757.1713119475427
M03655,Singapore,gold,736.3071626589089,666.5206880063306,372.8820258550165,193.2825051876768
M03656,Hong Kong,core,774.4921055272629,473.80309665802326,114.73130381051617,375.3489565212834
M03657,Singapore,platinum,1197.5481072567698,836.903110481947,222.0106456349429,116.22631500278582
M03658,Singapore,core,85.43616837798587,289.47883638575763,199.04074782846277,108.81584656791662
M03659,Australia,core,284.7171491066446,318.31009654639905,245.38045213400508,97.60144236067558
M03660,Hong Kong,centurion,727.7358505088827,1090.5720857964027,404.9700689678565,1659.9093008068667
M03661,Singapore,platinum,2370.3510993143304,1994.0679062773786,2314.1524133119337,808.9238553754924
M03662,Hong Kong,gold,277.4258337977122,194.36233525531676,152.80824961606962,422.7668277065682
M03663,Singapore,gold,962.7348400427483,580.4990367624611,218.45940460849232,442.06437293142216
M03664,Japan,platinum,1204.6685376560708,1685.5187350595093,1319.647048907635,122.89257747079925
M03665,United States,core,203.0979037053561,1133.4558554288792,100.95911688428548,77.07065121545982
M03666,Singapore,gold,535.2686002808632,1342.258650131985,291.4101437149461,152.75176216315978
M03667,Australia,core,1101.324110661369,162.5805984638776,86.60077873782933,424.0558810404758
M03668,Singapore,centurion,860.6680554958801,712.7598679928359,259.92187456741976,1075.096836728645
M03669,Singapore,core,97.84541409388147,97.71294033851662,258.28818469438517,390.68882036690314
M03670,Australia,core,703.8746772037149,785.2607384310769,145.88014687099545,81.39091629786364
M03671,Hong Kong,core,737.3510833361412,274.3451948971808,160.3998839376494,765.8273330724878
M03672,Hong Kong,gold,1365.8383194116288,242.13536501634093,188.15469201738952,252.94899208525817
M03673,Singapore,gold,1672.7412656864758,304.16148731075475,239.02414784157855,116.99145771529705
M03674,Japan,core,354.37319217069006,147.77243778221154,652.4322905856048,52.42139829308292
M03675,Hong Kong,platinum,647.9696050256931,1633.8879570752522,1313.3895109729995,970.571827058812
M03676,Singapore,core,343.58940566534267,276.67389373941876,261.66488161790545,605.2159740302554
M03677,Singapore,platinum,2665.81677492455,1420.2025656190904,605.5668550991253,278.41356354355645
M03678,Singapore,core,810.3120870407879,241.34890843232188,116.16381240368034,84.22215383383372
M03679,Hong Kong,core,943.102370654758,499.9338293144923,67.2557825646318,351.81153495850714
M03680,Singapore,core,1941.7148153331198,685.8917311043913,87.35061774011251,127.93834494141151
M03681,Hong Kong,core,1766.5188748893595,106.59405166059183,162.20971261023647,486.4413790856101
M03682,Australia,core,146.3994926417026,730.6103430891008,132.17722273926782,91.60886987362996
M03683,Japan,core,363.9360073043831,172.0615180231585,118.41386941732328,335.5520661787978
M03684,Hong Kong,gold,208.00367378320365,715.1532815339727,149.5905622032834,299.7059229437422
M03685,Singapore,centurion,1738.9370264899985,846.7012809310942,461.63642194889167,540.8650425938326
M03686,Singapore,core,487.09769378881293,428.51564897884543,97.76323678371456,71.80351609249261
M03687,Singapore,core,333.71564968867085,293.1827262592291,70.2155866099559,236.7276377414072
M03688,Hong Kong,core,126.82775367313344,262.20220042073026,131.3101736619133,316.7363016836216
M03689,Japan,core,790.456497181967,102.50432941829813,153.87802113836008,45.80790680134918
M03690,United States,platinum,249.27092897295597,1589.4685107260143,277.2220056131447,993.4516787722912
M03691,United States,core,846.3033633304303,250.26873062952959,226.49112479212425,38.12017195256201
M03692,Hong Kong,core,167.50349740443406,235.35571296106312,195.84132910795665,85.42018138162649
M03693,Singapore,gold,369.8905253505471,689.084094699523,335.624597995662,164.27417358298158
M03694,Singapore,core,770.4305986725549,215.71456319800507,76.47489672135151,169.62249990032134
M03695,Singapore,core,279.26015093441964,131.8737636863495,207.78602862365074,168.2420567571048
M03696,Singapore,core,353.84477162497905,612.3432552898121,104.62029814688542,34.936541943185794
M03697,United States,gold,609.1838061454988,111.84371818183348,176.9698882078064,245.8242655352857
M03698,United States,core,322.63660003186305,630.9086999509176,248.25703228145815,282.30971135122854
M03699,Hong Kong,gold,304.69707308564756,572.6844810816035,294.82988590550093,87.77152275168255
M03700,Hong Kong,gold,564.6365350060299,254.0515412009364,307.1809498074822,307.82722274819594
M03701,Singapore,core,281.2439527275948,542.3714197189078,218.49529829449753,136.60048625759828
M03702,Japan,core,217.6191058297058,3454.161422060465,139.58406790294592,112.90695673082064
M03703,United States,core,458.10060251132705,109.90159969108994,389.7171974197877,550.8032363889668
M03704,Singapore,core,295.6979036004226,133.92985760359744,200.47541356248297,310.17061778258295
M03705,Singapore,core,256.3042560489997,129.03938300233852,101.35570110568077,226.87552524131561
M03706,Singapore,core,371.8169410638008,333.4695465976436,331.8537521550391,146.1155647175339
M03707,Japan,core,298.22055484086724,244.51646133698696,181.12689329156248,106.53399444834746
M03708,Singapore,core,460.091862602215,158.9296725074553,185.96429290090174,152.207010830552
M03709,Australia,core,676.5916086735893,654.8951739658585,214.1168377088916,119.20778389003952
M03710,United States,gold,785.7626174774662,653.7257355978344,361.3743320309189,460.9309768947066
M03711,United States,gold,193.89202240283706,389.9690559927456,121.85699537492431,2199.0832294925594
M03712,Singapore,platinum,5006.0670784200365,462.8908872065421,222.5291336561428,578.5621077282692
M03713,Japan,core,714.8385677576487,3262.981099214369,137.5901538870555,602.8671210597613
M03714,United States,gold,509.61897701162974,627.0500251158351,499.6455273164262,168.47051026939056
M03715,Hong Kong,platinum,1100.8894356575888,2805.803298456473,373.47034777498214,3300.5810087486984
M03716,Hong Kong,gold,642.844050622694,67.30430654282755,298.1018246084605,342.9762729104087
M03717,Singapore,core,196.81708596578045,158.74051870974355,170.21041529520477,171.10421844170327
M03718,Hong Kong,core,398.27688339153394,1066.9697199683367,74.6316826856367,35.50845559099457
M03719,Singapore,core,233.71512256242943,105.47522900741866,484.33201554765293,50.36344184356624
M03720,Singapore,core,523.9944564223566,449.0933229320797,323.23439410997025,418.48974792923235
M03721,Australia,core,250.76649665311928,272.8204076711598,199.01689007900615,398.54541611827943
M03722,Singapore,platinum,920.834125907372,493.6908204435917,204.4025596540572,98.76786483441316
M03723,Hong Kong,gold,721.891534907957,1397.280375357194,217.7732299360765,2056.1002868466303
M03724,United States,core,932.2595571323667,565.82105039585,183.0125810318984,27.29783443789637
M03725,Singapore,core,385.95039368973215,367.3207637547838,191.70779748603746,217.46132005854398
M03726,Hong Kong,core,226.52912220370203,297.1200913168376,336.596430618805,167.82060743555147
M03727,Japan,core,461.4291887625934,177.07674716162222,150.5424366810282,123.13232123331052
M03728,Australia,gold,901.3916301234188,287.1210543895114,301.00344862231736,653.7999925992425
M03729,Hong Kong,gold,1976.2838244957723,948.2673423676014,66.08788419517747,566.1851630329393
M03730,Hong Kong,core,982.0417920382722,1107.4421797778245,192.19812317727408,91.21205728525848
M03731,Japan,core,477.5112532716804,1166.762930281952,666.3621094274814,156.70846797249075
M03732,United States,gold,683.8434855112778,231.8074814773722,97.56037721781111,466.3359683932041
M03733,Singapore,core,428.7077406571209,67.38185321658538,395.939105323347,67.33207297255811
M03734,Singapore,gold,488.124044507005,313.8002630536911,99.68246038880542,136.20130201001732
M03735,Singapore,platinum,1735.7856845215179,384.1351418612059,462.42524644342603,45.0503974732755
M03736,Hong Kong,core,497.21729770886265,101.05496235459513,129.55417653829107,425.44644622116124
M03737,Singapore,core,574.2006118181827,205.83333091270225,119.09877044484179,125.46355297879136
M03738,Singapore,core,853.9764749543486,252.13778015177607,128.29969266950002,156.8896114155176
M03739,United States,gold,482.24928715314724,584.9462488172277,270.2173769976479,234.6649286537114
M03740,Singapore,core,191.9063175618369,1384.1535210531918,537.8009972125575,555.0022578106773
M03741,Singapore,core,392.1076721412438,746.8579726160596,238.68159183054902,34.70697315592789
M03742,Australia,gold,152.29847689998982,385.0647966189741,219.8292571854073,400.06222825765127
M03743,Australia,core,290.5693117026362,403.95809087382486,214.10145665268934,309.1104007984619
M03744,United States,core,183.90235571613513,248.76184380642565,56.48127421776149,169.6360201831422
M03745,Singapore,core,842.1917243193768,504.13561461387366,449.8898552188139,600.4540055440634
M03746,Hong Kong,gold,1624.0884325763825,1334.9804915988304,306.4640317813294,257.228728559201
M03747,Japan,core,111.70809398581831,281.60524347790954,116.25832372954896,255.7282713195894
M03748,Hong Kong,platinum,739.4921024362592,527.0366658960027,314.0012490068302,1119.7500505449843
M03749,Australia,core,304.73427755637726,256.095689070175,108.37691458810592,74.99955576687923
M03750,Hong Kong,centurion,5629.719947459192,1977.0754900805173,1034.3860067034461,511.94870043714553
M03751,Australia,core,432.9946016613157,120.19215509197282,171.52697967437112,263.9882844399819
M03752,Hong Kong,core,691.7836337005623,163.70185059540313,217.1998361564609,207.62768942812266
M03753,Australia,core,253.86712700439733,312.0583591114902,345.5425217715222,316.1754801516271
M03754,Hong Kong,gold,210.33448435967523,327.16992108990866,181.85629840581962,941.5517885743708
M03755,Australia,platinum,760.0772368941244,1369.1420628507783,345.4469831513369,581.8519512248891
M03756,Singapore,core,2755.027333752431,701.3635954208743,270.73784211603186,97.20836239828384
M03757,Japan,platinum,291.13897808567486,222.16772950466972,184.0909874296117,382.46826998086283
M03758,United States,gold,990.3869710932497,568.8993745917635,87.83684656221592,227.6025823623428
M03759,United States,core,718.9903586115645,523.533959230212,147.3376275387188,57.41301150419063
M03760,Singapore,gold,1445.6738653357543,806.0035804081417,474.2051516070318,273.5040536873458
M03761,United States,core,1029.612051247961,83.56320371724841,58.45750744535373,489.3492996297544
M03762,Singapore,core,799.1867566531331,1217.5173807525287,239.72413902847924,31.904123400629253
M03763,Singapore,core,465.9395254925793,159.99937692480157,697.1475830907563,106.10507558594446
M03764,Hong Kong,core,218.533496054384,86.50022782246859,168.0979582699418,548.34290056039
M03765,Singapore,core,602.1847043406094,109.31051505620452,111.0149359290981,176.83726934021686
M03766,Singapore,gold,1138.6293557848742,273.6015601354944,178.73866116106936,222.80617797863394
M03767,Hong Kong,platinum,954.4399647245501,785.3134268585849,205.71178229696886,1212.9860605040508
M03768,United States,platinum,2392.5361825814853,449.5588344341772,438.39150971800393,468.5668988834566
M03769,Hong Kong,core,358.06087099315033,1184.7329339419416,118.83075382929731,203.86106260033992
M03770,Hong Kong,core,152.5112768178078,38.294836663186025,191.33454237810935,110.74716899582288
M03771,Singapore,core,986.2151782843381,602.2199725999873,208.93321610908907,120.04973002699768
M03772,Singapore,gold,1402.6331316961998,977.1625254038759,406.17388777301954,102.08190364635918
M03773,Japan,core,409.32855333185415,628.7271359242504,65.71893470919736,134.98115399761585
M03774,United States,core,655.8690520023125,193.316560059809,223.04862713931323,35.82470162527617
M03775,United States,gold,448.0058504280394,177.9774989003066,181.29551792354277,265.85178143987207
M03776,United States,platinum,642.4400571225669,811.1093595486634,310.55826928544803,603.4625731634484
M03777,Singapore,core,290.8068201950568,424.7682204595505,155.9153954904578,360.70657931685577
M03778,Singapore,core,276.85019121797234,84.22958320746507,136.30365097689767,461.7536444511292
M03779,Singapore,gold,346.064354668134,493.0380998785228,256.2495763339722,342.69947073126116
M03780,Hong Kong,core,1217.4162926828117,315.68251773752183,149.67614383259067,50.14543481565441
M03781,Singapore,platinum,313.6433613636677,1152.2848712494854,947.620081326873,170.14996117813945
M03782,Singapore,platinum,1020.8502026548547,546.3928236378936,261.07271222826375,547.1033603873569
M03783,Singapore,core,227.00053885923936,693.1779003808956,400.9659990364582,517.317020747289
M03784,Singapore,core,351.7359984969057,626.9329788476953,176.31722591795548,977.9912008360246
M03785,Hong Kong,core,220.3738752282821,186.2377182408655,57.162768010045376,300.0694689841309
M03786,Singapore,core,331.4653734162965,87.27084322054225,199.1309739599596,239.2501564818192
M03787,Singapore,core,1371.981448377388,319.5900509517238,215.96120254410712,969.3205568031668
M03788,Australia,core,1767.0200845928648,140.38886378114887,174.6294966886409,694.7743935666634
M03789,Australia,core,253.56906311792414,513.6601795500179,232.93695277290047,155.67610188879863
M03790,Australia,gold,1347.3922331582755,831.4763191119931,126.8322099072609,254.59371013380994
M03791,United States,core,391.1476471834055,121.7794933538522,136.0865749710068,132.67932683452065
M03792,Hong Kong,core,451.48892849949345,548.9946056533774,304.89337663078453,104.05320369245042
M03793,Hong Kong,core,395.67539015467304,558.3623109822352,212.16894606831565,130.8863207256675
M03794,Australia,gold,651.8951838821856,206.16896652793204,717.882844460468,210.51093094993618
M03795,Singapore,core,349.58096040848426,183.62040347510185,64.43957241550326,149.75836172855335
M03796,Singapore,gold,4148.430890129448,601.8826307745052,535.8738586398443,22.46899540015333
M03797,Singapore,core,361.084481178624,1065.752757426184,150.637999492419,73.85542805795478
M03798,Singapore,core,121.05160761749889,196.29482843552955,75.59273614484653,41.522329814035984
M03799,Singapore,core,1501.5853384183874,369.57980008041017,290.0158518126172,111.8969983005164
M03800,Hong Kong,platinum,2059.431857896938,610.1669098443822,469.93516581322024,333.06065186321024
M03801,Singapore,core,231.55760215254924,525.8160025220371,107.1282618332945,25.95774659575326
M03802,Hong Kong,core,775.6322202458978,120.93145226345004,95.67802548176716,161.44483825229597
M03803,Singapore,core,276.450808487021,181.1735657443252,151.73872231492194,200.83687774816067
M03804,Singapore,platinum,613.3617018732374,107.87622760745403,359.65554932203037,1166.006783669146
M03805,Australia,platinum,1160.185475532741,623.2481427351335,544.7391256454662,709.600667504042
M03806,Australia,core,413.540477275037,764.9005896686656,106.36169549619552,186.51418972668105
M03807,Hong Kong,gold,557.5116865839944,253.37500007389002,126.14478531724177,118.02994591504026
M03808,Singapore,core,265.54735245321865,795.1801132179697,288.1976779770601,183.76824853259873
M03809,United States,core,1112.7431090774803,496.24459433740026,343.2658037299723,125.3223493344012
M03810,Australia,gold,268.2909109535199,388.5648551930784,878.808442573735,80.56128937473686
M03811,Hong Kong,gold,898.7959693919629,854.6409107713238,178.002710961453,1544.2903931331434
M03812,Singapore,core,340.76804773480865,693.9204650716979,152.55288139333575,55.383927385617746
M03813,Australia,core,328.6296131538999,218.04649656409404,309.180201463787,254.71800913273412
M03814,United States,gold,1273.64499019255,541.2547407761973,334.60032997088786,45.887967416089396
M03815,Singapore,core,432.67395160509307,71.61556861523495,703.6990686014171,81.52498801929777
M03816,Hong Kong,core,1553.9441061300968,235.75254954857135,243.91026426448624,104.87003997925746
M03817,Australia,platinum,588.5170264508968,198.88840207727407,778.469513073925,304.1009184120889
M03818,Singapore,core,910.251590818123,193.05763263027404,300.74566382148595,418.6251616989334
M03819,Singapore,gold,677.1189243665273,878.7537707927968,596.7225996201141,2938.969250288143
M03820,United States,platinum,1029.6557478051327,1991.2134667306289,401.2587312680538,331.76533842461043
M03821,Hong Kong,platinum,881.6415444956108,1225.2961707881598,156.49653290935075,381.6880449960464
M03822,Singapore,core,205.72384871832674,131.85379728568626,232.91988271828592,189.21259672218505
M03823,Australia,gold,308.84274839145684,380.5862003595115,305.27477239597687,472.0885379094606
M03824,Singapore,core,614.5603402172961,40.438984627791356,301.7275850596453,61.82337913754667
M03825,Singapore,core,438.7353054092762,958.0558643563994,225.25504414673668,14.620631128722515
M03826,United States,gold,377.10153371889294,630.1694574170955,215.71004997362394,170.81955376979997
M03827,Singapore,gold,963.2649701310748,299.8394540137586,347.8828420437254,101.67383276157824
M03828,Singapore,platinum,975.9887219736177,203.024404136645,803.800497688084,575.8174335963294
M03829,Japan,gold,348.78929428470383,829.6711334938632,251.8789610082946,68.2035080113111
M03830,Japan,platinum,189.0030305690935,355.01561702990904,770.1844474186756,552.4583688580207
M03831,United States,gold,535.8398934807456,2180.656774100185,158.85952320684893,199.43702701755717
M03832,Australia,gold,949.6622576355354,662.5763508467375,135.3618370015548,926.4341733484065
M03833,Hong Kong,gold,490.62854952379405,495.15381640388455,132.41800245306726,264.21554410541245
M03834,Singapore,gold,522.5768749373883,317.5177089853536,211.61221508679876,332.1233094745361
M03835,Singapore,core,499.2198690301092,279.75651709347505,396.40511570183264,403.3686101406862
M03836,Singapore,gold,149.82551712112735,397.9801331489904,675.2890280407748,158.49990949573458
M03837,Singapore,gold,401.04590005277964,2689.7348408663092,157.1515959723683,485.4873104465116
M03838,Hong Kong,platinum,893.6627087772891,527.0509345431462,214.8223117760718,102.08317426018193
M03839,United States,core,716.2678353075581,86.03659977918468,42.94578652946685,472.40752341519436
M03840,Singapore,core,316.6918801876481,515.4878932609147,145.80170867349824,1016.1657203897712
M03841,Australia,core,899.5543594046203,245.89934515776696,163.48288989114178,359.747439445998
M03842,Hong Kong,gold,235.88071157579688,241.36916018130225,412.3701262947867,831.6633411184639
M03843,Hong Kong,platinum,713.6462229225144,506.2502516450521,260.0263398426695,57.03069801925236
M03844,Hong Kong,gold,1502.7752237631262,400.712547874834,155.00252077134044,108.56972020685686
M03845,Hong Kong,core,437.93100350360123,581.3258734415459,587.649832275626,148.53535066045134
M03846,Hong Kong,core,557.5658490934094,434.0496406699085,404.88634069495,61.953285869598275
M03847,Singapore,gold,225.17493174574128,710.8144607166463,153.08863632478403,57.99475160149762
M03848,Hong Kong,platinum,2583.6504575251693,751.1407455195045,237.90027380039123,478.9327567590565
M03849,Singapore,core,836.6377969161382,61.158619786814334,223.12512686311652,66.97598002803352
M03850,Singapore,core,3232.52084722772,537.3777558343012,373.09309754203304,233.06404812141707
M03851,Singapore,gold,890.1512914420344,356.8675038316414,427.1108984687216,361.0368450476877
M03852,Hong Kong,core,179.60032525931584,208.5656419877669,140.2524393248779,241.10312644274794
M03853,Australia,core,192.38362576074658,191.5966792932295,99.06965355694783,90.54987538098717
M03854,Japan,gold,721.6950770661856,417.24376272255597,395.50873911662285,988.4110604014938
M03855,Singapore,gold,636.2758237653294,598.8294633164254,431.26651087364,902.1208330614871
M03856,Singapore,gold,1875.3633831578422,222.91416950561555,390.2171123091647,398.7826773287788
M03857,Singapore,core,319.79890006377354,249.42787352168529,103.3859925770076,114.89582079738983
M03858,Australia,core,155.7767487880069,112.49453455911042,153.42056907665847,113.91442200491076
M03859,Singapore,core,373.41943835537097,415.40955621567,95.29102947297416,211.94865299613443
M03860,Hong Kong,centurion,1048.8889565093718,2761.285482036318,515.7148515242951,657.1208532109101
M03861,Hong Kong,platinum,1759.6644496613333,388.853573770645,276.39284201601157,1405.4505571400493
M03862,Singapore,gold,478.6441886617723,396.4997637949256,1136.8440773533719,414.2603236254646
M03863,Singapore,gold,668.3856670239442,520.2135922740027,683.8586241362614,420.3467926040827
M03864,Singapore,platinum,570.3901135048623,481.6274306950818,313.9076320907778,808.7047002853436
M03865,Singapore,core,155.14002571904558,204.88220645616872,280.25735764258445,186.44320092745502
M03866,Hong Kong,platinum,2992.2724147008785,3810.3910788886733,294.81664887680284,631.8254300615105
M03867,Australia,core,242.15994573456348,583.725452954401,176.31646825945325,206.35188315031434
M03868,Hong Kong,core,951.4712924860737,631.0937124518106,113.9944461226263,618.5352530485881
M03869,Australia,platinum,1492.8376835349077,2586.51072493457,434.00814944127677,87.45547039435695
M03870,Japan,core,286.75809476063466,105.49064807974946,123.2960696213449,262.80133506364575
M03871,United States,gold,563.0777272180231,1525.9855677739868,248.3417791087516,110.72397839362277
M03872,Hong Kong,core,233.78362828322872,177.7791409780599,167.34507000564557,140.75931974113652
M03873,United States,core,273.01960396363876,901.4652705064648,325.52263253982863,494.5235434961432
M03874,Japan,core,231.15833702915094,342.43950394617445,145.06671081117753,469.78925686528385
M03875,Australia,core,484.61231627574966,150.23882907304827,127.99812973768407,124.36450063263537
M03876,Australia,gold,544.2029796621096,568.5853475841657,79.29216864883934,281.7360803993999
M03877,Singapore,core,453.9940961887915,137.66014483615496,322.60857603868965,103.04776984835861
M03878,Japan,core,1277.6598093014072,717.6478974998852,181.4541862477898,261.44907040454177
M03879,Singapore,core,331.5809173076704,286.93838220169897,217.6482974511489,93.03338848359296
M03880,Singapore,core,31.7383991801743,546.3534982049458,470.9313457683112,323.55221856862835
M03881,Japan,platinum,700.7701606591712,588.4132660317952,249.8449533720151,91.074315948778
M03882,Singapore,core,491.75862538194025,1090.2949446316393,63.272662493670126,159.57847682468602
M03883,Singapore,gold,592.0260578271915,812.7214420515476,347.49627965827455,90.79618322967826
M03884,United States,platinum,2200.6471988669227,1132.4756034473587,313.76895851975456,1426.967908088707
M03885,Singapore,core,441.2553675255375,97.88464646368554,110.36220265834422,228.8271098220675
M03886,Australia,core,299.5135473397364,498.84631334899757,91.14291238209846,642.3270407961876
M03887,Singapore,platinum,569.5392836654526,401.8333185512128,172.73327621906958,340.26747165866345
M03888,Australia,platinum,334.45067074382064,250.70715235061218,645.4181911044742,808.7354350297517
M03889,Singapore,core,397.44527819478685,222.28423444325284,210.49673311377765,156.55347752830403
M03890,United States,gold,439.3829277343745,326.90870499736724,159.76537463113547,615.7296228391468
M03891,Australia,gold,914.4366038759678,187.24327304879233,465.565456595664,1693.8553801239955
M03892,Singapore,core,325.8239649869515,601.7686786944665,179.87216882303164,233.5336224537259
M03893,Hong Kong,core,1453.0225928033742,112.8118025571257,100.54908975626672,35.3467575720598
M03894,Japan,gold,1521.3204175230426,756.8333514106967,355.48969375859485,220.91781245383615
M03895,Singapore,core,321.6258290274763,205.33564019405114,109.61784314284681,135.80229617035286
M03896,Singapore,core,533.0012101424111,151.05945492392377,436.3724161448442,291.534281467743
M03897,United States,core,307.8097053054943,1440.877279915671,266.551129002791,92.59269854688598
M03898,Japan,core,569.5851146550884,31.042456461276725,243.92130449229,193.51245109905668
M03899,United States,core,199.7024790969773,820.9607794049127,195.354884074634,133.9579396790502
M03900,Japan,core,151.57960393412168,271.75507201180625,84.74113754736173,264.5407806655937
M03901,Singapore,core,228.12826426012384,319.8631786157191,218.1006808014949,178.67620361230598
M03902,Singapore,gold,634.3350262417054,412.14815409730176,363.53760551810814,705.0545056123016
M03903,Australia,gold,1129.6065848675757,554.8028617725859,362.3788027358158,99.50761217404495
M03904,Japan,gold,1154.942710776022,659.5203760837993,61.40219966086366,153.58555220535743
M03905,Japan,core,316.0842271392311,73.82455143516002,157.1637440670766,24.043151379661236
M03906,Japan,gold,425.00671093008896,289.03377205966257,103.26343759335192,158.645194275494
M03907,Singapore,core,175.49341009035214,87.41852552135039,36.66636032059643,1118.6518032447625
M03908,Australia,core,257.0414194282837,608.4693266897226,306.8584505431436,750.9299752136834
M03909,Singapore,gold,331.6181904636799,540.3048373479419,167.2066324630725,54.908536040886915
M03910,Hong Kong,core,376.90594583368164,242.24804331186564,117.22430602941934,196.9738104197349
M03911,Hong Kong,core,1015.8109874524522,393.5920336987386,208.1552560869208,621.711688699119
M03912,Singapore,platinum,376.7600869285314,425.0683693954568,431.09509739904064,492.6927012679884
M03913,Singapore,core,561.8970669095321,349.5449247495209,285.2045355992139,156.20576853932286
M03914,Singapore,core,640.862621824416,563.3760208464745,62.63561262392399,1156.0349429492285
M03915,Singapore,gold,394.82558245127575,723.4029753853049,282.22063411973204,506.4763922573836
M03916,Japan,platinum,604.4117114780341,2081.258749053541,788.8453333883452,773.7245283743
M03917,Singapore,platinum,1230.237264512485,597.3737873320715,286.4592054222424,569.3814996087976
M03918,Singapore,core,639.4317118440217,201.653458999659,115.16080518893054,88.90226831130981
M03919,Singapore,core,265.58534242156264,189.93080014748224,49.67708140170826,214.7829548224668
M03920,Singapore,core,239.65532743113033,345.7243725257108,146.90714413616317,178.10835315396804
M03921,Singapore,core,36.48147397384629,368.4980672423722,219.54124052409148,90.11259298165176
M03922,Hong Kong,core,328.09722245109884,191.19315314678852,294.75708442031413,229.1731139616423
M03923,Japan,core,510.42915168938634,156.4752493603828,65.33743825118428,232.5688619612231
M03924,Hong Kong,core,170.8040017057323,441.1173359411565,437.8372759171026,195.58718464192847
M03925,Australia,core,657.0860548573659,95.8430902471129,150.5068959222008,177.87877555003254
M03926,United States,core,674.8523589283777,481.1572772536208,89.65028198790768,464.6734969812303
M03927,Singapore,core,330.4286895721365,201.51168984621046,141.23964237971057,149.9778178558463
M03928,Australia,centurion,1284.2612717714276,922.762413958082,439.05116438530644,629.4041541408064
M03929,Hong Kong,gold,529.6112032991398,3321.0039912009124,135.523069247606,75.47009163148336
M03930,Hong Kong,platinum,813.1183145922702,685.468467553218,283.33503130686944,510.07536353819114
M03931,Hong Kong,core,564.6433339130783,381.9389862588398,56.66077547097591,323.16574103595855
M03932,Hong Kong,platinum,841.6346242841847,1326.3810459999884,486.0020358455946,386.66596249151513
M03933,Japan,core,434.5273596822727,116.26808312615988,181.4722276098124,60.03395414891597
M03934,Japan,gold,524.5962097191305,255.98333024684126,111.93173829978467,46.67518166323845
M03935,Singapore,core,420.6289043536574,220.3494474983609,343.1765676329379,310.1752055254695
M03936,Japan,gold,659.363805136868,314.57224950780477,322.8788312086389,119.2466137637266
M03937,Singapore,core,1220.38208371683,913.6873091824586,548.0234013452344,600.9237235523527
M03938,United States,core,385.3944390242789,427.3231925771343,120.53569227456224,660.2990942931323
M03939,Australia,core,1556.1333894597394,630.5507741526854,95.18680000306914,254.60072253780373
M03940,Hong Kong,core,356.1679719793369,888.7043546032536,63.764530326312766,144.86437928716285
M03941,Singapore,centurion,2063.5645139587677,573.3627955663493,208.78922803605147,212.03782262052422
M03942,Hong Kong,centurion,590.2438224915502,800.6406067708754,612.7509096643905,637.0197422352302
M03943,Singapore,core,1113.1249949549467,1229.3642744609099,119.24195988473932,148.07693109783148
M03944,Hong Kong,core,632.4003529335703,76.72441103429858,199.94736965214273,1983.0548358906485
M03945,Singapore,gold,1493.7313243532024,544.2822897650308,761.8863233587857,716.4507554552158
M03946,Japan,core,555.9267620723227,169.80964953502274,99.84865788043597,36.231314776281344
M03947,Hong Kong,gold,136.4616239306987,770.1909250075487,380.4018027790821,144.61803471441917
M03948,Australia,gold,434.782657652692,315.9126109881692,143.31423882905915,28.07644233957406
M03949,Japan,platinum,292.3642620901304,139.25315388870206,409.72626924468705,262.5076035628344
M03950,Australia,core,300.6816747184685,277.2675864658031,37.901558334956924,400.95808784179803
M03951,Australia,core,917.9414323245765,548.9098169387975,257.26349973244555,147.7021721850351
M03952,Singapore,gold,177.5933150908308,1686.6242387854122,175.98609511341215,552.7064503211317
M03953,Hong Kong,gold,704.8660368536132,102.47437598433159,413.83664195481646,1342.3454993429395
M03954,Singapore,centurion,944.6603241482308,1344.0725690420568,252.06028091094026,168.62996941800048
M03955,Japan,core,439.0151080586099,318.3137888027582,66.9625776439408,148.31568153334044
M03956,Australia,platinum,601.1552501764003,665.583664191793,432.6449750906216,594.873974966768
M03957,Hong Kong,gold,1014.9255668142127,496.65641570544625,547.1242074943771,218.92551775324614
M03958,Singapore,core,266.2041465677818,418.45141899668425,57.49894004258587,111.24639180009616
M03959,Japan,gold,364.15635980139916,171.3844140763456,213.1929358403823,78.61589964309982
M03960,Singapore,core,172.28803042755936,171.1858103068185,69.05314973034902,557.3371394259574
M03961,Australia,gold,577.262132061116,383.52028730982704,314.2122678960836,33.365654511282806
M03962,Singapore,gold,380.0323255751738,638.0625942821226,140.45172008028493,99.93441536492301
M03963,Singapore,gold,436.5743643705281,524.6829224936278,169.45984392650394,237.7379407753273
M03964,Australia,core,405.3139070006361,581.8340994903964,381.2476861795376,401.081367717015
M03965,United States,core,140.18297797320201,320.68321247242517,313.3393530204655,189.36701712493257
M03966,Australia,gold,1985.116297579874,695.0948362236237,453.6445628865029,219.2839402927325
M03967,Hong Kong,gold,665.8379185059163,125.62701256550707,295.77175080228676,318.9076164260965
M03968,Australia,core,1402.2805017461847,183.25484295903087,115.29090161193186,87.96673331455014
M03969,Singapore,core,233.8461763741517,275.6572682266931,75.66458294543115,159.23498895082435
M03970,Singapore,gold,594.0529417644585,353.6490566875993,127.22083476782024,165.47773094669586
M03971,Singapore,centurion,2891.1807979585224,1172.360895880711,340.19998596052096,289.3601502953545
M03972,Singapore,platinum,578.0581885119929,427.3130219346974,537.1972533277262,426.0984116645385
M03973,Australia,gold,347.93749225572367,328.3931049307364,355.3045014857564,213.18131893804747
M03974,Hong Kong,platinum,2231.443763520348,271.0384543592877,163.9475782919715,208.1845004670595
M03975,Hong Kong,core,396.95954458804727,162.61945577254224,523.4781442361478,84.71350131929265
M03976,Singapore,centurion,2589.5641273182014,3749.594604742554,645.1532594708882,705.4396094605412
M03977,Singapore,core,162.80361728118658,711.9271896100736,57.25614817680426,64.48736652016142
M03978,Hong Kong,centurion,1852.450854777059,1396.087106939479,502.08240805189683,98.6607322499927
M03979,Australia,gold,466.3523676141548,490.2867351422621,175.31481689708568,161.28103785989157
M03980,United States,core,1098.0199166448392,133.87078771693902,256.42902628020084,99.87851947873823
M03981,Japan,platinum,1883.835950785028,674.8350927077876,315.2738029151998,206.25957711800407
M03982,Australia,core,254.59697553592645,329.75795734081703,171.2904150024451,274.2316194090124
M03983,Singapore,platinum,1013.5863127748514,496.2298994769899,169.7015995621655,467.4091120600788
M03984,Hong Kong,core,128.66118063734703,213.89303169898943,157.9096821972905,52.688998082705844
M03985,United States,gold,890.1624361856577,291.4641493730032,632.3183775890116,186.9905486788067
M03986,Singapore,platinum,2433.1521369038082,734.3789164061859,282.8095681649704,956.641116130705
M03987,Japan,core,851.9128952813255,455.7022786590882,71.10562149735503,124.57357796680608
M03988,Australia,gold,484.6767282863255,384.823689541687,273.7519395998061,195.5265641256039
M03989,Hong Kong,core,2461.0725245540702,146.22734719047463,180.75746659337105,65.50886657675555
M03990,Singapore,core,477.1972113214145,525.7384695388996,318.53669471744126,500.3364811659497
M03991,Hong Kong,core,86.64233763783798,582.5618795133189,149.9540501235671,115.59184046627622
M03992,Australia,platinum,1598.0608996478336,2189.444868526044,391.0891347242475,2925.609568256927
M03993,Singapore,core,320.7024477826376,483.92045364648186,137.75005359531104,161.60246743155957
M03994,Japan,core,1597.3349684526954,425.8418835243562,226.11775618338862,459.7454229572063
M03995,Singapore,gold,596.9078115627246,263.19573067178834,361.1137242826785,151.2376239632029
M03996,Singapore,core,1180.2450581852813,79.93002842794824,340.8514997518892,421.16864132466446
M03997,Japan,platinum,1507.6704208546682,866.1306123357358,398.85054842284603,1637.2677160796973
M03998,Singapore,core,558.0965604211192,800.3291227073667,630.7870069050724,1116.6593264271612
M03999,Singapore,gold,652.3349821714806,253.24409960339676,166.9053886434755,561.831750384156
M04000,Singapore,gold,579.924339168601,827.1525016534193,230.99509469157968,594.8599161574487
M04001,Japan,platinum,3119.851196130892,461.08298454012197,139.8827506464589,166.8427580432245
M04002,Japan,core,223.68517158037457,565.0980588987173,111.45116369964796,613.8526088687406
M04003,Singapore,gold,133.85397564631114,46.30538058485885,229.16671331732985,171.1605792711793
M04004,Singapore,platinum,474.1190082146916,557.155569553008,251.87873599919794,188.5783577203686
M04005,Singapore,gold,691.1447765381448,334.1968799507826,56.87171230751738,163.868001938404
M04006,Australia,core,321.5402434487376,839.1174982126821,284.97487297972606,444.7966403223836
M04007,United States,core,7533.958460968357,223.47066758123657,297.17159241582056,276.6168492902218
M04008,Hong Kong,core,324.95738959260973,184.67586509259831,49.31799796908271,201.94088679140623
M04009,Japan,core,209.96058699172912,438.4432996997059,250.14981624293387,550.716925774692
M04010,Singapore,core,610.4841108543847,2303.557828519495,119.36806836229141,556.2030061407193
M04011,Singapore,core,120.76748723902297,567.9325737273005,227.48843117581575,412.06535135337754
M04012,Japan,core,201.48752847867314,1329.5953501823544,152.22226215137115,84.89260858384
M04013,Australia,core,420.3850632396524,462.7764808519593,386.7507457764889,230.07457831777035
M04014,Hong Kong,gold,1194.277985152077,412.1166845338755,225.67158357305084,207.95897992329725
M04015,United States,gold,326.86233605107236,162.96248783163125,391.66379091058894,345.817078217344
M04016,Hong Kong,core,803.5333757843698,329.027815713904,171.53071468137466,42.85511997662224
M04017,Singapore,core,359.7678257133271,2186.6202964073113,108.86165689276012,39.155713617596945
M04018,Japan,core,277.0065832081784,542.632276786209,384.6625601659651,94.17507669405235
M04019,Japan,core,264.8039492812812,389.8543354542145,536.5978052235042,100.38501642665187
M04020,Singapore,gold,852.6134359553772,258.46014469799655,181.3997344370134,293.5533414614996
M04021,United States,core,614.4638818387369,119.727541874199,92.886662405282,127.90866515874846
M04022,Singapore,core,1049.1360640638432,215.07837644854857,164.97682249658868,163.9930679644555
M04023,Hong Kong,core,2034.9555013127772,99.38104401704085,108.4970032252643,47.71013299864549
M04024,Singapore,core,1061.468373106389,250.33681135857253,108.27596539770902,29.37868519908099
M04025,Japan,core,320.43960449255707,219.99908900556537,266.592080660191,336.1714350947503
M04026,Singapore,gold,197.90447288124994,365.57303580145015,109.34609847244099,280.44395937979425
M04027,Australia,gold,302.94726039581275,367.7308061369691,801.7053840380972,206.08695100433218
M04028,Japan,core,493.0184978109809,298.69237649783986,204.59239136221868,350.36800489891874
M04029,Singapore,gold,347.5604901647189,832.9733206429164,154.32955064765275,95.74003031250423
M04030,Japan,core,648.8950709314158,193.7385716300778,206.75996873583028,91.04887137132805
M04031,Australia,core,279.8978056529145,69.13183401526032,192.47596909025867,26.182582989926246
M04032,Singapore,core,412.10416273514164,35.171140661010256,133.2232815818265,48.751837211050116
M04033,United States,core,169.0421147972995,262.31397880904325,139.1881405211035,272.14225063501027
M04034,Hong Kong,platinum,1907.5286268195414,948.9047903353884,337.0013925188954,174.1385795504137
M04035,Hong Kong,core,778.4526902117633,417.53388926284,82.52327412815082,304.8461506703075
M04036,Hong Kong,core,213.57009616279606,174.973923866244,183.46193451588755,53.595404889777015
M04037,Japan,gold,745.2374760314543,490.824239793504,378.19365370836914,325.9456526302212
M04038,Singapore,core,282.9491492586317,1323.2298445551305,273.68463160813434,28.475268289059777
M04039,Japan,core,190.08025171458158,378.6968637198884,89.72418097972366,772.4764873070422
M04040,Japan,core,660.0086475820941,153.70054741721364,172.4034808353941,63.158852437372275
M04041,Singapore,gold,805.6551110160946,1045.2536719833429,79.12686653649207,120.45143473327586
M04042,Japan,core,259.1357827243019,1651.0196127411616,58.62363103128136,223.2456776266584
M04043,Singapore,platinum,775.476385661526,311.62556391464386,848.5064044682954,606.1959047766245
M04044,Singapore,core,792.7709269503388,415.7103785707119,392.1614202773753,109.852473211714
M04045,Australia,gold,707.0713545564022,135.4009972507697,276.964169681568,196.4860276985409
M04046,Singapore,core,94.58833467106582,923.1123722917723,211.5313367776172,35.75811321638394
M04047,United States,core,718.9883683678652,120.1387600926507,154.42400670162257,162.60373192796976
M04048,Japan,centurion,1450.3850363862575,3542.1592251494903,599.6190810420677,437.5048027823936
M04049,Japan,core,778.4707135380824,356.1968390549888,197.3082552167518,432.51124813552667
M04050,Singapore,core,345.7934209481924,164.8859983935874,327.5624387884901,227.18102165045656
M04051,Hong Kong,core,1409.5280140457655,92.73143007884713,259.0911614943197,512.4335806577213
M04052,Hong Kong,gold,183.01636540035054,955.0021376201872,154.21787111965887,616.2851208152589
M04053,Australia,platinum,880.3266624697253,361.4770144063117,342.5835773838655,269.3188132652647
M04054,United States,gold,644.2420587180885,1366.63156961482,124.1072725846152,47.731138925675985
M04055,Singapore,gold,1129.7298312928729,324.2905281682217,366.23125365713304,342.422967393146
M04056,Singapore,platinum,579.0781522537858,830.0233678383041,132.7207074418911,149.62196679691434
M04057,Australia,gold,769.2263711974285,976.1707807212914,209.4520170535592,457.13688428393937
M04058,Singapore,gold,1991.6389699362242,1032.6706483100604,110.25139835754821,111.56762165902558
M04059,Singapore,platinum,1988.497493722339,1685.2187672183775,644.1089875796612,336.0009195800251
M04060,Japan,core,256.67511382054226,1078.6341325249089,219.74380528369903,148.31540622437376
M04061,Hong Kong,core,787.1850306386095,537.5285808663015,205.99867903842724,292.3155106509012
M04062,Australia,core,582.7233494546475,544.3633931459541,194.57517836035962,502.38404788334105
M04063,Japan,core,534.1587744143833,164.2742943259507,31.71188161771436,269.8646392832813
M04064,Australia,core,107.03260899113869,374.86609112330297,74.67759148506777,201.5611771129722
M04065,Singapore,core,469.30618295200355,261.1821371835104,330.049986314875,156.6144816851637
M04066,Singapore,core,169.50621882228296,261.64174365706083,148.093983286107,886.9518691055199
M04067,Singapore,core,158.20087222031856,1557.765663396342,149.84570435136578,200.98364850986937
M04068,Singapore,core,612.1806131296239,1072.7623333679899,88.97763419549442,37.43805414859335
M04069,Singapore,gold,201.81540486234493,198.1440587253185,300.65555870971525,582.7276020349883
M04070,Japan,gold,211.84360218793202,234.5433418980365,495.24782443244476,259.2207155197273
M04071,Hong Kong,core,591.2628193376144,356.6202113975403,190.2287518383784,98.71778398139006
M04072,Australia,core,421.9889080625738,251.92990180118363,646.3038243791888,72.83032088101464
M04073,Hong Kong,core,202.7329706789927,440.57878934000667,165.95052603664723,131.9058246737499
M04074,United States,core,375.33024241331884,468.7248854923846,342.29280830374375,558.2738338610902
M04075,Singapore,core,201.08905734173655,241.2003700811744,392.43572708590074,646.7822725175633
M04076,Singapore,platinum,228.60990014405678,823.8165330017705,149.1313120619054,233.7544987448888
M04077,United States,gold,681.8197762636881,558.2674773420251,469.8212420926436,70.05732977536735
M04078,Singapore,core,204.03224815364698,1735.2271043519754,200.66234100959863,523.9505249783762
M04079,Singapore,platinum,488.6289166912493,1042.418837772682,311.61795231002407,413.43523120495007
M04080,Australia,gold,359.4334701465008,315.207616719105,115.78233301512716,180.07393058022853
M04081,Hong Kong,core,728.7296872441922,271.9078026454825,216.0146761607603,171.97308050477852
M04082,Hong Kong,core,565.051637594401,122.97946538021496,162.76111123523611,467.8016115312242
M04083,Australia,core,471.4345724346489,532.026567684904,158.4062362428552,412.0887856086814
M04084,Singapore,gold,408.04674418496336,397.12350090699994,987.857036353525,325.2137683979732
M04085,Singapore,gold,381.7127782488499,221.15727706857618,103.22364939565692,179.48784292913572
M04086,Singapore,gold,524.8510210375538,693.252481293525,411.9734507352978,102.99061123104107
M04087,Singapore,gold,517.5154793362808,984.5323925728796,248.64180831739506,470.35352242859136
M04088,Australia,gold,477.3020375081337,466.0392359655526,245.43531521387496,198.851975472506
M04089,Singapore,gold,1337.6894820250059,382.44376766917486,199.63599329476395,105.05103443278051
M04090,Hong Kong,core,203.58197867162968,365.9410302165462,64.22872505467267,1199.700072320833
M04091,Hong Kong,core,716.5342122804844,421.9144832086321,26.55669339408823,275.8544935703312
M04092,United States,core,164.12800807143162,267.139721047768,44.94166679944831,124.46145661090162
M04093,Singapore,core,750.0336352410947,343.3686863989261,137.47124692222428,510.15557271318244
M04094,Japan,gold,338.3477185794945,554.9464206298044,493.6192772691377,166.62042678064674
M04095,Singapore,core,1342.549745276537,735.9147184916618,95.02921248213593,156.79950077072493
M04096,Singapore,gold,300.50085653592964,748.8385317307481,478.7548840964606,334.5476029833068
M04097,Singapore,centurion,1497.7253998390404,824.2295199595311,714.415726464185,788.2243567773443
M04098,Singapore,gold,394.69600288694585,1711.1259414310744,152.81037872490379,161.38141355887998
M04099,Singapore,gold,768.1038757806831,417.24102259864344,201.8352578446654,263.48287891358757
M04100,Australia,core,143.8596594008655,431.0530831665941,225.78881419214093,363.62656481468576
M04101,United States,core,163.1574570616952,255.03839667969874,109.70539740199717,903.6925321737565
M04102,United States,core,549.366059564177,306.99505243483765,206.80305221307745,760.8648998506283
M04103,Singapore,core,223.78724574021143,124.77748690331698,513.523922272077,1067.2659824891741
M04104,Singapore,gold,224.59421895211926,2841.7065944665474,482.1627696734735,774.7404817129186
M04105,Singapore,platinum,529.6733550263782,703.0701739920057,429.86755099209495,1290.5286334852183
M04106,Australia,core,278.94938326119666,440.5001474884974,338.7987393368981,137.39276280093225
M04107,Singapore,core,330.18143841979645,160.18910671207985,167.20997062653092,72.42706792442216
M04108,Singapore,core,2101.426517533749,252.42009428820532,168.55094483210416,268.42446419797113
M04109,Hong Kong,centurion,2628.613982979933,799.8269909039461,2067.245332066689,2432.824546191104
M04110,Japan,core,38.04592861507534,1249.33627763869,180.87494405518237,290.0163394626614
M04111,Singapore,platinum,268.6027409868019,302.90040165792607,234.97767798941325,432.5208291587159
M04112,Singapore,core,434.78542125331427,751.0402614939512,48.809217018911475,219.88117654659894
M04113,Singapore,platinum,913.1599648793446,1337.3437142243172,555.5722195210202,470.3116466753322
M04114,Hong Kong,core,666.2038403617333,210.9463355405533,239.1332498805856,1499.031828098859
M04115,United States,gold,758.0897819437292,234.50366826224226,416.6799420053776,492.51426970673845
M04116,Singapore,gold,4033.1305197204074,154.2629668611404,269.7642757562212,91.93449497067782
M04117,Singapore,core,246.48788052013364,95.45072658874442,174.77540108601949,54.186227094654804
M04118,Singapore,core,608.5973309134064,1297.5583232359081,361.0950995505049,180.17099720276664
M04119,Japan,platinum,670.2142479981626,158.41460623599903,149.41772638977966,752.0023636822
M04120,Singapore,core,666.187593710365,610.3251213006554,169.44708216357927,2574.8337910581768
M04121,Singapore,gold,535.0680106176598,4239.148630428014,248.79627433624879,516.4751343103168
M04122,United States,gold,387.1883447789303,1045.203055636581,173.78023358080122,78.10817984038201
M04123,Singapore,core,137.64425666771243,454.1975394423524,86.398228025493,270.4930038492764
M04124,Singapore,core,266.2537236239269,1284.3204670738926,152.215919643512,157.74803329149145
M04125,Singapore,core,253.17376584119407,326.1374478554556,80.76747840822739,120.74872471643148
M04126,Japan,core,1340.4854036096074,284.27222445057185,122.2492398586244,143.43614591106922
M04127,Singapore,core,524.8688756487227,316.0216912591254,180.34731064710314,54.34994236637621
M04128,Australia,core,698.2025618390096,61.174426371372704,147.2128033896514,101.33064745870284
M04129,Singapore,platinum,485.90652338824526,841.5829774758494,363.18076080178975,749.108353453746
M04130,Singapore,platinum,2242.597735796224,583.7889911100777,689.8159715978145,442.0728981088862
M04131,United States,core,629.9882934097004,362.94414359903504,205.96773763408905,296.0789532903935
M04132,Australia,core,318.49721228167556,427.7353424848899,94.33921316466781,156.49567189420668
M04133,Singapore,gold,1534.1553514041846,559.2240011621806,131.55790853045497,187.47103410258774
M04134,Australia,core,1316.5669899111588,315.8089267546073,471.7514472888235,115.69367540032457
M04135,Australia,gold,467.435455008529,282.76982075162977,252.69918660702996,1382.874095403683
M04136,Hong Kong,gold,2298.4244893194827,224.0700065585867,208.8580081587876,84.74973923500761
M04137,Japan,gold,1256.5638874784913,185.65096366534328,287.6634074390675,75.92255471065688
M04138,Singapore,gold,1138.7323271350085,749.9429117467093,537.4129545889616,71.72354634924375
M04139,Hong Kong,platinum,534.7284684838742,189.8705738018647,316.7066796228452,5345.302583142021
M04140,Australia,core,956.7662088301576,31.860204905689084,255.251127220501,406.0055471813532
M04141,Singapore,gold,330.3670338410993,367.6074109126175,546.279185696936,865.7575727306563
M04142,Singapore,core,774.6779383089736,604.522456817541,211.70052446468293,147.4850862347608
M04143,Hong Kong,core,393.50964862403123,224.39602307991782,149.74284600881387,96.19329334852763
M04144,Singapore,gold,538.8662760984472,486.72530019115743,141.42932639707382,141.64695476146
M04145,United States,platinum,2233.682111390634,974.4607172447825,556.197750443048,261.83850937067825
M04146,Hong Kong,gold,560.7403300501655,637.0322373172022,267.0311428569976,200.66250777422366
M04147,Hong Kong,core,194.16462010828587,357.55587469308153,305.01110272411313,129.66023250479748
M04148,Singapore,platinum,824.139904977598,1323.9709717466246,267.755678915628,392.8841973823305
M04149,Australia,core,1165.602290886601,395.448007557186,70.59485064826349,192.24913810287296
M04150,Singapore,platinum,510.0140840514785,360.12801543480845,412.2269375822273,181.711684306436
M04151,Australia,core,283.7354362512442,229.60876844943363,384.5382331617636,62.08697459313781
M04152,United States,gold,324.20800495865745,212.29068143233982,127.33918081167958,367.96235051878017
M04153,Singapore,gold,130.4371266080529,540.1358446024398,512.3498079975146,733.5115302895106
M04154,Singapore,core,402.75499465547716,262.3019862965143,141.10337228770007,512.3920208434882
M04155,Singapore,core,305.4838138223609,103.67868047957525,278.979500012083,103.6919096015307
M04156,Singapore,core,424.5355329252295,284.7883778100982,106.2500215087188,38.06535208599729
M04157,Australia,platinum,1858.0031356785398,955.7487121519221,463.3530217564279,565.765818825695
M04158,Singapore,gold,428.1453552934472,414.1061996516937,127.73781880213542,254.0500444892811
M04159,Japan,platinum,2013.10444966816,371.86512347791455,235.69226212789658,275.45501721445055
M04160,Singapore,core,634.8381881392395,1347.1790820712445,66.02921071174484,224.76354627864376
M04161,Singapore,core,676.6348705959384,158.48921622793426,196.9561181249879,276.9168585909309
M04162,Australia,platinum,700.4072433962953,312.4362683601248,140.4580937116336,698.439073111593
M04163,United States,core,506.3458757613955,73.42162661681326,280.0308769837908,156.82026388639764
M04164,Singapore,core,500.59294370727855,329.3641262327117,67.0580039111439,483.5548447195896
M04165,Australia,core,207.45002747267162,97.9750742551663,356.0463312940868,150.43757647048426
M04166,Hong Kong,gold,742.7938391915234,525.5929027483411,147.39648862099995,1667.2237932994572
M04167,Australia,core,194.55554293164317,450.37230418217996,330.14341826759727,158.63076893389504
M04168,Japan,gold,523.0355743638792,199.05230599032163,396.362255921072,211.13356562591898
M04169,Singapore,core,287.2972842318329,213.60080615833652,193.37558077214297,190.35195912960978
M04170,Hong Kong,core,1437.7074761266113,134.7268722237767,45.67484789634571,149.45916613510207
M04171,Australia,platinum,2812.267466122028,542.3227147151216,316.115748269769,831.2450126029981
M04172,Japan,core,385.71894292483233,170.5067037364817,387.6910364908342,127.113926163525
M04173,Japan,core,371.76758641699377,369.32741039013496,178.11955693325874,227.2538760123249
M04174,Australia,core,169.89343319490234,121.27195696975322,62.19067014547446,154.80362690073162
M04175,Hong Kong,core,914.0696547417439,137.25850592340853,88.96129337968253,115.6361264632649
M04176,Singapore,core,257.5240871345511,64.4071928718443,139.9276869096536,141.70794702772105
M04177,Singapore,core,436.7743315123722,236.8616716264313,93.4059353052701,405.0255714124408
M04178,Singapore,centurion,1919.937238046416,5157.957639942876,853.3201831679562,797.8687745223833
M04179,Singapore,platinum,344.85663929113167,842.7050390598932,104.40986320390537,1224.302747459989
M04180,Japan,core,808.7745294921264,263.5275132724803,111.97477399978828,363.033258910702
M04181,Singapore,core,1191.5204985309854,196.74759821516824,184.00514954034583,54.296244067018456
M04182,Japan,centurion,4289.365777421486,5596.61272577028,634.8552935532865,707.1709807622561
M04183,Australia,core,404.90504788311915,31.552173019890127,140.21781527809534,238.5209410397102
M04184,Hong Kong,core,779.2051028449686,740.4919202439676,297.29176731013735,76.13448085367126
M04185,Hong Kong,core,588.0445878805829,340.7514800398035,84.64605437899296,277.6275351671078
M04186,United States,platinum,617.4078118331686,561.7930625724749,245.84915582612905,317.96821948166337
M04187,Singapore,core,153.77296375115117,205.39499544890668,108.23932078778064,328.5263640563746
M04188,Singapore,core,1186.735540197791,980.8863003470392,188.20117624234237,255.9469772944173
M04189,Hong Kong,core,488.0844049390032,181.1347941633,431.1257373243076,815.7879722726412
M04190,Singapore,core,269.36915943021694,307.8110683257186,167.55629345894738,26.357621615916223
M04191,Singapore,gold,143.761126407683,193.95411305881962,367.4342300298559,181.78527636666854
M04192,Hong Kong,platinum,2363.175276543374,2285.6049869717667,450.53025532512197,964.2615233465667
M04193,Singapore,gold,1228.93696076543,957.0038176823376,148.66435207843213,305.44216314509845
M04194,Singapore,core,124.29184036434319,399.55105004334973,302.44817778582063,656.7393789725687
M04195,Hong Kong,gold,763.6897681475028,841.0254455979685,156.21112156513115,1386.9656003549046
M04196,Singapore,platinum,679.36839604396,429.71092321835795,274.36693636824486,704.515312248513
M04197,Hong Kong,core,248.66449512874857,247.4736536621079,487.3218636709908,73.62879723681858
M04198,Singapore,core,2078.63359285209,578.1234550014761,159.68762152415465,66.03804561484066
M04199,Australia,platinum,1071.5613719019086,530.0964580519674,408.11687633215166,206.13504355089424
M04200,Japan,core,615.3623376520388,194.31082896053414,192.81827444715753,56.530090537445346
M04201,Singapore,core,717.5992949499271,363.91341460306626,136.389534864338,267.2986202834795
M04202,Japan,gold,558.0413854370316,542.1399731936672,454.4390540002463,413.017900021079
M04203,Japan,gold,544.7720929561099,1176.3394338489752,593.3687793723883,171.37771189755253
M04204,United States,centurion,533.6578172983985,276.0446651571151,601.9010657945639,695.6349262149822
M04205,United States,gold,2073.445015633181,1277.4608142715313,103.09825428403869,1205.341347743253
M04206,Singapore,gold,909.5362277623911,167.89716778831126,433.2296098357122,90.17489477889286
M04207,Japan,core,338.4257071001063,52.631311079512294,173.0923627358877,346.81016075286846
M04208,Singapore,core,336.6401742962048,121.86047202155126,155.4687189325646,176.28702031940063
M04209,Australia,gold,559.8346444542091,229.6116479368736,196.99831372461188,104.04140827743745
M04210,Singapore,platinum,1193.8697090657017,543.3944071386985,162.01248535964297,378.89474341866145
M04211,Hong Kong,core,601.2938135997608,94.5164811464367,149.89118689512355,419.07218046397657
M04212,Hong Kong,core,419.3687182520083,238.0034339573509,484.8908266076969,113.88409563612957
M04213,Japan,core,721.2810711141527,528.6730212086518,195.8149001932052,187.18483935076458
M04214,United States,gold,315.3115709275438,437.386985771819,270.08814753491725,201.78770984309145
M04215,Hong Kong,core,661.043336783645,213.5445227373354,434.682967555926,110.74468863006531
M04216,Singapore,gold,162.05112982160463,287.71031515800274,542.8692389481039,459.6212374379579
M04217,Singapore,core,1062.7597321775024,206.7857760378622,69.9680342591786,88.24937290282064
M04218,United States,core,417.22614101646155,460.6705377146003,116.24603868601014,90.08356430483244
M04219,Singapore,gold,218.68644623088767,222.21351632122648,315.6652087961564,341.86654427980477
M04220,Singapore,platinum,1155.64752062402,200.80629472907913,244.07188312500898,282.84330658484225
M04221,Singapore,platinum,2687.415789811061,1298.2031858203472,255.8589511721604,423.6230391131585
M04222,Singapore,core,367.34699745357034,225.1492890685136,399.49324914026164,359.26805192493566
M04223,Singapore,platinum,1490.8921546068257,373.6018416072566,441.64719223867843,206.04714055386862
M04224,United States,core,285.1329457777042,683.1239203999922,187.90830822891994,203.64140991765734
M04225,Australia,core,431.4657538987646,223.74710432052856,448.28478673498046,110.7268569790167
M04226,Australia,core,567.1329097411995,533.3948345071462,87.74857506985093,810.6698649929406
M04227,Japan,gold,518.6376471790855,1880.253381111842,66.4919595211004,255.65663436889446
M04228,Hong Kong,centurion,903.7851497737797,1525.1346716923738,274.8991513990766,1169.5174350736188
M04229,United States,core,1637.7237030097106,51.691370846473475,360.14813406434104,223.07543623859823
M04230,United States,core,217.88362523744505,349.0521799114709,134.65573662927216,35.635176424324726
M04231,Australia,core,446.7211860710603,375.2615830584284,367.71406169727123,86.82691759203972
M04232,Australia,core,972.4337229815108,701.5050573347584,231.5414125696957,201.88755356969924
M04233,Hong Kong,platinum,619.7507204891278,645.1423654883326,296.3546453158249,789.7894919468749
M04234,Hong Kong,core,1983.9528599813607,227.42823534001437,80.8261672279245,495.4239505535816
M04235,Hong Kong,core,216.7606028825175,202.86478067858445,132.17423534418094,110.74789534948735
M04236,Hong Kong,core,1236.3968766654252,548.2641996719742,416.18014759818413,235.51925647179993
M04237,Singapore,core,482.50985896427903,219.7542821811014,159.47857613827324,371.53742758866935
M04238,Singapore,core,237.4205905058516,152.30082736434457,229.86822075350037,189.39670880592527
M04239,Singapore,gold,1053.2020199626168,765.8172815628046,169.0176292876047,281.93835814857107
M04240,Singapore,core,670.0728349243062,293.63042283375603,103.23549713070071,603.0581301929201
M04241,Hong Kong,core,581.4224302181516,385.7013922659489,93.83177820203096,183.83093302772895
M04242,Australia,gold,767.014481232063,1366.3566565173348,205.75818025498668,810.0413889484155
M04243,United States,core,779.7581521982463,211.4378132344906,187.16063266026114,150.9167952658673
M04244,Hong Kong,gold,1190.6032156760255,316.93023231050853,145.83241419518126,735.3681498395238
M04245,Singapore,gold,1061.2949869433469,276.849497841693,724.5045259128532,439.08103796203545
M04246,Singapore,gold,404.24083473569056,525.5552861055647,270.60922044928236,409.46619643488583
M04247,Singapore,core,286.7117350020533,190.32909626121503,282.23683325246253,297.7301036928557
M04248,Singapore,core,143.56654664440939,413.17798810499943,297.14067935325465,73.0436398779809
M04249,Singapore,gold,1024.5433089958742,460.5132673287411,155.932201755083,245.10809051407415
M04250,Singapore,platinum,312.4033184142436,159.4505818216407,208.02767580384455,722.102542975514
M04251,Australia,core,416.6773327390845,210.1496553997327,170.39318836985296,649.030274427743
M04252,Australia,gold,1171.6670224207462,52.15801062792681,295.08432998790573,336.77495314469445
M04253,Australia,gold,302.04580547911246,309.24395412448126,330.7763722294036,95.54200485830638
M04254,United States,centurion,1362.7149799497536,1710.0348500131083,254.90298482198133,1846.5983406537846
M04255,United States,core,221.09460508736086,473.29548688697196,296.58754794162945,104.09228399164668
M04256,Australia,core,645.4263619705514,187.4064996003719,226.88539980541876,63.40884003414605
M04257,Australia,centurion,706.8651045682091,390.06662507484845,336.15287197462595,53.31580168297956
M04258,United States,core,512.9598437853847,2023.61498143696,148.5215633854593,37.27058210495976
M04259,Australia,core,115.37843812250915,596.3927629091654,166.86631547754328,191.1388450305673
M04260,United States,core,288.39954729065596,839.8168378111786,208.83776235987466,78.34481696556841
M04261,Hong Kong,gold,1331.7227625435844,1174.4526576361131,171.66098704277977,1380.8678265538713
M04262,Hong Kong,platinum,430.83677443008037,236.94812379727367,858.5206911430014,382.19793520057397
M04263,Hong Kong,core,328.577235974899,141.06808419143374,45.58163159651744,268.2788424823438
M04264,Singapore,core,273.8604069262153,782.4353538011657,116.33719475706607,231.93295056520697
M04265,Australia,centurion,879.9232306530137,620.2833440143135,267.2721592704104,549.2738474020504
M04266,Singapore,core,117.39899292856055,368.19806514079136,107.78564528799835,161.65709828555208
M04267,Hong Kong,core,80.66840354029246,995.808064734109,147.526343994461,180.82954529294238
M04268,Japan,core,531.4466381518085,424.1902137807263,121.51132233431005,492.2053643446154
M04269,Hong Kong,gold,1645.8547297279235,637.0682146008738,189.96851143577877,390.8990518555683
M04270,Singapore,core,727.2439374869288,434.55697081401604,116.39966014288558,1180.8669669288715
M04271,Japan,core,218.34371488418537,655.8565348454606,153.7302108458213,441.6806949318006
M04272,Australia,platinum,753.6558191467237,1096.4353133804757,221.05944234572956,1766.9936204574756
M04273,Singapore,core,1344.2482419419014,213.9323321732752,283.84272816420355,378.20361724780815
M04274,Singapore,core,768.2623877631132,344.85537343487397,335.5633763498705,66.04372651451067
M04275,Japan,core,686.3486659186557,54.52956555464038,256.7968545346826,160.45342969011486
M04276,Singapore,core,903.0037204944445,188.9287861139924,197.7419587572615,514.4219010466643
M04277,Hong Kong,core,1293.758258130214,363.1055028017273,134.7497168302301,23.628616791043093
M04278,Hong Kong,core,414.727566274923,943.7618602477744,38.250829158174916,255.45702432509373
M04279,Hong Kong,platinum,1051.6020084760087,322.64441442793105,460.22556659962225,1046.8396921708982
M04280,Australia,core,1208.2724341559542,224.04419469102479,161.52860068582635,98.74510880981289
M04281,Singapore,gold,203.29737589467868,568.290380682649,435.395232200015,406.3658152903701
M04282,Japan,core,584.6825000025422,188.30163152358546,247.30908360013066,196.6461214418519
M04283,Japan,centurion,2614.4638394348685,367.6639536810626,805.1819531746158,2462.7382816409
M04284,Singapore,gold,510.6109932088104,154.1726520423182,83.58500912361636,591.5140353263644
M04285,Hong Kong,gold,322.11376114183986,345.80544354298985,170.15115286897014,750.2519107473439
M04286,Hong Kong,core,90.68557344940666,316.08359899061776,46.574177007634475,86.67203547876832
M04287,Japan,core,937.6126368322253,714.5463561022226,61.757536559670775,431.9796912530981
M04288,Japan,core,152.54110351535707,310.874144757459,107.205544660001,63.94152485919149
M04289,Hong Kong,core,1682.826441805997,273.4012976422534,68.28549169102767,130.03284644735777
M04290,Japan,core,699.7660478604167,2085.355849798553,99.25640527385238,53.85367024536812
M04291,Australia,core,1050.896189877286,136.78352343187422,113.28983380620325,210.04237237938634
M04292,Hong Kong,core,551.9756374076713,321.0633462527912,88.43973753737845,55.62507545173133
M04293,Hong Kong,core,597.7573823604112,145.39283493946883,489.5085296474322,97.90602989062191
M04294,Japan,core,495.23559894869936,377.2473045854745,367.7977872925188,14.322905406292572
M04295,Singapore,platinum,948.3360355330312,396.3967752443129,466.9553009298559,341.88345254751437
M04296,Japan,gold,441.4456223404535,271.1410229978462,376.0439639097154,968.0199939892125
M04297,Japan,core,189.9716376800516,275.0556218454346,44.70806465074059,180.84923045243664
M04298,United States,gold,507.9275096193001,263.24211234606696,435.1309440147033,648.9002141464242
M04299,Australia,core,497.0606640827871,379.00848635289145,105.86464840674095,334.0069826737739
M04300,Australia,gold,338.17942571687615,512.3832859135398,207.32159540423646,193.99512906791767
M04301,Singapore,core,928.5230629000171,71.16294389308446,158.6317154361261,111.86048621556694
M04302,United States,core,131.19609502241798,2349.016417412584,238.2014260888106,137.19937323721257
M04303,Singapore,core,370.4577428354772,493.7624538391884,364.37200930068326,277.45244172950277
M04304,Singapore,gold,453.25045033477795,465.08680209334455,218.31561171358595,75.67869913409922
M04305,Hong Kong,core,383.0264542782765,121.09187840725508,502.2551824934348,143.42168121084586
M04306,Australia,gold,362.6689287802646,203.55817228953774,391.7756538555994,112.3437051993357
M04307,Hong Kong,core,676.5849075843684,229.66330835002887,206.32242612910665,140.19231775461975
M04308,Singapore,core,300.7292847849631,209.7324472501183,383.6210615932039,567.9742445522046
M04309,United States,gold,1031.4979564955247,131.67382612428818,101.22031657626849,90.86561251122274
M04310,Singapore,platinum,617.6387824971792,253.0332715923047,263.0727459331104,526.3465839146409
M04311,United States,platinum,175.79027781296665,1172.4110251872464,1011.4886920597856,317.89013209326464
M04312,Singapore,centurion,621.7382852988368,417.3554684421063,560.8566123928689,221.3697613024679
M04313,Japan,core,923.4008954311901,382.9269703842585,238.10726605591626,100.94430659281144
M04314,Hong Kong,core,58.31424802072665,70.49954918888456,270.82197360832714,613.2103560421772
M04315,United States,centurion,1331.8480495693793,979.0703409281917,549.787712830246,1109.1343146276602
M04316,United States,gold,1691.1352415677738,293.4660839560839,253.7664065549571,1064.1293935382482
M04317,Singapore,platinum,5626.110141556221,839.668840083357,216.78639561675223,312.77848578735137
M04318,United States,gold,285.66947491282195,1035.8339721254945,336.834370147802,302.14815682539864
M04319,Singapore,gold,582.7969103257692,522.2265757677119,432.2693407210394,161.5316192994821
M04320,Australia,platinum,735.3465051304345,847.451159585554,149.61482736418895,161.01886893371613
M04321,Singapore,core,635.7269138831319,766.0096819935629,167.9554682309956,73.48784523012988
M04322,Singapore,gold,216.05749597726432,164.79904036323683,1050.217129780103,677.547174702537
M04323,Singapore,core,241.20601522422407,691.4604554025982,164.03707101482138,116.69414687588717
M04324,Hong Kong,core,278.4198885682428,402.7697045475375,187.93734777586076,123.48926582807171
M04325,Hong Kong,core,242.6313901549093,125.06372674259097,96.73950071588898,416.35016370503115
M04326,United States,platinum,550.9799904179505,712.5029933534241,507.8251126787658,350.9724769425881
M04327,United States,core,481.1012288466,261.87228615802024,43.76974285582554,771.745549042572
M04328,Hong Kong,core,214.77226288209732,92.01368748572462,110.65665874515341,132.54383581699315
M04329,Australia,core,158.70734407216614,789.8334553712958,85.37548176662287,129.00501606510306
M04330,Australia,core,430.3615160408326,186.08107451557112,106.73664892686094,263.29418297215665
M04331,Singapore,core,676.490662201563,1290.3278554429398,136.63688479212058,1509.42840006634
M04332,Singapore,gold,701.9515192901367,911.932510772232,166.36375435153957,249.35475714927878
M04333,Japan,gold,351.4931627547766,674.0261627680521,148.94026545407047,133.4239036014353
M04334,Australia,core,1335.5964601380508,120.99548694770039,146.56222730331982,342.3757419610712
M04335,Hong Kong,platinum,996.5433419230422,667.480891374478,221.24287836220566,858.4686122639462
M04336,Japan,core,426.93655578572583,460.58567596976576,192.1314850209772,187.81544094295504
M04337,Japan,core,172.64201982264203,310.8872835307169,178.64506863389227,726.059980618245
M04338,Japan,platinum,434.1591556627369,596.0948377128179,356.14560029933153,263.9437667728703
M04339,Singapore,core,400.40475683468185,486.52758501940843,366.55248217497626,156.69075629575366
M04340,Australia,gold,537.6349286244737,75.24385534718172,207.05458731451822,98.28329330546055
M04341,Japan,core,283.4817371359726,151.18957004302902,107.08426088356154,672.9030571161928
M04342,Australia,gold,570.4270940226482,244.05771529244836,130.82696793812752,103.88130386571879
M04343,Singapore,gold,174.30612410235895,281.40438426049496,212.58297522557118,144.8847295935632
M04344,Hong Kong,gold,731.091418005362,579.3865331464592,321.06536087904743,314.59162538039266
M04345,Hong Kong,core,451.4993808058538,400.06998877934956,103.78950749593609,152.60372955158624
M04346,Singapore,gold,512.3851792632945,925.6574743423369,120.31707905436123,557.8936365689341
M04347,Singapore,core,603.5259070313865,166.9563916193754,335.6933511552421,3271.49331782275
M04348,Japan,core,640.1191162684195,279.86514609940275,198.98651499213636,216.69326222384205
M04349,Singapore,core,780.3553481270562,109.76999693830143,120.767275558175,253.91037759855465
M04350,Singapore,core,153.57406581389495,204.02215749669037,87.54782195481397,385.64256367889305
M04351,Hong Kong,gold,632.1053976628398,276.74990502379455,249.36548773399207,97.9196753286517
M04352,United States,gold,535.6134619521216,437.9420870103151,286.76248716424436,163.75182187274672
M04353,United States,centurion,1696.7208084026438,175.45997881947096,1481.2130874717363,2424.459548938122
M04354,Australia,core,733.0185899255466,177.70931513808273,337.99282834819866,182.4042218827009
M04355,Singapore,gold,1456.6774615510042,824.4439196324461,280.37290392617217,593.9130026902842
M04356,Singapore,core,416.95627997195334,285.56764318291573,274.2853472849168,208.6110380325247
M04357,Singapore,gold,635.7323574936414,177.99856012568873,996.5781724114644,143.73643043348997
M04358,United States,core,1452.5730072072668,121.08240906124182,198.63053186249758,387.4787570112663
M04359,Singapore,core,637.7390629485886,122.07254152293608,295.1506165982261,398.32273574031603
M04360,Singapore,gold,341.829969420713,126.24168790930028,283.8523530735627,212.88194827423868
M04361,United States,core,610.6536837084351,424.3543574506594,169.18318912068054,143.2958541668105
M04362,Singapore,core,704.4750942078832,824.3780690416767,356.00477045369183,952.8938155794916
M04363,Hong Kong,core,213.92542243730247,275.363087765599,119.53933125682929,315.061706858659
M04364,Japan,core,453.60481108714754,912.7239099281611,183.562064745604,94.7121806850863
M04365,Singapore,platinum,2365.698684389535,620.7945393372373,192.595399991847,238.70094239244386
M04366,Hong Kong,gold,1095.9428630306945,802.7861507738608,316.56024349106207,90.75377765765103
M04367,Hong Kong,core,320.09055069846613,185.62467606686798,134.97403207758498,2788.5055245482126
M04368,Japan,gold,921.1979573502423,352.2801377240534,328.2195991997561,408.5778755339906
M04369,Japan,gold,301.544066609241,297.62710067551234,587.5210578840333,146.37396848619298
M04370,Singapore,core,670.8658188215502,102.54170847676416,103.4733711512201,421.56541709826985
M04371,United States,core,95.20478423730039,79.50766272110411,437.4139802587245,193.70532747728902
M04372,Singapore,gold,581.2283166607269,978.4017335602721,342.1296469353342,130.5939587489049
M04373,Hong Kong,gold,2368.184693934246,359.5305286811161,91.98600210365115,1773.596388315355
M04374,Hong Kong,gold,348.6782769738388,433.74043052237283,70.64127208318402,1242.0757121687825
M04375,Singapore,gold,545.959458615421,351.24528318411296,91.19837389729335,555.5047080732197
M04376,Singapore,core,143.95303837136464,149.37552702215916,192.20778728945936,43.330331206679986
M04377,Australia,gold,1403.2079323293226,153.10219702340035,631.2128870276657,221.4922444457482
M04378,Australia,core,562.8381056349574,287.38903132111756,44.056923697883384,241.35479576654083
M04379,Hong Kong,gold,779.2609306228164,314.1861628783812,318.2335626494947,251.3497968738031
M04380,Hong Kong,core,359.12045757531683,526.2332190186072,70.40838792528363,294.43906289113136
M04381,Singapore,gold,1334.4184776897837,362.1695040760854,519.0310238697319,310.6558371828864
M04382,Japan,platinum,923.2926056900071,336.74368715675104,211.04047788327014,220.09756952359695
M04383,Japan,core,164.64954271986036,181.48448692533765,59.767539402504156,475.47003029244013
M04384,Hong Kong,gold,826.4395559412138,375.7306873659099,199.56562293650586,310.31445713661856
M04385,Japan,core,886.8204221161561,261.6934528800015,177.26769970593975,105.5307512357295
M04386,Singapore,gold,1592.6244107815317,2003.900295171077,165.56307312647297,439.63025392097023
M04387,Australia,core,515.8717482134562,1336.0783982552848,198.74037344201156,64.17597508446832
M04388,Japan,core,1086.7838121264458,123.87189435822795,122.55139359751726,175.54269345297783
M04389,Singapore,core,418.26760924495755,193.0472611403376,174.06418750166347,370.71224092701283
M04390,Singapore,core,1649.5298316703127,1452.4522129508596,89.18003993300275,176.08903218428563
M04391,Singapore,platinum,2924.30465470351,499.7047807531454,285.77338707918517,718.587305790061
M04392,Japan,gold,312.76999312277263,172.75345330202418,318.91994150816464,235.05114272248213
M04393,Japan,core,268.85438254131776,83.46264897564248,282.9529638992614,430.35145138435433
M04394,Australia,core,740.287526916178,444.3401213218119,403.4088628296779,137.78222574884592
M04395,Singapore,gold,470.6255063102932,426.06614895345854,290.82683422647966,96.45096446404877
M04396,Japan,gold,719.6261244147279,717.544004131661,242.07394945537484,84.48657621924251
M04397,Hong Kong,platinum,3089.6910348983847,1869.8528923360009,186.79170858649587,752.3603861731345
M04398,Singapore,core,589.7287114729208,158.75593057353356,158.8288193607229,497.0975115343902
M04399,Australia,core,562.7772847800217,346.94104330622304,141.15687867955106,100.80878892333308
M04400,Japan,core,665.4508765033082,524.8128168995339,322.9407333391958,654.8233933990559
M04401,Hong Kong,gold,1488.9560524227459,398.8812664476141,265.7672628845086,5213.5445345334965
M04402,United States,core,568.913116189411,259.86660190954916,382.2434043949991,292.22709101469997
M04403,Japan,core,642.994977762056,421.7987198997218,124.35345740767704,315.6820490684042
M04404,Japan,core,128.43336688226753,342.7479973773022,451.9058212444936,288.3729213472541
M04405,Japan,core,103.30272196690265,1568.6026096774685,283.4429539791592,93.8527237891967
M04406,Singapore,core,566.3174077216197,295.0114629138666,175.07469520881267,228.90010965438415
M04407,Singapore,gold,300.79428677040517,156.56783206061525,227.92964493010524,245.67661286668417
M04408,Singapore,core,406.91086224887937,292.63430208975393,137.20047836378885,212.72541366149167
M04409,Australia,centurion,1310.976706561986,2863.3653241093393,379.20135693119886,334.15002497663306
M04410,Australia,gold,2780.98712286787,155.89735289480342,558.0696225234161,310.59233414597145
M04411,Singapore,gold,757.7419852174326,618.8792339446942,191.51597784852228,417.93036360395905
M04412,Australia,gold,1226.6373860937142,779.2021768676469,124.59415942569377,510.90670343562954
M04413,Singapore,platinum,1323.3110474383125,239.27733454850164,129.38739107699007,1109.4031589764306
M04414,Hong Kong,gold,135.69466042293277,184.97887382869862,184.26912998600807,102.41423802923194
M04415,Australia,gold,861.3234031638908,594.3869049793009,197.18951057923314,286.2883666250147
M04416,Singapore,gold,144.40851022036406,332.2654366308237,304.54930497301655,740.8686291789884
M04417,Singapore,centurion,1849.968942128367,5503.484812285752,918.3105403888655,1530.9625701314992
M04418,Singapore,core,249.4066022169715,718.7675991027987,156.218352004839,137.81454064849083
M04419,Hong Kong,core,178.79023278827069,53.86603162172855,56.05798656930161,56.85029977012527
M04420,Singapore,core,848.2676270662397,99.16356108500712,126.81867552351717,107.19035592897939
M04421,Japan,core,223.6196307791337,1540.8670604588358,175.501780938779,171.74195343024678
M04422,Hong Kong,gold,179.844125849467,291.9624519473822,141.1057994815609,193.4955606858522
M04423,Hong Kong,core,887.1594681772874,113.18897091898057,76.37239610942848,239.3897598211666
M04424,Australia,core,625.0641601924145,341.9912305323191,99.29818279338494,796.2943307697427
M04425,Singapore,core,113.11595093037063,529.1838494010667,117.82501715307092,424.51391365176596
M04426,Japan,core,184.37467566414327,296.1624924786234,56.967642411317655,45.81608258750681
M04427,Singapore,core,567.0854549956999,355.9228450524933,87.31234445415389,49.16928225314121
M04428,Japan,core,341.5174884717776,161.20586405585323,138.669090090871,326.6467250374494
M04429,Hong Kong,centurion,1950.1185885523437,1101.7700718326598,563.0347946836343,185.51824443378953
M04430,Hong Kong,core,1130.8223048311365,831.9175240053515,509.40843913171733,126.23987757400344
M04431,Australia,platinum,2533.8299276619528,657.3622670256724,266.93910325782144,595.0213880638355
M04432,Australia,platinum,347.90114654496244,233.82011373636107,177.5833623366849,529.0246032177738
M04433,Singapore,core,941.109988083888,118.25072763981711,364.91340748323876,194.2840673163142
M04434,Singapore,gold,1068.256932667968,1648.4648718138337,565.0235712370992,543.5661413722169
M04435,Singapore,gold,559.041643716935,476.0017209204659,299.0882099837793,565.1832045063591
M04436,Hong Kong,gold,527.3620149300887,256.67630052889564,144.2762026162383,669.0978633831755
M04437,United States,core,422.32657098312615,436.4383675650375,253.22530954047645,105.98920448558734
M04438,Hong Kong,core,412.0758150076465,116.68181520850749,278.6920103721814,41.386166926028245
M04439,Japan,gold,311.1408026205064,619.65032312532,241.41565997729765,248.97286771448591
M04440,Singapore,core,711.7774044107892,199.5676614183121,119.22746436038803,632.6968287813411
M04441,Singapore,core,421.59930498525256,122.62725379441905,372.76799504494215,397.1114209563326
M04442,United States,gold,409.8312495876579,988.0034317924791,559.9285595783906,445.461491397854
M04443,United States,gold,179.60488300146753,1781.6897748598228,119.52155430170548,291.56073375562323
M04444,United States,gold,609.4161779796175,453.88480390079917,332.4299283451358,230.53050323979562
M04445,Japan,core,1009.3791928466329,122.13632890235098,90.05781302423338,287.86623996130135
M04446,Hong Kong,platinum,2183.692075426196,11474.493664910497,213.87779589322653,391.7515074311633
M04447,Hong Kong,gold,650.911735903375,235.0588753790187,92.93130540083057,677.7446157302439
M04448,Singapore,platinum,595.4887049491264,485.77200466313394,70.70500672116921,583.0742337162421
M04449,Japan,core,432.0263342212572,60.982947285265354,441.67804964770255,462.0948707584868
M04450,Hong Kong,gold,1612.9045875470247,451.50558379891703,148.5521704330972,230.7869557232524
M04451,Singapore,core,369.74226766242055,180.601622314158,120.44489279709053,100.70437937082549
M04452,Japan,gold,902.0450796813948,521.6923263593601,115.16703192498711,276.9599170525781
M04453,Singapore,core,602.668333466567,269.4567932816113,263.8166779454603,195.9807059072862
M04454,Hong Kong,core,439.2944585127527,360.42856600592285,206.38691379553697,124.62595384695531
M04455,Australia,gold,2669.788487988416,1490.4241917787658,424.5395590650085,368.6579707703391
M04456,Hong Kong,platinum,1305.0067729361067,1202.623321587085,430.88315975615694,100.99957759787213
M04457,Hong Kong,platinum,729.3567149026871,414.4971114368355,414.3117047130287,939.8418067819961
M04458,Singapore,core,707.6402445850732,173.15514205057977,101.93561625560199,26.115761948023763
M04459,Japan,core,614.1446942102632,282.5603448966275,431.61524856161736,302.014875022674
M04460,Japan,core,660.926206551974,230.77800193011976,164.15150415574598,172.07685329611527
M04461,Japan,core,280.31907050823884,111.8787925875743,84.90376805701763,119.25396987174051
M04462,United States,core,198.35516605822488,356.53196554761945,366.6424760991023,219.05889928572694
M04463,Hong Kong,core,495.2573131826502,79.99573380356803,232.8344649020977,1639.1518999251014
M04464,Singapore,core,167.3139477950267,235.52486396430425,67.66609264540728,113.78308366705575
M04465,United States,platinum,782.1751064224975,241.25622096854505,979.6104509240517,283.193925964466
M04466,Singapore,core,1068.8061235464247,1643.6686322858584,71.79260731262231,353.312198566397
M04467,Hong Kong,core,144.91047880346198,283.60846391108777,192.2773661765014,90.39460898389737
M04468,Singapore,core,568.0788461821008,322.03810909097876,85.58416396482454,207.34513089964042
M04469,Japan,core,86.28261278540035,152.06928723871002,200.82731417697386,92.54816240339039
M04470,Japan,core,540.0394762707899,593.7287087211625,107.36115781630912,372.12261524712926
M04471,Japan,core,482.49280593523554,390.069952530044,185.79505984309765,278.5030229360302
M04472,United States,gold,660.7606483298905,888.5804776840021,525.8592559019909,450.38981258824333
M04473,Singapore,gold,1178.6987097878884,762.7308624825627,117.18569328006207,85.03976942803044
M04474,United States,core,605.5139054869176,467.8638334128344,42.49890486240646,375.1054475543645
M04475,Australia,core,979.5590679323134,306.0300439884335,106.72427061192741,252.51623871918088
M04476,Hong Kong,core,269.3977215297464,318.1699297070212,63.691183201918776,116.39169494901067
M04477,Singapore,core,942.4481577737427,518.865989296413,67.29211469563263,125.5109283011756
M04478,Japan,platinum,701.9069584185081,148.55860259919353,327.97160609418125,392.8768288206416
M04479,United States,core,2035.836741154398,471.7615201468988,70.41637746872156,257.3533532418794
M04480,Japan,gold,561.074575316248,358.1503897356409,909.8419526470207,2702.0235302360347
M04481,Singapore,core,199.69862543465572,322.904904000868,76.543951901737,359.3550861194198
M04482,Hong Kong,platinum,1285.2325509180396,790.560650251067,705.4981599009586,1283.7467567804633
M04483,Japan,platinum,328.3163000071593,877.8944736682864,356.9340459826888,378.7460821040076
M04484,Hong Kong,platinum,2718.664103834871,334.11456400911885,173.30251502060568,239.92581510113806
M04485,Australia,platinum,1213.2800659758823,1406.3640900693606,506.1428788049196,549.8793614622628
M04486,United States,platinum,1653.8870688143602,801.3200434873905,961.241473921782,910.6663907499823
M04487,Singapore,gold,171.43778530388494,376.7490440903922,334.8390607320604,314.3962292261828
M04488,Singapore,platinum,472.4297447102496,278.3121478284665,496.90901005338924,273.66815952070004
M04489,Australia,centurion,320.02441844297664,492.01931658501707,193.71378746722382,713.0054041800105
M04490,Singapore,gold,1081.1607681018472,111.71092428887329,259.5615460778289,39.87958419125111
M04491,Singapore,core,780.1774111955581,423.58612518374173,111.97729988896106,702.5363158835544
M04492,Singapore,gold,367.2180335898861,917.9209848857392,169.20972039025202,326.3966565610917
M04493,Singapore,gold,649.3963075233876,340.8815026776571,366.1217937492866,150.5401595601261
M04494,United States,core,392.4195608114045,104.9218224916103,83.54837169712388,67.060949752387
M04495,Hong Kong,core,562.5543948514465,77.62016570693699,249.87977026091804,246.0297662726779
M04496,Singapore,core,117.85285550654777,392.549109401917,344.320986091243,326.77890152137365
M04497,Singapore,core,255.1710645828873,248.64706371044915,46.197128274582624,234.52967607173247
M04498,United States,platinum,1039.75937877133,3163.0255901197575,244.560495732836,571.558002022651
M04499,Singapore,core,908.6608880662812,240.74350780022496,239.52208077984497,546.5803185711592
M04500,Singapore,core,291.7887647800823,199.5135776623095,67.49670086485848,481.61462569688734
M04501,Singapore,platinum,258.86797493049556,743.7910974111586,101.43396051281906,1880.71087835061
M04502,Singapore,core,391.47819310463865,334.6873046987327,75.16206967372776,147.24489861054357
M04503,Hong Kong,core,765.0442000089223,706.1132276757355,95.1081499005781,247.10899532664743
M04504,Singapore,gold,238.7649116473789,133.02014851846167,223.07737156885975,181.06482395535468
M04505,Australia,gold,685.663501146665,680.4274440246988,226.39358836113797,220.89932933778155
M04506,Singapore,core,377.0891404272745,151.28621985245485,76.67927562891899,163.3583726217769
M04507,Australia,centurion,840.3198334479584,729.4722391750342,796.5403084057565,373.1083823443183
M04508,Singapore,gold,1225.5185804597074,456.31602397269114,35.10705076724078,199.6949917726162
M04509,Hong Kong,core,225.9603607438521,114.66647658998819,123.04969828855855,541.9403924187081
M04510,Hong Kong,core,577.1322542527034,725.7781623229549,116.77586849082589,63.28485575308224
M04511,Singapore,core,151.96162909372202,147.86071198216837,179.1749581035262,82.32450659459
M04512,Australia,centurion,1459.3880518712324,1232.5312338857625,670.6028838412267,3873.696036108765
M04513,Singapore,core,903.8526995620207,354.26206190918344,169.81159761281873,254.54176946294956
M04514,Singapore,gold,1019.2008473619807,216.04154821506532,153.24652949089943,215.15291908473517
M04515,United States,core,459.0408567664001,281.46942389373123,593.0706872287982,1260.030238793144
M04516,Singapore,core,152.22967137353052,346.8876288320019,41.0119701379363,653.0388944244934
M04517,Singapore,core,344.02800921984027,1268.3621517063204,399.31076703680463,98.7263655431581
M04518,Hong Kong,core,879.4822793051559,128.02700576948334,222.00590511985578,337.01347219426646
M04519,Australia,core,174.23536956958569,98.32010836550904,136.3153398137362,195.44700240287105
M04520,Australia,gold,321.2404539921372,2560.3253772689454,480.54946090432236,421.2976951115885
M04521,Singapore,core,529.3455459147547,233.28611810982719,217.7688458098867,218.83985561985975
M04522,Singapore,gold,1294.9830106636118,143.4596393447655,391.7342900560305,179.4639332055211
M04523,Japan,gold,147.69872894672577,219.02241310292825,79.23236238509172,277.9454161105078
M04524,Hong Kong,core,138.90639718246356,1272.185524485382,273.31199384506544,199.1938364775837
M04525,Japan,core,367.110245790544,62.00226169571824,177.289631253995,303.0667051034255
M04526,Singapore,core,685.6145030559024,28.577910715576458,196.6698274858517,42.929644883085665
M04527,Singapore,core,722.5026547942642,556.0450927757042,247.24407534151703,455.93264031758486
M04528,Japan,core,399.036487858282,346.86732084002097,208.88945285073925,839.9633839409512
M04529,Australia,gold,894.7497424708877,2662.8539965140885,349.036059320678,168.81701755059532
M04530,Singapore,gold,489.69099826012206,1394.2189841200327,175.497133647908,573.3656960455065
M04531,Hong Kong,gold,1175.0507902577426,332.25734546279494,133.65318141055968,199.62909746005624
M04532,Hong Kong,core,697.3288709259544,367.2533886964495,135.4394189025384,159.0140965555461
M04533,United States,core,395.4968021086713,111.03419254349829,153.07068055408146,385.2413907764611
M04534,Singapore,gold,900.3122557641078,787.4889601004222,611.7832904107247,172.26551939321806
M04535,Australia,platinum,1725.1791946699698,211.29492642822427,922.2355280453174,442.9600728520925
M04536,Singapore,gold,1506.4489042510936,460.21499792202326,722.4152657593735,181.0301211212919
M04537,Singapore,gold,674.4094726564181,86.73576865824444,208.38856279295206,1110.9476805817947
M04538,Australia,core,449.9381363530131,47.02406483276054,47.67093565740553,156.51939370052412
M04539,Australia,core,173.48342255343448,480.8247646778616,68.15885422839867,256.58078227406304
M04540,Hong Kong,platinum,455.34081841116483,536.822896301167,451.43031031146967,187.79080941119494
M04541,Hong Kong,core,2751.1710060842383,208.01388007089923,94.52662107248369,455.8527821101629
M04542,Singapore,platinum,563.2719823180565,1595.9162432221476,158.32187081721247,839.7642705234191
M04543,Hong Kong,core,562.6805115672986,330.6302742601484,139.9144433720067,92.75245451044016
M04544,Hong Kong,core,220.77996027255705,379.38780176521533,134.33364929060437,188.57010356977506
M04545,United States,gold,1312.997674881479,643.8305147782949,119.49842344788175,149.32521094704583
M04546,Hong Kong,gold,382.1357222747965,449.54779130987265,259.2473879119053,215.2448385529806
M04547,Singapore,core,206.98032630262307,53.708334133883206,97.54236283184807,429.4977429287842
M04548,United States,core,456.50440688039174,368.17914701894114,227.3699055573725,279.8695372396306
M04549,Hong Kong,core,340.27112738766334,66.3908917204499,108.3371022201413,570.7286298915578
M04550,Singapore,platinum,1978.9265232943555,940.3797010761176,228.34771321070053,1068.6288332533868
M04551,Australia,core,291.496353825941,519.0711128064062,114.97568106745786,89.61459534684195
M04552,United States,core,298.81827841676204,426.3798058915096,103.03937177431037,699.8931678857937
M04553,Australia,core,359.03076513404926,564.0960951271828,109.16022449637525,99.8771135595443
M04554,Hong Kong,gold,488.7311811705645,491.5279181662565,53.123542078574616,106.46954100225206
M04555,Hong Kong,core,300.3736953094024,690.9613600266546,251.7152667287756,25.444411653188492
M04556,United States,platinum,639.209937917023,2082.8397518919505,478.5198211040355,738.213932293738
M04557,Hong Kong,core,116.46014681674814,168.5785642006009,139.43593628070667,293.61952205735895
M04558,Singapore,core,295.1542230219954,971.9648860762381,187.4062239416482,203.9333256954871
M04559,United States,core,406.8855531080594,189.21906601569498,165.4986833919555,285.49438675748047
M04560,Japan,core,514.3894727868898,589.6396760395216,75.69589767536698,259.16134336838746
M04561,Australia,core,48.29571793101025,251.41270132654344,237.73849849750627,178.6564203196655
M04562,United States,core,181.51859790499367,279.73101519351644,545.6252625833886,143.93916381575397
M04563,Singapore,core,368.5711523215108,2455.1579154371943,93.45429480671051,173.90003243828582
M04564,Hong Kong,core,153.39325968796805,1348.604132938746,105.98641364641387,237.88099419180594
M04565,Singapore,core,121.64016873020448,278.9185518441761,131.48346918982267,241.50287599548386
M04566,United States,gold,508.8255722856013,178.6340908376239,223.8072876038699,554.1990743635596
M04567,Japan,gold,1523.5093562152915,391.7022751025884,421.6824343373523,280.7382328927437
M04568,Hong Kong,core,353.07978063294604,120.38524826144497,128.3430677754981,141.64840546989873
M04569,United States,platinum,858.2378032034089,150.52393676447812,164.56803399525026,623.9601047029794
M04570,Japan,core,326.65228781543715,163.57660519933867,289.52511204994227,109.73956074974872
M04571,United States,core,551.7708839392851,492.2522092896605,552.1753005751685,113.59078112883624
M04572,Japan,platinum,318.04757230981744,1175.7381081562328,797.2001637555206,2501.104160090378
M04573,Hong Kong,core,849.2942463707936,110.9670286081804,193.17203080039837,148.50554219766207
M04574,Singapore,core,1027.526067489423,263.23969116307086,210.747192337406,394.4334737128896
M04575,Singapore,gold,2807.1975888893558,109.71316905991019,804.3727498859788,85.51686609082886
M04576,Japan,platinum,1165.1573312370929,2168.045592587423,411.8159986754381,398.50483776442786
M04577,Japan,core,470.97044148614805,179.27528976706637,118.25159046993576,363.3388360601207
M04578,Australia,core,570.4793702604071,76.56944432475049,142.77131365211562,784.5051616393038
M04579,Singapore,core,897.9509085533344,377.78646878229273,217.09168945875138,47.58064199577087
M04580,Australia,core,520.0198553163026,87.43223652155353,267.8875611387795,180.66805948527647
M04581,Japan,gold,559.6833684458772,347.78545023957054,220.80085098581475,237.1378213978816
M04582,Singapore,platinum,263.87628107559,454.0229274991448,419.1447286607703,203.64117844611107
M04583,Australia,core,346.650974016958,648.5213038188972,155.21421965072636,129.34066717906975
M04584,Hong Kong,core,339.6092412507589,1727.241224449689,100.26567393521407,230.20723083327232
M04585,Australia,platinum,1139.6820531183278,693.9745310061086,580.6260562850483,261.3812545969744
M04586,Japan,gold,656.531899473076,702.4031015714323,126.19489094120046,183.5466356105717
M04587,Singapore,gold,1143.6398868753195,1358.657009659734,123.07491481851348,184.23613950145025
M04588,Singapore,core,1447.4079607696438,177.37664373448771,266.15699853695645,120.21709280342645
M04589,Australia,core,723.1506727133724,1129.8427955464663,99.37285787780787,21.696216320414234
M04590,Singapore,gold,2435.898528171948,478.8392460909116,375.7876606977201,177.28589550453648
M04591,Australia,core,1019.0982055888855,134.61157115041706,156.543928378004,71.59493336962245
M04592,Japan,gold,614.7367989306829,750.1651931668379,616.9749384355066,144.41484675000495
M04593,Singapore,core,1011.8583608814946,1135.3107083020311,314.6501733903353,827.7122214613566
M04594,Australia,core,745.473276272413,159.21188465964104,132.052668750003,75.45294028287775
M04595,Singapore,platinum,980.0757990724053,239.8467419621375,662.511846268035,699.5261688142199
M04596,Singapore,core,403.2580724885432,420.81452804344934,160.53254901473397,234.00217193315527
M04597,Singapore,platinum,499.4061734859574,628.7538698379713,319.680683700671,486.0400686413089
M04598,Singapore,platinum,2174.9811525233144,399.65698808678263,93.93904745847733,260.91785935990833
M04599,Japan,core,255.89659388914563,61.81493110850721,260.39756475374935,160.03489724064752
M04600,Singapore,core,563.1458571494588,145.68775757132713,222.3858902912793,424.6320225560633
M04601,Singapore,core,426.5824471186314,493.6638053084189,90.11273973179381,1090.276408391128
M04602,Singapore,core,963.7486930400293,375.4194262740591,156.3400262118993,215.49725310187216
M04603,Singapore,core,768.3987126438045,169.86015094329017,82.33336776081961,254.71526456124886
M04604,Singapore,gold,245.98603477424254,1233.4999785996847,158.0146347668889,288.6805608789117
M04605,United States,core,328.5583805689457,135.9296640526903,252.91643534505167,371.01367475856387
M04606,Australia,core,178.66896715074955,198.62757489351756,414.8201522507095,171.34962943284668
M04607,Singapore,core,242.20102676213904,172.9546515388412,56.3186635714442,158.02303624044217
M04608,Japan,core,285.3284008409424,411.15425789170365,268.4074550892817,339.37042206064336
M04609,United States,core,1038.0255531018731,162.10008105160935,192.40438018973168,129.5949247369278
M04610,Australia,platinum,348.2716067658531,500.0370387123626,417.3140985541272,182.4327186581036
M04611,Japan,gold,297.91977690256755,504.2836355716283,44.92957153653929,411.596442578659
M04612,United States,gold,407.3090410461176,1396.6204286586342,50.017350832069916,421.2314735922734
M04613,Australia,core,925.9615070200949,801.2707518420895,110.06977344979286,216.2974126597321
M04614,Japan,gold,459.90659513373083,370.58564073951123,234.9166915633229,265.0131617810331
M04615,Singapore,core,779.7135996639796,344.45801688605457,239.15681448588464,111.13652347686686
M04616,Singapore,core,1192.8819169050967,124.14558754288093,93.29159889827363,571.121180724367
M04617,Singapore,gold,1253.7422599924696,487.50318512755223,209.43202405997818,133.45026907143142
M04618,Singapore,gold,773.1160066554361,1906.1297379887753,267.5769179423237,610.6382151992268
M04619,Japan,platinum,438.31450048043433,372.0214578204767,269.9641933354671,861.6377603823096
M04620,Singapore,core,784.3779248665077,551.1194013357776,123.18437164624608,589.9862114533812
M04621,Singapore,core,274.7283456056604,583.7960097158959,178.98290079627972,250.0785129696853
M04622,Singapore,core,622.6741922274393,1141.8635739809065,155.4401564537492,464.65903679599853
M04623,Singapore,platinum,1652.2985140397602,267.32497663396947,171.12416177020378,229.45398728208275
M04624,Singapore,core,260.8324108502425,452.41294733111755,199.30876649616857,57.607826331838474
M04625,Australia,gold,536.6579957379157,769.8828536694454,318.6838895304192,265.01721779708004
M04626,United States,core,1327.781357015629,535.632976344631,172.19676365698137,139.59538667702103
M04627,Singapore,core,341.212579560495,229.2668678760334,69.89216391770331,76.51759235875163
M04628,Singapore,platinum,838.4712564067319,824.957211924213,333.59767810073544,738.9432807481857
M04629,Singapore,core,357.1339787790572,253.1994547743775,97.35734451837664,411.02761421835356
M04630,Japan,gold,392.109004187724,239.59150505560217,283.47365254915434,127.7778698070173
M04631,Singapore,core,254.34588970602113,192.0709413269899,584.59261510892,151.50046584160722
M04632,Hong Kong,platinum,573.7564338694843,760.8624618098218,595.1386525048937,217.82555609257983
M04633,Hong Kong,core,1010.5085087767992,514.8031670137742,142.11489048695879,145.18331257592493
M04634,Japan,core,107.82682533192543,197.03429363720613,184.3300932605053,264.84518759423366
M04635,Singapore,gold,606.1269914283106,562.9552382907694,234.1464159951459,290.3146015519253
M04636,Japan,platinum,1061.4087243116664,612.6918556060363,653.3719307368549,249.01051854074427
M04637,Singapore,platinum,1059.8752429327922,1180.6773848421647,259.6520627400881,178.38845639397687
M04638,Singapore,platinum,1270.4636608888613,379.041573405445,524.6093917734654,1270.1110002279706
M04639,Hong Kong,gold,910.1989515490109,377.55433025255854,119.29865996211653,275.8817443139742
M04640,Singapore,core,513.7750969645583,96.55074208954863,82.92273603388733,103.48815739006437
M04641,Hong Kong,platinum,616.8329566698219,573.1631576562675,811.4167642988618,639.4935833394874
M04642,Australia,core,1082.5087003704687,154.55860130893444,279.23640900408606,195.56749325734245
M04643,Australia,gold,620.2673646473294,324.9520194513791,143.29928859925099,249.13618786767563
M04644,Singapore,gold,189.07557851656185,389.1762505862384,105.7314351000104,392.0300314544351
M04645,Singapore,platinum,1243.5078095000817,1403.44649189564,165.83505377672128,88.56670623084648
M04646,Singapore,gold,811.5881226550067,153.93505115525923,221.2449154852246,194.89880026132758
M04647,Japan,core,228.56622690976303,429.9297927978727,277.0270144509791,677.7897225609162
M04648,Hong Kong,core,282.4043849796745,391.5198953043417,146.25834495582572,130.12064210991443
M04649,Hong Kong,core,215.9244781541828,173.75974748146234,82.3346431066979,166.28924738364964
M04650,Australia,core,162.38411615703657,233.66217009740024,123.37589620469538,290.4456586900751
M04651,Singapore,platinum,666.1606024492837,149.9329283040054,338.4562777804047,217.1817288771864
M04652,Singapore,core,188.44811081971338,690.8334152849312,389.8416414233346,169.5663387748276
M04653,Australia,core,347.1919367632111,62.18995478286019,143.7673348371949,172.31480991920122
M04654,Hong Kong,core,903.1547019039924,160.07971519221707,117.0321000643884,53.68169938545171
M04655,Singapore,gold,678.2865214302877,804.6540452224901,188.77737882633872,205.43096142073608
M04656,Singapore,gold,445.87496686957394,917.4729845670616,142.49087269896793,410.93070710302305
M04657,Japan,platinum,1240.8885521266652,670.4829679458252,178.00381739316006,1087.0242975920714
M04658,Japan,core,536.3908167952388,455.605934649602,182.9029545461868,188.109820779882
M04659,United States,platinum,197.73644284765695,639.8643204886081,373.1221540510823,333.88755175721167
M04660,Australia,platinum,1463.7333072860881,219.50374187974487,475.3713981458545,141.34157909532541
M04661,Japan,platinum,1307.4542026339773,2168.5870480190697,1075.3230546428729,436.20540612470757
M04662,Australia,core,2147.250710213715,94.23987768655236,322.55627779036973,130.6957349138662
M04663,Hong Kong,core,230.0080325330413,69.03728318509741,417.7340283167924,507.33476953156685
M04664,Singapore,gold,1119.4450035984635,3405.198085877825,386.5132941561261,274.4420439795899
M04665,Hong Kong,core,1075.8198609073263,58.99027044282827,151.52639271939967,162.52807809274512
M04666,Hong Kong,core,569.3763300744092,502.06036162132307,63.00872852954972,199.05469611451616
M04667,Singapore,core,436.01866100226283,188.47888588641342,158.29296501059645,102.68950738213324
M04668,United States,core,207.20152128097402,581.6532917112577,163.385901728423,246.81629553036203
M04669,Singapore,core,443.9843299809144,73.62098406496416,175.47431189723545,458.97926280760595
M04670,Hong Kong,core,890.7162513025594,498.13355852274265,208.35071398056908,579.0346034734856
M04671,Japan,core,274.5047829097349,241.11223591244686,95.68021641355699,531.35959549679
M04672,Singapore,core,324.8681803334406,59.69791279735962,82.58676028668837,541.7536227721027
M04673,Singapore,core,385.41053537116204,388.23947167092314,182.03692039133836,45.448497506915665
M04674,Singapore,gold,1273.752864879176,1148.550220206755,390.8159601278666,644.7602775993327
M04675,Hong Kong,core,886.0264583484424,204.15851392694722,124.96173901643644,333.38087950895516
M04676,Singapore,gold,932.7579438556294,815.5374637943069,192.83708976745973,342.0689025608179
M04677,Hong Kong,gold,1710.8775641077646,621.4339841241388,229.7798468903561,439.07718779232766
M04678,Hong Kong,core,569.7449272156712,1006.1071304943167,126.3464924321371,116.43203513834229
M04679,Singapore,core,284.37874675081474,112.5607588343147,268.1950284267134,254.1223853048067
M04680,United States,core,307.4847549646978,328.76819701885086,791.4900807733632,143.0677880168793
M04681,Hong Kong,core,219.53208484649744,556.3305926688396,592.2549160799882,333.9114562508771
M04682,Hong Kong,core,355.9116141303854,559.0486715741724,224.13137516982565,142.43994425898907
M04683,Hong Kong,core,521.581161209446,212.15248298959992,366.64353952861865,495.47745914060704
M04684,Singapore,core,749.9271036677125,1304.5913710389282,195.30375789490793,385.6280208751871
M04685,Singapore,core,878.2115225159326,274.77593449028603,119.83611027697818,418.5681370890006
M04686,Hong Kong,gold,1605.604694619269,271.00665941434164,618.0774758482492,196.15349415067035
M04687,Singapore,gold,2710.302282349798,436.55221879362944,92.6838719587305,369.8331836099127
M04688,Australia,core,163.00149442910228,171.90432689369317,431.36857468167085,179.215903760012
M04689,Hong Kong,core,1788.8345546207681,3096.240754369776,70.77114903761694,253.8865380998087
M04690,Hong Kong,gold,839.8134301090109,158.6459598351922,114.72028455271204,1602.6322223268305
M04691,Singapore,core,598.588043759916,473.6812246856769,140.42317219540928,635.5604727089549
M04692,Hong Kong,core,301.53839642213694,369.6313881566455,321.0372726619214,91.88717136346459
M04693,Japan,core,871.1067122463706,228.67395686139153,145.2041644932739,393.828349328968
M04694,Australia,gold,192.49897210829232,2039.990325123171,177.70020490439182,218.48105164705092
M04695,Singapore,gold,783.0578811422796,501.3039909938565,319.4881920229679,561.3768730359345
M04696,Hong Kong,gold,501.1395398041193,530.1674935807522,135.40663733774517,787.2570950273705
M04697,Singapore,core,1188.6747794931337,424.8928319223882,44.557050989773984,458.8882659134803
M04698,Hong Kong,gold,255.34145107744402,266.4926220767511,260.26705442253154,874.4968066636301
M04699,Australia,core,337.2502319069308,537.1585769057675,422.3317245660824,499.6174578102912
M04700,Australia,core,196.44111459391485,114.80807047867889,48.41835396391116,188.50606437943284
M04701,Japan,core,500.5983979584788,80.03912395613668,202.3064394007082,506.5514493946339
M04702,Australia,gold,528.7952613531507,361.46232414645397,220.98720641357698,996.6298988902598
M04703,Singapore,gold,1015.0472168453368,182.7271606151819,464.3191590830228,185.05067960138396
M04704,Singapore,core,538.7325663246363,556.2263123997632,108.92930169025321,120.71917722922957
M04705,Singapore,core,501.0190325934728,571.8872118411792,98.0490808217684,549.0669082743483
M04706,Singapore,core,772.5820404799925,45.96334696558933,121.20212717248863,373.6764378463966
M04707,Japan,core,317.84796241515136,763.9774165810326,80.50962048686881,188.46122259923914
M04708,Australia,core,450.50469063892274,968.5822797545908,126.1322275123862,248.56001281076806
M04709,Australia,core,900.536639539549,55.359159974138194,89.58668412189573,94.3427631846657
M04710,Japan,core,826.5410034938791,1625.5838670903381,464.7894238601971,104.61147568979942
M04711,Singapore,core,579.2016870063294,97.63876344680241,111.80980201135915,474.6269882374821
M04712,Singapore,centurion,3379.5144695669946,2517.6699684058626,431.4774378498761,1502.2333106991737
M04713,Hong Kong,platinum,356.5409147672428,1113.4299606508764,390.7803611411082,175.13353205490128
M04714,Japan,core,1175.046337303428,90.89827865281084,111.51985273668951,950.6306471652402
M04715,Japan,platinum,1064.6556555956363,790.8731121407832,853.7116026767105,512.9889523332466
M04716,Singapore,core,210.74864747999234,173.15006167545272,77.75969216696691,136.8356737662206
M04717,Singapore,core,528.8774718926268,565.244258872842,355.03353789768636,168.85383866964676
M04718,Singapore,platinum,753.2108768308054,1213.9184133968106,506.79674639692234,381.4557135854553
M04719,Singapore,core,753.0651355112373,1689.3494663220465,145.27305140952762,53.013673771029104
M04720,Hong Kong,centurion,3853.867298321669,859.6959210385677,612.8130370529393,2171.7060429904245
M04721,Singapore,core,343.19746627665717,201.69742099139174,178.27524697610139,165.1278932672231
M04722,Singapore,core,476.9205756968406,722.3629030058233,147.87805583751228,55.89168269602583
M04723,Australia,core,312.61895209547475,191.80148254408795,118.17805386408594,65.40584945234879
M04724,Hong Kong,platinum,391.8109057789528,365.6419541703851,274.3549538208524,820.7514259774343
M04725,Singapore,platinum,614.6756117529302,445.16550719096534,417.447867011819,255.70569380314137
M04726,Hong Kong,core,712.1311410256429,90.7317686868901,45.08055385435437,81.94163496029918
M04727,Singapore,gold,356.65972414624423,472.6229472797157,229.8377852677022,146.38174172267946
M04728,Singapore,platinum,720.4969039137173,274.5286562739038,117.29432994940716,79.34419633166462
M04729,Australia,platinum,902.9603614892467,536.7294451842644,300.6263148748961,265.3737405439512
M04730,Singapore,gold,305.3943643090696,2556.3492513943493,40.93598403972078,178.20606725053065
M04731,Singapore,gold,370.35625339587193,213.60647577022567,365.36426392143386,857.832917603492
M04732,Hong Kong,core,721.2268336645468,249.22725354939408,196.53095279098588,100.98902687302959
M04733,Singapore,core,310.31081638851305,1238.481718044331,205.22876301051838,76.04329021327801
M04734,Australia,platinum,602.9088146882025,919.8686133201381,530.1606211629023,262.3461052571429
M04735,Hong Kong,core,1664.1794529462327,1423.0773741675591,201.86314151770668,325.7806389890154
M04736,Singapore,core,300.73101708552093,479.48763954917433,59.18740478126583,103.3747088140581
M04737,Australia,gold,1167.125860502961,171.18142519085472,562.1074808752558,295.26375581530783
M04738,Australia,centurion,2209.5648916998675,934.0800678266714,280.454737522791,223.43193652795827
M04739,Hong Kong,gold,766.8545050174223,356.9204339121009,413.4659666762247,318.8411604178405
M04740,Australia,gold,120.60769934817013,268.9522279030822,213.08678347069352,32.056211148139724
M04741,Australia,core,1623.0326979484194,464.02116437943516,292.6971517686078,523.0925195290451
M04742,Singapore,core,382.0685601021782,453.2483643587775,53.69069110743663,246.4287891235292
M04743,Hong Kong,platinum,4320.295711930953,374.0383607068139,164.91290862509945,312.2614056556149
M04744,Singapore,gold,537.6128006124587,602.1677166620717,130.00384892571992,82.78297594315441
M04745,Singapore,core,329.1547609512191,195.34266110625936,209.98827824329243,249.49458024874508
M04746,Singapore,core,1402.9446207201504,595.7593180045776,131.2177665507151,233.6391913979601
M04747,Singapore,centurion,799.3085509405348,682.8984102238815,658.2959149004921,705.2285576639171
M04748,Singapore,platinum,640.5073293208526,2507.9961344137287,280.87891347494764,124.78705605760481
M04749,Australia,core,378.8353942938461,162.916952857083,172.00348344507225,149.43419434726994
M04750,Japan,core,465.7201406368638,104.33565744721412,138.87365442626412,187.5172590319976
M04751,United States,core,446.13499710067595,412.03783875048714,119.75655501925428,477.37639897718924
M04752,Japan,core,355.3132710269741,1187.7675674984584,157.3875079557878,51.94071754842117
M04753,Hong Kong,gold,178.59881296865439,297.03148650487725,218.86297919398427,185.36832224007608
M04754,Singapore,core,360.8601862636294,219.30710843874317,129.0764286446323,339.5623868410991
M04755,Singapore,core,213.03324746695094,196.27836113706215,220.00139518297638,44.42538205746306
M04756,Australia,core,201.8065495150074,499.24644718410457,116.74581368233905,70.9620341207476
M04757,Japan,core,439.4724146117587,136.85241027571982,89.28426768807968,416.8609775499945
M04758,Hong Kong,gold,526.1189546339859,356.61808847800273,264.25093771515895,715.2079904174632
M04759,Japan,gold,823.6652622566837,1519.2293194486542,224.36920131453894,132.60490403625278
M04760,Australia,gold,2273.40932772801,234.80965280230774,293.9907618288119,872.1678084239657
M04761,Hong Kong,core,156.07041737010502,173.44564177163147,278.4769264528854,82.3139711002473
M04762,Japan,gold,577.8734427305193,404.3868920259824,327.8760246580811,308.62131856173545
M04763,Singapore,gold,767.044323791821,223.3057812249386,219.88552934724117,296.0307424766295
M04764,Singapore,gold,252.4987741812011,812.8956967167579,288.9159013077699,55.81489423551511
M04765,Singapore,gold,318.6238830436986,2335.486827598206,223.24852000035787,354.26427075200854
M04766,Japan,gold,637.4545438417881,461.83033694047987,666.5713697175426,357.185596741087
M04767,United States,core,240.92785235794577,856.7260321283268,131.47842056268408,62.954908673255574
M04768,Singapore,core,133.44460498400917,420.2670303704923,255.43772564419382,54.54612289870804
M04769,Australia,platinum,956.3650117583719,268.6394522655832,738.7499275243867,1837.8199769688101
M04770,Singapore,gold,661.7019180805376,863.3622841399618,323.41367568931287,37.4907870107275
M04771,Australia,core,461.71485690634955,317.27417127976753,95.91193392762791,193.65298456941136
M04772,Singapore,gold,82.88016992858861,1463.8914655686774,548.4709662883265,586.2110555962624
M04773,Singapore,core,1295.4355231380878,425.54551620696526,204.4495144759746,409.51167713744195
M04774,Singapore,core,1041.2896786228923,544.5235813369881,99.62579037625365,97.55550208528464
M04775,Singapore,gold,209.2966408383696,788.239178470815,134.57915483864537,120.87221454659752
M04776,Singapore,core,235.2501827612042,215.98581874190114,251.11697515627324,766.3031751552454
M04777,Hong Kong,core,319.89732938510497,174.69727903446923,291.35111846644054,267.2850312711143
M04778,Hong Kong,centurion,839.405636284211,283.58075520565916,486.981075805297,1732.9518307633416
M04779,Singapore,platinum,3259.910027725418,642.894330647727,74.43954905465614,1009.6990353621386
M04780,Hong Kong,core,389.69845391632066,452.2345744005377,227.36895583385774,62.050380584341184
M04781,Singapore,platinum,899.8155598622998,1094.112163038593,273.7852405380999,407.85085700980085
M04782,Japan,gold,393.4786236689846,428.65738987640407,356.4724090176124,1442.4102044886877
M04783,Singapore,core,665.5191293878967,217.4203280318396,288.9611523618575,203.0342161890577
M04784,Japan,gold,312.7018830788561,200.1337181682617,485.4337289639938,150.8782647498324
M04785,Japan,gold,360.50839530111915,329.71264339416695,388.16122738057624,74.68300797676937
M04786,Singapore,platinum,1034.1893018731898,460.3998613245865,437.95240505319686,2422.1204312063046
M04787,Japan,core,524.2033416451105,104.85772585395779,54.08972170164882,206.39680753755323
M04788,Singapore,gold,203.77228567842067,757.3336871094255,419.3862598168448,73.3420395276938
M04789,United States,gold,631.5510825877693,157.67348004062043,159.65289464881135,815.8066670523291
M04790,Japan,core,313.5551268926632,377.7665799571046,122.98803643595235,102.68805862704039
M04791,Singapore,core,822.6577328861742,149.74138087811156,89.8680162142876,209.7417830189504
M04792,United States,core,538.1077967901136,308.75885148299386,169.20900123804995,145.53014813177552
M04793,United States,centurion,294.4730935007703,306.11229397208336,1162.3027493386658,2501.4914777980907
M04794,Singapore,gold,468.7891784275175,511.36439523247543,228.8153958957702,107.12296178363376
M04795,United States,core,1538.908016971268,464.0407538757885,78.38850032832775,118.51203029041754
M04796,Hong Kong,core,268.70823404858294,1507.2048645112995,226.706145394746,485.55926480484817
M04797,Singapore,gold,394.41605084054805,491.08194191992925,113.16190432927522,451.10429129915167
M04798,Singapore,platinum,1020.6391548586145,828.6915448141551,747.6654002924645,551.2653629627331
M04799,Hong Kong,core,670.5606715100179,219.51186765559768,95.04142477999216,909.9583840679991
M04800,Singapore,gold,1370.1536021580075,258.3555529588321,275.0110177707062,482.03770521667633
M04801,Australia,core,234.13983321319043,185.53952216892347,215.29772511551167,180.46395058653198
M04802,Singapore,gold,396.7305591713672,341.81689110606374,371.9645832374762,458.0432620939054
M04803,Hong Kong,core,236.93302100113686,233.24616282711415,273.2875148527268,173.86063923935671
M04804,Japan,core,259.08687740955736,160.5065230937359,162.61097450047419,329.7368161209122
M04805,Australia,core,245.4259026559467,639.0470442857627,345.6505506693773,287.5107326560326
M04806,United States,platinum,594.2644099761377,3833.631302133727,472.28830731273155,475.8708161454677
M04807,Australia,gold,1690.6987388330851,368.58019726421844,277.48634539733257,169.86917838298612
M04808,Singapore,centurion,412.8614329348115,4203.734193764071,377.3510687517454,1148.6664326445382
M04809,United States,gold,1059.6451585888099,349.57637195800015,193.56794989264858,146.2862502578317
M04810,Singapore,core,290.7881020086206,593.2229178478628,223.22784416653533,198.34769971958784
M04811,Singapore,core,498.9557777508218,560.1718405084625,127.99362366377497,176.80647590302476
M04812,Singapore,core,340.39196931746915,118.15889893469384,77.73970060479377,165.26491617144035
M04813,Japan,platinum,741.858262004727,2402.701685960124,493.11463208833385,292.3390991751231
M04814,Hong Kong,platinum,1465.76180472817,952.5908516078242,428.0722125590627,378.5714645339604
M04815,Hong Kong,core,185.02153728424372,820.2993516574511,198.7697251874922,236.8045883338146
M04816,Hong Kong,gold,499.92820533579743,1376.8261231794522,209.99761647617706,249.77173059307708
M04817,Hong Kong,core,359.49384737609836,623.1777389971977,340.7069650391047,657.6472688080848
M04818,Japan,gold,364.0484998590421,257.23301578422706,595.9518126234367,226.08645813394503
M04819,Singapore,core,3100.2616602626044,571.4516864020211,199.0181320263942,107.29478652370987
M04820,Hong Kong,core,376.60221867644725,479.6042471182953,907.3879198014464,267.56795107699685
M04821,Australia,core,729.2158792474556,175.5881525232515,30.238111232580277,166.67405823671876
M04822,United States,core,564.5979278197148,956.9361946813489,128.0698605202385,2032.6704520201401
M04823,Singapore,core,258.04027460509883,791.1187491875678,136.8733056453042,349.6049005321394
M04824,United States,core,303.6995029211498,435.12910632402225,168.0522401564994,59.84275908304853
M04825,Australia,core,511.6655685111054,1004.6726369937734,56.22272076746993,40.9944293146632
M04826,Singapore,core,224.03105572336392,353.71264429799237,154.84302370272346,118.80393430775145
M04827,Singapore,gold,683.0893521242238,1521.1252527461731,173.94120950472853,269.3038742128569
M04828,United States,core,612.0570887042147,1025.7735315867333,271.0317263223068,135.8193159456367
M04829,Singapore,gold,1136.9628267905364,435.35875220800915,195.966218183383,194.8379477939612
M04830,Hong Kong,core,429.5572525408679,1171.4820080384213,293.80586542894395,155.38154571865329
M04831,Hong Kong,core,306.6433781499011,128.5295580470113,163.04244998280814,146.5437806256071
M04832,United States,platinum,3338.6028969465083,718.2304839239723,487.9594818845193,292.47018543197197
M04833,United States,centurion,753.1134198526057,526.8733934893474,198.13095388963643,430.3228193323265
M04834,Hong Kong,core,329.0507003689606,167.63270760712768,57.37704488716703,74.7101041963695
M04835,Singapore,core,417.3334369147573,212.38064605014117,82.19605099205589,485.6596049682129
M04836,Japan,core,527.2138721317507,493.62210858899596,155.9846824479098,117.05784385093204
M04837,Singapore,core,228.31941286280446,965.1222704136151,90.7483737884113,167.53012231865586
M04838,United States,gold,1058.7336374034717,891.8512074651154,523.2094926911558,134.01749175599164
M04839,Hong Kong,core,101.45152120431327,101.95334366469338,268.87059315826014,152.63411721135077
M04840,Singapore,core,1047.8596039497716,158.56658938165378,152.0075879801776,534.002388877794
M04841,Singapore,platinum,667.4800825552896,1428.1650734557302,338.36639524636513,131.14904014517728
M04842,Japan,core,439.6793266675043,829.9228103589758,191.35319115231297,899.8110171141449
M04843,Japan,gold,1445.5344194516272,575.5826278273921,327.6054711137957,706.9031157515062
M04844,Hong Kong,core,251.32297815433088,619.3482079475377,335.6258096631308,204.62480213834732
M04845,Hong Kong,core,613.5697955561064,251.0845084137003,254.2068476066685,329.23169810432984
M04846,United States,core,252.96149887439896,814.6368929452058,71.64421612311502,76.98185489918643
M04847,Japan,platinum,916.1032531123806,312.89433723813994,706.8099970011704,445.9975407831166
M04848,Japan,gold,488.9909225426335,380.1809341574703,302.7936091791121,43.92737764627579
M04849,Hong Kong,gold,331.07569838896643,184.04465253675303,164.268067376435,31.949412653816054
M04850,Hong Kong,core,777.6081825000244,1038.550416746173,176.71748742233135,201.78810720991115
M04851,Japan,gold,1835.994221895693,1275.84871365438,436.89091055204807,617.7585009092369
M04852,Singapore,core,350.64313117931613,332.49198745844046,115.66365071939748,552.1563119531843
M04853,Singapore,gold,855.3973872491318,2313.2421412842496,156.73541927238585,510.06817954966954
M04854,Singapore,core,162.2505347060318,163.7321208763815,371.6565655529807,673.406173900097
M04855,Singapore,core,433.60793044722067,514.2726342986306,217.58532884193204,289.434136057622
M04856,Australia,platinum,351.59998580325106,801.7272454577965,277.4896692421746,555.6482403997466
M04857,Singapore,core,1240.5360301677795,99.2234926894813,113.59289026514102,65.04614487305354
M04858,Singapore,gold,623.8851064431511,1837.2072862377781,135.46664047965803,35.04932559767052
M04859,Singapore,core,275.2474069302201,165.4072262051724,224.32004076897664,712.8305688540164
M04860,Australia,core,798.4763781804995,193.06020465176073,101.73846212988789,139.56275479249925
M04861,Singapore,gold,425.3678005967051,1668.4539045101913,359.41139687535554,767.2089702678081
M04862,Australia,gold,556.7065887877884,690.63203425067,183.83006185577295,808.1185287249749
M04863,Singapore,gold,598.8850488765436,474.65715289486894,243.34873381459286,401.57627848553096
M04864,Japan,gold,310.79212587076,353.586483772382,115.34825995703663,235.5313992203911
M04865,Hong Kong,core,809.5147362989189,106.52584384930456,72.05305978234284,252.49166408710764
M04866,Singapore,platinum,2669.1682157091414,517.7222500933098,373.05728308563556,113.0338071432021
M04867,Singapore,core,852.6907411979774,1524.176123282697,535.8009113264277,54.43710463761809
M04868,Japan,core,237.1846480593667,414.80354394686,150.77543123312563,122.21967348886405
M04869,Hong Kong,core,336.95365968805066,978.3879187056251,166.06362843068837,75.71227577158069
M04870,Singapore,gold,395.0039644892117,1286.9837628678654,67.81909394802167,68.86052376684748
M04871,Hong Kong,core,263.30589692175147,145.0033934611118,136.75160752170197,213.72795902860125
M04872,Singapore,core,1173.7935815503313,417.2435266015852,102.81389912258041,280.00027402668405
M04873,Australia,core,729.7883489774232,184.51482776675132,201.51303059306355,63.0469021875779
M04874,Hong Kong,gold,796.458323633177,244.98506999239856,95.69602793851206,100.93777701620034
M04875,United States,core,512.9058260233894,504.34961039830745,40.426619791936034,212.6055048587004
M04876,Hong Kong,core,201.14677207550815,1202.2355997341062,232.9085953375617,96.5006725702359
M04877,Japan,core,169.20534167984468,98.1093856868607,200.05026093337767,199.74007316744024
M04878,Singapore,gold,1711.2148895597443,106.66204749609567,226.08459608454748,276.9659558048734
M04879,Australia,core,535.7956516900651,1587.5883615013333,129.7647216142848,181.14650051534528
M04880,Singapore,gold,608.617638493725,817.865881372388,188.3097674032942,182.6404611280385
M04881,Singapore,gold,1085.1643341781398,2177.5016117611267,265.52527287908185,819.629678097655
M04882,Singapore,gold,328.02854716401987,2746.5191478604006,240.67509771623236,569.3171632377599
M04883,Japan,centurion,1504.7250321595966,266.13130041252595,1836.6448745108198,102.34695036027792
M04884,Hong Kong,core,198.23402973307958,251.72688164980207,441.49025967156706,159.47086458231456
M04885,Japan,core,133.73740663644642,955.4263801287491,687.7933909557228,277.0396021059538
M04886,Australia,core,161.74899026317112,629.2433594008141,132.0939616908897,468.7474312313729
M04887,Singapore,core,559.2398535632749,526.5536781475229,206.0073745001139,85.62999467095828
M04888,Singapore,core,458.0162254744146,588.269246919535,250.47589999547546,425.1332703681128
M04889,Hong Kong,core,514.3758295843451,410.3175657750741,301.9866975879517,106.75164264817394
M04890,Singapore,core,416.52516809372435,122.1482214739617,141.8163477809747,191.0053730669369
M04891,Hong Kong,centurion,1580.1907924496695,1269.6931137689892,494.1020913411234,1039.0495389013345
M04892,Hong Kong,platinum,1331.5579458340255,559.015021274157,413.36604621608933,1055.353469673947
M04893,Japan,gold,1025.111173505023,1427.0503857180825,388.01423145443437,362.3084222320155
M04894,Hong Kong,core,276.1037227314905,498.09176886727977,335.6127351880021,856.8397230697212
M04895,Japan,core,649.5294061703814,834.3194224433491,154.6037460123184,107.30420288741261
M04896,Singapore,gold,1180.254330770556,526.9503928548729,206.86885137217322,66.87096591087627
M04897,Singapore,core,497.00644896619696,261.80648574974595,123.96089931023243,176.585004731637
M04898,United States,core,308.7837372872067,324.2853557685637,79.15493314039593,444.2733720794052
M04899,Japan,core,467.1033494327828,111.59888515703605,62.40428668032752,257.42860281264166
M04900,United States,platinum,1401.796296541233,903.7409402308056,348.3003588274809,385.39845565794076
M04901,Singapore,core,1349.6652636776878,376.523935964529,135.63352652435933,102.77475230352378
M04902,Japan,platinum,5832.320121107111,1071.7429301961522,634.6235236251317,217.80542069029792
M04903,Singapore,core,64.92416357213938,269.97054343771407,177.60250321685703,275.65068068620695
M04904,Singapore,gold,1078.638678649544,81.74216537001398,130.58177620984287,417.48393281492025
M04905,Hong Kong,gold,1598.5497461132488,209.14744755394165,250.89250495472288,255.54409389036806
M04906,Australia,core,451.69138702104186,862.1422768206282,53.939919075988534,70.81495588178065
M04907,Hong Kong,platinum,967.3986197068282,1061.3323184347007,197.7706297985713,1538.630656118925
M04908,Singapore,gold,249.35545147226617,113.04972478357489,343.5678157716879,408.0675409511184
M04909,Singapore,gold,212.66336760627675,226.04995404228438,153.5827506462451,91.17734743816746
M04910,Japan,platinum,962.642012603106,203.22640448777167,222.6687144663294,376.23215116168734
M04911,Hong Kong,gold,855.6821166764142,570.185396121966,350.94284748225215,292.2534926258787
M04912,United States,gold,524.8888652030954,136.82202755518722,77.93504111822273,233.54675876204047
M04913,Australia,platinum,170.02410528305936,69.7585700763508,271.53698422453823,221.19820763494852
M04914,Hong Kong,gold,392.66969549098405,164.40236659663694,383.63136566866535,133.39699223958786
M04915,Singapore,platinum,1298.6763381698372,1413.2381102091915,270.3697318253308,302.08439307160035
M04916,Hong Kong,core,1432.330153251955,51.351135785418094,48.2336327335929,116.58311051455397
M04917,Japan,core,516.1081731421743,222.56219836904958,152.50746216247757,155.6668992379159
M04918,Australia,gold,393.00963967825413,733.4981585809279,184.92011059459898,112.50098432556997
M04919,United States,gold,1186.682655855127,828.1084389513616,120.72578428504822,145.79748987604347
M04920,Australia,core,815.818742530037,145.24022784001954,158.61967334689632,57.676814005619676
M04921,Singapore,platinum,441.8181602007413,835.2927380280456,983.3089061644555,1215.7683485564742
M04922,Hong Kong,gold,272.76497082719715,380.15413945085413,185.2122267637509,199.3718312908248
M04923,Hong Kong,gold,1004.6901154784671,257.42574879932874,620.8804768238443,278.4712729604144
M04924,United States,gold,393.99587062660146,69.52409867112316,232.89487479795378,471.35153370870717
M04925,Singapore,gold,639.780870504159,540.4583881192589,178.3538382881035,230.14458664743486
M04926,Singapore,core,561.4922055718239,250.84525473728527,114.83116232716819,60.606097385333385
M04927,Singapore,core,415.41212010292116,127.25572412068648,90.53837635919331,110.46047116363353
M04928,Singapore,platinum,729.8709583887065,1557.0322932643016,607.0813153415072,696.7979934623303
M04929,Japan,platinum,1067.487006163309,441.1967546941097,418.37838932066967,453.1881218694567
M04930,Singapore,core,616.9273738027521,1018.339907442787,215.94508322321758,1039.6336350075674
M04931,Japan,core,393.6867564043249,705.0109224947956,132.53376964009786,171.66189772485345
M04932,Australia,core,724.8975631922129,339.32027645266845,238.9074300440932,112.68141833160033
M04933,Singapore,core,377.8226937365179,377.8026802779224,168.35593978933844,587.3718832728315
M04934,Australia,platinum,544.8175714719628,575.389747403702,97.17119685575899,430.01568697547907
M04935,Japan,core,394.82201075469146,123.48139901947434,170.64386281361234,56.49003965825279
M04936,Japan,core,448.2747074086242,127.15934720349625,562.4548859268402,470.81356188385627
M04937,Australia,core,342.0879503742819,109.04365165598405,227.085614860269,83.78927715163229
M04938,Australia,platinum,303.29148151817947,1333.874208862803,256.15763080855595,1259.0748582040162
M04939,Hong Kong,core,431.78194008604913,69.16278650347724,187.81263649668776,58.47721090422062
M04940,United States,centurion,2300.528843342228,5860.091819864234,713.129139811297,305.8663473960548
M04941,Australia,gold,564.7537517008288,269.83541907643644,232.0560896471177,98.10234472237694
M04942,Japan,core,237.63874163378557,406.52470355405774,63.88370852072163,103.32218726554431
M04943,Singapore,gold,439.56160496789914,216.3810663336255,307.8585831769332,1550.743387359274
M04944,Singapore,gold,1565.8225596367263,519.1940875527889,280.184966567811,513.1187715117868
M04945,Singapore,gold,450.61776441144923,300.9650262180355,174.55146573885096,133.21275267526897
M04946,Australia,gold,986.8248384133677,258.6094586326274,158.4737591194545,47.47387207254696
M04947,United States,core,3302.6166622578326,1869.052511294962,300.4645890203466,162.2864159227529
M04948,Singapore,core,410.24765179731065,773.9192724657378,95.41649047002437,408.0725800612868
M04949,United States,gold,658.553720236856,549.9825652314759,288.8659742384326,526.3601290525673
M04950,United States,core,720.5056726258889,680.0262409083408,91.25217123048489,127.33785255631044
M04951,Japan,gold,1418.7587054710832,421.2664452966722,161.40054348270968,373.367691235465
M04952,Australia,core,1052.7338487003183,681.4754713078374,93.12550872331289,147.9357384977482
M04953,Singapore,gold,220.21088018376858,876.575149591771,179.44717415927562,10.522465212948871
M04954,Australia,platinum,709.3006480998506,595.9588162860512,232.54412534213944,1262.1525735201208
M04955,Australia,core,224.19853416505327,1562.2533525794727,269.56380715192086,844.4920497711473
M04956,Hong Kong,core,395.2887225020314,193.10685393498832,225.15089479810277,291.5647964079709
M04957,Japan,core,811.7875220533933,336.78478813261427,222.88532107959398,211.06918655144568
M04958,Hong Kong,core,908.3775241060657,402.57203053556947,123.91230561601022,39.1535619496513
M04959,United States,core,283.7370480621493,278.3743902989764,141.17129210687614,496.0099386175902
M04960,Singapore,platinum,1537.2116429631699,623.5756382195192,265.5195286638866,503.7421778167028
M04961,Singapore,gold,784.0609176094631,1998.227006888461,335.90568434176316,343.18346964453815
M04962,Australia,core,1136.8240833848952,326.89175184158955,179.10817178105913,242.09150434813375
M04963,Singapore,gold,834.7990590871076,139.41880383033802,272.13186354664515,1125.234452187223
M04964,Singapore,platinum,2066.0376544924256,561.9718221361945,526.9931783818392,68.80429238816716
M04965,Singapore,gold,265.9755563662843,261.3466042370434,437.67489648219333,724.2463337695316
M04966,Australia,gold,537.9615401770866,287.2607400016718,194.34097202852303,90.20254551252431
M04967,Singapore,gold,222.59919886676383,57.10397309877285,314.3080726913667,101.00600398237948
M04968,Hong Kong,gold,429.7553710399657,303.30014315159315,406.64723189528087,572.3868662027314
M04969,Japan,platinum,1741.9165973180675,698.3035816589048,1075.2992150273853,468.6160432998882
M04970,United States,core,650.8228599700426,200.6632937526017,267.64778369183716,555.9263032413655
M04971,Hong Kong,core,198.52113587259907,363.24187691491096,113.23053335375238,170.36815171051273
M04972,Singapore,core,482.53453036730826,231.64700029600746,166.3692814401455,41.7043178174117
M04973,Singapore,platinum,1147.7946054485137,412.8640235739262,74.48880603952635,793.997253199957
M04974,Australia,core,300.2592377503642,403.49509400663777,181.77816916490883,239.44772637695257
M04975,Australia,core,617.8848697089176,210.8899710754729,149.00530679286524,250.21023610487322
M04976,Australia,core,650.9257153506559,500.60704468642996,146.10769417815317,798.1084086179544
M04977,United States,platinum,364.9560737120532,1984.287364853204,284.04065260206505,41.241382896230064
M04978,United States,core,388.53874258462304,203.20536939211485,127.66719849863378,224.60218104813765
M04979,Singapore,core,605.0612533694598,538.1740114551799,122.9885206472221,296.5206520836171
M04980,Japan,core,179.99098936783642,1499.7997811442901,313.4017753023913,51.74168106390525
M04981,Singapore,gold,825.8630925794816,371.0875278069621,189.4513976287654,519.705214414705
M04982,Singapore,core,68.30546214002946,302.9673100161516,100.24054294885026,1026.2104270213936
M04983,Singapore,core,265.13134679491526,661.2707331084138,289.68617222973455,137.86983562960089
M04984,Singapore,core,1505.6356791133421,900.8027350831114,150.83799889235073,77.63589538402172
M04985,Hong Kong,core,519.20395073564,687.0657384513344,138.29454704399245,314.2795636338341
M04986,Japan,gold,432.7526423562788,1002.2410111560512,315.7165049339573,43.36589444139648
M04987,United States,core,389.1930585591646,1938.4626721198483,204.51090751349787,45.09687525393785
M04988,United States,core,147.1058262782625,197.62988958051238,604.63871588543,96.70825878301015
M04989,Australia,core,491.4046846868893,981.4937984582676,65.63904727119687,638.3548246712355
M04990,Singapore,platinum,307.7983434548224,651.3522914060084,268.4019927396658,119.02268553568227
M04991,Hong Kong,core,706.4719091228782,82.04493464211276,408.5787710652663,73.31253093864841
M04992,United States,gold,1928.943680812958,350.5709572304252,483.89843183305766,111.40057149015652
M04993,Australia,core,323.6945274275065,205.56376990984208,335.253116528748,105.9369360862934
M04994,Australia,core,842.0585265762419,389.40423667314326,104.80488726556862,92.04347183486281
M04995,Singapore,platinum,1320.0842434044266,1176.7178595678372,307.27355338364487,1045.4794344584643
M04996,United States,core,515.7167584908856,109.31093827828289,174.84586162125257,254.67532604550652
M04997,Hong Kong,core,449.91917026406605,310.4736109924667,203.3099578847209,432.8713456577596
M04998,Singapore,core,283.52983944449863,187.29209537524656,418.6985077846651,35.75776122618386
M04999,Singapore,core,173.91011849173836,550.6540716240143,286.87374367937235,135.6350419235946
